$MeshFormat
4.1 0 8
$EndMeshFormat
$Entities
0 4 1 0
1 0 0 0 0 0 0 1 2 0
2 0 0 0 0 0 0 1 3 0
3 0 0 0 0 0 0 1 4 0
4 0 0 0 0 0 0 1 5 0
5 0 0 0 0 0 0 1 1 0
$EndEntities
$Nodes
1 2874 1 2874
2 5 0 2874
1
2
3
4
5
6
7
8
9
10
11
12
13
14
15
16
17
18
19
20
21
22
23
24
25
26
27
28
29
30
31
32
33
34
35
36
37
38
39
40
41
42
43
44
45
46
47
48
49
50
51
52
53
54
55
56
57
58
59
60
61
62
63
64
65
66
67
68
69
70
71
72
73
74
75
76
77
78
79
80
81
82
83
84
85
86
87
88
89
90
91
92
93
94
95
96
97
98
99
100
101
102
103
104
105
106
107
108
109
110
111
112
113
114
115
116
117
118
119
120
121
122
123
124
125
126
127
128
129
130
131
132
133
134
135
136
137
138
139
140
141
142
143
144
145
146
147
148
149
150
151
152
153
154
155
156
157
158
159
160
161
162
163
164
165
166
167
168
169
170
171
172
173
174
175
176
177
178
179
180
181
182
183
184
185
186
187
188
189
190
191
192
193
194
195
196
197
198
199
200
201
202
203
204
205
206
207
208
209
210
211
212
213
214
215
216
217
218
219
220
221
222
223
224
225
226
227
228
229
230
231
232
233
234
235
236
237
238
239
240
241
242
243
244
245
246
247
248
249
250
251
252
253
254
255
256
257
258
259
260
261
262
263
264
265
266
267
268
269
270
271
272
273
274
275
276
277
278
279
280
281
282
283
284
285
286
287
288
289
290
291
292
293
294
295
296
297
298
299
300
301
302
303
304
305
306
307
308
309
310
311
312
313
314
315
316
317
318
319
320
321
322
323
324
325
326
327
328
329
330
331
332
333
334
335
336
337
338
339
340
341
342
343
344
345
346
347
348
349
350
351
352
353
354
355
356
357
358
359
360
361
362
363
364
365
366
367
368
369
370
371
372
373
374
375
376
377
378
379
380
381
382
383
384
385
386
387
388
389
390
391
392
393
394
395
396
397
398
399
400
401
402
403
404
405
406
407
408
409
410
411
412
413
414
415
416
417
418
419
420
421
422
423
424
425
426
427
428
429
430
431
432
433
434
435
436
437
438
439
440
441
442
443
444
445
446
447
448
449
450
451
452
453
454
455
456
457
458
459
460
461
462
463
464
465
466
467
468
469
470
471
472
473
474
475
476
477
478
479
480
481
482
483
484
485
486
487
488
489
490
491
492
493
494
495
496
497
498
499
500
501
502
503
504
505
506
507
508
509
510
511
512
513
514
515
516
517
518
519
520
521
522
523
524
525
526
527
528
529
530
531
532
533
534
535
536
537
538
539
540
541
542
543
544
545
546
547
548
549
550
551
552
553
554
555
556
557
558
559
560
561
562
563
564
565
566
567
568
569
570
571
572
573
574
575
576
577
578
579
580
581
582
583
584
585
586
587
588
589
590
591
592
593
594
595
596
597
598
599
600
601
602
603
604
605
606
607
608
609
610
611
612
613
614
615
616
617
618
619
620
621
622
623
624
625
626
627
628
629
630
631
632
633
634
635
636
637
638
639
640
641
642
643
644
645
646
647
648
649
650
651
652
653
654
655
656
657
658
659
660
661
662
663
664
665
666
667
668
669
670
671
672
673
674
675
676
677
678
679
680
681
682
683
684
685
686
687
688
689
690
691
692
693
694
695
696
697
698
699
700
701
702
703
704
705
706
707
708
709
710
711
712
713
714
715
716
717
718
719
720
721
722
723
724
725
726
727
728
729
730
731
732
733
734
735
736
737
738
739
740
741
742
743
744
745
746
747
748
749
750
751
752
753
754
755
756
757
758
759
760
761
762
763
764
765
766
767
768
769
770
771
772
773
774
775
776
777
778
779
780
781
782
783
784
785
786
787
788
789
790
791
792
793
794
795
796
797
798
799
800
801
802
803
804
805
806
807
808
809
810
811
812
813
814
815
816
817
818
819
820
821
822
823
824
825
826
827
828
829
830
831
832
833
834
835
836
837
838
839
840
841
842
843
844
845
846
847
848
849
850
851
852
853
854
855
856
857
858
859
860
861
862
863
864
865
866
867
868
869
870
871
872
873
874
875
876
877
878
879
880
881
882
883
884
885
886
887
888
889
890
891
892
893
894
895
896
897
898
899
900
901
902
903
904
905
906
907
908
909
910
911
912
913
914
915
916
917
918
919
920
921
922
923
924
925
926
927
928
929
930
931
932
933
934
935
936
937
938
939
940
941
942
943
944
945
946
947
948
949
950
951
952
953
954
955
956
957
958
959
960
961
962
963
964
965
966
967
968
969
970
971
972
973
974
975
976
977
978
979
980
981
982
983
984
985
986
987
988
989
990
991
992
993
994
995
996
997
998
999
1000
1001
1002
1003
1004
1005
1006
1007
1008
1009
1010
1011
1012
1013
1014
1015
1016
1017
1018
1019
1020
1021
1022
1023
1024
1025
1026
1027
1028
1029
1030
1031
1032
1033
1034
1035
1036
1037
1038
1039
1040
1041
1042
1043
1044
1045
1046
1047
1048
1049
1050
1051
1052
1053
1054
1055
1056
1057
1058
1059
1060
1061
1062
1063
1064
1065
1066
1067
1068
1069
1070
1071
1072
1073
1074
1075
1076
1077
1078
1079
1080
1081
1082
1083
1084
1085
1086
1087
1088
1089
1090
1091
1092
1093
1094
1095
1096
1097
1098
1099
1100
1101
1102
1103
1104
1105
1106
1107
1108
1109
1110
1111
1112
1113
1114
1115
1116
1117
1118
1119
1120
1121
1122
1123
1124
1125
1126
1127
1128
1129
1130
1131
1132
1133
1134
1135
1136
1137
1138
1139
1140
1141
1142
1143
1144
1145
1146
1147
1148
1149
1150
1151
1152
1153
1154
1155
1156
1157
1158
1159
1160
1161
1162
1163
1164
1165
1166
1167
1168
1169
1170
1171
1172
1173
1174
1175
1176
1177
1178
1179
1180
1181
1182
1183
1184
1185
1186
1187
1188
1189
1190
1191
1192
1193
1194
1195
1196
1197
1198
1199
1200
1201
1202
1203
1204
1205
1206
1207
1208
1209
1210
1211
1212
1213
1214
1215
1216
1217
1218
1219
1220
1221
1222
1223
1224
1225
1226
1227
1228
1229
1230
1231
1232
1233
1234
1235
1236
1237
1238
1239
1240
1241
1242
1243
1244
1245
1246
1247
1248
1249
1250
1251
1252
1253
1254
1255
1256
1257
1258
1259
1260
1261
1262
1263
1264
1265
1266
1267
1268
1269
1270
1271
1272
1273
1274
1275
1276
1277
1278
1279
1280
1281
1282
1283
1284
1285
1286
1287
1288
1289
1290
1291
1292
1293
1294
1295
1296
1297
1298
1299
1300
1301
1302
1303
1304
1305
1306
1307
1308
1309
1310
1311
1312
1313
1314
1315
1316
1317
1318
1319
1320
1321
1322
1323
1324
1325
1326
1327
1328
1329
1330
1331
1332
1333
1334
1335
1336
1337
1338
1339
1340
1341
1342
1343
1344
1345
1346
1347
1348
1349
1350
1351
1352
1353
1354
1355
1356
1357
1358
1359
1360
1361
1362
1363
1364
1365
1366
1367
1368
1369
1370
1371
1372
1373
1374
1375
1376
1377
1378
1379
1380
1381
1382
1383
1384
1385
1386
1387
1388
1389
1390
1391
1392
1393
1394
1395
1396
1397
1398
1399
1400
1401
1402
1403
1404
1405
1406
1407
1408
1409
1410
1411
1412
1413
1414
1415
1416
1417
1418
1419
1420
1421
1422
1423
1424
1425
1426
1427
1428
1429
1430
1431
1432
1433
1434
1435
1436
1437
1438
1439
1440
1441
1442
1443
1444
1445
1446
1447
1448
1449
1450
1451
1452
1453
1454
1455
1456
1457
1458
1459
1460
1461
1462
1463
1464
1465
1466
1467
1468
1469
1470
1471
1472
1473
1474
1475
1476
1477
1478
1479
1480
1481
1482
1483
1484
1485
1486
1487
1488
1489
1490
1491
1492
1493
1494
1495
1496
1497
1498
1499
1500
1501
1502
1503
1504
1505
1506
1507
1508
1509
1510
1511
1512
1513
1514
1515
1516
1517
1518
1519
1520
1521
1522
1523
1524
1525
1526
1527
1528
1529
1530
1531
1532
1533
1534
1535
1536
1537
1538
1539
1540
1541
1542
1543
1544
1545
1546
1547
1548
1549
1550
1551
1552
1553
1554
1555
1556
1557
1558
1559
1560
1561
1562
1563
1564
1565
1566
1567
1568
1569
1570
1571
1572
1573
1574
1575
1576
1577
1578
1579
1580
1581
1582
1583
1584
1585
1586
1587
1588
1589
1590
1591
1592
1593
1594
1595
1596
1597
1598
1599
1600
1601
1602
1603
1604
1605
1606
1607
1608
1609
1610
1611
1612
1613
1614
1615
1616
1617
1618
1619
1620
1621
1622
1623
1624
1625
1626
1627
1628
1629
1630
1631
1632
1633
1634
1635
1636
1637
1638
1639
1640
1641
1642
1643
1644
1645
1646
1647
1648
1649
1650
1651
1652
1653
1654
1655
1656
1657
1658
1659
1660
1661
1662
1663
1664
1665
1666
1667
1668
1669
1670
1671
1672
1673
1674
1675
1676
1677
1678
1679
1680
1681
1682
1683
1684
1685
1686
1687
1688
1689
1690
1691
1692
1693
1694
1695
1696
1697
1698
1699
1700
1701
1702
1703
1704
1705
1706
1707
1708
1709
1710
1711
1712
1713
1714
1715
1716
1717
1718
1719
1720
1721
1722
1723
1724
1725
1726
1727
1728
1729
1730
1731
1732
1733
1734
1735
1736
1737
1738
1739
1740
1741
1742
1743
1744
1745
1746
1747
1748
1749
1750
1751
1752
1753
1754
1755
1756
1757
1758
1759
1760
1761
1762
1763
1764
1765
1766
1767
1768
1769
1770
1771
1772
1773
1774
1775
1776
1777
1778
1779
1780
1781
1782
1783
1784
1785
1786
1787
1788
1789
1790
1791
1792
1793
1794
1795
1796
1797
1798
1799
1800
1801
1802
1803
1804
1805
1806
1807
1808
1809
1810
1811
1812
1813
1814
1815
1816
1817
1818
1819
1820
1821
1822
1823
1824
1825
1826
1827
1828
1829
1830
1831
1832
1833
1834
1835
1836
1837
1838
1839
1840
1841
1842
1843
1844
1845
1846
1847
1848
1849
1850
1851
1852
1853
1854
1855
1856
1857
1858
1859
1860
1861
1862
1863
1864
1865
1866
1867
1868
1869
1870
1871
1872
1873
1874
1875
1876
1877
1878
1879
1880
1881
1882
1883
1884
1885
1886
1887
1888
1889
1890
1891
1892
1893
1894
1895
1896
1897
1898
1899
1900
1901
1902
1903
1904
1905
1906
1907
1908
1909
1910
1911
1912
1913
1914
1915
1916
1917
1918
1919
1920
1921
1922
1923
1924
1925
1926
1927
1928
1929
1930
1931
1932
1933
1934
1935
1936
1937
1938
1939
1940
1941
1942
1943
1944
1945
1946
1947
1948
1949
1950
1951
1952
1953
1954
1955
1956
1957
1958
1959
1960
1961
1962
1963
1964
1965
1966
1967
1968
1969
1970
1971
1972
1973
1974
1975
1976
1977
1978
1979
1980
1981
1982
1983
1984
1985
1986
1987
1988
1989
1990
1991
1992
1993
1994
1995
1996
1997
1998
1999
2000
2001
2002
2003
2004
2005
2006
2007
2008
2009
2010
2011
2012
2013
2014
2015
2016
2017
2018
2019
2020
2021
2022
2023
2024
2025
2026
2027
2028
2029
2030
2031
2032
2033
2034
2035
2036
2037
2038
2039
2040
2041
2042
2043
2044
2045
2046
2047
2048
2049
2050
2051
2052
2053
2054
2055
2056
2057
2058
2059
2060
2061
2062
2063
2064
2065
2066
2067
2068
2069
2070
2071
2072
2073
2074
2075
2076
2077
2078
2079
2080
2081
2082
2083
2084
2085
2086
2087
2088
2089
2090
2091
2092
2093
2094
2095
2096
2097
2098
2099
2100
2101
2102
2103
2104
2105
2106
2107
2108
2109
2110
2111
2112
2113
2114
2115
2116
2117
2118
2119
2120
2121
2122
2123
2124
2125
2126
2127
2128
2129
2130
2131
2132
2133
2134
2135
2136
2137
2138
2139
2140
2141
2142
2143
2144
2145
2146
2147
2148
2149
2150
2151
2152
2153
2154
2155
2156
2157
2158
2159
2160
2161
2162
2163
2164
2165
2166
2167
2168
2169
2170
2171
2172
2173
2174
2175
2176
2177
2178
2179
2180
2181
2182
2183
2184
2185
2186
2187
2188
2189
2190
2191
2192
2193
2194
2195
2196
2197
2198
2199
2200
2201
2202
2203
2204
2205
2206
2207
2208
2209
2210
2211
2212
2213
2214
2215
2216
2217
2218
2219
2220
2221
2222
2223
2224
2225
2226
2227
2228
2229
2230
2231
2232
2233
2234
2235
2236
2237
2238
2239
2240
2241
2242
2243
2244
2245
2246
2247
2248
2249
2250
2251
2252
2253
2254
2255
2256
2257
2258
2259
2260
2261
2262
2263
2264
2265
2266
2267
2268
2269
2270
2271
2272
2273
2274
2275
2276
2277
2278
2279
2280
2281
2282
2283
2284
2285
2286
2287
2288
2289
2290
2291
2292
2293
2294
2295
2296
2297
2298
2299
2300
2301
2302
2303
2304
2305
2306
2307
2308
2309
2310
2311
2312
2313
2314
2315
2316
2317
2318
2319
2320
2321
2322
2323
2324
2325
2326
2327
2328
2329
2330
2331
2332
2333
2334
2335
2336
2337
2338
2339
2340
2341
2342
2343
2344
2345
2346
2347
2348
2349
2350
2351
2352
2353
2354
2355
2356
2357
2358
2359
2360
2361
2362
2363
2364
2365
2366
2367
2368
2369
2370
2371
2372
2373
2374
2375
2376
2377
2378
2379
2380
2381
2382
2383
2384
2385
2386
2387
2388
2389
2390
2391
2392
2393
2394
2395
2396
2397
2398
2399
2400
2401
2402
2403
2404
2405
2406
2407
2408
2409
2410
2411
2412
2413
2414
2415
2416
2417
2418
2419
2420
2421
2422
2423
2424
2425
2426
2427
2428
2429
2430
2431
2432
2433
2434
2435
2436
2437
2438
2439
2440
2441
2442
2443
2444
2445
2446
2447
2448
2449
2450
2451
2452
2453
2454
2455
2456
2457
2458
2459
2460
2461
2462
2463
2464
2465
2466
2467
2468
2469
2470
2471
2472
2473
2474
2475
2476
2477
2478
2479
2480
2481
2482
2483
2484
2485
2486
2487
2488
2489
2490
2491
2492
2493
2494
2495
2496
2497
2498
2499
2500
2501
2502
2503
2504
2505
2506
2507
2508
2509
2510
2511
2512
2513
2514
2515
2516
2517
2518
2519
2520
2521
2522
2523
2524
2525
2526
2527
2528
2529
2530
2531
2532
2533
2534
2535
2536
2537
2538
2539
2540
2541
2542
2543
2544
2545
2546
2547
2548
2549
2550
2551
2552
2553
2554
2555
2556
2557
2558
2559
2560
2561
2562
2563
2564
2565
2566
2567
2568
2569
2570
2571
2572
2573
2574
2575
2576
2577
2578
2579
2580
2581
2582
2583
2584
2585
2586
2587
2588
2589
2590
2591
2592
2593
2594
2595
2596
2597
2598
2599
2600
2601
2602
2603
2604
2605
2606
2607
2608
2609
2610
2611
2612
2613
2614
2615
2616
2617
2618
2619
2620
2621
2622
2623
2624
2625
2626
2627
2628
2629
2630
2631
2632
2633
2634
2635
2636
2637
2638
2639
2640
2641
2642
2643
2644
2645
2646
2647
2648
2649
2650
2651
2652
2653
2654
2655
2656
2657
2658
2659
2660
2661
2662
2663
2664
2665
2666
2667
2668
2669
2670
2671
2672
2673
2674
2675
2676
2677
2678
2679
2680
2681
2682
2683
2684
2685
2686
2687
2688
2689
2690
2691
2692
2693
2694
2695
2696
2697
2698
2699
2700
2701
2702
2703
2704
2705
2706
2707
2708
2709
2710
2711
2712
2713
2714
2715
2716
2717
2718
2719
2720
2721
2722
2723
2724
2725
2726
2727
2728
2729
2730
2731
2732
2733
2734
2735
2736
2737
2738
2739
2740
2741
2742
2743
2744
2745
2746
2747
2748
2749
2750
2751
2752
2753
2754
2755
2756
2757
2758
2759
2760
2761
2762
2763
2764
2765
2766
2767
2768
2769
2770
2771
2772
2773
2774
2775
2776
2777
2778
2779
2780
2781
2782
2783
2784
2785
2786
2787
2788
2789
2790
2791
2792
2793
2794
2795
2796
2797
2798
2799
2800
2801
2802
2803
2804
2805
2806
2807
2808
2809
2810
2811
2812
2813
2814
2815
2816
2817
2818
2819
2820
2821
2822
2823
2824
2825
2826
2827
2828
2829
2830
2831
2832
2833
2834
2835
2836
2837
2838
2839
2840
2841
2842
2843
2844
2845
2846
2847
2848
2849
2850
2851
2852
2853
2854
2855
2856
2857
2858
2859
2860
2861
2862
2863
2864
2865
2866
2867
2868
2869
2870
2871
2872
2873
2874
0 0 0
0.080000000000000002 0 0
0.080000000000000002 0 0.20000000000000001
0 0 0.20000000000000001
0 0 0.19889921047275649
0 0 0.19776812780902051
0 0 0.19660591820431819
0 0 0.19541172460932929
0 0 0.19418466704530671
0 0 0.19292384143426961
0 0 0.19162831830253921
0 0 0.19029714266830511
0 0 0.18892933344125709
0 0 0.18752388246861551
0 0 0.1860797535446464
0 0 0.1845958830378728
0 0 0.18307117652254629
0 0 0.18150451062075271
0 0 0.1798947305869201
0 0 0.17824064942785139
0 0 0.17654104876307269
0 0 0.1747946755033758
0 0 0.1730002424754192
0 0 0.17115642716481769
0 0 0.1692618705715252
0 0 0.16731517603897331
0 0 0.1653149092025909
0 0 0.16325959561396461
0 0 0.16114772028128799
0 0 0.1589777261338795
0 0 0.15674801480459899
0 0 0.15445694254775169
0 0 0.15210282106998049
0 0 0.1496839145353569
0 0 0.14719843968013049
0 0 0.14464456554775201
0 0 0.1420204099245293
0 0 0.13932403770857951
0 0 0.1365534623591057
0 0 0.13370664127141349
0 0 0.1307814768185433
0 0 0.1277758122409203
0 0 0.1246874328738475
0 0 0.1215140619619028
0 0 0.1182533606246446
0 0 0.1149029257581725
0 0 0.11146028787292669
0 0 0.107922909494752
0 0 0.10428818347175189
0 0 0.10055343073129119
0 0 0.096715898519707813
0 0 0.092772758961844115
0 0 0.088721104805378093
0 0 0.084557949741565552
0 0 0.080280226330447346
0 0 0.075884780642161448
0 0 0.071368373005402191
0 0 0.066727675938580866
0 0 0.061959269359211033
0 0 0.057059635134890541
0 0 0.052025165450336919
0 0 0.046852148548856547
0 0 0.041536771776493231
0 0 0.036075117491013248
0 0 0.030463159769095721
0 0 0.02469676183110292
0 0 0.018771674108091191
0 0 0.01268353035039421
0 0 0.0064278419144698506
0.0061538461538345138 0 0
0.012307692307667791 0 0
0.018461538461495539 0 0
0.024615384615323008 0 0
0.030769230769152379 0 0
0.036923076922981593 0 0
0.043076923076828671 0 0
0.049230769230690238 0 0
0.055384615384550563 0 0
0.061538461538408917 0 0
0.067692307692279352 0 0
0.073846153846128845 0 0
0.080000000000000002 0 0.0064278419144273421
0.080000000000000002 0 0.012683530350308879
0.080000000000000002 0 0.018771674107969372
0.080000000000000002 0 0.024696761830946799
0.080000000000000002 0 0.0304631597688995
0.080000000000000002 0 0.036075117490778963
0.080000000000000002 0 0.041536771776223093
0.080000000000000002 0 0.046852148548552602
0.080000000000000002 0 0.052025165450000799
0.080000000000000002 0 0.057059635134524618
0.080000000000000002 0 0.061959269358817029
0.080000000000000002 0 0.066727675938160314
0.080000000000000002 0 0.071368373004956895
0.080000000000000002 0 0.075884780641693031
0.080000000000000002 0 0.080280226329957668
0.080000000000000002 0 0.08455794974105596
0.080000000000000002 0 0.088721104804850043
0.080000000000000002 0 0.092772758961299009
0.080000000000000002 0 0.09671589851914697
0.080000000000000002 0 0.1005534307307219
0.080000000000000002 0 0.1042881834712098
0.080000000000000002 0 0.10792290949423609
0.080000000000000002 0 0.11146028787243591
0.080000000000000002 0 0.114902925757706
0.080000000000000002 0 0.1182533606242014
0.080000000000000002 0 0.12151406196148209
0.080000000000000002 0 0.12468743287344849
0.080000000000000002 0 0.1277758122405418
0.080000000000000002 0 0.13078147681818461
0.080000000000000002 0 0.13370664127107379
0.080000000000000002 0 0.13655346235878429
0.080000000000000002 0 0.13932403770827539
0.080000000000000002 0 0.14202040992424211
0.080000000000000002 0 0.14464456554748109
0.080000000000000002 0 0.14719843967987509
0.080000000000000002 0 0.14968391453511631
0.080000000000000002 0 0.1521028210697544
0.080000000000000002 0 0.15445694254753911
0.080000000000000002 0 0.15674801480439951
0.080000000000000002 0 0.15897772613369249
0.080000000000000002 0 0.1611477202811131
0.080000000000000002 0 0.16325959561380121
0.080000000000000002 0 0.1653149092024386
0.080000000000000002 0 0.16731517603883139
0.080000000000000002 0 0.1692618705713935
0.080000000000000002 0 0.17115642716469559
0.080000000000000002 0 0.17300024247530629
0.080000000000000002 0 0.17479467550327171
0.080000000000000002 0 0.1765410487629771
0.080000000000000002 0 0.1782406494277638
0.080000000000000002 0 0.17989473058684011
0.080000000000000002 0 0.18150451062067999
0.080000000000000002 0 0.18307117652248081
0.080000000000000002 0 0.18459588303781391
0.080000000000000002 0 0.1860797535445938
0.080000000000000002 0 0.18752388246856899
0.080000000000000002 0 0.1889293334412164
0.080000000000000002 0 0.19029714266826989
0.080000000000000002 0 0.19162831830250929
0.080000000000000002 0 0.1929238414342446
0.080000000000000002 0 0.19418466704528639
0.080000000000000002 0 0.1954117246093135
0.080000000000000002 0 0.19660591820430659
0.080000000000000002 0 0.19776812780901301
0.080000000000000002 0 0.19889921047275291
0.078904109589036597 0 0.20000000000000001
0.077808219178074581 0 0.20000000000000001
0.07671232876711935 0 0.20000000000000001
0.075616438356165452 0 0.20000000000000001
0.074520547945211568 0 0.20000000000000001
0.07342465753425767 0 0.20000000000000001
0.072328767123303772 0 0.20000000000000001
0.071232876712349888 0 0.20000000000000001
0.07013698630139599 0 0.20000000000000001
0.069041095890442106 0 0.20000000000000001
0.067945205479488208 0 0.20000000000000001
0.066849315068534199 0 0.20000000000000001
0.065753424657575554 0 0.20000000000000001
0.06465753424661691 0 0.20000000000000001
0.063561643835658266 0 0.20000000000000001
0.062465753424699552 0 0.20000000000000001
0.061369863013739617 0 0.20000000000000001
0.060273972602781743 0 0.20000000000000001
0.059178082191827241 0 0.20000000000000001
0.058082191780873357 0 0.20000000000000001
0.056986301369919459 0 0.20000000000000001
0.055890410958965568 0 0.20000000000000001
0.054794520548011677 0 0.20000000000000001
0.053698630137057793 0 0.20000000000000001
0.052602739726103888 0 0.20000000000000001
0.051506849315149213 0 0.20000000000000001
0.050410958904191117 0 0.20000000000000001
0.049315068493232472 0 0.20000000000000001
0.048219178082274973 0 0.20000000000000001
0.047123287671320881 0 0.20000000000000001
0.046027397260366983 0 0.20000000000000001
0.04493150684941144 0 0.20000000000000001
0.043835616438452803 0 0.20000000000000001
0.042739726027494158 0 0.20000000000000001
0.041643835616537873 0 0.20000000000000001
0.040547945205583809 0 0.20000000000000001
0.039452054794625158 0 0.20000000000000001
0.038356164383661927 0 0.20000000000000001
0.03726027397269905 0 0.20000000000000001
0.036164383561739573 0 0.20000000000000001
0.035068493150780942 0 0.20000000000000001
0.033972602739819183 0 0.20000000000000001
0.032876712328855799 0 0.20000000000000001
0.031780821917892388 0 0.20000000000000001
0.030684931506929001 0 0.20000000000000001
0.02958904109596561 0 0.20000000000000001
0.028493150685004669 0 0.20000000000000001
0.027397260274046029 0 0.20000000000000001
0.02630136986308616 0 0.20000000000000001
0.02520547945212287 0 0.20000000000000001
0.024109589041159469 0 0.20000000000000001
0.023013698630196072 0 0.20000000000000001
0.021917808219232681 0 0.20000000000000001
0.020821917808272489 0 0.20000000000000001
0.019726027397313849 0 0.20000000000000001
0.018630136986354951 0 0.20000000000000001
0.01753424657539265 0 0.20000000000000001
0.016438356164429249 0 0.20000000000000001
0.01534246575346586 0 0.20000000000000001
0.014246575342502449 0 0.20000000000000001
0.01315068493153906 0 0.20000000000000001
0.01205479452057567 0 0.20000000000000001
0.010958904109612271 0 0.20000000000000001
0.0098630136986488787 0 0.20000000000000001
0.0087671232876881111 0 0.20000000000000001
0.0076712328767341584 0 0.20000000000000001
0.0065753424657789689 0 0.20000000000000001
0.0054794520548169801 0 0.20000000000000001
0.0043835616438535757 0 0.20000000000000001
0.0032876712328901848 0 0.20000000000000001
0.0021917808219267948 0 0.20000000000000001
0.00109589041096339 0 0.20000000000000001
0.015867550052554271 0 0.1338851639269788
0.01405758178855978 0 0.1313121670953053
0.01592500849043962 0 0.13047389883682611
0.01276747687913885 0 0.13313858267951351
0.033724438915669577 0 0.021274267580928471
0.029856512108353949 0 0.025081493721548349
0.029162977648750629 0 0.01896477728833304
0.025236827253424861 0 0.02273776076220076
0.0093463810856649048 0 0.19876535325992731
0.0082838800631739578 0 0.19795610854582729
0.0092489297766041225 0 0.19745998442216159
0.045409715854247731 0 0.19896507227554919
0.046405490694213389 0 0.19925105910113911
0.070734250136113827 0 0.19746771224931481
0.071517836346272706 0 0.1981332879981309
0.070644844219959507 0 0.198768165794631
0.055649588576074271 0 0.1932571175317791
0.054667321516398082 0 0.1942604343659988
0.054446597859035398 0 0.19334997117645769
0.025463396100520199 0 0.19334416097893839
0.0251452922253796 0 0.19420139548388421
0.024251585397087751 0 0.19316642078142229
0.00631516953964635 0 0.18054888550014189
0.0049283701300723154 0 0.18050137146869311
0.0057009637874111353 0 0.17940917256897571
0.0043260891535780071 0 0.17920947620617009
0.057688833835905368 0 0.19088317424727591
0.058019655459268897 0 0.19212930148669241
0.05682144780327026 0 0.1914717361750492
0.056830700769443847 0 0.1927505917402095
0.0053345648476446428 0 0.17822785294574181
0.0064991788831455953 0 0.17826640241319411
0.0070804550616980618 0 0.17919906544555339
0.020057196703927801 0 0.14955118646885929
0.019227396578284268 0 0.14772548703723501
0.02155284775682921 0 0.14848984436872961
0.021288159738599721 0 0.1457924533948424
0.02448859175919987 0 0.047613843508045227
0.02063030830984354 0 0.044666156687684047
0.02576862297170127 0 0.043654643721241268
0.021907494632446199 0 0.041064248830586722
0.049334148512849042 0 0.1907605471957782
0.048892861807684852 0 0.19169102246584699
0.04828525429143056 0 0.19088062059663261
0.047938890259441889 0 0.19177830535420101
0.016594875657697308 0 0.19707814345143279
0.01581331715410509 0 0.19657181320257311
0.016561950938488661 0 0.1959797531570929
0.015660328904679621 0 0.19557630556088809
0.019278026725181759 0 0.19106381848888609
0.020459647609530979 0 0.1919472101828083
0.019216584743738219 0 0.19235547109573281
0.020051780633947719 0 0.19325187666293381
0.063440867484603994 0 0.19595244825470781
0.064193070105845795 0 0.19654618794794479
0.063409122840587889 0 0.19705773868822751
0.064342696753615258 0 0.19554221903054531
0.019448822101990129 0 0.18038986029370821
0.02046426685370243 0 0.1811694514743746
0.01915894903225742 0 0.1818880013466222
0.020632301717819001 0 0.1826644445409677
0.051457699095296322 0 0.041143062126286899
0.056924648322079358 0 0.042178871100800687
0.053390069573094723 0 0.045848004056131431
0.05510922194299922 0 0.037846307614992462
0.02618046782426648 0 0.038699426206994778
0.02113312808923716 0 0.037030962546290479
0.024931584277111771 0 0.034644860724991303
0.02945085996529347 0 0.041353573151849773
0.034036393178302211 0 0.040015361470154068
0.032799706849202727 0 0.043973280628073007
0.03698635216504715 0 0.044509251711256838
0.077913020143434208 0 0.17876528633886921
0.078933362209703192 0 0.17759711663933461
0.07908943210882069 0 0.1790049137909922
0.076982519333461383 0 0.18009035862472461
0.076413198974741636 0 0.1785089709305166
0.075438751045115091 0 0.17987870065798919
0.0077284133598065933 0 0.17287778155181799
0.0089259484800553006 0 0.17406662645153531
0.0071549263379412477 0 0.17428392471945009
0.0079950411487807096 0 0.1759035064368967
0.024186585891761619 0 0.19449092639936691
0.023132531504148391 0 0.19474432828911409
0.023351314067076041 0 0.19372281781668371
0.060774846832492319 0 0.1922893531408377
0.059534656158005878 0 0.19174282673916609
0.06073542026519569 0 0.19094671474833089
0.056639994770414898 0 0.1936855028866063
0.056865990023464701 0 0.19471280940265781
0.055735280431047113 0 0.19451343712246669
0.05995233682650819 0 0.19298072783403469
0.01814918087573876 0 0.17960986406706081
0.016894027185310859 0 0.1805582091010948
0.01702226154656716 0 0.1791744865946733
0.077908842743113202 0 0.14023926103956461
0.07784901561471709 0 0.137616507135707
0.055600339339202942 0 0.1910303774038217
0.05688590951896743 0 0.19033341388751909
0.055967137972524741 0 0.1921108092404849
0.060910693133965833 0 0.18166938590742729
0.0596168724038997 0 0.1810672388307214
0.060914841504204932 0 0.18000872400482781
0.059786371712229891 0 0.1825861566790643
0.057711829564113158 0 0.030638338857915039
0.058873654335125841 0 0.035082242462532519
0.053481574484063862 0 0.03335264644257336
0.01358800302281362 0 0.13542864543079119
0.040421481896728957 0 0.1004925067155626
0.043512686335775513 0 0.10160258701784711
0.041152902609658107 0 0.1035695953630765
0.067676606710660683 0 0.03331464973129538
0.069045462586812129 0 0.037000480437380447
0.064411181503932699 0 0.036438133105913283
0.06631271483870621 0 0.040012074144870798
0.031003215971723171 0 0.096569030507483458
0.033228505184251772 0 0.094349543080176443
0.03384361746670931 0 0.097752011700441274
0.036433747544785573 0 0.095674633171761031
0.046095584428378127 0 0.096113367371016209
0.04696740373121177 0 0.092932900994392983
0.049035805328266423 0 0.095144714081715126
0.043512686274738123 0 0.093880454555430787
0.048982314148167283 0 0.098261663264351998
0.052195269313509769 0 0.096473520489324185
0.004043439755597779 0 0.1192992098077358
0.0020528097615011669 0 0.1211921663166753
0.038793281141528912 0 0.105354373388092
0.041152980215961282 0 0.10722395919236941
0.043512686290932412 0 0.1053092405811737
0.030944652162921471 0 0.09973277073726057
0.027744617568020581 0 0.097813369142944209
0.033844150733437557 0 0.1015624298755272
0.037101811544068178 0 0.099137737620922275
0.046085066755324443 0 0.09997280554976308
0.043512686336788682 0 0.097793927433055219
0.048938085817414392 0 0.1020758885507813
0.052194620747044299 0 0.1003223305472698
0.014664423899108591 0 0.17601624145688191
0.013421517531760961 0 0.1767018429979047
0.013074699321104 0 0.17536703595044539
0.01463214870007563 0 0.17768332540375101
0.047984907186126149 0 0.021453649661669589
0.052058188870005448 0 0.02378080910052079
0.047732897435494553 0 0.025849167292465301
0.051046071342191787 0 0.01779539916118816
0.038793429945405279 0 0.1089612959218845
0.036433747585181843 0 0.1069630870311036
0.041153296892836783 0 0.11078165652053169
0.043512686240393089 0 0.1089166201630053
0.03094402603619548 0 0.1034907050038338
0.027729712251314879 0 0.101618682734591
0.046066367418663268 0 0.1037388046967863
0.033847975234237958 0 0.1052727682512653
0.037370764392120233 0 0.1031932140350785
0.062432648138316948 0 0.19649475978695161
0.062494896601996502 0 0.19767644265348169
0.017570112073736099 0 0.19651659138278171
0.017507870827065709 0 0.19769127888864921
0.048793058542088603 0 0.1058144561777082
0.052092187790151262 0 0.1041034572719569
0.062537414055380214 0 0.04352114427187001
0.068562998753516902 0 0.044114995532298827
0.064299588485551964 0 0.047874639954216952
0.017744182751088151 0 0.1937018173533285
0.017268373171552939 0 0.19448451159658989
0.016496632649690059 0 0.1936478082269244
0.013112112091488491 0 0.15524134642993881
0.0111927826500379 0 0.1541357362288539
0.01296013273302981 0 0.15299186185457411
0.072742606694833636 0 0.16484498035799039
0.07295339147158425 0 0.1629862401868542
0.074491727778149983 0 0.16419757208521929
0.035033257565415352 0 0.19671066553910671
0.034206914043867297 0 0.1966423840395094
0.034918306475725851 0 0.19581832616323089
0.063510062213020871 0 0.19362761768790571
0.062735737163622809 0 0.19446234057276029
0.062256700731189552 0 0.1936680300672029
0.038794007051211873 0 0.1124737714216183
0.036433747689777772 0 0.11052617230057581
0.041154615678675628 0 0.1142491417903552
0.043512686072138977 0 0.11242738478063199
0.03385340710210534 0 0.19560153019628801
0.046966658963203713 0 0.191973969382223
0.047759148207689478 0 0.1927346952874204
0.046919993336501133 0 0.19286183657049211
0.047626338841809078 0 0.19357229018085961
0.074756776135166542 0 0.1621845163655829
0.033726667142750508 0 0.16375467476989991
0.035689743984391342 0 0.16332054101320589
0.034614850053374849 0 0.16529917467526081
0.036614053674005588 0 0.16524491139612049
0.030955687411795829 0 0.1071542156246266
0.027327838005736491 0 0.1054807008602867
0.019362063057094949 0 0.19614986229956799
0.018431732602483038 0 0.1958742100444113
0.019213744787114649 0 0.19512981399025289
0.018233601339700839 0 0.19475144058635521
0.046098844356440828 0 0.10742573349182601
0.033859243025822647 0 0.1088892907291881
0.060787121801130023 0 0.1951076990608317
0.061570293068751059 0 0.1958512258365418
0.060641131047096612 0 0.19613245063945439
0.06176659078645929 0 0.19471913446680431
0.073087544201099253 0 0.16049989334173179
0.07128200774921549 0 0.1621635081615764
0.01358455352516749 0 0.19486421875345389
0.01396995671674982 0 0.1957684779036829
0.01302224301350785 0 0.19544369882699331
0.048817903045102327 0 0.10945918585413419
0.052249481768844107 0 0.10783648136502361
0.065075682451308237 0 0.17753925077671359
0.06422138384969682 0 0.17837144034811919
0.063939676283034361 0 0.17707278704490501
0.065317662202777363 0 0.1788061421005048
0.062337913104514052 0 0.1769214004224535
0.063492104284647605 0 0.1754693977414907
0.061640239180369927 0 0.17525102986871849
0.050905671514057282 0 0.1990076071603685
0.049954170073718739 0 0.1990316392779311
0.050241591150121827 0 0.1980077022416053
0.015975461602743171 0 0.19893119748040319
0.015547481482852449 0 0.19763252477952409
0.016610081720600901 0 0.19814855929875411
0.065301277225067803 0 0.19123315294659871
0.066315060521666164 0 0.1919214400608581
0.065229754038002019 0 0.19226927139132749
0.066477427616857598 0 0.19073930511990311
0.01477573346342927 0 0.19230098388939479
0.013685367362856469 0 0.19195824119269581
0.01470204190872838 0 0.19126749607929561
0.01352456557353416 0 0.19077038379102759
0.038796166507161257 0 0.11589998413035579
0.036433747987853052 0 0.1139938291538606
0.0166905140441591 0 0.04068424283860126
0.01524370666022901 0 0.046220614537341498
0.019682919674987191 0 0.048759346314804393
0.048058487190690953 0 0.16212331135473609
0.048753787576210517 0 0.16031479581727701
0.049679122943303879 0 0.16178274646830021
0.063392937595105892 0 0.19813478967834669
0.064388639887503735 0 0.1976958806263158
0.064014984868535074 0 0.1989467991894143
0.041160297789781378 0 0.1176461785338251
0.043512685577621397 0 0.1158441226363856
0.031003727483339929 0 0.1107386553057516
0.02737261095904301 0 0.10898063482065939
0.046070451979973191 0 0.1109829448961146
0.033878588889600492 0 0.1124223643920287
0.048788103110778393 0 0.1129696609088553
0.052135454273704258 0 0.11140610113708239
0.050269407406538243 0 0.160065035490594
0.0092468867380914293 0 0.13723118214698291
0.010873670492080991 0 0.13504992748700101
0.01165052069224669 0 0.1369650312911149
0.038141817532752142 0 0.018517281561574069
0.038231657938603753 0 0.024674448470821082
0.034114279841009523 0 0.026509226271757669
0.039422541590178599 0 0.01233499458984055
0.044779532104267043 0 0.016884966742394349
0.045615682032712872 0 0.01018069009327959
0.0041357460190860253 0 0.1773513087627753
0.0034503815530217809 0 0.17595932417087959
0.0047228407610436169 0 0.1759873710764088
0.0040949949507769852 0 0.17450678181824061
0.038803648349980728 0 0.11925810584844609
0.036433748855282888 0 0.11736861443649819
0.041185509330348737 0 0.12106001040687051
0.043512684108354328 0 0.11916935370480471
0.031155909347598789 0 0.1142683078641978
0.027993067642343369 0 0.1124956203188727
0.046102320527447761 0 0.11446345053783021
0.0078215811227853732 0 0.13492669649000691
0.073010564114723342 0 0.057345360871308891
0.070401028171845778 0 0.053870241158780419
0.075760926552135358 0 0.054958476136448497
0.033842669827531972 0 0.11588727571093391
0.02306697725882309 0 0.18449968174343279
0.021730571575570651 0 0.18417672717062419
0.022295778172691599 0 0.18284300694605679
0.048731291142276319 0 0.1164233072066812
0.05221905926041167 0 0.1148969885429051
0.019435956591106359 0 0.17885778096628219
0.018199754443373711 0 0.18117475881494091
0.052288186800745283 0 0.15096701591049441
0.051394985484276123 0 0.14905809311156901
0.053297336479795752 0 0.149495496023203
0.0070439103030949914 0 0.051751356569855127
0.010257703961953369 0 0.055765434154796692
0.0044965742112966387 0 0.055119040463059057
0.038824057824357223 0 0.1225492029226713
0.03643375140321959 0 0.1206530183923154
0.035978854375376783 0 0.035156092364759299
0.032124494684629898 0 0.030992808559720579
0.037736751103121427 0 0.030240420964756931
0.039026196876799091 0 0.03950549390702221
0.026373178363143821 0 0.02983111529865802
0.041205393053393997 0 0.1243799574306064
0.043583400716451393 0 0.1229841873731272
0.042629856698538478 0 0.028419952035983621
0.048017027816769288 0 0.031110351731727631
0.052444830817843097 0 0.028750854556879871
0.052820335499935978 0 0.14751997601807951
0.001415432568665153 0 0.17338396414895649
0.0028484894727844241 0 0.1736179876416534
0.0021610325768283462 0 0.1750130362445351
0.0312127827278832 0 0.11770955316187889
0.028158370032837832 0 0.11569906988912571
0.046151671779101393 0 0.1178878810860027
0.072718487535353496 0 0.062341969721846913
0.076154625332481143 0 0.059539942838819082
0.06907762023343765 0 0.059805257009977041
0.033794520091088943 0 0.11924475207905449
0.048950944545899627 0 0.1197960119458219
0.052152573145793538 0 0.1182786887236566
0.067095560000238627 0 0.19547735122396551
0.066431364480785363 0 0.19485957099995979
0.06722917450217783 0 0.1946505857456434
0.066073799308432046 0 0.1957226553984881
0.014868871564262099 0 0.1968624144144977
0.01413822293569411 0 0.19662964946438061
0.01483390871141357 0 0.19608478460110601
0.067965135753852227 0 0.19520611926000869
0.068215700719565592 0 0.19425615229464291
0.065182607146637317 0 0.19604999660112221
0.065849736046182272 0 0.19663979333821541
0.065062431227687859 0 0.19690977185191341
0.03878299475662305 0 0.12573337433236939
0.036433758952704773 0 0.1238494699706485
0.02227130293435043 0 0.1954353288036744
0.023099504929639629 0 0.19573243578910871
0.022112724155869009 0 0.1938763262923541
0.041183529909140329 0 0.12752750337578719
0.043633689330406497 0 0.12608644786245049
0.068693821912579708 0 0.17109162526874969
0.067538979635581697 0 0.17310894102926899
0.066721475716416304 0 0.17109167521573049
0.065364284488247312 0 0.17237721751817811
0.076361570804262632 0 0.064651481591615545
0.030992606116709891 0 0.1210069779416888
0.027955295635946079 0 0.1189508684215819
0.056900981097177061 0 0.19571053226972401
0.057724472953139587 0 0.19540540309150259
0.057886380035109951 0 0.19384908312064511
0.046190674252195633 0 0.1212927082532283
0.072723377504812184 0 0.067105119522724466
0.069077619472934518 0 0.064631355074005248
0.072868908514048744 0 0.1740027757168667
0.074359819437527966 0 0.17382264122300181
0.073805534232499873 0 0.17503846265863279
0.073844224455334895 0 0.17258922576983321
0.074786492852831177 0 0.1760006659474162
0.073248987796369416 0 0.17624641486816001
0.073954821670664111 0 0.17727481551544569
0.033763084209140579 0 0.1224871168465517
0.04912544535460614 0 0.1230771822100702
0.052385819663952567 0 0.1215788026706099
0.03413799802585727 0 0.1671087073281769
0.035834300495787931 0 0.16663453223465721
0.067049866495496227 0 0.19270302793040131
0.067392786781447014 0 0.19150894462954929
0.065883826749303251 0 0.19299602741421451
0.01259075372969031 0 0.19156243190058139
0.012937059125502489 0 0.1927478856670688
0.014117826944033339 0 0.1930322040796042
0.03071573678795483 0 0.1984480499370716
0.031646859549924918 0 0.1979475283055892
0.031241473465831719 0 0.19909318590129671
0.030616877781324291 0 0.19731264393839781
0.047741522393617591 0 0.18083389497906849
0.046047935435125767 0 0.18184140266986731
0.046221203595316639 0 0.1800575871203699
0.019307338121650561 0 0.17733704582068449
0.017944650567676589 0 0.1764443922903173
0.019369854060137581 0 0.17588093247673481
0.074752790030055888 0 0.17848618389717191
0.075665617919479441 0 0.17719729189993319
0.076346243444314246 0 0.17592718637001981
0.075761593358854323 0 0.1745660453899818
0.047496262499984891 0 0.18264233151107409
0.030873747541061251 0 0.18290002166589259
0.030352267945073438 0 0.1815650072334466
0.032081802022560023 0 0.1816091602492968
0.063463637802507009 0 0.18985233561869541
0.064373235234276585 0 0.19052994776458729
0.063160017083887354 0 0.19089232325427941
0.064634966324145324 0 0.18947256902733561
0.066381357051989567 0 0.17762479344160129
0.067289734942719337 0 0.1762018535006746
0.067998261464785006 0 0.17787165548691139
0.068756515767804866 0 0.1765850579513247
0.016840301419804971 0 0.1909268312306466
0.015630020737968191 0 0.1905646058157448
0.016540593962160011 0 0.189885011150212
0.015372140109860769 0 0.18950788721282349
0.038795370837222232 0 0.12895774478104099
0.03643378107796081 0 0.12696034855879071
0.049378989687338913 0 0.036433109619133722
0.045637474549262112 0 0.039971642959540907
0.048147105218901219 0 0.044675942473204333
0.002896567332732523 0 0.19900252581951369
0.0038819390272688201 0 0.19913728185647361
0.041177335130555402 0 0.13065019234566361
0.04359349494746502 0 0.12924447757554991
0.0079161797829025351 0 0.19132980007159719
0.0067856226305309719 0 0.19175705064668369
0.0068346512532970818 0 0.19071478522518651
0.0078838248083481655 0 0.19242845575880849
0.07636714939853137 0 0.069348241900639804
0.073115938676268102 0 0.1903682823966012
0.07321883681229191 0 0.19171810186735441
0.072103275778249515 0 0.19128585151712399
0.072240865495020984 0 0.19245562209749101
0.072015772265485639 0 0.1773742874077642
0.073259269159763149 0 0.17834404907222901
0.071928332213168619 0 0.17893329937130009
0.030805190952078058 0 0.12421088625502601
0.027961574580494641 0 0.1221133836407364
0.071825853192559089 0 0.17276395225876851
0.071259232832361241 0 0.17422293290817781
0.071807403435367623 0 0.1755922328063706
0.031967432199204587 0 0.17861938472648839
0.031209704072133849 0 0.18005538377747921
0.0305458196125361 0 0.17865206174409709
0.001755353813965658 0 0.16629673813101839
0.0034643478700713999 0 0.16747403501802691
0.00153298894513751 0 0.1678747688473507
0.046211465208455503 0 0.1245947599403289
0.077685702881948634 0 0.17505683862165131
0.076944707590331493 0 0.17361490887006439
0.078470809737692937 0 0.17345880472238251
0.07273897347312093 0 0.071737257704709206
0.069077619957431891 0 0.06932819705528713
0.069583505447600891 0 0.1979377398080609
0.068815825945826817 0 0.19697882509447409
0.06994202816908629 0 0.19667354117325839
0.033761797552422972 0 0.1256664883609232
0.010136237135300661 0 0.1965649083421428
0.01135764990642694 0 0.19675069643681861
0.01040026836726936 0 0.19792505166970051
0.077687334784581188 0 0.16445150315285931
0.078287617347070945 0 0.16637386572275581
0.075906447478755537 0 0.16557856949652919
0.059674174594449222 0 0.19552902498724789
0.059928388455962017 0 0.19691985134017859
0.049133142749010199 0 0.12622190929167651
0.052375074860496383 0 0.1247543528440246
0.02032937377076862 0 0.19554263956124129
0.0055819414352605498 0 0.19122068301201761
0.020073230018606138 0 0.19693100429633981
0.03875047544876329 0 0.13211447456401901
0.036351832123440328 0 0.13060192999410619
0.074400848300507749 0 0.1912150721087548
0.060768278053190461 0 0.039254047112890357
0.058085715558964968 0 0.046740829033395208
0.062230157631592738 0 0.032609709166633118
0.04117822551510144 0 0.13363207717117151
0.043593455567474952 0 0.13221144752486749
0.050337891132756878 0 0.050047077037063299
0.044753064099837522 0 0.049465847263400822
0.076385003138413968 0 0.073919964103811381
0.030805371196528319 0 0.12735439912388929
0.027808633668161799 0 0.12532852063426789
0.046199120842010971 0 0.12770002884895831
0.071894093758385805 0 0.19010763272843589
0.072814440730388161 0 0.076251967709201465
0.069077620129727998 0 0.073899245432652569
0.0081141279821579145 0 0.1901262294147964
0.033752495407995423 0 0.12887524352803181
0.048990402744707069 0 0.12927647059357039
0.078497806015094526 0 0.19881903929411029
0.077606377034322577 0 0.1985341075930217
0.078237221315716976 0 0.19766335633183771
0.052316895942849828 0 0.1278524773521805
0.0087784439706856156 0 0.17746067302648821
0.008614835793395028 0 0.17888053044589691
0.0074977802068420902 0 0.17777759307174121
0.01012785881928782 0 0.17826099476106599
0.0017592447408290889 0 0.1975689337918225
0.001984158796185161 0 0.19871302360722379
0.0009639802996845205 0 0.1982337997387757
0.017750405423222392 0 0.17804205828555211
0.012476409457059219 0 0.038225105029061728
0.011193559079808761 0 0.033670787252716897
0.016040181903997249 0 0.034825558067987421
0.048673710755789572 0 0.1926201522255071
0.048479819605090027 0 0.1935714382442742
0.021151655640079359 0 0.032169732582818938
0.0035288471838440718 0 0.1981796279181462
0.0027180705558118019 0 0.1978842948419362
0.049587026695978392 0 0.19248558088024151
0.0094023692563013558 0 0.042757054171256907
0.038763272741034943 0 0.1350237231828964
0.036351888607629473 0 0.13353294152095549
0.074380391783137406 0 0.044530998312292222
0.071855724902846418 0 0.039755980882401842
0.005823579355415655 0 0.19238123078995881
0.0052044253636833902 0 0.1933367867543801
0.0046197530766314736 0 0.19204236874217409
0.0063158813636282323 0 0.1937390347397209
0.075356285435681361 0 0.19203791284483651
0.07471763426898903 0 0.19320737104033911
0.074042470888982068 0 0.19242637609042559
0.050012499285134702 0 0.1915127028385803
0.041174514881563602 0 0.13648360622692021
0.071891125878883841 0 0.19605132763678659
0.072906684363472432 0 0.1954511551844042
0.072741236871649143 0 0.1967540426765336
0.070199023823825007 0 0.020776240108716339
0.069900830800190758 0 0.015466210226685531
0.074264358762168414 0 0.017613604968135618
0.04359329431320505 0 0.13510005267712369
0.075213954133608832 0 0.022732312149633949
0.07641489648226428 0 0.078367284872317297
0.0049739768612683611 0 0.021724281894910949
0.039829440997605402 0 0.19894819005416989
0.038717171202950727 0 0.1989421988509209
0.03920876199539642 0 0.19794210746299479
0.037933061390153233 0 0.19786328103248729
0.030813496312835739 0 0.1304375617695972
0.072533145035247396 0 0.19807422847555281
0.071711024852061017 0 0.19711579213881111
0.0073935842597716789 0 0.19700055671512981
0.0072124527577878137 0 0.19570299487130199
0.0080129292455572085 0 0.1962064693807625
0.078952899690641495 0 0.19503511928575459
0.079292972559082797 0 0.1961096119500115
0.027789290657535701 0 0.12843290305452579
0.00069381677980080356 0 0.19611495467620779
0.001069890966936626 0 0.1950543277399453
0.0012442673851295659 0 0.1882639023074458
0.0013360390378879699 0 0.1895785505181366
0.077132312763087019 0 0.197812575617415
0.046138397001267151 0 0.13075156441113131
0.078664053454392965 0 0.18957901672563801
0.078757976502951965 0 0.18826386839748771
0.068409077331275686 0 0.17486396120610539
0.066961770171933471 0 0.1747962370459008
0.065952754334564462 0 0.1739949041709872
0.0026120218115265109 0 0.1885309982105734
0.069832670059332427 0 0.17319603157128949
0.072875859981509361 0 0.080637292277878858
0.068761807251694992 0 0.078045136094790926
0.064005786611119525 0 0.0092044544416365146
0.05907447203322147 0 0.01143701821391567
0.060192889069867563 0 0.0053301851818148326
0.065121171677300624 0 0.013693750636851579
0.020667747657728788 0 0.0063385010585801684
0.020006369269110671 0 0.012314971816871211
0.015791052797392451 0 0.0095828748256500569
0.01506642250719716 0 0.01403724979490897
0.079205883592574758 0 0.19802734115569831
0.07932155983934118 0 0.19914911818451231
0.077683960230961621 0 0.1969566096663424
0.07739263552306444 0 0.18854540924346819
0.037754498178465407 0 0.1741758521462905
0.039380940177578982 0 0.17355705581691569
0.038821250768023043 0 0.17528905032968159
0.023980796991301609 0 0.19564027244168361
0.02525799521809052 0 0.19547032353643259
0.024702052589319019 0 0.19676962854640431
0.040260689237402829 0 0.17510961605663661
0.040987422850773968 0 0.17672633592969711
0.039370007026599367 0 0.17676654568114231
0.030314006096189769 0 0.009687726072485402
0.033363549230521608 0 0.0049179844241117364
0.034989847448125083 0 0.0089881886704024274
0.0046661647925741786 0 0.19928991620593439
0.027580820325406971 0 0.0051279997012853721
0.039604313821273857 0 0.0057039921004972171
0.075291138416757081 0 0.19929353873069791
0.01203376953239405 0 0.18588540087182531
0.013297445847879671 0 0.18516618800152709
0.01316983399110754 0 0.18653043459072979
0.014508965643076041 0 0.18589012940296859
0.0034927449900226388 0 0.19161853472781551
0.0022343037570926819 0 0.1910100990989349
0.003500171719512848 0 0.1903767656750594
0.033733357043287011 0 0.13200065762605559
0.076578865480782327 0 0.1904467104510518
0.077795199391301639 0 0.19098278413802219
0.076535808173305533 0 0.19163074191658461
0.048971931543060732 0 0.13225887644339229
0.070785831865113669 0 0.19107831668619921
0.070799084116239627 0 0.18965337710500821
0.052497781320348332 0 0.1309829455896126
0.0092126951205274785 0 0.18967220309803159
0.0092730795114399495 0 0.1911306011985984
0.078367883764370747 0 0.19632101238750199
0.077409511309839141 0 0.1961329963208305
0.077832295431512863 0 0.1951765845521535
0.066562793202587539 0 0.18640519754700879
0.066641755190596494 0 0.18516271157294589
0.067801710390568024 0 0.18611601086681209
0.065512993460187505 0 0.1858505725145857
0.055290348966428662 0 0.19666033283329271
0.054959422812774127 0 0.19541452456621489
0.056041300473750909 0 0.19560148050205031
0.0021657221158104768 0 0.1954055119120944
0.002696698212567899 0 0.19659807993638001
0.0015357493040786239 0 0.1963191429615716
0.02526092221572716 0 0.15827426741752729
0.023883766144100441 0 0.16014633595841901
0.02261197700876335 0 0.15851840772783321
0.025725250688168229 0 0.160842516575052
0.0086519453979401143 0 0.1709915081443385
0.0064976231104241578 0 0.17147477938284819
0.0096436520284311419 0 0.17267011063125651
0.07864564811994261 0 0.18037623006882081
0.038756560091929577 0 0.13783813640408679
0.03635196696300938 0 0.13638724611931879
0.019895207725835189 0 0.1876871416483645
0.02088413390822097 0 0.1888286894345225
0.01950982384395724 0 0.18873182072495551
0.004291599718603282 0 0.027219092172783281
0.020512210787228199 0 0.19017882747736589
0.065686908184387063 0 0.023424600092003329
0.066114267880113514 0 0.018493524195575321
0.012110813254945641 0 0.1228888019473625
0.012848225133291881 0 0.12006584330364339
0.01462634207992944 0 0.12238437107007789
0.009653035847509343 0 0.020216311333377288
0.01267626359927968 0 0.024246118699557988
0.0085398206909589811 0 0.02457723497901438
0.01450357278683468 0 0.019025951292478731
0.003442907068712068 0 0.19724357797853101
0.0100476478450681 0 0.12045466345029281
0.00163561318187296 0 0.18031579128241401
0.011734439450342809 0 0.1259206441460895
0.014622759511258731 0 0.12517191904092689
0.0093727446696041938 0 0.1237816270777448
0.040928878562903941 0 0.1964707480431073
0.041830290197968599 0 0.19644386454708959
0.041166148354460308 0 0.19746450970663909
0.055360423012051442 0 0.0066640198968801329
0.050437244140093561 0 0.0055313775507253478
0.042298970315766807 0 0.19720588689034491
0.058860009580915709 0 0.17610893292865029
0.057515127078188052 0 0.1763178324882719
0.058242699677320688 0 0.17488216595117459
0.056479090523610817 0 0.17493339210018141
0.01876412448628359 0 0.19871476538195981
0.019688527859953491 0 0.19815682908819701
0.019424216319594251 0 0.19919980836818149
0.022664442126247721 0 0.153319865219741
0.023940136519159369 0 0.15145618934800339
0.02448484437261075 0 0.15347062151787669
0.025923710833665691 0 0.15211129493207751
0.018761538047872929 0 0.19727330179111
0.041159804742230043 0 0.13926003361868111
0.043592646822070362 0 0.1379142111457381
0.052145086522204558 0 0.011651649983649591
0.02524726059779827 0 0.01057903674818654
0.024604435653199822 0 0.016128822557128018
0.019595065209714518 0 0.018208619278180248
0.076412399873483527 0 0.082689895556535706
0.01088663038378257 0 0.015643390762057341
0.077251728710601347 0 0.19448333363226339
0.078320329998523591 0 0.1942319495545641
0.076812674350504026 0 0.19561350580032691
0.0131526362541955 0 0.18781955125209951
0.011844993531053069 0 0.18718422720023839
0.0018223348542728481 0 0.19442103537605951
0.0027491571977028731 0 0.1944825733274233
0.003086181539842072 0 0.19554730197829109
0.0057233975629427426 0 0.1901717792746481
0.0068731242809815058 0 0.18950100574255191
0.0057978873756304554 0 0.188975511213229
0.06057688560733112 0 0.19919652447264999
0.060313158740747559 0 0.19814935631659961
0.06123737996504474 0 0.19870783060253991
0.061242115865577637 0 0.197257836177688
0.0055242389829112141 0 0.19905967508571251
0.03077977202442678 0 0.13341150970590929
0.027800018432056921 0 0.13146038696213319
0.074432547100131807 0 0.1990456398764191
0.071875289688103985 0 0.187552702524031
0.072133168393425734 0 0.18902851554358349
0.070763946208972722 0 0.18853852492688161
0.046138892823812602 0 0.13369715260557499
0.0092441303489332622 0 0.18854554410110991
0.0078783305496341969 0 0.18896140860164601
0.0082908230523235718 0 0.1875317155287099
0.0070185365354972513 0 0.18806617599813899
0.075462457600384378 0 0.1973156711816067
0.07656957758368689 0 0.19684304191475829
0.076197566440692643 0 0.19787098115145579
0.078077281876812357 0 0.15335454482164679
0.075648518205086487 0 0.15342090925301741
0.076870480622975773 0 0.15105441775164161
0.061252785128094248 0 0.018102222839783671
0.072685593930975553 0 0.084847517914692902
0.068711660658677315 0 0.082370864387712073
0.033711667311820563 0 0.13491515037353971
0.0095884743526678546 0 0.028756276121055691
0.0051883764443201776 0 0.033486703787853768
0.051421392281204993 0 0.15461033087396431
0.051558925662389038 0 0.15687117027287029
0.049509614087066077 0 0.1558109425342587
0.0181314513216571 0 0.023563218632857989
0.048692968330182038 0 0.13514283455321829
0.051256576952900791 0 0.13369497005317729
0.0024314655291092229 0 0.16911626568652999
0.00148762387847944 0 0.17033653657481571
0.049790316088300861 0 0.157989694032863
0.072756299070755884 0 0.19921531704734871
0.07183562808464819 0 0.1990318332192772
0.07669146063333987 0 0.19373456503217781
0.077900334580855421 0 0.19348223943086351
0.076128400353984049 0 0.1949210125925932
0.078823241725266321 0 0.1922594131019088
0.078999467665881132 0 0.19368620497543701
0.0081279586872869559 0 0.19909316408264621
0.0071199785282388909 0 0.1994139065782449
0.0021206298511858412 0 0.19352020475104989
0.003301100563503561 0 0.19376192744042539
0.0037855201477889119 0 0.1949651262181801
0.001004008392460591 0 0.19369014318017469
0.001176114680224963 0 0.19225925812071271
0.038731697837696623 0 0.14057221727379479
0.070652595056066261 0 0.025789266152115839
0.066645067027945107 0 0.029188806439410159
0.0064589584547246892 0 0.1987625543899636
0.036351525195931128 0 0.13916978407901309
0.041100269293399383 0 0.14195926707060069
0.043589998049297737 0 0.1406604202607542
0.073532929154637924 0 0.19861061165079741
0.0073121489610397253 0 0.1982988558771413
0.0043585812098344808 0 0.19745621469408139
0.0052387199743351778 0 0.1967807487159661
0.0054366941518540846 0 0.19795395872312921
0.0039790082763223071 0 0.19630530975574331
0.074439024846782623 0 0.1979549921449614
0.074628593000899315 0 0.19675054942223449
0.075684532713399796 0 0.19612406578936251
0.063861600777926283 0 0.19196921515171819
0.068042420888781735 0 0.1523895277106064
0.066995350756982444 0 0.1501379462957711
0.069290016146958774 0 0.15099467831140331
0.066203902979190793 0 0.15284771651535689
0.0655505851035207 0 0.1899697381977011
0.066775689395557683 0 0.18930390501411071
0.069080906614042356 0 0.1838418774262163
0.070148804107115756 0 0.18463501651232281
0.069157529067220183 0 0.1852709579603527
0.076118655226818058 0 0.19289491398070521
0.077315778682339173 0 0.19249797028139859
0.075433866245441197 0 0.19412792027524309
0.016137354697730161 0 0.19200549575881501
0.00267106341895021 0 0.19250629106150341
0.0039357255496762309 0 0.19289542284678821
0.0045445072149299416 0 0.1942019464380669
0.070413925486302084 0 0.18353495274652251
0.01324496184753211 0 0.1893402646434624
0.01445920961685202 0 0.1900052660280957
0.0050418928920460864 0 0.047541551254799613
0.0100456132404096 0 0.048255049139078653
0.0064205138718324917 0 0.1975176689358322
0.01242167751286425 0 0.051801898957059903
0.076383690330310824 0 0.086894446686643409
0.073611901372491059 0 0.19737349230991361
0.03078147732998442 0 0.13627446144121849
0.0062388872014453346 0 0.19620306253910039
0.0050531660628755463 0 0.1954916983875353
0.073805787236907033 0 0.19605700076575139
0.074942384405960502 0 0.1954450745219346
0.056827424986721352 0 0.187954993977103
0.0579585836118768 0 0.18842723329455521
0.056994945242144622 0 0.18908046654582239
0.05818473886834697 0 0.18969359928716209
0.053949353348691942 0 0.15556275541811229
0.07059632188290392 0 0.18708918000762659
0.027815505171804769 0 0.13440563482746659
0.0090139203652163796 0 0.185845116680457
0.0094805589454383804 0 0.1872285629841362
0.074004662501490862 0 0.19456458447488911
0.0059871055931823612 0 0.19476071698622879
0.046137885476634943 0 0.13655069132440761
0.071029620151581929 0 0.17102177586256331
0.070098251857469041 0 0.168963308213295
0.067856081809485699 0 0.18448472631243629
0.06778796332887857 0 0.16900771682254059
0.073092256327925556 0 0.17115578937888121
0.072513130023557484 0 0.088951151518570207
0.06838789293041965 0 0.086630385071460328
0.033712871121070437 0 0.13773992065148499
0.048692050796523299 0 0.1379626312572263
0.01029618983207888 0 0.19914367173542691
0.051534487772321377 0 0.13662591065888971
0.069696616578194676 0 0.19914574710746011
0.038650369730169852 0 0.14318276651883841
0.036345539367025177 0 0.1418884223327028
0.01799111648999056 0 0.19930592783101109
0.018089211213935381 0 0.19835272521325889
0.040842996732513848 0 0.14458289387582501
0.069333775183010107 0 0.18804863775400071
0.043578373418022641 0 0.1433497406854401
0.010722801188704769 0 0.18808865939499711
0.061912743458822972 0 0.19834270109149441
0.062009513115938178 0 0.1993005655483466
0.077877042946175465 0 0.18699862658363431
0.07638389698764976 0 0.090994978716353758
0.062552150773925883 0 0.1953954748875206
0.0021278636088566789 0 0.18702597013009259
0.063566038995542834 0 0.19491088469982309
0.03045207172652448 0 0.13907090913399359
0.027671750699362931 0 0.1373505543479121
0.017449336309378762 0 0.1954242502164002
0.016444916631147579 0 0.19490876144209321
0.046134193022690978 0 0.13933831836614649
0.0725138263930621 0 0.092996480597141176
0.068388048763100145 0 0.090737990693158688
0.02079585240570048 0 0.1942040995859034
0.021381165198667441 0 0.1951176415729258
0.021028110634486289 0 0.19311661727101109
0.03371569583298107 0 0.14050251555125209
0.038488304060521207 0 0.1453845129837002
0.036293984409816397 0 0.14454476364012481
0.048694571888777967 0 0.14072647341523889
0.051540465504899928 0 0.13926535938933199
0.03907643503877984 0 0.1472324749525559
0.053500172303370633 0 0.1579547649716572
0.058613648795176228 0 0.19507874393097979
0.059194563249234271 0 0.19411749926577249
0.058917506379423903 0 0.1929658798150618
0.049247243131299627 0 0.15340923736925161
0.030241551233910771 0 0.1531066944580188
0.031528496996410291 0 0.15198870954153609
0.032296140831536493 0 0.15413234392499789
0.070648723493737367 0 0.18566282456495589
0.069307677165507259 0 0.18663138704573301
0.018426888477161129 0 0.19165694896967661
0.017965506092255609 0 0.1903784712065193
0.061569362475633223 0 0.19162909372074621
0.01066024108023529 0 0.18656231726504699
0.062034621096788582 0 0.19035326194342081
0.076384440491974542 0 0.094985625848827873
0.030794322989237059 0 0.14178486875470889
0.027331680428909069 0 0.14062789602909551
0.046114713251356583 0 0.14207819008993991
0.072516214365618739 0 0.096933101668739044
0.068389139750570399 0 0.09473532125790296
0.033727908283980423 0 0.14321323488806639
0.048740854883390687 0 0.14347614857538421
0.051162195497864063 0 0.14203414676892059
0.017171183401264532 0 0.18910059994595579
0.01626441202592557 0 0.18883167148883431
0.0425145935508685 0 0.044274309842734547
0.063745055757355146 0 0.18879740031695399
0.062833931222867082 0 0.18906851140842709
0.076385313668396057 0 0.09886938718046745
0.03076346556506912 0 0.14464922426642321
0.029454927734606909 0 0.1551345566448678
0.046047317079043658 0 0.14501932959801631
0.07252094099562055 0 0.10076421425711191
0.06839677694326915 0 0.098623756786722458
0.032306769147798793 0 0.19898665516889399
0.033819874010950421 0 0.14586264126683429
0.033758143680921171 0 0.15169866871876839
0.027833555282377739 0 0.1607664458396649
0.02939653065875553 0 0.1598428072704349
0.029177473158287129 0 0.16180338946238021
0.048926136061951203 0 0.14606023585848271
0.051782717356251097 0 0.14479904957559631
0.0096038763489179196 0 0.18407056543669351
0.01071398816110522 0 0.18513328544497509
0.061818761891773003 0 0.19269622850988241
0.062799892010995326 0 0.19274450189533071
0.061038543377837887 0 0.19374052729286589
0.017200331351336199 0 0.1927716811949596
0.018177280804236969 0 0.19272451385082229
0.018963074155051211 0 0.19376655832785661
0.021396572727295868 0 0.1965298136321415
0.061804205682962493 0 0.18876089255745759
0.060907768917156817 0 0.1898497797780902
0.060539043402352499 0 0.18855523540944191
0.059676020174533863 0 0.19004158448990349
0.019087322651364279 0 0.18986598206768529
0.018187413610358388 0 0.18878937544404301
0.076385826144107286 0 0.10264917313268609
0.058588653153599422 0 0.19649270921076301
0.031207477196783889 0 0.14747239240348789
0.030954932752517369 0 0.1611186625300183
0.0725239929269198 0 0.10449292915327089
0.068413935042444127 0 0.10240918227942671
0.060123332864738123 0 0.19430153590666571
0.027574059844315012 0 0.159041508228074
0.03781376281977588 0 0.1638902985941961
0.039778854592383672 0 0.16442700481714709
0.038159782907431217 0 0.16543504968493319
0.01987196004434693 0 0.19431949621906769
0.039669410355916257 0 0.16650487896712809
0.057537103523018128 0 0.1735551281593084
0.058870297495839753 0 0.1737023226863752
0.059823201890207553 0 0.17482758144885449
0.045146252359054249 0 0.14772785411945721
0.043356656824424557 0 0.1459752621959326
0.034058611275709839 0 0.14854111458149299
0.036427765884993378 0 0.14702040173317371
0.02461636956594096 0 0.18648949672228241
0.024085187259600391 0 0.1880035561598955
0.023238848021169881 0 0.18718660991105429
0.043113093070886357 0 0.19623964090211421
0.042134545252489421 0 0.19558417990759089
0.076385849068055969 0 0.1063277688352752
0.015527672878301349 0 0.1199479657768282
0.014013717772146141 0 0.1177081320660887
0.060268795307592167 0 0.17681575889383719
0.061471717819107319 0 0.1783314964788506
0.062992641127090493 0 0.178314142029873
0.017083244494793669 0 0.1172904055797251
0.012126379577516871 0 0.18451198545711289
0.01811953913520906 0 0.1202389331053757
0.037233255412233567 0 0.14953382881327859
0.040195012525742188 0 0.1496710743611738
0.0073404191879262726 0 0.19464949517349581
0.0076033148345872794 0 0.1935333109270172
0.0085014893508282407 0 0.194281425033411
0.0086635883562206709 0 0.19313853372236611
0.0093948104394955198 0 0.1938380164964974
0.025260650596774192 0 0.19082836861221009
0.024237573117683531 0 0.19055906108110379
0.025095286900340599 0 0.18936683884540301
0.023450635345077998 0 0.1890488564609738
0.012300885015009481 0 0.19489011265391709
0.01321371101483225 0 0.19396904879736071
0.02030032794296309 0 0.19900828485759439
0.07252414664816334 0 0.1081219908534273
0.06841491203109519 0 0.1060930951435691
0.054278380930125061 0 0.13310840686510081
0.05601076688085057 0 0.13138810414204449
0.056796103196417397 0 0.1337394771490156
0.059519824805218113 0 0.13169428100385899
0.054299440579573727 0 0.13532053561581939
0.01197547830880503 0 0.19375399309896779
0.0058162817040850788 0 0.15156769762707301
0.0072606460811196691 0 0.15382459807636531
0.0047353026381848099 0 0.15411685319360149
0.059700295663459281 0 0.19900487312963849
0.022360448894932189 0 0.1988483016425269
0.021337663956992339 0 0.19889347881661029
0.021857721671939979 0 0.1977056435393075
0.026485023009218522 0 0.19052214145225979
0.02600121818162833 0 0.19167013654442239
0.058138598381094843 0 0.19769226603743309
0.058661902099913697 0 0.19888896458852701
0.057638509135276773 0 0.19884229305937531
0.0097050122000913799 0 0.19513152545088139
0.031441188868708343 0 0.1499298013353223
0.028570752129443881 0 0.1487638171301644
0.070187881224550247 0 0.19533949264138789
0.070291984911683342 0 0.19386152724855851
0.071214651521393751 0 0.19436551014973749
0.076385833171387793 0 0.1099078851863577
0.050888537539843959 0 0.16292044611001211
0.051449258649513788 0 0.16113631507515841
0.063211423269946318 0 0.171976339378062
0.064380404533137522 0 0.1738710343180932
0.051846831668017367 0 0.16392294666176949
0.050522784840553892 0 0.1643643707541482
0.051509720832523739 0 0.16580403510929759
0.064563460895822669 0 0.1944118300452565
0.064787004902291986 0 0.1932265213847863
0.072411009668477924 0 0.1114867948618284
0.068378711936724082 0 0.109537056264342
0.065673324739676839 0 0.19408516661829539
0.037659193690498138 0 0.1991513584514199
0.036584938877988062 0 0.199336626736168
0.037001462686740767 0 0.1984667334041964
0.057261547804016349 0 0.13635745835340091
0.054669546821661412 0 0.13839699061533239
0.02661120525121936 0 0.19602462828195841
0.026566898519437901 0 0.19453514572326039
0.01523607642597934 0 0.1932414823458343
0.015445193532007909 0 0.1944209079022885
0.01444371726898527 0 0.19404149421797881
0.032679382595417493 0 0.17988151743099071
0.076385774394419029 0 0.1133921600287742
0.022872320935480459 0 0.17190150746872859
0.022911611497432569 0 0.16965121919045059
0.024690481172049542 0 0.1709452751098646
0.021205835275280589 0 0.17050961200086129
0.072411527211192969 0 0.11492943356680391
0.068676425699933999 0 0.11328538697974121
0.057905651100015602 0 0.13916076351556469
0.060402608936661648 0 0.13710346101757601
0.072692216789937439 0 0.15025485995552329
0.074762750698964417 0 0.15093126012544561
0.072762769263460203 0 0.153443467112264
0.053492961162245847 0 0.14079763813928481
0.014314572618388499 0 0.19893784271056031
0.02250531909048226 0 0.1966114272464021
0.023506111843652699 0 0.1966339920639939
0.065731198375840919 0 0.19899891458011851
0.057491184614310173 0 0.1965885406142458
0.057112944977338258 0 0.19765724352164549
0.048236037819172857 0 0.19449888472804319
0.04911665334011657 0 0.1942046107624798
0.01266453959768341 0 0.17240548883198009
0.01092336971084823 0 0.17150505537517899
0.012776435365490999 0 0.1704728947834841
0.01056331429589373 0 0.1696314561635863
0.040284952905734701 0 0.052522852573986069
0.040537368395363933 0 0.047517680741982191
0.020803614315652079 0 0.19779959287257781
0.037123926373751052 0 0.04988401595431579
0.043958387417774171 0 0.055329190825224098
0.059197772738154353 0 0.19779439340005461
0.079166325805895874 0 0.19717280861937331
0.056495779511613782 0 0.19659724681794541
0.067488101442434695 0 0.13196074389487891
0.068576213402993941 0 0.13501602789755479
0.066083672837120425 0 0.13406316453648651
0.049629977295046028 0 0.1932856394549371
0.04791045359846885 0 0.15903003872758359
0.0077719994458317456 0 0.16713922012661761
0.0056337555092470706 0 0.16727204713162949
0.0064696537420291288 0 0.16495739537527249
0.003876393678708043 0 0.1652353625773258
0.01037058298445665 0 0.16719254650402141
0.0085955282033924659 0 0.16892366857314861
0.076385564527924263 0 0.11678327479057481
0.058620780899212202 0 0.19089809725004001
0.022885466498100349 0 0.19766834953039689
0.054861499673459657 0 0.19228991320259561
0.053355532362938107 0 0.18823170091051611
0.054412021766137818 0 0.18703200825646349
0.054675197066870032 0 0.18796685313936701
0.046284435722420143 0 0.15880538913124659
0.047814627325401732 0 0.15714619586731521
0.054480219382402592 0 0.18902572941896251
0.053395765715441482 0 0.18999613099274029
0.055661421386574372 0 0.18741803819779451
0.055529954992053217 0 0.18596368118965631
0.045676090014857403 0 0.15668738755560549
0.050585029912535447 0 0.18137974416682881
0.051633866668136137 0 0.1810099271556056
0.051189879355714431 0 0.1824959183012686
0.052284571879864843 0 0.18216176845350329
0.072281228325041788 0 0.1182977762746808
0.06862034954489063 0 0.1172108054286654
0.049082495900496882 0 0.1846235720904926
0.04925454944249693 0 0.18575366066410109
0.048325593601482607 0 0.18547644327222271
0.050434534786968313 0 0.18515491630056299
0.022932151051096639 0 0.19038109212357021
0.023658454567602669 0 0.19171641025873939
0.025028260294769709 0 0.1920128001413258
0.021401462436697528 0 0.19128519618971421
0.022446404418573689 0 0.1913702006957782
0.02172935731608517 0 0.1923786641634882
0.02292779464591355 0 0.19267643437901569
0.042331592821928277 0 0.15441757088402219
0.040360932215357977 0 0.15527317727586709
0.040604799873144318 0 0.15258727858691329
0.031941979262202547 0 0.19298104316939849
0.03301562427446407 0 0.19323475438885221
0.032292688603155817 0 0.19398327430387899
0.033041557887214829 0 0.19227455163186261
0.023143872458698291 0 0.18170328081739809
0.02267141592092712 0 0.18007974274093949
0.024014307687443281 0 0.18046586898680819
0.010921104442590861 0 0.19346240731944289
0.011492599086855029 0 0.19244430290081829
0.075077484048252166 0 0.1206851263218528
0.03965608802312609 0 0.1911747487043895
0.039011177815529173 0 0.19215490966026649
0.03800040608727491 0 0.1910985242884557
0.021830219461027409 0 0.18133118559407541
0.044434543272940753 0 0.15863929020592041
0.045055961892891717 0 0.16043147360146981
0.049657305757271113 0 0.15070875630502509
0.047672597187015629 0 0.1521073837836929
0.046814938229960378 0 0.160897948829585
0.027410662754107119 0 0.15687824892315341
0.029817437450831361 0 0.15764476338078959
0.023838087703940719 0 0.15590604384016121
0.042400579418877232 0 0.15827880119300181
0.043714774341940238 0 0.15655241225705011
0.041865059332649307 0 0.1565024743305852
0.077989943756671912 0 0.1486137477603045
0.078587541251292012 0 0.15096188918769271
0.076156847855800791 0 0.14904415540500809
0.054874291420818351 0 0.1459744031306551
0.054018401227954038 0 0.14316160662822719
0.072228220938522478 0 0.12196243668726189
0.069418922395218685 0 0.1204796990946805
0.067528365254834841 0 0.19910401578735309
0.06655045633918695 0 0.1992778354937341
0.066901368251416488 0 0.19827940062096541
0.051818418859423281 0 0.1852691585211213
0.05268467128336414 0 0.18431232469850981
0.052933515958527112 0 0.18549040597433969
0.051629727381377263 0 0.18375108323080891
0.03067936766071409 0 0.1887751993123537
0.029740658241371211 0 0.18994901516607191
0.02906703477909613 0 0.18825177337032389
0.050097527751179892 0 0.18366053104122959
0.047617124640690282 0 0.1842616843290002
0.04866353263701742 0 0.18337877707493369
0.052050038498824933 0 0.17803115800453931
0.051792503069746802 0 0.17964239925484271
0.050632044475095457 0 0.1787313796027985
0.050556183451464287 0 0.18018856133385899
0.055596333103635952 0 0.1535657484347831
0.053363033437708533 0 0.15290613813303841
0.054775564696089643 0 0.15105480256367981
0.019843479943974181 0 0.1712515719716409
0.021213322316521999 0 0.17211478212803119
0.020043192069966499 0 0.1728100047523155
0.038203371127571897 0 0.17243265782536091
0.037939229452116599 0 0.1925149659598035
0.077671335757688822 0 0.19939341732643251
0.066074750935001411 0 0.1678200992089697
0.066081277881164635 0 0.1695446328414896
0.064496245520614962 0 0.1688449078993664
0.037999737716666357 0 0.17671058802943829
0.072096068483129577 0 0.12546606673448421
0.069253584506599977 0 0.1235793422604799
0.064830391891943173 0 0.17057865414936221
0.046344417803186523 0 0.1695643018852219
0.046415776303524517 0 0.1676731712029276
0.048002535339272262 0 0.1687183369340953
0.024712109620443231 0 0.19799869646718121
0.023863530963073341 0 0.19738183882996771
0.025523175955744191 0 0.19888337876647361
0.02450720885387728 0 0.1990795421808256
0.044802563683992408 0 0.16901091866286139
0.05289848776021866 0 0.18320296529582289
0.053544564447935587 0 0.1818232616148189
0.05421545605892486 0 0.1828980018350424
0.056290245493534938 0 0.1554049128433049
0.052810905665806943 0 0.1806874551226946
0.026104330306644542 0 0.14649358083718511
0.025519949377199119 0 0.14947228793532899
0.02366089748975269 0 0.14746361735166991
0.053964685743585483 0 0.18034247781423121
0.056137916926152179 0 0.19736535116583101
0.055263185883470171 0 0.19794558720395031
0.055494130981435567 0 0.19906481272609211
0.054474414377661047 0 0.19886415185642381
0.037166260546349597 0 0.17575100248618419
0.03804499798922107 0 0.18296475125400061
0.03658664016937279 0 0.18230374740187039
0.037781270939557243 0 0.18170783461848439
0.021068420794427788 0 0.15529305718112621
0.054903784789583528 0 0.18141884274983419
0.036570497706090291 0 0.1835872907734836
0.071268197374738093 0 0.12861283071058391
0.068939106335704284 0 0.1264496309286548
0.02722136256458195 0 0.1504357035987188
0.02937202199506601 0 0.18587390174368101
0.02961403564696596 0 0.18701797002057521
0.02854214423467057 0 0.18670029824334489
0.030812186804935571 0 0.18660698273006479
0.03806667992250555 0 0.18064063289649571
0.038854904547289598 0 0.18175995050133439
0.055775964493901403 0 0.17079332763041741
0.057939727559456339 0 0.17088742349477351
0.056776374606402932 0 0.17218372395789511
0.057113904336695318 0 0.16905357518176151
0.056126481447286269 0 0.17345348106087369
0.032596382302622323 0 0.1953701064728833
0.033332081003167001 0 0.19659390260596901
0.031950321726021337 0 0.1966733035858135
0.039269173594468271 0 0.18077588912127349
0.00314690819804825 0 0.14917941004349561
0.00170065997702371 0 0.1505950014922845
0.0017055708904000729 0 0.1482446847353896
0.026009338300911022 0 0.18192360376541949
0.02677339158903919 0 0.18299006640697449
0.025265343757168331 0 0.18332145238475561
0.026201724295686919 0 0.18444102435986739
0.054631958379109627 0 0.17705449157796641
0.054297287590037067 0 0.17872105531374771
0.053312826586695547 0 0.17754226875440729
0.051230802513992167 0 0.1915120314944746
0.051714432254967441 0 0.19034519936140509
0.052643964531666781 0 0.19139843111486871
0.055708783421132002 0 0.17824469055417089
0.052258604354839262 0 0.1763716108128279
0.050730220635926387 0 0.1770739470413755
0.017766582462379259 0 0.1664636018532086
0.01686031083149795 0 0.16509563572384919
0.018559436691267469 0 0.16524892724810239
0.016035438239768579 0 0.16674591971839919
0.026197034588683811 0 0.17181348955165221
0.026132665788983749 0 0.17049156850648539
0.027711332763142499 0 0.17124595689238481
0.02722150647439148 0 0.1690803208003038
0.0065896308763932349 0 0.15580137476918221
0.0092213540399749046 0 0.15549947338288761
0.028047185808074439 0 0.15287921171239399
0.029523651959509359 0 0.15111410550934459
0.026858197085252951 0 0.1728737561730401
0.024871042185985969 0 0.17265454183907469
0.025740788730205751 0 0.174047481075708
0.028785582770954721 0 0.17302222226393521
0.056053219637081868 0 0.17669647653432799
0.056968612830182883 0 0.1776425327754439
0.058450223951270038 0 0.17770132586111331
0.055339377303170817 0 0.17549942846865901
0.053825350821990803 0 0.1757839195355777
0.032628815721795233 0 0.16233185604301639
0.033081631265956903 0 0.1602813271484867
0.077129766860129817 0 0.12942984002533381
0.077527327856008119 0 0.13283162589718461
0.02345002366399843 0 0.1989643910581988
0.065317811747827303 0 0.1116041330749909
0.06588734473721132 0 0.1149496460685748
0.062564232985488341 0 0.11431376921712259
0.056550135028869408 0 0.1989557385122567
0.033640334555659492 0 0.18234687456990639
0.034189979455236157 0 0.18360763503148131
0.032631979220013332 0 0.1836050363696603
0.031485989460668433 0 0.1588552396167735
0.031507184828341812 0 0.16415132939479321
0.032797154050216118 0 0.16570901618955719
0.0045288219777183834 0 0.1983516211952476
0.02366491456155137 0 0.17378689319502141
0.029739293077660479 0 0.18473323574388431
0.030652669021527579 0 0.1853857681236866
0.064116687461167318 0 0.15338031152422049
0.065496291019030553 0 0.15536731001518361
0.062809880070128887 0 0.1556824814794488
0.028785907105651189 0 0.18411620725253189
0.02997951968829924 0 0.18368765101990039
0.061490530243563317 0 0.15348772061919361
0.062842721806304042 0 0.15181743612695281
0.060862578667910942 0 0.15082593684249479
0.029165908963820431 0 0.1826437846517002
0.035174606097889888 0 0.19858965686866931
0.034144508825625967 0 0.19883029604053301
0.034356603326628841 0 0.19751290252313899
0.033028857508476173 0 0.1977631887891062
0.02474974469588824 0 0.17534656842677979
0.02284950716566108 0 0.17514718448863001
0.022368326976505572 0 0.17666598194904071
0.021019120274882709 0 0.1754326733155904
0.02082540873440936 0 0.17698095997939151
0.05543663148609692 0 0.179875340069927
0.053071979659153078 0 0.17920591430955901
0.01976440508398861 0 0.1742147849483125
0.037385316839283221 0 0.16214350564748409
0.038079298110141907 0 0.1938010323499233
0.039102676544626999 0 0.1933217761854378
0.039001163231977123 0 0.19442933669876819
0.040093203873950441 0 0.19424226322913321
0.044371846210671043 0 0.19802808861948831
0.043214243209786042 0 0.19752040439184451
0.044059734480055297 0 0.19699850578260719
0.040969709948656431 0 0.1614000994362999
0.039135081484053758 0 0.1608071242788332
0.040873472077405798 0 0.1596544490243097
0.03965424907728881 0 0.16269213934875609
0.040408451326410577 0 0.15747701662047189
0.02992360045372908 0 0.17136674470249039
0.02928435452879705 0 0.16968400456464111
0.037002816112700267 0 0.16022647295791709
0.035118478889472962 0 0.1597651567021468
0.036680521420507498 0 0.15824442980949571
0.034988688338084842 0 0.15773873399167301
0.047344366913260327 0 0.190655619559182
0.046010314515964088 0 0.1912114908866164
0.045017532119884768 0 0.19170277924336979
0.04487898262536124 0 0.19042207099044109
0.043926085740675767 0 0.19115632120415679
0.0057146366924138766 0 0.1579912772792964
0.008062330294195709 0 0.15766520305599349
0.0096629080892188246 0 0.15973657207227651
0.0081670035516278883 0 0.1617375764292322
0.0070757064870814379 0 0.15961829393341709
0.046052640465404408 0 0.16550189960984171
0.044341584192196352 0 0.16698631581339921
0.058524530963266902 0 0.16828248564555609
0.060598548671114062 0 0.16837775055584861
0.059232939097306661 0 0.16971179266062131
0.059847043404110407 0 0.16718782875851579
0.060036549903375168 0 0.17141116829744349
0.021165653776005069 0 0.18589402791841611
0.02244777176799459 0 0.18574374379449721
0.021946285988947649 0 0.18694601691038251
0.058702632917203248 0 0.1721709532367631
0.062061308458920397 0 0.1205881149636553
0.061758162807038532 0 0.11762196959806751
0.064689188158190428 0 0.1179984453865783
0.049591920082029541 0 0.17167060044251689
0.051028276836632552 0 0.1728838639997945
0.049305732458777611 0 0.17375895209748299
0.0058648000831794467 0 0.1614269458577734
0.0050408850046213026 0 0.15991031048815879
0.049216255806868468 0 0.1779076878980933
0.049185580493702641 0 0.17965777998390581
0.025621011401866359 0 0.17683909002946629
0.026707553468393441 0 0.1757615257054943
0.02744325952905681 0 0.177599975406352
0.028817470203624469 0 0.1762422774455692
0.041696079262556848 0 0.1781486978067002
0.042989630397237279 0 0.17672685723402171
0.043140011788597749 0 0.17861232996917159
0.049396665678781281 0 0.18112001191748611
0.04858040289851806 0 0.1820689621815495
0.02643166154778703 0 0.15469939106905689
0.036521208013466297 0 0.15234587621122361
0.034900833991676809 0 0.1542499017912233
0.047703035560935227 0 0.17898997531099611
0.046886295917214008 0 0.16329969248596479
0.047908384213891063 0 0.16501215757839829
0.048041179904289993 0 0.16682325905945569
0.041942078306969353 0 0.171029954243334
0.042536415170556209 0 0.16874375069798631
0.043735518580273879 0 0.1705211273922273
0.062074995959536423 0 0.16678023136159029
0.06013473477799703 0 0.16564638875021431
0.062230740869256777 0 0.16501413877954541
0.062584728401647 0 0.1630817778283018
0.063926823338072897 0 0.16453470196373901
0.064437490083339335 0 0.16288870411141521
0.041440230842204558 0 0.1649964935859162
0.041687719564923127 0 0.16309666792800251
0.029076298989811299 0 0.16398353898910559
0.030306339574625831 0 0.16620447548702799
0.03050783349085184 0 0.16292441489015241
0.035567138759749768 0 0.18169585260403151
0.034489208125740772 0 0.18127204511015449
0.035727514043138717 0 0.1804050305767349
0.034223495577006248 0 0.17969265414292701
0.06319879325869758 0 0.17014102152353869
0.062653268981515561 0 0.16842376429854061
0.0045037527713933179 0 0.16905828701166689
0.0036000797095736689 0 0.1706920960957945
0.0052514514613833966 0 0.1704715307281198
0.025358080352163109 0 0.16314426506125981
0.027067065642905251 0 0.16425055671614111
0.02558656842952026 0 0.1651668303555881
0.027236594589865899 0 0.16249699598996331
0.025825652410595701 0 0.16725701371681109
0.024106322670362858 0 0.16607733275114631
0.02358883883880554 0 0.16777431768258949
0.003715601964357032 0 0.15093227886460281
0.069953856978585388 0 0.16346107688841091
0.069422641678486663 0 0.16198277839786679
0.071332293999393892 0 0.16400299952404179
0.067819644157409903 0 0.1619390553128752
0.068784756608835679 0 0.16036794876548419
0.066684459773241292 0 0.16032795209695239
0.001897302438060137 0 0.15794039897626169
0.003636063827374711 0 0.15737135241991931
0.0035613216926820828 0 0.15908099699025549
0.002400782136874815 0 0.15565335182577969
0.001682781641460298 0 0.16015368045262771
0.053366285478517073 0 0.19261759726466449
0.053473162472324233 0 0.19392523121069971
0.052971584990063353 0 0.17252582524607829
0.05150566958085695 0 0.17074848579374069
0.053614895410078849 0 0.17070049625368289
0.026324944108745842 0 0.1928050427264883
0.054539624999209883 0 0.1741292320386538
0.052564705438255498 0 0.17445084327016511
0.016566612106836399 0 0.05159671229075271
0.015372518771118299 0 0.057222226944285789
0.054576337675346392 0 0.17224203012043271
0.020002699745164599 0 0.053935378601073759
0.02479882464107102 0 0.1793426717433092
0.02544331898047952 0 0.18047095811287511
0.023620697663599949 0 0.1789837619882251
0.02685825449007458 0 0.18049791438838611
0.027657390135023149 0 0.18180417794064199
0.050689207790631477 0 0.17497987365444129
0.049261429728921287 0 0.17582485064222009
0.047658916258732149 0 0.17507223986650289
0.047713401498502429 0 0.19563991552269289
0.047464313749193868 0 0.19708754657834809
0.046424752449044662 0 0.19620024351596449
0.074327462758298254 0 0.1591207668780911
0.072680530863100029 0 0.1584064302089139
0.074641964670951147 0 0.1574059381602991
0.07266796124735013 0 0.15606659740753859
0.07498997142354874 0 0.16043615896712729
0.0048715834646004029 0 0.16317965572415641
0.0029850312857041799 0 0.16334239196420761
0.0033962605521621718 0 0.16111896232526901
0.070653356055599234 0 0.1599182246554092
0.049724986147179399 0 0.16973703119270811
0.050020864349678881 0 0.16749979615357799
0.046928436781779853 0 0.187273278997064
0.046787565062378973 0 0.18854326389720941
0.045748987138018581 0 0.18796833606083141
0.047656428227629458 0 0.18809684388036091
0.044504688927505191 0 0.18883291777527661
0.044469202766389077 0 0.1871892781238714
0.043177955463528067 0 0.18773023483209539
0.058259286317212763 0 0.16459083087365281
0.057902406639341417 0 0.16685228743649741
0.056730011223610877 0 0.16363715772166121
0.058654758260336462 0 0.16236459690221741
0.056304568526137522 0 0.16210204317880819
0.053603253740542707 0 0.16702920178000319
0.05579747515789605 0 0.167613363734815
0.054660669665546703 0 0.16913277344124089
0.045269531563061897 0 0.1958232711180049
0.045233112554723579 0 0.19694037597827449
0.055639871512609608 0 0.1655915390894418
0.01994212404610244 0 0.1619213772216071
0.02189784519570041 0 0.1627381035599976
0.020466912678508739 0 0.16439992633717371
0.022088946983610309 0 0.16089133441846951
0.043715087391007698 0 0.189945570136727
0.046100187057129878 0 0.18968334669650039
0.059044711293803231 0 0.1193293023190312
0.03520315803994712 0 0.18272045920048791
0.039905323262215249 0 0.17138131953161981
0.041292561532573789 0 0.17308651578071041
0.040266690319875523 0 0.16970803660052261
0.068031828680803194 0 0.19606784930057991
0.069173097089942348 0 0.1960504108307351
0.075349896160638904 0 0.17090527037240669
0.077721971730827413 0 0.1701537547572137
0.077379216277383159 0 0.1720344337898442
0.042051664165188768 0 0.16663678678173191
0.040642134849741829 0 0.1680154154618618
0.044160091150796769 0 0.19912143396989271
0.043405178336567291 0 0.19845122604457591
0.043099235559785787 0 0.19922014305223859
0.036927548528559367 0 0.19438867006710869
0.036938694128497998 0 0.19538093795925399
0.035694533578557203 0 0.19498961959960459
0.036075421488411627 0 0.1963154332695112
0.036747316186946377 0 0.19296707467802679
0.039909531274200827 0 0.1961963951970129
0.040423259480465823 0 0.19544074219106641
0.041741538680803963 0 0.19245184793297981
0.041124847915754818 0 0.1936142364710961
0.040220182900715482 0 0.19270418591411109
0.033644372489576198 0 0.1689817683839458
0.032125510469901843 0 0.1676577118214336
0.041082529543991581 0 0.18576537885053021
0.042632341944655892 0 0.18633527694252289
0.041406559981585059 0 0.18760086273872659
0.042487785850927662 0 0.18470253774657541
0.039395660272565372 0 0.1953716620373116
0.032308835797678792 0 0.18542522993871891
0.034122817553895721 0 0.18505418355066869
0.03103100739104012 0 0.1842894904769572
0.068815578391350662 0 0.195217468595314
0.041961883609135962 0 0.19124830055687811
0.042693017650781803 0 0.1903669915600224
0.042947978592100318 0 0.1917926765364581
0.033185198228561273 0 0.1809102806977016
0.037246784720042003 0 0.17981649517183881
0.038806797191808899 0 0.17961562322256619
0.039266848093041942 0 0.1853468157015892
0.040631873694680687 0 0.18414714050337411
0.0125850315340695 0 0.15898725536779801
0.0117774972956909 0 0.16156729383010501
0.010532535393780171 0 0.15753691106970519
0.043223397988572422 0 0.1803025827644372
0.044649392520801738 0 0.17941826675624051
0.041688759037089802 0 0.1796006610404921
0.046129942292574687 0 0.17833369802464871
0.033242997324931113 0 0.17605062334224411
0.03263845955621212 0 0.17727502426656519
0.032059946692681821 0 0.1759738049287774
0.044327352251829162 0 0.17557947375783739
0.043029461325228363 0 0.17451163902371791
0.034075050483732022 0 0.1769123663307528
0.03056694045211894 0 0.1760216239542671
0.031337958736422068 0 0.17473332244634021
0.029735649306034291 0 0.1746382777605705
0.028031145804428639 0 0.17969753825197551
0.029119981689309231 0 0.17824747406576841
0.0083017910546985176 0 0.1953976684354749
0.026334473394791259 0 0.1786801487579423
0.047723708783531327 0 0.17714920385989039
0.046056162097534568 0 0.17627532426884349
0.0045368852422999822 0 0.19085409619238489
0.075513080259343557 0 0.19087504416722759
0.072540604736799019 0 0.034386981639353373
0.077028997420670292 0 0.033323146835738122
0.075967619809027845 0 0.038268166151339683
0.0082742776086763663 0 0.19711873691795739
0.0090384435692263815 0 0.1964141007125168
0.070958467769314401 0 0.19639004088170661
0.055724585324578982 0 0.01529130853592049
0.056517892330412801 0 0.021021862258167202
0.0010189828886471141 0 0.18482807856269881
0.0015296986573784829 0 0.1857530692052855
0.078479389467099994 0 0.18574538091338591
0.078984940136441972 0 0.18485459430351231
0.071253196426332238 0 0.19541863899149739
0.048035711111647887 0 0.058989331136861937
0.046834713134650083 0 0.06392692439839931
0.043557982650420962 0 0.060051730911189503
0.051564265393459763 0 0.061549741933988947
0.042955169143325297 0 0.0636913242700968
0.01205496734324806 0 0.1886527111621395
0.067959183982048199 0 0.18862999382286921
0.068156429168088201 0 0.18717457468372339
0.066929707130490831 0 0.1876825209454846
0.01030697329333425 0 0.18897744973377739
0.01040869473915961 0 0.1902952693878627
0.01122573951460123 0 0.18954457861273641
0.069597662468582747 0 0.19026830271887349
0.069693897811529598 0 0.18897004902320139
0.068783173056168781 0 0.18952195556127319
0.073032642180285781 0 0.18660723849022429
0.074296465653167429 0 0.1863220802142268
0.074283881733086185 0 0.18769363623779381
0.073735629290019852 0 0.18533018984038449
0.0056927300167410894 0 0.187648841613374
0.0057170841934300774 0 0.18631788336415281
0.0071094615575979002 0 0.1865434848333124
0.0063608792688495631 0 0.18531539272828909
0.021028144589770158 0 0.18732061348208551
0.01606211069030852 0 0.181732433158142
0.01561720585104655 0 0.1799317235395709
0.017415246511615849 0 0.18238359517421171
0.01453496469764755 0 0.18439571925465481
0.01341076164553596 0 0.18378345843187119
0.06548919437519217 0 0.1843413798648397
0.066612856391671499 0 0.18374358281752301
0.078783283941165058 0 0.17097164306794871
0.0070811049065921021 0 0.18165771975516171
0.0079402819463858295 0 0.18254289919535349
0.0065919624172199346 0 0.18316478656414509
0.0080687073642522981 0 0.1837793133912301
0.0022848524944924248 0 0.17694354710632701
0.00094167965280279756 0 0.17721054325110769
0.0010330769980576519 0 0.17588497332231279
0.0605301987554413 0 0.023353495621443159
0.056912078557684452 0 0.025820489526956751
0.0069045131415320562 0 0.18438267212632109
0.005862844732990936 0 0.18440547578275851
0.074480409574268852 0 0.18448243726678651
0.073252444875123029 0 0.18437356321150861
0.073690145609163149 0 0.183387884449947
0.067860919928422594 0 0.1932712175114307
0.069030067339350576 0 0.19325068405591281
0.068379727246968183 0 0.1923536945241173
0.0068549187649908101 0 0.19275112510872741
0.0026496566323168402 0 0.18560866567418111
0.003530976210574088 0 0.18618246350583489
0.0055106434558155554 0 0.1818477155793688
0.076501110629321328 0 0.18614471787567741
0.07737620950079141 0 0.18557009846853539
0.074355799748713161 0 0.18210431887783621
0.07277196149323821 0 0.18226614010158529
0.072014226432723885 0 0.1835101343292668
0.0041148148073510441 0 0.18807063010571659
0.0033682548006964169 0 0.18736111717006421
0.0044948091743321544 0 0.1868875391379303
0.075510291828296508 0 0.18685770511322389
0.076634845248983272 0 0.18735494620735421
0.075854769271073666 0 0.18813310946427189
0.0048008630143418001 0 0.18873650458379809
0.00372021002593074 0 0.18925877991825971
0.0046786728432783404 0 0.18972876006686301
0.076317616204673588 0 0.1893167689517766
0.074989345088337975 0 0.1890301910320146
0.075588303727740877 0 0.1899489785889569
0.068756925589171958 0 0.19898314099342351
0.06823302810874636 0 0.19804389078765719
0.01179576954882639 0 0.1981086843022668
0.011333384130202901 0 0.1990392898559096
0.074444408071444229 0 0.19012255364147421
0.0047756413622262947 0 0.1835377101434881
0.0038681950088139271 0 0.18192959519554069
0.076121378384157445 0 0.1816835090319916
0.075266031513567672 0 0.18359071287938869
0.073600512957964659 0 0.1890710418367347
0.028378113940399949 0 0.01396776944899634
0.03324516794083722 0 0.0147385839567282
0.072919604502544519 0 0.19438433237521771
0.063203026288672165 0 0.19917048387236391
0.0025588228328981008 0 0.1897731937979639
0.077460766195916603 0 0.18979042398415849
0.065638279411205744 0 0.19775661040042589
0.01323274542558193 0 0.19815554301577529
0.014412388539715919 0 0.19767082996021651
0.06268194892990088 0 0.18246988259253999
0.061296430357104373 0 0.18339158227011201
0.062488434115779111 0 0.18079193779954481
0.016795910459959519 0 0.1991716217930796
0.012557561868826089 0 0.19706368632711399
0.013511621334749551 0 0.1971626759480592
0.01321718790392969 0 0.19629367097280939
0.075321812582897177 0 0.028683227301274469
0.07088800914467859 0 0.030363220136043711
0.01249437840285483 0 0.1990583314280632
0.072304982704624252 0 0.19359124208209849
0.07207768918935914 0 0.1948956431772467
0.01879330256504343 0 0.18354589778153019
0.044592811525328388 0 0.1774769142131378
0.054139048815403518 0 0.1913736065983658
0.00082912300852684652 0 0.19717304971297939
0.019879019848908799 0 0.18631589472996909
0.0039429614493294947 0 0.17266920426498
0.0049699296855710753 0 0.17176124580654681
0.0024552074625919951 0 0.17203229933138711
0.047502000216350718 0 0.19913650651739159
0.071190540817503187 0 0.1845963120935144
0.046684921943793922 0 0.19826683606164741
0.015641226596050131 0 0.029337719838563849
0.02133478574031291 0 0.027596673681362909
0.070935674096508319 0 0.18230722417104819
0.042570940235642667 0 0.035174646839681051
0.071550965282788273 0 0.18110492811801099
0.018599676073088361 0 0.18528754196857711
0.020094080791405091 0 0.18464605432663089
0.068765788185191357 0 0.17958945500854509
0.070064716963330761 0 0.1781717720283556
0.067088468344277896 0 0.1795087678290814
0.06009329778404341 0 0.18604770615489979
0.060040756375400829 0 0.1843516446374692
0.061414523223813418 0 0.1851957242327899
0.0078548021698283017 0 0.18031180867640539
0.0094974512947362845 0 0.1801742916285029
0.0085766269108566908 0 0.18133419748560489
0.012171373896931291 0 0.19603615317782139
0.011033482462450121 0 0.1944751422934429
0.054995205136168901 0 0.051047578532766959
0.070050565303115417 0 0.048492835319218372
0.02714496529875611 0 0.1919045961477889
0.027744926257362801 0 0.19336341682319369
0.063837953373895917 0 0.1796377439181697
0.01084574206235079 0 0.18392432695871519
0.01190478266310189 0 0.18315393812475181
0.01053114715017214 0 0.1825873262288418
0.0023367351422075881 0 0.15294045974398049
0.001039301721459978 0 0.19930767230312599
0.062209531008290873 0 0.027377576766814439
0.076433497658288801 0 0.18473508412074829
0.077590006802959632 0 0.18422668284900931
0.076499173962485276 0 0.19900735707146289
0.075386984719791286 0 0.1984146967056073
0.067826097792985873 0 0.1828779366724736
0.069113400849919002 0 0.18231915194676671
0.002425410156235396 0 0.1842275807659304
0.003634334549770607 0 0.18485424472217599
0.075660355795933915 0 0.012250197240836881
0.070378887611064242 0 0.0094590739035128116
0.0040195857012986494 0 0.009866315028258861
0.005596713168315298 0 0.015485765500132399
0.065793575839853444 0 0.0046756185384566806
0.014288636867190931 0 0.0047198729585072327
0.009615844596348044 0 0.0094476907942162344
0.063122135774722171 0 0.18757866660560779
0.062900485649429294 0 0.18599183068555569
0.064360789664302601 0 0.1866061947824785
0.064238255710899084 0 0.1851060604306691
0.0091919971176354868 0 0.18260537468404511
0.040160398184852203 0 0.09662011400494884
0.070585082879421085 0 0.003839558731474142
0.075078413355424686 0 0.0053294452983751973
0.0048698962937770837 0 0.0049309076537505476
0.0159555251022627 0 0.1835417937111164
0.01717316661373804 0 0.18437201926444571
0.0094301013111812906 0 0.0038435981855583349
0.069762121788196782 0 0.18107513432347269
0.070457535276336095 0 0.17997086945464991
0.029001216206682501 0 0.045970928184055508
0.064097648109328387 0 0.1834251763431223
0.065291332961879681 0 0.1827833579834616
0.016897991350906069 0 0.18761847043830299
0.015655009709588469 0 0.18664559283109369
0.017109740681189811 0 0.18605262725785759
0.015789923699228142 0 0.18515140989697379
0.01110535282852463 0 0.195688533595511
0.053998448978643997 0 0.19754846887525049
0.053220930544435482 0 0.19890940875074031
0.056976782888937767 0 0.18299454151505781
0.058256629396518989 0 0.18198836627159931
0.058542588208620037 0 0.18373763054694481
0.043088579381363748 0 0.19308333083081611
0.044323782838542658 0 0.1925764814140524
0.014731482366424371 0 0.182858991945723
0.026655356897859708 0 0.19892095104239421
0.02590575723380769 0 0.1977313527621205
0.048395838916537468 0 0.053500194504542603
0.052346063852001447 0 0.055744895392333682
0.06138773364727361 0 0.18715990020084039
0.062831602223426319 0 0.1842855523312619
0.076498103994105407 0 0.1676885019566671
0.074380648435592431 0 0.16729859969831021
0.033620980498019218 0 0.17265459702329031
0.03536601260800587 0 0.17286847498976421
0.034534531240245532 0 0.174122580328439
0.0012886461887625391 0 0.17855495400194021
0.017457943807087501 0 0.19174399036857331
0.01849265438073645 0 0.18704090827775149
0.06254070922283396 0 0.19171410407922959
0.069319826879390284 0 0.19438478724452971
0.01019306197967935 0 0.1939242816419369
0.073617266568149375 0 0.17963051596173021
0.071290177880112868 0 0.1919633334755515
0.070356437391664445 0 0.19250091238386399
0.065714192104343205 0 0.18855603411093869
0.065650775866017697 0 0.18725461248963329
0.064670607625920085 0 0.18801491892578651
0.0024303116218349799 0 0.18266969816208931
0.001139805640981849 0 0.183484106237501
0.0012645327341252531 0 0.18200385590239759
0.01437917343638706 0 0.18729763349197501
0.01430935676014175 0 0.18859651633696531
0.015340151305436461 0 0.18804638869687751
0.069460091662560619 0 0.19176880687453729
0.049731274922849657 0 0.1825911288597051
0.0073364579435531534 0 0.14744214856840371
0.0077389701372971818 0 0.14525338567854951
0.0094981740495961482 0 0.14744001520129429
0.0099831777728052462 0 0.1445736354943109
0.01156672080856584 0 0.14653107343933061
0.040230897354708847 0 0.18890346942013719
0.041734951507808968 0 0.18918919866724379
0.074999341693761851 0 0.049910511365257169
0.068494580905707925 0 0.19107070669057569
0.036062227340040963 0 0.17466260326759381
0.036610501547347817 0 0.171922347739035
0.036892939111227971 0 0.1733627431520072
0.0010535646500975399 0 0.17182670949143819
0.032912325796311703 0 0.047926355237224459
0.0033791972677937121 0 0.1803155317244122
0.066547295669162787 0 0.19723255376811169
0.06752996750500502 0 0.1971637094743981
0.066827636047737476 0 0.196381060677284
0.065061574180871995 0 0.12149825864136329
0.066871344392911758 0 0.1198065537885997
0.067349854003171755 0 0.1219919893727496
0.067619937986134068 0 0.19014404335811891
0.064208743536042404 0 0.18157841582685161
0.076543479631606542 0 0.16927035050476641
0.078275954374170842 0 0.16847896023692291
0.07517477659272162 0 0.18535184675923411
0.025711417424973709 0 0.18767762477171659
0.024401295776901571 0 0.060864603134901003
0.02433046807978503 0 0.055628317776690153
0.028261904136108889 0 0.057421054376398377
0.02012800302528878 0 0.059269031044071031
0.071279117990258045 0 0.19308341945715091
0.036155953983856362 0 0.1789215551340112
0.03503752790833755 0 0.17794252927874959
0.036659141610773563 0 0.17738807373564999
0.0049109384974718321 0 0.1853572442005654
0.035664110183187298 0 0.17633898976900919
0.030654217469962591 0 0.17317066895412611
0.031984032105583197 0 0.1718509880034324
0.012358490339324461 0 0.19016406767663241
0.01150251015933291 0 0.1910893143058838
0.078912015032771343 0 0.18197794628818431
0.033408663472852693 0 0.17840224099211821
0.02977357398937748 0 0.1799167717719366
0.078855304393717005 0 0.1836252711356112
0.077620150735368446 0 0.18271355927938779
0.046327056994940191 0 0.18346926783202569
0.04616734432728848 0 0.18488910149555829
0.044869272988456679 0 0.1842625555680919
0.076606213022337236 0 0.18338990963876711
0.045088437143019779 0 0.16198170494216579
0.045288848525419513 0 0.16390943877841191
0.043485044503033303 0 0.16259225432993979
0.0066949313431649473 0 0.16934179517000819
0.043486414201295447 0 0.16480926235033461
0.073776473885339394 0 0.17009580295897539
0.07262019484406898 0 0.16902317014156759
0.07486146615878847 0 0.1690469492715958
0.043296935650055338 0 0.18167726753222971
0.041789878365369709 0 0.18097427231664631
0.037020292809946849 0 0.18840896878064209
0.037371308391668238 0 0.18970078802920959
0.03598698811330981 0 0.18939429065815649
0.038836473715697213 0 0.1897203923876648
0.077759297538107064 0 0.120084300255438
0.077289077301280998 0 0.12328713031453831
0.060730803128983893 0 0.058299312015463137
0.065003592063790638 0 0.056215794532454892
0.064662615205734048 0 0.061437756641934647
0.038736699766127522 0 0.1880494294430318
0.041884797115641061 0 0.18228664094118699
0.0034157265796894158 0 0.18343269015273489
0.044656238819345939 0 0.18090464624229799
0.043424490044644382 0 0.02227138091360046
0.075568613099309095 0 0.17288492566907429
0.044498567726203697 0 0.18213077061064359
0.02382373006572518 0 0.1981901529954436
0.04503909365429859 0 0.18298908888544699
0.036465980542108388 0 0.19058734621478729
0.035105009135430083 0 0.19033772409666561
0.035637669557122657 0 0.191246271619221
0.04866760029047127 0 0.19650995197068519
0.048357072169009557 0 0.1974798037639833
0.0076722574673992808 0 0.18507926792859949
0.028710040701394681 0 0.062538371829310019
0.02456630044615819 0 0.065778645081127546
0.020175931154955109 0 0.064140981275126699
0.049467200721716897 0 0.19725180842041701
0.015528952892518729 0 0.062280677473799548
0.010883781171034499 0 0.060463351860843659
0.073349865315520665 0 0.1931925185759352
0.033424291958128113 0 0.18848186424168639
0.032604977903187567 0 0.189688530691285
0.032144594097233518 0 0.18853364637252609
0.033811666640470882 0 0.19009702729283309
0.032710135612231808 0 0.090539379865588687
0.028933189282905909 0 0.09382434608762602
0.01968056821332894 0 0.16928987746811991
0.017912227740272419 0 0.17045181149299041
0.03643374747857607 0 0.091702837836981729
0.072251799814503595 0 0.18518714760467411
0.059111326966593873 0 0.18515106794100439
0.057875212222876289 0 0.18515868405121899
0.030313721877137639 0 0.19917688197384689
0.039725186686647367 0 0.057767975326616157
0.035611784461034177 0 0.055172405332377397
0.02643563187876715 0 0.18573012796466121
0.02662999687519357 0 0.18685963565387911
0.025682177105806711 0 0.18646179794071749
0.030776679815084321 0 0.18991541243516041
0.030692921134046869 0 0.19099227312978409
0.031650309424061517 0 0.1905603182098389
0.028737730357029371 0 0.19070651701156471
0.028615761331874191 0 0.18960650927101
0.027651894847899219 0 0.18994290673605341
0.077635986730824946 0 0.18137803664664731
0.043169779684966408 0 0.1525505723860742
0.045566814667597773 0 0.15243400766084031
0.04449872843544378 0 0.15441068615845169
0.020753239516404991 0 0.1782140723669049
0.056061037981211821 0 0.10260274696564919
0.055811968334175829 0 0.10634709451099569
0.060012678038110848 0 0.10499099892556869
0.05617851275028081 0 0.19817008176642731
0.055335381000872631 0 0.1263947119964545
0.055295551380911218 0 0.12908268661422989
0.055846318627842381 0 0.1098885932382638
0.055848098451509932 0 0.1134549496622865
0.059280166337694978 0 0.1120817333974672
0.062743527972638796 0 0.1735872561442045
0.032169881729479363 0 0.059088971503707732
0.032576681188500767 0 0.064041965635403278
0.066906311087918238 0 0.19383167835922691
0.049657307599453089 0 0.18937615575040251
0.049645121100559873 0 0.1878138049038009
0.05045857199359003 0 0.1885692219831295
0.050829103162567411 0 0.18762849575112561
0.065464165228506482 0 0.19503069992981009
0.01124550663388724 0 0.15606270842339551
0.036230619726972439 0 0.060480386341567847
0.044218742084308447 0 0.15036558708409259
0.05050395447746877 0 0.19246035273114889
0.051794900300175861 0 0.19251043263759471
0.050911236098154317 0 0.19339123977368719
0.056061383960684108 0 0.1168927570699972
0.055622589281085148 0 0.1201468783619092
0.062335680585124023 0 0.179447273022078
0.065077838076429279 0 0.13879376494449819
0.065837041179814815 0 0.13632688953658151
0.067879647960627856 0 0.1379358093287994
0.014556808121920299 0 0.1950724801207907
0.028972403577174628 0 0.067594166984508749
0.032692623831766493 0 0.068844102452879252
0.036433747546583461 0 0.065468482274933501
0.02786726618176533 0 0.1968908951488815
0.02918339863767988 0 0.1971764445223467
0.02846755457719562 0 0.19795925300164591
0.010573986918493041 0 0.19172503273359801
0.0056890674146788181 0 0.1734048148962577
0.014249548182129699 0 0.096948031144804284
0.017377147091805389 0 0.095711558153732862
0.01702477102032041 0 0.099581166373355248
0.02046006887226787 0 0.097838757712914393
0.01039190365573422 0 0.17372081851358301
0.01009701251035426 0 0.1749792486149456
0.077413960113935712 0 0.1770141279788266
0.0114489365746854 0 0.17555431594813489
0.01006114072761256 0 0.1765247367471415
0.01188736786218021 0 0.17701459315366189
0.023858878995910961 0 0.099947098065015519
0.024293917118239659 0 0.095996642840571328
0.072401350621276811 0 0.1667263878544136
0.071325602362091831 0 0.16541585984365009
0.002647184329018012 0 0.1812124938366344
0.01136236202185955 0 0.1021355478969708
0.01182927233937499 0 0.098846398688614029
0.014497423595120429 0 0.1007573687749997
0.01742140621449078 0 0.19877835217079209
0.0087304715127388462 0 0.099512666146840859
0.0055047627387182297 0 0.082337695669306835
0.00534841148828485 0 0.077381886537400121
0.010503286764026371 0 0.07891988233683063
0.05078088612642264 0 0.18950875794612321
0.051679677335672171 0 0.18872760568480321
0.01700883904679798 0 0.10281122116980761
0.034486789376610018 0 0.18909163553783889
0.035596405882606867 0 0.18833891114750159
0.02008148227108951 0 0.1016329611357272
0.06257981174753921 0 0.19877083047400551
0.06530112814549574 0 0.18015485628934361
0.054136388133376213 0 0.19614967069905789
0.053739876947133308 0 0.1951023245883747
0.052742375378364542 0 0.19600047519506841
0.02470645901122558 0 0.1115413062595985
0.021137234789392331 0 0.1115745431454466
0.023123131248459369 0 0.1079483010754424
0.02457951918290224 0 0.070510445725039589
0.020175931296659691 0 0.068850956977801289
0.018930045456926059 0 0.1091657891898048
0.055362047414612522 0 0.086683431799057006
0.055453835721725513 0 0.090825881740082839
0.051443507915495318 0 0.088422123520609908
0.059770445469538608 0 0.089554900352004016
0.034712001591296858 0 0.18773396653472629
0.023354080136646159 0 0.1777155634281205
0.022134573456874751 0 0.17835505394739379
0.064416590903841067 0 0.070800688408934317
0.064502163726675957 0 0.075351281399763451
0.059770445608579893 0 0.072297811319161784
0.023969769706382881 0 0.1765614963662836
0.0273438972352649 0 0.19799239738079519
0.020175931146190679 0 0.073434786870330615
0.01544821951058262 0 0.076205916466471277
0.015534851469112749 0 0.071674859047587677
0.052217647173231747 0 0.194854722974485
0.051361361065900238 0 0.1960225709306915
0.0108837813648247 0 0.07450586722374046
0.059770445408056358 0 0.067682692236798334
0.064416588684618817 0 0.066134566151576119
0.052191774214683871 0 0.19355180220633689
0.05124089494933054 0 0.15257880932645121
0.014115971736305031 0 0.1728882308241699
0.014054238723302361 0 0.17162548109570819
0.0155195354680018 0 0.1722334136799146
0.02524748719407946 0 0.11709646790612881
0.025160215920017649 0 0.1198445225924737
0.022481148429450089 0 0.1178001165483004
0.074745352980124788 0 0.18087266550180009
0.016053480553538089 0 0.1784520974124747
0.015036795202372749 0 0.17894504701688899
0.05193383251724925 0 0.19695642691887699
0.02239856629070329 0 0.18825191025085811
0.013840778113702519 0 0.17934518675997271
0.071392649294116969 0 0.16787429150402819
0.070239890476316263 0 0.16690922884706191
0.0060187263833475302 0 0.17695538066241781
0.058782178055142187 0 0.18640640054198529
0.059953539817816988 0 0.18726624810773551
0.058766295684727299 0 0.1876052176430901
0.039707604317089279 0 0.062062142307548397
0.0076152724963491356 0 0.089861197779022753
0.0033250363369597569 0 0.09124505048327354
0.0040310071022730144 0 0.086965428280893473
0.0099109003106579597 0 0.19271431663389141
0.069857942875643522 0 0.15349689965104371
0.071035017212537105 0 0.15165508477899131
0.031521603591958908 0 0.054964199264205149
0.033124618246052943 0 0.051778792196069401
0.028438134937133791 0 0.051441862749576232
0.041271275616674853 0 0.1472021379481839
0.055376851591435093 0 0.1233217805473843
0.042733370074466523 0 0.1487033679541957
0.020175931103831 0 0.082237433709754656
0.015318894349993581 0 0.084868892344447486
0.015358809706792849 0 0.080588944742115379
0.01172721498366819 0 0.18194929549690991
0.013069691159603439 0 0.1822223949007597
0.01095226461148047 0 0.0831961382003404
0.012377937912502759 0 0.18065749803113171
0.0030037979218437692 0 0.09501985551281962
0.0069434585957424454 0 0.093525275567212754
0.049185364756844853 0 0.19533690723628289
0.049879614699809893 0 0.196212739225055
0.051472985623959952 0 0.092504269360449462
0.055892570462470523 0 0.094887548223539286
0.059950471620548389 0 0.093532953251222892
0.019358298160614799 0 0.15166599521172849
0.01894266862992568 0 0.15387051446178779
0.017027733710536151 0 0.15208803355883149
0.016756850835028429 0 0.15471867505192091
0.01498168059836529 0 0.15362480277960411
0.0027039096642042159 0 0.09854889862528364
0.0060978854820519816 0 0.097102878472174844
0.058374681755244032 0 0.15656347515156949
0.055645469692247589 0 0.15718778160596841
0.056819950105968832 0 0.158775977929489
0.0578449802257004 0 0.15423785344279861
0.03215848144705219 0 0.17341245854798751
0.0107631569693606 0 0.1170111255112105
0.05644094402899559 0 0.18462446098386051
0.055033310491793767 0 0.18479333029261061
0.055359210114169832 0 0.18366610820863569
0.001620410978200607 0 0.1622647546232
0.033238284821113483 0 0.17065232596030519
0.010227979212657411 0 0.096049603737727182
0.02382371901560015 0 0.18317492174586689
0.019940464888455751 0 0.090428300172180676
0.015917611406751211 0 0.09322350750870731
0.01514771487375071 0 0.088971936620418038
0.01405848216326995 0 0.15708749966600219
0.01616813913881791 0 0.1568175854224525
0.015145273170953081 0 0.1587019045402154
0.01724489162259378 0 0.15842175064242259
0.011390780124592621 0 0.091873067418258597
0.0058257418617787696 0 0.1003452228444575
0.057361401006454892 0 0.1277972606981457
0.057676959652083318 0 0.1297208276304487
0.020175931048743961 0 0.077895849888444585
0.059458128549704892 0 0.12838828652743359
0.028972403415260081 0 0.072211657065729587
0.032710694746428008 0 0.073435958721266612
0.03643374765358149 0 0.070142903966528669
0.039980505080890141 0 0.088725904069528655
0.039980505089646852 0 0.0845628814239133
0.04351268633378752 0 0.085727451556546527
0.036433747490604837 0 0.08762173967640921
0.039980505075170723 0 0.080285293399848426
0.043512686285981143 0 0.081481912222369723
0.03643374750773095 0 0.083428330695496586
0.039980505108394342 0 0.075889987281722068
0.043512686327431729 0 0.07711953668958707
0.024644715368585951 0 0.18191554103538529
0.036694501968180221 0 0.19174647859671101
0.036433747474453868 0 0.079119520104429145
0.039980505161889959 0 0.071373723646878579
0.043512686437490899 0 0.072637109847430187
0.016060434864653271 0 0.14438406623280789
0.017794917798316011 0 0.14274307654469781
0.01837230066469623 0 0.14531227430210319
0.015810478242115449 0 0.14192117577987831
0.01427796082861082 0 0.14335975530628739
0.066261286781010328 0 0.12463972262143019
0.063136463285624278 0 0.12396472568450111
0.0085760631069474857 0 0.18460962781198731
0.06143610732392165 0 0.12623092828120849
0.060355970172372812 0 0.12283214118123249
0.058416685436746982 0 0.12531489795881101
0.022141445593813761 0 0.14328973945440349
0.024212488135057629 0 0.14485048808813469
0.057168138463008562 0 0.17921839314106419
0.056648048659215959 0 0.1811553404428686
0.039813514110895072 0 0.066833853631117504
0.043512686327971402 0 0.068031328019014986
0.064065094170811812 0 0.12706025630794399
0.066582597759349799 0 0.12746969204027869
0.03643374753140427 0 0.074692132209371223
0.0054494788856582982 0 0.072916396821425464
0.062337793078675839 0 0.12957152359920179
0.0087749717261811095 0 0.1920513570504119
0.061472893693741669 0 0.17257328376606121
0.061175892522619471 0 0.173884784561471
0.00095627865821486485 0 0.1867483665541636
0.061336940264510267 0 0.14789833989049131
0.063233980976887705 0 0.1497503999352712
0.07904813741623147 0 0.18674252973102989
0.026715642065098862 0 0.19702349342436251
0.02568806628605446 0 0.19653092369627151
0.01553485293863657 0 0.067043473999880185
0.01088378191634151 0 0.065271824399345355
0.019957010920212851 0 0.086371246222290296
0.078815231705018252 0 0.17225172905043959
0.01132946499794339 0 0.087399055867511635
0.0054494791193740828 0 0.068318300725474998
0.01088378168007318 0 0.06995151290600482
0.0054494811088105439 0 0.06359493412366389
0.064401553606356063 0 0.13202418115320949
0.065484640950709938 0 0.12960854063253169
0.04061753486381206 0 0.18274475145413119
0.04181492531673596 0 0.18342450367920721
0.047248399107412041 0 0.082631807959649861
0.047248399150665012 0 0.078301077266227662
0.050968778324770182 0 0.079513801954428295
0.047248399251753441 0 0.073851166082301051
0.050968778555422922 0 0.07509726451090866
0.028759889801318762 0 0.19893144196195089
0.02937101123610366 0 0.1992934235119129
0.034526816388826327 0 0.19494397729992191
0.056074196758849802 0 0.14113008729461141
0.047248399154365642 0 0.069278794735002064
0.050968778613563609 0 0.070559185370631453
0.028972403427312391 0 0.085335275726558649
0.032710694737898893 0 0.082238543477690634
0.032710694732044597 0 0.086463818181610558
0.028972403414301861 0 0.081078943800503178
0.032710694700091011 0 0.077896990257789608
0.064233608305841169 0 0.1347764262451995
0.061865843880761287 0 0.13414674257085391
0.05602515202493439 0 0.1898411296659834
0.055653294801848788 0 0.18875192119480941
0.021859692052069619 0 0.19055107842913041
0.0028697318034070531 0 0.178724462357021
0.022006231572399448 0 0.18954007569607009
0.034766666906019518 0 0.1714410732132706
0.024829526717714479 0 0.14227166288894491
0.028972403345204761 0 0.076705478644242445
0.059770445486391613 0 0.076789325549009579
0.064589098283191163 0 0.079760165361537169
0.056181156601567417 0 0.059875319061085397
0.055457911772584703 0 0.064538209479394121
0.059770445306494287 0 0.062940566157063865
0.046741967705763318 0 0.14995686383734411
0.064773845963307097 0 0.15137738680782861
0.024579530160301989 0 0.092024845622211457
0.02042648233835084 0 0.094204178654207979
0.0245795333707137 0 0.075052361300412568
0.010799556133000061 0 0.18113451332001451
0.01091807590222638 0 0.17984511453466381
0.001658392389876993 0 0.16456617710184321
0.057249049331553691 0 0.15211676364835749
0.059606702203699798 0 0.1526786840319497
0.026582273277037299 0 0.14360904788253079
0.058751220460654521 0 0.15098786815669299
0.023285037151651412 0 0.14956635053511369
0.02179839891133346 0 0.15083997135799801
0.02457953013355188 0 0.087952609013845093
0.028972403365572399 0 0.089477611554406575
0.024579530171694172 0 0.083768305473095758
0.050968778161359529 0 0.065896219782640916
0.020856764498285361 0 0.1529533080667666
0.068157442474103561 0 0.12918542683554529
0.064965091081378989 0 0.14927037458391271
0.066838664323319585 0 0.14786177310447271
0.068813225562781785 0 0.1484745634226958
0.040904991850784757 0 0.19869290641112061
0.040195626171023277 0 0.19809045757636681
0.075417001558140837 0 0.12618558744781319
0.073753558052190457 0 0.12889186011070189
0.067402658693311454 0 0.14324708493133739
0.067574892296295749 0 0.1460488439065403
0.065368084531575568 0 0.1445770025456585
0.063041303176432098 0 0.14578374356665921
0.063108727980467808 0 0.1434877562596
0.018547477342556289 0 0.15648995739564581
0.0098166694729132798 0 0.11301727913041069
0.01053788548265773 0 0.1093450153700819
0.01355694029870516 0 0.1114318644011941
0.013762997266649859 0 0.11491348689293999
0.024579530134960989 0 0.079468850912505995
0.01422253151491744 0 0.1492360352003714
0.01191693401140464 0 0.14857622743350621
0.013623159536497689 0 0.14748387037942359
0.01501429255238095 0 0.15147335224297481
0.054107282150467208 0 0.1858127227135834
0.053142742637923929 0 0.1867990533878634
0.039992044494253982 0 0.1971497093955763
0.050968778346054573 0 0.083812052607668705
0.05536204735468972 0 0.082464200821913886
0.059770445516464259 0 0.085414691483723798
0.055362047413048558 0 0.078128857634405038
0.052171055770766167 0 0.1863431261871453
0.031755764182190283 0 0.1917234599869776
0.030652771550219771 0 0.192429871875507
0.059770445410552347 0 0.081160545087608935
0.053065146461122911 0 0.19691713512650269
0.0097455095546946091 0 0.18159355400003721
0.078185867374682 0 0.13507240323864839
0.073219377505178929 0 0.13772342757806
0.070466754307018667 0 0.1372240588600469
0.072031231050257924 0 0.13463462564517639
0.021284824797919061 0 0.17963930511173681
0.055587167458588639 0 0.16046922756889501
0.057673616304516513 0 0.16078461084212831
0.072883313348045237 0 0.18790804728739169
0.01283043576086404 0 0.16736351379142231
0.01208520886530811 0 0.16587657124354199
0.01410088213843904 0 0.16577472934404111
0.01248415758141686 0 0.16395229559013039
0.074445671456525794 0 0.14836975127521909
0.067402958901481624 0 0.14058616251446571
0.065154977245517054 0 0.14196566120563059
0.062887174688994615 0 0.1408290156467282
0.055362042982290222 0 0.073675502058572373
0.056952797827715812 0 0.055512205349035913
0.06051076041985734 0 0.052593921743530413
0.020555252927460119 0 0.159878531169621
0.020635856172671319 0 0.1576060602323596
0.001767080830270619 0 0.14575570641467051
0.003618776337057858 0 0.14705563624639961
0.035765599681112488 0 0.19929861178931099
0.036136433366299368 0 0.19843590709579129
0.072460820109047863 0 0.14758951192122341
0.03224962785555037 0 0.1872565705101259
0.033596531511215742 0 0.18685915504385339
0.055362047014092947 0 0.069107462275206741
0.065518332843922319 0 0.17582109094349521
0.056079615258644022 0 0.098814337879402817
0.046437739683881818 0 0.19731025361609539
0.045610485208351398 0 0.19791159274499021
0.059959372350450117 0 0.09745249582718607
0.062190523755634233 0 0.1101571220930459
0.064209631371971859 0 0.10738181782711891
0.015621073155626931 0 0.13950744902206461
0.01324162242080572 0 0.14112421036616549
0.01347794454654249 0 0.1381622743848617
0.018329727137508241 0 0.13819382645398259
0.017741798517729439 0 0.1406770085821358
0.074485734627636496 0 0.15529898821536031
0.038210586289415913 0 0.15647377051269989
0.045187102188827981 0 0.19478249443201681
0.046025061411038813 0 0.1952880180186583
0.046187384440652873 0 0.19454222012014921
0.036927718700820143 0 0.15473203652046449
0.035934040535929489 0 0.15627398288044189
0.01016755457460162 0 0.1326094269397001
0.028140252020111129 0 0.19487804393905289
0.027571363275666051 0 0.1956969881765569
0.066235187289041347 0 0.16268989027411751
0.065028281692600887 0 0.16133104382868479
0.038740078624757278 0 0.15867942738636759
0.043035422141173917 0 0.18907117759975761
0.026486959131592561 0 0.18892063835023659
0.074521515658636434 0 0.123695839608623
0.035378307507780538 0 0.18422976891248799
0.03647320087489881 0 0.18472018110808469
0.035599553328664733 0 0.1852835532116188
0.027831709118278421 0 0.18888012942982729
0.047964708200318507 0 0.19820582159801789
0.048671399963552422 0 0.1990882477168443
0.02776847977551725 0 0.19904573966482819
0.064622708077914898 0 0.14731292535994669
0.0083615828876504265 0 0.037436440843362728
0.02775418615788432 0 0.19102150488423381
0.064202205940924281 0 0.10372759585514681
0.017975324705042421 0 0.1497438573497995
0.072155433063332483 0 0.18010830226165081
0.059993236575187528 0 0.101270425736161
0.029699252732772598 0 0.19835879363136749
0.01592037994759694 0 0.13669535444695829
0.018615786179724252 0 0.1351229798014453
0.012071906547305141 0 0.16872323318728211
0.013818764358627569 0 0.16895575469746721
0.014535269671047761 0 0.16765824777218011
0.068923622936301554 0 0.16781534910923909
0.067856880468074254 0 0.166467581674171
0.03175173579827844 0 0.15646244847881491
0.059426716836006727 0 0.1155390727250878
0.064073491268413427 0 0.088115263299320262
0.064133455274004686 0 0.092173818070532584
0.071888391612132008 0 0.18622977070286401
0.079056498914192183 0 0.1909493349872696
0.0009051696201520437 0 0.19095809979135259
0.02000685250964903 0 0.14176660278641959
0.020054394299091911 0 0.1438173815069029
0.062398117641335828 0 0.13872162260409371
0.060420316682396717 0 0.13968720115775529
0.064168413496985738 0 0.096132056649350706
0.064307783381555572 0 0.083949316862628659
0.052549422043034498 0 0.19794577675311559
0.051947071580770943 0 0.19901489207519299
0.060165985184609951 0 0.15506891773185449
0.0043334836626451228 0 0.039293584372684327
0.064185320677602561 0 0.099980225194709491
0.059018961450239042 0 0.1468079511023071
0.057213337042786513 0 0.14598954140852299
0.058937846556395168 0 0.14454443834287231
0.056651819531772687 0 0.1478107082966017
0.048588840122844423 0 0.1885414383443951
0.04751237867406749 0 0.18922601661832189
0.048596884631584722 0 0.1898355873797784
0.02455956881013999 0 0.18476083313993971
0.023538293987451161 0 0.18575939911307321
0.02384186012761037 0 0.103691665902567
0.019921410486841751 0 0.105346490911392
0.078331892662210675 0 0.15775217826765761
0.078260695805227584 0 0.1600081023225437
0.076219518465235628 0 0.1588370538751544
0.007730772602603366 0 0.13159458971545229
0.0049398087790734546 0 0.13327663638144741
0.0049863321774743247 0 0.1307298858492473
0.075634334044437979 0 0.1387377507032255
0.073953439258031634 0 0.14051019440238341
0.075204762864592531 0 0.13573054363315851
0.072025743506734796 0 0.1395033922243695
0.035575998236891761 0 0.19746022376324179
0.039979975512003663 0 0.092741424532961039
0.043512686301072197 0 0.089859283864454118
0.018277471128099309 0 0.13207693621903421
0.047476788744332012 0 0.086758006044164074
0.074643570036644305 0 0.1322688503967083
0.071966743986624462 0 0.13138798531624171
0.066050076822477002 0 0.051784113824988862
0.025158212035730671 0 0.16915932410279599
0.033387069704588879 0 0.15821798843249829
0.029976388838094031 0 0.035594477057963293
0.059558547744238348 0 0.10847455999874341
0.044886888659040093 0 0.0046919053310265166
0.061050594635337407 0 0.16159433791725719
0.059767261872440629 0 0.16013533365471469
0.06049393547852442 0 0.16345301529148451
0.078138154885754998 0 0.16227750648889669
0.076106863561390597 0 0.1633137438187649
0.07641199671272067 0 0.16117618030634501
0.0059459328269701643 0 0.17517362993320171
0.036868904635648611 0 0.1860447261257375
0.003395007976495795 0 0.1021536914771267
0.0051812567421825094 0 0.058993610849410821
0.030712696532321639 0 0.19578506434377699
0.078862605967581101 0 0.17602212148446369
0.073223065979117694 0 0.18090189839565929
0.0022762926977726019 0 0.1320582980815703
0.01780681027239359 0 0.16812997398872589
0.023388562839254091 0 0.051475749790037953
0.063295309845135386 0 0.13673796480921249
0.01124033156620239 0 0.17285887375108511
0.011759104475257361 0 0.1741054875923824
0.01969858165056268 0 0.16687693918844471
0.055613322341742398 0 0.1824186347221172
0.050751448624353351 0 0.1970013538267536
0.050685201132480727 0 0.19515338551931741
0.048174674462170428 0 0.090095316756055338
0.0072962426481141106 0 0.11080336889283041
0.059204848305035029 0 0.1886174291102812
0.0022021604243609252 0 0.13472430045474021
0.00378890637413114 0 0.10917829525711401
0.0076041519516937628 0 0.10735082176436291
0.01450044287461923 0 0.1610103522763302
0.049093076239642652 0 0.14847223991356259
0.05866964400280128 0 0.14221589148053679
0.061163070507821007 0 0.14231808770879131
0.0040253858060278593 0 0.1118019161486313
0.0061427680187225173 0 0.11352363842533909
0.061101141655977569 0 0.14514005281178691
0.02199364909441261 0 0.15690565105033591
0.01716739573387133 0 0.1230682218863056
0.051212935291467802 0 0.18640711240957089
0.052059296694710787 0 0.1874338276090016
0.028559494106777598 0 0.19204533443008959
0.029202819351993741 0 0.19330985266965711
0.059006107443128203 0 0.17948868998856549
0.027418354324274679 0 0.18619976831121099
0.027383945136341192 0 0.1876414097296023
0.0046217136494441412 0 0.13562604769766731
0.050422397417833283 0 0.19051497255714561
0.051373388060391857 0 0.1979914093674818
0.0075784804620366358 0 0.118269807447488
0.0071975189113476154 0 0.12139791634810709
0.056779505459637239 0 0.1867653854486169
0.0049656215801043109 0 0.1160217941212275
0.003807657838951109 0 0.1057304673691809
0.0080327384940406706 0 0.1034559458207952
0.028671194413590621 0 0.19615622779244279
0.029778246139430819 0 0.19638085362134469
0.06804222852127427 0 0.16404685660344509
0.03326589011011518 0 0.19911602799970671
0.01309071993248296 0 0.17785747722220011
0.0293678084358103 0 0.1952792929746075
0.049108541136685731 0 0.19817598895161109
0.031427610571789291 0 0.1948069435041756
0.031115884924958839 0 0.19366080312392861
0.047142665910024251 0 0.15459507000159689
0.033895894475071693 0 0.15620502465709521
0.0042493507999837457 0 0.1234060448294962
0.0071501290226006591 0 0.12524387985190741
0.048464920490875169 0 0.18690022155404251
0.07617604787312969 0 0.14392950144517461
0.074360843028871831 0 0.14569966959117481
0.074079132264756611 0 0.14316025098260851
0.072247860085004639 0 0.14489208429153971
0.07165254358374791 0 0.14203117482500741
0.01626206659794404 0 0.17693594363441181
0.0076593826139265469 0 0.14944236382907339
0.01000189299592864 0 0.1500302306838763
0.017608761970405309 0 0.12644397143668701
0.01586630342907441 0 0.12788697993888121
0.01353478664193947 0 0.19916620429586249
0.056740907861660153 0 0.14386716302725219
0.044156414847274221 0 0.19531830111698101
0.044083070906061173 0 0.19399696460926169
0.034906780103851891 0 0.1940546678635964
0.033539942386632583 0 0.19424048455885351
0.034250442643095541 0 0.19297933295043959
0.070074793410282332 0 0.17529564613817361
0.0094772187586897819 0 0.15280120933843969
0.035478091628893108 0 0.19324548861646951
0.045940541834478363 0 0.17466379078308311
0.044358508140740723 0 0.17400404483781931
0.045557204053235163 0 0.1728969860440342
0.076171269679841988 0 0.14125874424513429
0.0080306089333733507 0 0.14241499754108219
0.010481911598845929 0 0.14188713498019731
0.012283584546022011 0 0.14380678312551681
0.011027293572537429 0 0.13906903881799071
0.008285641659298253 0 0.13959731367032721
0.025499094333904279 0 0.1855766560249065
0.064886127357653478 0 0.19867964095945909
0.01198670212832775 0 0.17883574844874059
0.057623165507479777 0 0.18419355129143819
0.0078536765763436347 0 0.11545348204222949
0.054889807154659041 0 0.14867183521541
0.054882303346538951 0 0.19000314921244721
0.070686271962079869 0 0.1495400845363406
0.070276235649245247 0 0.1467827710484684
0.020245732262639659 0 0.11551684285304339
0.023029682788823912 0 0.1144925670923559
0.047748452333824007 0 0.17072871158729019
0.048176668286332353 0 0.17233263787675029
0.046888193964873218 0 0.17204796427846261
0.017344254591980308 0 0.11302211466901051
0.051650249342263067 0 0.15908026359358021
0.053258620662722092 0 0.16016181563008131
0.03288316765387516 0 0.19112978514094511
0.0055586587995735334 0 0.14600713710885541
0.0052502708909612939 0 0.1488301600038156
0.06774936708616161 0 0.18115917712799631
0.01511847400712537 0 0.19863447899150749
0.022457252162769809 0 0.14123984806117659
0.016446474440156851 0 0.17514490348396891
0.01494523694020761 0 0.17432413886586801
0.069694033902058791 0 0.1396130624423314
0.069208597530945284 0 0.14196159223419749
0.014208238208544209 0 0.1044782343181334
0.01654310477016719 0 0.106829006995003
0.0022602967725987551 0 0.11655337896513029
0.066677839215161974 0 0.18227469551023889
0.056688971956171202 0 0.1856013302971615
0.0063414010352111118 0 0.13773436710229151
0.078104552728792603 0 0.1428633374287285
0.078074186372655119 0 0.14565436708369631
0.060800762676677937 0 0.1576901788100914
0.056919495299541822 0 0.15017562526024089
0.02276891334311051 0 0.12119204006405281
0.02504750519005439 0 0.12333852599938
0.052840891543919841 0 0.16264491143938409
0.053261134390354722 0 0.16501619058969599
0.018090382831929541 0 0.1748348575708101
0.047185616156439569 0 0.1945335271513709
0.046520427654923542 0 0.1936355285767401
0.059980435286118183 0 0.17848168050003441
0.047346370610275267 0 0.17347342705742291
0.01087602798133815 0 0.10576267363244191
0.069774976861369395 0 0.14422742733240829
0.035535065211567213 0 0.19229726343200149
0.03440236930746135 0 0.19159893415456281
0.0142965904983692 0 0.18119115520724299
0.022665832885627939 0 0.12749495950843021
0.02008961177201914 0 0.12821539282425201
0.020102728959016609 0 0.12515619388908281
0.031370860068846242 0 0.17741596309920771
0.0037594645189267502 0 0.043608533543164553
0.041711953068867803 0 0.1752321928016721
0.040109681541767223 0 0.17847913585965641
0.040333324523744982 0 0.1801848495012609
0.025205856400822561 0 0.1354264532303332
0.025103190543872951 0 0.13812896606849959
0.023237867412907631 0 0.1364769719775723
0.038592443053456958 0 0.15385010311199329
0.038723317294681342 0 0.15138055309736501
0.076240550169868387 0 0.14669905069053621
0.057958561450033953 0 0.18042083229536049
0.066052813214836553 0 0.1812432117611622
0.0038403964567111839 0 0.14165457125526679
0.0060083558689635278 0 0.14047345760815591
0.0058889970902372647 0 0.1433020345214458
0.003514280330370676 0 0.14443317227630659
0.058700350313306178 0 0.15878596909904161
0.048112307057747529 0 0.01448354784599516
0.051329779006373109 0 0.19422727118216951
0.050137440092724583 0 0.19426610156722049
0.0088741659940319243 0 0.16526500374648939
0.070530813612646528 0 0.1768777794178048
0.069680875785457383 0 0.1651018237649956
0.059258831884253467 0 0.13443533293679011
0.01367737212715832 0 0.12851702480008331
0.01205050140336484 0 0.130546165240289
0.011485010971627539 0 0.12830739941460009
0.040336873432745661 0 0.1816576029445387
0.013988401748141871 0 0.1455048091359144
0.0024862407736767709 0 0.12913368637965761
0.0049535164403326174 0 0.1273052993227943
0.0075420905875838691 0 0.12857297473068141
0.061723489044469268 0 0.15959230835755209
0.063047090812823697 0 0.16089429524334201
0.0098816823917244941 0 0.12985799681825669
0.0041354700104996736 0 0.13885550670767041
0.058923502612438221 0 0.14908440492480479
0.0019712582145242491 0 0.12348815432754071
0.069989337062767415 0 0.13090789147575421
0.076572645212862347 0 0.15596005221283649
0.0028990120288319141 0 0.11404399021670519
0.0023767834939821368 0 0.1259156878317127
0.016062773170852251 0 0.14996913549417651
0.045375992549777033 0 0.1937014287624319
0.025010132781690449 0 0.12646144838925319
0.024943244263069639 0 0.12955540823492631
0.020178273585617749 0 0.1190310299634747
0.02521022801925183 0 0.13251605640228259
0.022960480442825219 0 0.1334836782271967
0.067798821785875638 0 0.15443381673853149
0.067299712860092981 0 0.1566273208747283
0.069043930356892741 0 0.15588189094301139
0.0204307498419324 0 0.13975216461926079
0.020765380257447012 0 0.13725043526980371
0.02270666813812857 0 0.13870943352314341
0.022536263404931929 0 0.13076477693163979
0.0178037724171916 0 0.1291651210406736
0.039608501025403302 0 0.18287686674553799
0.073996327516456378 0 0.1657280194696211
0.041469923307230143 0 0.1947357555925337
0.042919314048986038 0 0.19480341665915751
0.0018421109744698511 0 0.1431234873434048
0.016024393712096519 0 0.1102918136581954
0.01385544128798996 0 0.1080014767481902
0.070995006539297592 0 0.1552436180956652
0.0076983691114083704 0 0.085062358241830505
0.053875444874624569 0 0.1842676799031259
0.0080532180994349715 0 0.1513439308899773
0.0226775704413123 0 0.1243511135559251
0.057763361555088648 0 0.1221890000736736
0.020371063848503509 0 0.1221478416303507
0.057758774491691159 0 0.18632896071492899
0.057916799418246262 0 0.18728691918101981
0.047209975800110687 0 0.14747366846768339
0.0095855527006374012 0 0.1269994167802371
0.0020700448232014502 0 0.13741209794073769
0.0019309082294666289 0 0.1402324986419034
0.077712022993477708 0 0.12634278789319819
0.046830106682910259 0 0.19531232377967719
0.041340105631304691 0 0.19569822183274091
0.049965202474370862 0 0.1866131500884689
0.030355122197210711 0 0.16820797366497439
0.028749391524742179 0 0.16783705381147321
0.0099949316404637622 0 0.16325139992748439
0.0080435332948923174 0 0.16370029059262969
0.078603605917124106 0 0.155650752829637
0.034947638565192923 0 0.16168907632602239
0.031538489374453103 0 0.18948710906872759
0.036682503071081687 0 0.18103158129463581
0.037736681656573408 0 0.1845848367634764
0.038044793098432818 0 0.18558117233486601
0.038379779147798679 0 0.18651033932576161
0.040817813906535973 0 0.19169332091499919
0.061831740310830642 0 0.1712062675334701
0.06125851361180739 0 0.16988040056628029
0.011133418685642609 0 0.1519732867686778
0.019038359868407739 0 0.15855075686959549
0.018321133286196421 0 0.1603352658288823
0.02961291495702708 0 0.1924494867263252
0.030239459515069029 0 0.1934083315691322
0.041565076213190263 0 0.19024351697333219
0.01477192392511156 0 0.17050705197044949
0.040764354458929009 0 0.19073132675682641
0.016970210044189131 0 0.17356779244842929
0.01852700797955931 0 0.1727334140804046
0.020560677911954189 0 0.132871754838463
0.01982031104980141 0 0.13026733420251349
0.040826855282602173 0 0.1897762197540761
0.02824049797593987 0 0.14476522679240231
0.0287751160979582 0 0.14264543265942231
0.042274325839128657 0 0.19938213811703651
0.041510314815662017 0 0.1992882209420167
0.04218047556627505 0 0.19836606018192651
0.037971270661713373 0 0.17045670477057001
0.030140800078677421 0 0.19435535433279061
0.02891932121879907 0 0.1942371921442563
0.036027407669297427 0 0.18723785356506431
0.045510444710716517 0 0.17103010852086231
0.043496762555630522 0 0.1724407497959386
0.039827457864806529 0 0.18685183841226621
0.02714643522683784 0 0.18496800190315171
0.028397473462139149 0 0.18521696630778131
0.0255830266392915 0 0.1137561711048138
0.038154595204747108 0 0.1952642516959443
0.038792208570050841 0 0.19665698321194419
0.044097938187567527 0 0.18561861325606399
0.035154536056680778 0 0.18636890634686021
0.01339630795232997 0 0.17385263164737841
0.038602919667487468 0 0.16862107489691119
0.036075743347425152 0 0.16864601436580939
0.01558069568791731 0 0.165157031288648
0.01521491611027424 0 0.16354980105809261
0.042254186942993183 0 0.19376722885369491
0.038041260043840029 0 0.178284547898167
0.02205264160661383 0 0.16620753086857051
0.023302642922445389 0 0.16426313117153071
0.024465320183106969 0 0.1401824873029415
0.037549344175180167 0 0.1964944799432167
0.021271482834480972 0 0.1352472352434175
0.01492225526885846 0 0.15550665212049791
0.0040427558738162714 0 0.1524809442769674
0.050682875013268368 0 0.1471209790206533
0.033051560186290151 0 0.17462660217097359
0.02961511259493755 0 0.19139542163836909
0.061999202144008392 0 0.13199419128822651
0.0367416948217364 0 0.19746670035620351
0.05255991875450873 0 0.18937603623232091
0.03595085400536159 0 0.1939291041649612
0.03478803827655786 0 0.1700321011952752
0.037533971474870198 0 0.18718805392765731
0.030108620919343819 0 0.17737621974964851
0.05212845167091585 0 0.16888588152591119
0.068410691226689621 0 0.15839069311161419
0.065754602142596721 0 0.15790708936633829
0.012418081775432259 0 0.15727025411511089
0.01287263260887809 0 0.094466614776493707
0.030276790364423281 0 0.18765689403587449
0.031211326930404629 0 0.18763254474605509
0.035560525810549817 0 0.15070293346873531
0.065802828965850144 0 0.16480051553030631
0.054938415111910027 0 0.15886480330933089
0.0046152832340001547 0 0.1561868418997428
0.02773160146391726 0 0.1660536109355556
0.02903108733508775 0 0.18113630541053791
0.027732604404204522 0 0.18374003269091621
0.063315860607887478 0 0.15830033784072109
0.02156741889766679 0 0.17361104209669459
0.064169227239047943 0 0.1665887173801108
0.016118549906039271 0 0.147463306327966
0.0066373614458194426 0 0.16299687624508979
0.031707210995170661 0 0.19568705845002091
0.059970738893528983 0 0.17310556497657911
0.021587291729015509 0 0.168366217665947
0.01592661497440501 0 0.16900958669123961
0.031500659996601621 0 0.16979374963267441
0.039164821645011519 0 0.1839870037208495
0.01678694178831374 0 0.16169691388694801
0.01800479583338872 0 0.1634085331378356
0.037492701741342269 0 0.16684774359092661
0.028977304633957271 0 0.1464288482901141
0.04526903817484941 0 0.18521837992729531
0.045703842232907618 0 0.18628793087509671
0.048992335593755001 0 0.163671386261312
0.027843401472544979 0 0.17445884541548581
0.042999533789599753 0 0.16075942162762361
0.012589125162922109 0 0.1507361396967406
0.041954268014002358 0 0.1508208565466444
0.013487287170144059 0 0.16254159079478589
0.054791571501758042 0 0.16353677856418561
0.024677032879867632 0 0.17801152288965949
0.047208877532853799 0 0.1858430777234773
0.010728379937601531 0 0.16510468292923111
0.023650129524248529 0 0.16210792926697859
0.01653595466084164 0 0.17074518087488361
0.070114570260734629 0 0.13301185336024859
0.040092330657003218 0 0.18783820441373911
0.043180918323807632 0 0.19391478563558501
0.070657331788813185 0 0.15732983822754451
0.049495436547393017 0 0.16550393769141669
0.045827240527252622 0 0.19260186866823439
0.044366377303752202 0 0.196264018980007
0.0098897838279849194 0 0.1614326563745728
0.054390286399243717 0 0.16181988742975489
0.01648493770285394 0 0.16003176041032771
0.051817740291125527 0 0.1672918021344717
0.06605691116211794 0 0.1664670386570179
0.064740010587401212 0 0.15958362532183609
0.01706515814259478 0 0.17200307537833359
0.064335188920708219 0 0.15675238630692359
0.0181954250476432 0 0.16184577060165439
0.025862211611580661 0 0.15651575995104561
0.027509893675220349 0 0.16767580747274199
0.039942207317718283 0 0.1901205809716067
0.03440602536467912 0 0.1754388285797365
0.037917709081672267 0 0.1889952058455516
0.043452635065127657 0 0.18324144772036879
0.036134345360070499 0 0.17048548243473111
0.043731804515124928 0 0.1844119898598843
0.042386831930620747 0 0.18836215262465481
0.043581804648632469 0 0.1866976359441169
$EndNodes
$Elements
5 5746 1 5746
1 1 1 66
1 4 5
2 5 6
3 6 7
4 7 8
5 8 9
6 9 10
7 10 11
8 11 12
9 12 13
10 13 14
11 14 15
12 15 16
13 16 17
14 17 18
15 18 19
16 19 20
17 20 21
18 21 22
19 22 23
20 23 24
21 24 25
22 25 26
23 26 27
24 27 28
25 28 29
26 29 30
27 30 31
28 31 32
29 32 33
30 33 34
31 34 35
32 35 36
33 36 37
34 37 38
35 38 39
36 39 40
37 40 41
38 41 42
39 42 43
40 43 44
41 44 45
42 45 46
43 46 47
44 47 48
45 48 49
46 49 50
47 50 51
48 51 52
49 52 53
50 53 54
51 54 55
52 55 56
53 56 57
54 57 58
55 58 59
56 59 60
57 60 61
58 61 62
59 62 63
60 63 64
61 64 65
62 65 66
63 66 67
64 67 68
65 68 69
66 69 1
1 2 1 13
67 1 70
68 70 71
69 71 72
70 72 73
71 73 74
72 74 75
73 75 76
74 76 77
75 77 78
76 78 79
77 79 80
78 80 81
79 81 2
1 3 1 66
80 2 82
81 82 83
82 83 84
83 84 85
84 85 86
85 86 87
86 87 88
87 88 89
88 89 90
89 90 91
90 91 92
91 92 93
92 93 94
93 94 95
94 95 96
95 96 97
96 97 98
97 98 99
98 99 100
99 100 101
100 101 102
101 102 103
102 103 104
103 104 105
104 105 106
105 106 107
106 107 108
107 108 109
108 109 110
109 110 111
110 111 112
111 112 113
112 113 114
113 114 115
114 115 116
115 116 117
116 117 118
117 118 119
118 119 120
119 120 121
120 121 122
121 122 123
122 123 124
123 124 125
124 125 126
125 126 127
126 127 128
127 128 129
128 129 130
129 130 131
130 131 132
131 132 133
132 133 134
133 134 135
134 135 136
135 136 137
136 137 138
137 138 139
138 139 140
139 140 141
140 141 142
141 142 143
142 143 144
143 144 145
144 145 146
145 146 3
1 4 1 73
146 3 147
147 147 148
148 148 149
149 149 150
150 150 151
151 151 152
152 152 153
153 153 154
154 154 155
155 155 156
156 156 157
157 157 158
158 158 159
159 159 160
160 160 161
161 161 162
162 162 163
163 163 164
164 164 165
165 165 166
166 166 167
167 167 168
168 168 169
169 169 170
170 170 171
171 171 172
172 172 173
173 173 174
174 174 175
175 175 176
176 176 177
177 177 178
178 178 179
179 179 180
180 180 181
181 181 182
182 182 183
183 183 184
184 184 185
185 185 186
186 186 187
187 187 188
188 188 189
189 189 190
190 190 191
191 191 192
192 192 193
193 193 194
194 194 195
195 195 196
196 196 197
197 197 198
198 198 199
199 199 200
200 200 201
201 201 202
202 202 203
203 203 204
204 204 205
205 205 206
206 206 207
207 207 208
208 208 209
209 209 210
210 210 211
211 211 212
212 212 213
213 213 214
214 214 215
215 215 216
216 216 217
217 217 218
218 218 4
2 5 2 5528
219 219 220 221
220 219 222 220
221 223 224 225
222 224 226 225
223 227 228 229
224 177 230 231
225 232 233 234
226 235 236 237
227 177 178 230
228 238 239 240
229 241 242 243
230 242 244 243
231 245 246 247
232 246 248 247
233 249 250 243
234 250 251 243
235 252 253 254
236 253 255 254
237 256 257 258
238 257 259 258
239 260 261 262
240 261 263 262
241 264 265 266
242 265 267 266
243 268 269 270
244 269 271 270
245 272 273 274
246 272 275 273
247 276 277 278
248 277 279 278
249 280 281 282
250 280 283 281
251 284 285 286
252 284 259 285
253 287 258 284
254 258 259 284
255 288 289 287
256 288 290 289
257 291 292 293
258 292 131 293
259 291 294 295
260 294 296 295
261 297 298 299
262 298 300 299
263 301 302 303
264 304 305 306
265 307 308 309
266 304 310 305
267 311 312 313
268 314 315 113
269 247 316 317
270 247 318 316
271 319 320 321
272 319 322 320
273 323 324 325
274 324 283 325
275 326 222 219
276 327 328 329
277 330 331 332
278 331 333 332
279 334 335 336
280 335 337 336
281 338 339 340
282 338 341 339
283 338 340 342
284 340 343 342
285 315 112 113
286 344 345 45
287 346 329 347
288 329 348 347
289 349 334 336
290 349 350 334
291 349 336 351
292 336 352 351
293 353 338 342
294 353 354 338
295 353 342 355
296 342 356 355
297 357 358 359
298 357 360 358
299 361 362 363
300 361 364 362
301 365 346 347
302 365 366 346
303 365 347 367
304 347 368 367
305 369 349 351
306 369 370 349
307 371 353 355
308 371 328 353
309 369 351 372
310 351 373 372
311 272 274 374
312 274 375 374
313 376 264 266
314 376 377 264
315 371 355 378
316 355 379 378
317 380 381 382
318 380 333 381
319 345 44 45
320 383 384 385
321 386 387 388
322 389 390 391
323 392 393 394
324 395 396 397
325 398 365 367
326 398 399 365
327 398 367 400
328 367 401 400
329 393 402 394
330 403 404 405
331 404 406 405
332 390 407 391
333 408 409 410
334 409 411 410
335 412 369 372
336 412 413 369
337 414 415 416
338 415 417 416
339 418 371 378
340 418 348 371
341 412 372 419
342 372 366 419
343 420 421 422
344 420 423 421
345 424 390 425
346 426 427 428
347 418 378 429
348 378 430 429
349 431 432 433
350 431 434 432
351 433 435 436
352 435 437 436
353 438 439 440
354 441 442 443
355 444 445 446
356 444 447 445
357 448 449 450
358 449 451 450
359 452 398 400
360 452 453 398
361 454 257 455
362 257 456 455
363 457 458 459
364 460 461 462
365 452 400 463
366 400 464 463
367 465 412 419
368 465 466 412
369 467 418 429
370 467 368 418
371 465 419 468
372 419 399 468
373 467 429 469
374 429 470 469
375 458 471 459
376 472 473 474
377 475 476 223
378 476 477 223
379 475 478 479
380 478 480 479
381 481 482 483
382 482 484 483
383 485 452 463
384 485 486 452
385 485 463 487
386 463 488 487
387 489 465 468
388 489 490 465
389 491 467 469
390 491 401 467
391 472 492 473
392 493 494 495
393 489 468 496
394 468 453 496
395 497 498 499
396 498 279 499
397 491 469 500
398 469 501 500
399 502 276 311
400 276 503 311
401 504 505 506
402 507 508 509
403 510 485 487
404 510 511 485
405 512 513 514
406 513 477 514
407 512 515 288
408 515 290 288
409 516 224 513
410 224 477 513
411 510 487 517
412 487 518 517
413 514 476 519
414 514 477 476
415 519 363 520
416 363 521 520
417 505 522 506
418 424 407 390
419 523 524 525
420 524 484 525
421 526 489 496
422 526 527 489
423 528 491 500
424 528 464 491
425 529 493 530
426 529 531 493
427 526 496 532
428 496 486 532
429 528 500 533
430 500 534 533
431 535 536 537
432 535 538 536
433 539 540 541
434 540 427 541
435 537 542 535
436 537 543 542
437 544 545 546
438 544 538 545
439 547 510 517
440 547 548 510
441 549 302 550
442 549 551 302
443 547 517 552
444 517 553 552
445 554 555 556
446 555 557 556
447 529 530 558
448 530 92 558
449 559 526 532
450 559 560 526
451 561 308 562
452 308 563 562
453 564 528 533
454 564 488 528
455 565 529 558
456 565 566 529
457 567 568 569
458 567 570 568
459 571 572 569
460 571 573 572
461 559 532 574
462 532 511 574
463 564 533 575
464 533 576 575
465 577 410 578
466 410 411 578
467 579 445 580
468 579 581 445
469 582 449 583
470 449 584 583
471 585 586 587
472 585 588 586
473 589 590 591
474 592 593 594
475 295 595 596
476 295 296 595
477 571 597 596
478 571 598 597
479 589 599 590
480 600 601 602
481 603 604 605
482 603 606 604
483 607 608 609
484 608 610 609
485 611 612 613
486 612 614 613
487 615 547 552
488 615 616 547
489 520 325 617
490 520 521 325
491 617 280 618
492 280 619 618
493 216 620 621
494 615 552 622
495 552 623 622
496 216 217 620
497 624 625 626
498 624 627 625
499 565 558 628
500 629 630 631
501 558 93 628
502 630 632 631
503 633 634 635
504 633 573 634
505 636 559 574
506 636 637 559
507 638 567 639
508 567 640 639
509 641 642 643
510 644 645 646
511 647 564 575
512 647 518 564
513 648 649 650
514 648 598 649
515 651 565 628
516 651 652 565
517 653 654 655
518 636 574 656
519 657 658 659
520 574 548 656
521 660 661 662
522 660 124 661
523 420 422 663
524 422 664 663
525 647 575 665
526 575 666 665
527 667 414 416
528 626 625 668
529 667 669 414
530 670 615 622
531 670 671 615
532 672 630 629
533 380 281 673
534 380 674 281
535 673 324 332
536 324 675 332
537 670 622 676
538 622 677 676
539 541 265 539
540 678 679 619
541 265 442 539
542 651 628 680
543 628 94 680
544 681 636 656
545 681 682 636
546 683 647 665
547 683 553 647
548 546 273 544
549 546 461 273
550 629 631 684
551 685 651 680
552 685 686 651
553 687 624 626
554 681 656 688
555 656 616 688
556 683 665 689
557 690 691 692
558 665 693 689
559 694 695 696
560 694 697 695
561 698 699 700
562 592 701 593
563 702 703 704
564 705 706 404
565 285 259 454
566 706 406 404
567 704 707 285
568 620 708 621
569 620 709 708
570 705 261 710
571 454 711 702
572 712 670 676
573 712 713 670
574 714 381 715
575 381 333 715
576 716 717 718
577 716 719 717
578 720 721 722
579 261 723 710
580 712 676 724
581 725 726 727
582 728 729 730
583 676 731 724
584 84 85 732
585 154 155 234
586 685 680 733
587 680 95 733
588 734 66 67
589 735 736 737
590 736 738 737
591 739 681 688
592 740 741 727
593 742 743 744
594 745 143 746
595 739 747 681
596 740 233 741
597 227 210 211
598 748 8 749
599 699 709 620
600 699 698 709
601 13 750 751
602 13 14 750
603 752 692 691
604 753 683 689
605 753 623 683
606 754 755 138
607 755 137 138
608 756 608 757
609 756 610 608
610 757 758 555
611 758 557 555
612 555 756 757
613 751 750 759
614 555 760 756
615 761 685 733
616 761 762 685
617 763 764 765
618 763 766 764
619 767 768 769
620 768 770 769
621 771 772 690
622 692 752 773
623 774 755 754
624 771 146 772
625 775 776 777
626 778 779 780
627 781 782 783
628 784 785 786
629 787 214 215
630 784 788 785
631 786 789 478
632 150 151 790
633 791 792 793
634 792 794 793
635 789 480 478
636 786 785 789
637 785 75 789
638 795 796 797
639 739 688 798
640 799 800 801
641 688 671 798
642 753 689 802
643 684 803 804
644 689 805 802
645 806 807 687
646 808 809 810
647 811 812 813
648 811 814 812
649 815 816 817
650 818 819 820
651 821 822 823
652 821 824 822
653 825 297 826
654 825 827 297
655 828 132 133
656 829 712 724
657 829 830 712
658 831 832 833
659 734 834 66
660 834 65 66
661 832 835 833
662 836 837 728
663 838 839 840
664 841 842 843
665 841 844 842
666 834 734 843
667 709 845 708
668 838 846 839
669 18 19 847
670 848 838 849
671 848 850 838
672 851 852 853
673 854 765 764
674 854 855 78
675 855 77 78
676 852 856 853
677 857 858 859
678 73 74 788
679 773 809 808
680 858 860 859
681 861 862 863
682 864 865 866
683 865 867 866
684 861 868 862
685 829 724 869
686 724 870 869
687 855 854 871
688 872 873 768
689 873 874 768
690 761 733 875
691 728 837 729
692 837 766 729
693 733 96 875
694 876 844 841
695 876 770 844
696 843 734 841
697 810 877 878
698 810 879 877
699 880 881 793
700 881 791 793
701 882 883 818
702 883 884 818
703 626 885 886
704 885 887 886
705 888 889 890
706 889 891 890
707 787 892 214
708 892 213 214
709 893 739 798
710 893 894 739
711 151 895 790
712 151 152 895
713 896 897 898
714 899 753 802
715 900 901 902
716 903 886 887
717 899 677 753
718 903 901 886
719 904 905 906
720 907 908 909
721 766 910 764
722 766 837 910
723 871 854 764
724 768 874 770
725 874 844 770
726 911 761 875
727 911 912 761
728 893 798 913
729 798 713 913
730 834 843 914
731 843 842 914
732 834 915 65
733 915 64 65
734 809 879 810
735 809 905 879
736 873 226 874
737 818 884 819
738 916 917 918
739 226 919 874
740 899 802 920
741 802 921 920
742 922 25 646
743 915 834 914
744 25 922 923
745 917 924 918
746 25 26 646
747 925 153 926
748 740 925 926
749 926 153 154
750 877 927 928
751 877 929 927
752 930 931 928
753 932 212 933
754 934 935 883
755 935 936 883
756 934 937 938
757 939 829 869
758 931 878 928
759 878 877 928
760 934 882 937
761 934 883 882
762 836 940 941
763 844 919 842
764 844 874 919
765 10 938 937
766 10 11 938
767 892 942 213
768 939 943 829
769 939 869 944
770 869 945 944
771 152 946 895
772 932 933 947
773 948 949 950
774 948 951 949
775 942 892 950
776 952 953 904
777 953 954 904
778 952 895 946
779 931 930 141
780 444 955 604
781 930 140 141
782 211 212 932
783 879 929 877
784 879 954 929
785 883 936 884
786 936 951 884
787 956 957 958
788 956 959 957
789 904 954 905
790 954 879 905
791 960 961 447
792 962 963 964
793 915 914 703
794 927 965 966
795 927 967 965
796 800 930 966
797 612 968 450
798 969 970 935
799 970 971 935
800 969 938 796
801 962 972 963
802 451 973 974
803 975 976 507
804 930 928 966
805 928 927 966
806 969 934 938
807 969 935 934
808 942 950 977
809 950 949 977
810 976 978 507
811 911 875 979
812 980 952 946
813 980 953 952
814 875 97 979
815 981 893 913
816 949 982 977
817 949 983 982
818 947 942 977
819 980 984 953
820 984 985 953
821 980 946 740
822 929 967 927
823 929 985 967
824 935 971 936
825 971 983 936
826 800 966 801
827 966 965 801
828 986 987 988
829 754 138 139
830 795 969 796
831 795 970 969
832 987 989 988
833 12 13 751
834 951 983 949
835 951 936 983
836 953 985 954
837 985 929 954
838 965 720 801
839 965 721 720
840 990 917 916
841 896 898 991
842 795 718 970
843 718 717 970
844 981 992 893
845 993 994 902
846 965 967 721
847 967 995 721
848 717 971 970
849 717 996 971
850 947 977 742
851 977 982 742
852 997 899 920
853 994 900 902
854 727 980 740
855 727 984 980
856 997 731 899
857 998 554 999
858 982 743 742
859 982 996 743
860 228 947 742
861 727 726 984
862 726 995 984
863 962 964 1000
864 974 612 450
865 554 1001 999
866 717 719 996
867 998 1002 638
868 1002 570 638
869 720 722 672
870 1003 911 979
871 855 871 480
872 1003 1004 911
873 668 716 718
874 981 913 1005
875 913 830 1005
876 983 996 982
877 983 971 996
878 997 920 1006
879 1007 210 227
880 1007 209 210
881 920 1008 1006
882 234 155 1009
883 155 156 1009
884 984 995 985
885 995 967 985
886 1010 939 944
887 1010 1011 939
888 451 974 450
889 612 974 614
890 861 1012 1013
891 861 202 1012
892 1010 944 1014
893 991 898 1015
894 944 1016 1014
895 1017 900 994
896 1018 1019 890
897 444 604 960
898 1019 163 890
899 444 960 447
900 882 818 749
901 1020 755 774
902 606 960 604
903 1003 979 1021
904 979 98 1021
905 1022 272 374
906 759 750 1023
907 373 327 329
908 745 810 878
909 1022 1024 272
910 1025 981 1005
911 1025 1026 981
912 376 266 1027
913 266 1028 1027
914 1029 997 1006
915 1029 870 997
916 1030 1003 1021
917 1030 1031 1003
918 1032 551 1033
919 1032 1034 551
920 1025 1005 1035
921 1005 943 1035
922 1036 1010 1014
923 1036 1037 1010
924 1029 1006 1038
925 1006 1039 1038
926 722 630 672
927 1036 1014 1040
928 668 625 716
929 990 1041 917
930 1042 563 1043
931 563 1044 1043
932 1045 916 918
933 1046 1047 1048
934 1049 991 1050
935 270 1051 268
936 1051 1052 268
937 991 1015 1050
938 306 1053 304
939 1054 994 993
940 306 1055 1053
941 1030 1021 1056
942 1021 99 1056
943 1057 1025 1035
944 1057 1058 1025
945 1059 1029 1038
946 1054 1017 994
947 1059 945 1029
948 1060 1030 1056
949 1060 1061 1030
950 1057 1035 1062
951 1035 1011 1062
952 1059 1038 1063
953 1038 1064 1063
954 1065 613 1066
955 1065 1052 613
956 619 679 1067
957 1068 603 1069
958 603 1055 1069
959 1060 1056 1070
960 1056 100 1070
961 1071 1057 1062
962 1048 1072 1046
963 1073 1059 1063
964 1073 1016 1059
965 1074 1060 1070
966 1074 1075 1060
967 346 373 329
968 327 373 352
969 1076 189 190
970 1071 1062 1077
971 1062 1037 1077
972 659 229 657
973 1027 415 376
974 415 868 376
975 1047 1078 1048
976 655 232 653
977 1079 1080 1081
978 1073 1063 1082
979 1063 1083 1082
980 1049 1050 964
981 374 421 1022
982 1084 1085 993
983 1085 1054 993
984 374 891 421
985 397 1086 1087
986 397 1088 1086
987 1089 1090 383
988 1090 1091 383
989 1033 667 1032
990 1033 1092 667
991 1093 1094 1095
992 1094 1096 1095
993 833 1097 1098
994 833 835 1097
995 964 1050 813
996 1074 1070 1099
997 1070 101 1099
998 1043 663 1042
999 663 1100 1042
1000 791 1054 1085
1001 1101 1071 1077
1002 1081 1080 1102
1003 317 245 247
1004 317 989 245
1005 1103 1074 1099
1006 1103 1104 1074
1007 1105 420 663
1008 1105 1088 420
1009 1079 1106 1080
1010 1107 1108 1109
1011 667 416 1110
1012 416 1091 1110
1013 1108 1111 1109
1014 1112 1113 859
1015 1113 1114 859
1016 1115 1116 1073
1017 1101 1077 1117
1018 1077 1118 1117
1019 1119 1120 1121
1020 1122 852 1123
1021 1103 1099 1124
1022 1099 102 1124
1023 1125 840 839
1024 1125 839 1126
1025 1127 435 1128
1026 435 1129 1128
1027 964 813 1000
1028 1130 1125 1126
1029 1131 791 1085
1030 1125 1130 1132
1031 1133 1040 1134
1032 1135 1136 1137
1033 1136 1138 1137
1034 1137 1138 1139
1035 1140 1141 1142
1036 1141 1143 1142
1037 1144 426 428
1038 426 1144 1145
1039 1146 200 201
1040 1147 1103 1124
1041 1147 1148 1103
1042 1149 1150 1151
1043 1150 1152 1151
1044 1153 1149 1151
1045 1153 921 1149
1046 1154 1145 1144
1047 1155 1156 1157
1048 164 165 1158
1049 1159 1160 1161
1050 1159 199 1160
1051 1162 1140 1142
1052 1162 1163 1140
1053 1164 1165 1166
1054 1137 1139 1167
1055 1165 166 1166
1056 1168 1101 1117
1057 1168 1169 1101
1058 1170 1171 1172
1059 1147 1124 1173
1060 1124 103 1173
1061 1174 459 1175
1062 1176 557 1177
1063 459 471 1175
1064 1174 1178 1179
1065 1178 1180 1179
1066 1181 395 1182
1067 1183 1147 1173
1068 1183 1184 1147
1069 1182 1185 1181
1070 1186 1187 1188
1071 1153 1151 1189
1072 1186 185 1187
1073 1190 1153 1189
1074 1190 1008 1153
1075 1191 779 1192
1076 779 239 1192
1077 1182 581 1185
1078 1193 385 1194
1079 1194 1195 1193
1080 269 1034 271
1081 1195 584 1193
1082 310 1044 305
1083 1168 1117 1078
1084 641 1196 642
1085 1183 1173 1197
1086 1173 104 1197
1087 1198 1199 1200
1088 1201 1199 1198
1089 1202 1183 1197
1090 1202 1203 1183
1091 1190 1189 1204
1092 1189 1205 1204
1093 24 25 923
1094 1206 1207 1208
1095 1209 1039 1190
1096 1210 205 206
1097 550 1211 549
1098 550 1212 1211
1099 159 160 1213
1100 549 1033 551
1101 1208 1207 908
1102 1214 1164 1215
1103 1100 1164 1214
1104 1216 706 1217
1105 1218 1219 1220
1106 1219 1221 1220
1107 679 1222 1223
1108 1224 669 1092
1109 1223 1222 1225
1110 1222 679 1226
1111 1100 664 1227
1112 746 1228 808
1113 562 1214 561
1114 1214 1229 561
1115 563 1042 562
1116 692 808 1228
1117 1230 1231 1232
1118 706 1233 1217
1119 924 458 1234
1120 1235 1236 1237
1121 1236 1238 1237
1122 1239 1240 1235
1123 1239 1221 1240
1124 1202 1197 1241
1125 1197 105 1241
1126 246 245 1242
1127 692 773 808
1128 1161 1243 1159
1129 924 471 458
1130 1154 583 1145
1131 318 1244 316
1132 1245 1246 1247
1133 1234 1248 1249
1134 1250 1245 1247
1135 1250 1251 1245
1136 1246 1252 1247
1137 1246 1253 1252
1138 1166 1215 1164
1139 1248 1254 1249
1140 1255 1256 1257
1141 1256 1258 1257
1142 1259 1202 1241
1143 1259 1260 1202
1144 1261 1262 1263
1145 1261 1264 1262
1146 1265 1141 1266
1147 1141 1267 1266
1148 1268 1269 1270
1149 1269 1271 1270
1150 1272 1273 1274
1151 1275 1276 1277
1152 1275 1278 1276
1153 1279 1280 1281
1154 1110 1032 667
1155 1091 271 1110
1156 1154 1282 1283
1157 1259 1241 1284
1158 1285 1286 1287
1159 1279 1288 1280
1160 1289 1248 1290
1161 1291 1045 1292
1162 1248 1293 1290
1163 663 1043 1105
1164 1105 310 1088
1165 1283 583 1154
1166 821 1294 1106
1167 1294 1295 1106
1168 821 823 1296
1169 1297 1298 1289
1170 1297 1299 1298
1171 909 1300 1301
1172 1300 909 1302
1173 1303 1083 1304
1174 1305 1259 1284
1175 1305 1306 1259
1176 1301 1300 117
1177 1307 1308 1309
1178 1310 1311 1312
1179 1310 1313 1311
1180 1314 1315 1316
1181 1307 157 158
1182 1317 1313 1264
1183 158 1308 1307
1184 1261 1318 1319
1185 1320 1321 1322
1186 1242 305 246
1187 1242 1096 305
1188 1321 1323 1322
1189 1324 1325 1326
1190 1270 269 1268
1191 269 835 1268
1192 1327 1328 1329
1193 1327 1201 1328
1194 775 1330 776
1195 1286 1331 1287
1196 690 147 1332
1197 1333 1334 1335
1198 1336 777 783
1199 1337 1338 1305
1200 1334 1339 1335
1201 1340 1341 1342
1202 1343 1344 780
1203 1344 1212 780
1204 1345 1346 1343
1205 1345 196 1346
1206 1340 1347 1341
1207 1348 1349 1350
1208 1324 1351 990
1209 1348 1258 1349
1210 820 819 698
1211 1256 1321 1352
1212 1353 1354 1355
1213 1353 1169 1354
1214 1256 1323 1321
1215 1356 1349 1352
1216 815 1357 1358
1217 815 1229 1357
1218 1358 1359 1360
1219 1359 169 1360
1220 1336 1361 777
1221 1362 1363 1364
1222 864 1296 1365
1223 1356 1366 1349
1224 1362 1367 1363
1225 1368 1369 1337
1226 867 1354 1370
1227 1371 1372 1373
1228 1371 1374 1372
1229 1375 1376 1364
1230 1377 1378 1379
1231 1377 1380 1378
1232 1379 1112 1381
1233 1112 860 1381
1234 1382 1383 1384
1235 1382 402 1383
1236 1375 1385 1376
1237 1386 1387 1388
1238 1387 34 1388
1239 1389 1390 1391
1240 1390 1392 1391
1241 1393 1394 1395
1242 1396 1397 1398
1243 1397 1251 1398
1244 1393 1399 1394
1245 1320 1400 1395
1246 1320 1401 1400
1247 1402 1403 1404
1248 1402 1405 1403
1249 1406 1407 1408
1250 1407 1409 1408
1251 1410 1156 1411
1252 1410 1157 1156
1253 1370 1412 867
1254 1370 1413 1412
1255 1414 1415 1406
1256 1414 1416 1415
1257 1408 1414 1406
1258 1408 1417 1414
1259 1418 858 1419
1260 858 1420 1419
1261 1418 1393 1421
1262 1393 1422 1421
1263 1423 1102 1424
1264 1425 110 1426
1265 1159 1243 1427
1266 1122 856 852
1267 1428 1429 1430
1268 1431 1215 1166
1269 1428 1203 1429
1270 1432 1433 1434
1271 147 690 772
1272 1102 1435 1424
1273 408 1436 1423
1274 147 148 1332
1275 173 174 439
1276 408 1437 1436
1277 708 948 1438
1278 1198 1415 1439
1279 1198 1200 1415
1280 1440 1441 1371
1281 1441 1374 1371
1282 1442 1443 1444
1283 1445 1446 1440
1284 1442 1447 1448
1285 1447 1449 1448
1286 1444 1447 1442
1287 1445 1450 1446
1288 1451 1452 1453
1289 1452 1454 1453
1290 1439 1455 1456
1291 1439 1416 1455
1292 1456 1457 1458
1293 1457 1459 1458
1294 708 845 948
1295 1356 1394 1460
1296 1356 1461 1394
1297 1458 594 1462
1298 1458 1459 594
1299 1107 409 1463
1300 1107 411 409
1301 1464 1465 1466
1302 1465 1467 1466
1303 1468 1469 1470
1304 1469 1122 1470
1305 1471 1472 1473
1306 1471 1474 1472
1307 1473 1475 1297
1308 1475 1299 1297
1309 1476 1408 1477
1310 1408 1409 1477
1311 1478 1479 1480
1312 1479 1481 1480
1313 1478 1472 1463
1314 1472 1474 1463
1315 1482 403 1483
1316 1482 263 403
1317 1483 1484 1485
1318 1484 1486 1485
1319 819 709 698
1320 1487 1410 1488
1321 709 819 845
1322 1489 1490 1491
1323 1492 1341 1493
1324 1341 1347 1493
1325 1494 1495 1496
1326 1494 1497 1495
1327 1498 1378 1496
1328 1499 1500 1501
1329 1498 1502 1378
1330 1503 1504 1505
1331 1506 1507 1508
1332 1509 1510 1491
1333 1510 1487 1491
1334 1511 1322 1512
1335 1322 1323 1512
1336 1513 1455 1514
1337 1455 1416 1514
1338 1514 1515 1513
1339 1514 1516 1515
1340 1517 1518 1519
1341 1517 782 1518
1342 1520 1521 589
1343 1521 599 589
1344 1072 1522 1412
1345 1520 589 1512
1346 1078 1523 1524
1347 589 1525 1512
1348 1526 1527 1492
1349 1527 1528 1492
1350 1529 1530 1531
1351 1530 1347 1531
1352 1532 1533 1534
1353 1532 1497 1533
1354 1535 1536 1534
1355 779 778 301
1356 301 303 240
1357 303 1271 240
1358 309 817 816
1359 235 307 309
1360 235 248 307
1361 1535 1537 1536
1362 1538 1108 1539
1363 1108 1474 1539
1364 1540 1436 1541
1365 1540 1542 1436
1366 1543 1544 1545
1367 1544 1546 1545
1368 1335 1547 1548
1369 922 1549 1550
1370 1549 1551 1550
1371 1335 1339 1547
1372 1548 1495 1532
1373 1495 1497 1532
1374 1552 1553 1554
1375 1552 1555 1553
1376 1556 1557 1554
1377 1556 1558 1557
1378 1559 1387 1386
1379 425 1560 1561
1380 425 1562 1560
1381 1561 1563 1564
1382 1563 1565 1564
1383 1566 1567 1568
1384 1566 1569 1567
1385 1570 1566 1568
1386 1570 30 1566
1387 1571 237 1572
1388 1571 1244 237
1389 1573 1574 1575
1390 1573 1507 1574
1391 1192 238 1576
1392 238 1267 1576
1393 1549 922 645
1394 1573 1577 1578
1395 1579 1580 978
1396 1573 1581 1577
1397 1582 1580 1579
1398 508 978 1580
1399 1281 1583 1584
1400 1281 1585 1583
1401 1586 1389 1584
1402 1586 1587 1389
1403 1578 1400 1588
1404 1578 1422 1400
1405 1589 1508 1588
1406 1589 1590 1508
1407 1591 1592 1593
1408 1594 1595 1596
1409 1595 1597 1596
1410 1594 1598 424
1411 1599 1600 1601
1412 1598 407 424
1413 424 1595 1594
1414 424 1602 1595
1415 1574 1506 1603
1416 1574 1507 1506
1417 1603 1342 1604
1418 1342 1528 1604
1419 1605 1606 1607
1420 1605 1608 1606
1421 1609 1610 1607
1422 1609 1611 1610
1423 1612 1533 1613
1424 1533 1497 1613
1425 1612 1614 1615
1426 1614 1616 1615
1427 1617 1618 1619
1428 1620 1593 1621
1429 1617 1622 1618
1430 1619 1377 1575
1431 1377 1581 1575
1432 1623 1624 1625
1433 1623 1626 1624
1434 1609 1485 1627
1435 1609 1628 1485
1436 1503 1629 1504
1437 1543 1363 1630
1438 1631 1529 1632
1439 1631 1633 1529
1440 1634 1635 654
1441 1636 1637 1638
1442 1493 1530 1639
1443 1493 1347 1530
1444 1530 1640 1639
1445 1530 1633 1640
1446 1468 1641 1642
1447 1468 230 1641
1448 1642 1469 1468
1449 1642 1641 1643
1450 1641 179 1643
1451 1644 1645 1646
1452 1645 1647 1646
1453 1648 1464 1644
1454 1648 1331 1464
1455 1363 1367 1630
1456 851 1649 1650
1457 1651 1652 1653
1458 1652 1467 1653
1459 1654 1655 577
1460 1655 1437 577
1461 1656 1657 1658
1462 1656 1659 1657
1463 1649 1660 1650
1464 1432 1630 1433
1465 1661 1434 1662
1466 1661 1663 1434
1467 542 1664 1634
1468 1665 1666 1667
1469 1432 1668 1544
1470 1664 1635 1634
1471 1668 1546 1544
1472 1669 1670 1375
1473 1671 1672 1656
1474 1672 1659 1656
1475 1489 1673 1674
1476 1489 1675 1673
1477 1676 1519 1677
1478 1676 1678 1519
1479 1677 1679 591
1480 1679 1525 591
1481 1670 1385 1375
1482 1680 1681 1682
1483 1683 1518 1684
1484 1680 1685 1681
1485 1686 1687 1682
1486 1686 1688 1687
1487 1689 1515 1690
1488 744 743 1691
1489 1689 1692 1515
1490 1693 1679 1694
1491 797 1695 795
1492 1695 718 795
1493 801 1696 799
1494 801 720 1696
1495 1691 1135 1137
1496 1691 743 1135
1497 587 586 1076
1498 1454 1076 586
1499 1697 1698 1699
1500 1698 87 1699
1501 1700 1701 229
1502 1700 744 1701
1503 232 1702 741
1504 1702 725 741
1505 364 1703 1704
1506 1703 910 1704
1507 15 1705 1706
1508 15 16 1705
1509 657 1701 1167
1510 1701 1691 1167
1511 1707 1708 136
1512 1708 135 136
1513 1170 1702 655
1514 1170 1709 1702
1515 587 1076 190
1516 1710 1711 1712
1517 1713 1711 1710
1518 1714 1712 1711
1519 1017 881 1715
1520 881 880 1715
1521 1716 1717 1015
1522 1716 1718 1717
1523 806 1719 1720
1524 1719 1721 1720
1525 1722 1723 804
1526 1722 1724 1723
1527 1725 1726 1727
1528 1725 1728 1726
1529 1729 1730 1731
1530 1730 1732 1731
1531 1067 1223 290
1532 1223 1225 290
1533 264 443 442
1534 264 377 443
1535 461 460 274
1536 460 375 274
1537 1501 1733 1499
1538 312 1734 1735
1539 1734 312 1736
1540 312 503 1736
1541 794 792 1737
1542 792 1738 1737
1543 1739 812 814
1544 1739 1740 812
1545 126 1741 1637
1546 126 127 1741
1547 1742 1743 1744
1548 1743 1745 1744
1549 308 561 817
1550 308 817 309
1551 1746 1747 1748
1552 1747 21 1748
1553 910 1749 1704
1554 1749 1750 1704
1555 1744 1751 1752
1556 1751 1732 1752
1557 1753 1754 1755
1558 1753 1728 1754
1559 543 1756 1757
1560 1756 1758 1757
1561 716 1759 719
1562 1759 1136 719
1563 1023 1760 1761
1564 1023 1706 1760
1565 1742 1744 1762
1566 1763 1764 1020
1567 1764 1707 1020
1568 1765 1755 1766
1569 1755 1767 1766
1570 1768 1769 1770
1571 1769 1761 1770
1572 1771 1772 1773
1573 1771 1763 1772
1574 1774 1775 1768
1575 1774 1776 1775
1576 1773 1777 1778
1577 1777 1779 1778
1578 653 1780 1781
1579 1780 1307 1781
1580 1782 1783 659
1581 1229 817 561
1582 1779 1784 1778
1583 1762 1785 1786
1584 1762 1744 1785
1585 1787 1788 1765
1586 1784 1789 1778
1587 784 1790 872
1588 784 1791 1790
1589 1788 1755 1765
1590 1792 995 726
1591 1793 460 462
1592 743 996 1135
1593 797 1794 1775
1594 1794 759 1775
1595 1777 1795 799
1596 996 719 1135
1597 1777 774 1795
1598 1695 885 668
1599 1796 1309 1213
1600 1210 1797 1798
1601 161 1793 462
1602 1695 1776 885
1603 1135 719 1136
1604 672 1784 1696
1605 1784 1779 1696
1606 462 160 161
1607 319 1799 1800
1608 1801 1799 319
1609 441 443 1802
1610 1803 1804 1797
1611 1803 1805 1804
1612 940 1806 1807
1613 1806 1697 1807
1614 441 1802 204
1615 1782 1797 1808
1616 732 1806 940
1617 732 85 1806
1618 204 205 441
1619 208 209 1783
1620 1307 1780 157
1621 1780 156 157
1622 1809 1810 1172
1623 1809 1792 1810
1624 1097 268 1052
1625 1052 1098 1097
1626 835 268 1097
1627 1811 1736 278
1628 1679 1812 1694
1629 278 1736 503
1630 778 550 302
1631 301 778 302
1632 550 778 1212
1633 1266 1271 1269
1634 1269 1265 1266
1635 1693 1589 1511
1636 1571 1398 1813
1637 803 684 631
1638 820 1814 748
1639 1814 820 698
1640 624 687 807
1641 1499 1733 1815
1642 629 897 1789
1643 1170 1172 1709
1644 1709 1172 1810
1645 1691 1137 1167
1646 684 897 629
1647 1816 1550 1817
1648 1550 1816 1818
1649 1550 1551 1817
1650 176 231 1819
1651 972 1820 963
1652 1049 964 963
1653 963 1820 1049
1654 1702 232 655
1655 1702 1709 725
1656 1055 306 1094
1657 1094 1093 1055
1658 1094 306 1096
1659 1819 231 1821
1660 231 176 177
1661 1589 1401 1511
1662 118 119 907
1663 1224 862 669
1664 707 1822 1823
1665 1767 1824 1766
1666 572 633 640
1667 573 633 572
1668 640 569 572
1669 1790 225 873
1670 1791 225 1790
1671 873 872 1790
1672 1823 1822 919
1673 1825 618 515
1674 515 618 1067
1675 664 889 1227
1676 1782 1808 1783
1677 1766 1824 1826
1678 1808 208 1783
1679 653 234 1009
1680 653 232 234
1681 1827 1828 1815
1682 1811 1828 1827
1683 1829 609 1830
1684 1007 227 659
1685 227 229 659
1686 1831 609 1829
1687 1832 1833 1834
1688 1834 1833 1800
1689 901 900 806
1690 806 687 901
1691 251 695 1835
1692 1835 695 1836
1693 1836 1837 1835
1694 207 208 1808
1695 1810 726 725
1696 725 1709 1810
1697 1792 726 1810
1698 1087 395 397
1699 1087 955 395
1700 955 1182 395
1701 383 385 1089
1702 1144 428 1838
1703 1144 1839 1154
1704 385 968 1089
1705 385 1193 968
1706 906 905 752
1707 905 773 752
1708 657 229 1701
1709 744 1691 1701
1710 773 905 809
1711 1223 1067 679
1712 1840 282 674
1713 1795 774 754
1714 1795 800 799
1715 754 800 1795
1716 751 759 1794
1717 797 796 1794
1718 1794 796 751
1719 1698 1806 86
1720 1697 1806 1698
1721 86 87 1698
1722 1841 382 381
1723 381 714 1841
1724 678 282 1840
1725 804 898 897
1726 897 684 804
1727 1267 238 240
1728 1267 240 1266
1729 704 285 454
1730 454 702 704
1731 1576 1842 1843
1732 1129 433 432
1733 434 1844 432
1734 432 1844 1129
1735 1163 1842 1576
1736 1131 1845 1846
1737 1846 1845 1847
1738 1738 1131 1846
1739 257 256 456
1740 257 454 259
1741 1157 1569 1848
1742 1848 1569 32
1743 1849 4 5
1744 1749 1850 1750
1745 1749 910 836
1746 836 1850 1749
1747 1764 1851 1852
1748 1763 1851 1764
1749 1852 1707 1764
1750 906 1853 1854
1751 906 752 1853
1752 4 1849 218
1753 1438 948 950
1754 1000 1855 962
1755 962 1855 1856
1756 1855 1000 1740
1757 1227 1165 1164
1758 892 787 1438
1759 1100 1227 1164
1760 1243 1161 1211
1761 1161 1160 1224
1762 892 1438 950
1763 952 904 1854
1764 1854 904 906
1765 1854 790 895
1766 1161 1224 1092
1767 1857 1858 1760
1768 952 1854 895
1769 749 818 820
1770 1760 1858 1761
1771 808 810 745
1772 1332 1853 691
1773 1853 752 691
1774 730 729 1859
1775 1760 1706 1857
1776 627 1136 1759
1777 729 1860 1859
1778 1228 771 692
1779 1211 1161 1092
1780 690 692 771
1781 1797 1782 1803
1782 716 625 1759
1783 1803 1782 658
1784 1759 625 627
1785 1158 889 888
1786 872 767 788
1787 768 767 872
1788 73 788 767
1789 1861 1862 68
1790 67 68 1862
1791 164 1158 888
1792 1863 1860 763
1793 1860 766 763
1794 1860 729 766
1795 769 1864 767
1796 72 767 1864
1797 1261 1319 1317
1798 769 1865 1864
1799 769 770 1865
1800 1862 1865 876
1801 770 876 1865
1802 1849 699 217
1803 1866 1867 1868
1804 1868 1867 1869
1805 1849 700 699
1806 765 79 1863
1807 1837 1870 1743
1808 78 79 765
1809 354 327 1871
1810 820 748 749
1811 1743 1870 1745
1812 1743 1742 1837
1813 1871 327 352
1814 745 746 808
1815 352 337 1871
1816 767 72 73
1817 787 621 1438
1818 1438 621 708
1819 621 215 216
1820 863 862 1146
1821 863 1146 201
1822 621 787 215
1823 1854 1853 790
1824 149 150 1853
1825 150 790 1853
1826 1863 1872 1860
1827 1873 1860 1872
1828 1261 1317 1264
1829 699 620 217
1830 765 1863 763
1831 1859 1860 1873
1832 1865 1862 1861
1833 1874 1865 1861
1834 728 732 940
1835 836 728 940
1836 1332 691 690
1837 1875 1736 1876
1838 1865 1877 1864
1839 1734 1736 1875
1840 1877 1865 1874
1841 1863 80 1872
1842 79 80 1863
1843 1877 71 1864
1844 1864 71 72
1845 1826 1824 1878
1846 1878 1824 1856
1847 734 1862 841
1848 1879 1826 1878
1849 1880 256 258
1850 1862 876 841
1851 734 67 1862
1852 1881 1739 1869
1853 700 1849 5
1854 258 287 1880
1855 1777 799 1779
1856 1882 1739 1881
1857 1883 1884 1885
1858 1777 1773 774
1859 1885 1884 1886
1860 1887 1144 1838
1861 1776 797 1775
1862 146 3 772
1863 759 1768 1775
1864 771 145 146
1865 1332 149 1853
1866 1859 84 730
1867 1859 83 84
1868 1887 1838 658
1869 1814 6 7
1870 771 1228 145
1871 144 145 1228
1872 69 1 1874
1873 1874 1 70
1874 70 1877 1874
1875 1873 2 82
1876 1700 742 744
1877 81 2 1873
1878 1873 1872 81
1879 1700 229 228
1880 1861 69 1874
1881 228 742 1700
1882 68 69 1861
1883 1873 82 1859
1884 1839 1144 1887
1885 1859 82 83
1886 730 84 732
1887 728 730 732
1888 1888 1360 1889
1889 1889 1360 170
1890 1890 1891 1892
1891 725 727 741
1892 233 232 741
1893 1892 1891 322
1894 1666 1486 1667
1895 1893 1667 1894
1896 1886 1737 1875
1897 1875 1737 1895
1898 1896 1345 1897
1899 195 1345 1896
1900 925 152 153
1901 925 740 946
1902 946 152 925
1903 1898 1710 1226
1904 1899 1710 1898
1905 1712 1226 1710
1906 1900 1834 1867
1907 1867 1834 1901
1908 842 1822 914
1909 914 1822 703
1910 1902 1903 662
1911 1904 1905 1906
1912 847 19 1907
1913 1907 19 20
1914 698 700 1814
1915 5 6 700
1916 212 213 933
1917 942 947 933
1918 6 1814 700
1919 1849 217 218
1920 933 213 942
1921 1806 85 86
1922 312 311 503
1923 270 1090 1051
1924 1089 1908 1090
1925 1872 80 81
1926 1908 1051 1090
1927 70 71 1877
1928 1885 1827 1909
1929 1784 672 629
1930 629 1789 1784
1931 626 668 885
1932 1776 887 885
1933 1876 1827 1885
1934 1053 1086 304
1935 1086 1910 1087
1936 1086 1053 1910
1937 1090 270 1091
1938 1091 270 271
1939 1911 1664 543
1940 543 1757 1911
1941 1911 1757 1171
1942 147 772 3
1943 1839 1167 1912
1944 1912 1167 1139
1945 493 495 530
1946 495 91 530
1947 495 90 91
1948 931 745 878
1949 931 142 745
1950 141 142 931
1951 882 749 937
1952 573 595 634
1953 1913 635 634
1954 634 595 1913
1955 1914 803 631
1956 910 837 836
1957 631 632 1914
1958 1915 803 1914
1959 749 9 937
1960 937 9 10
1961 1088 304 1086
1962 310 304 1088
1963 1718 1916 1917
1964 1917 811 1718
1965 749 8 9
1966 142 143 745
1967 765 854 78
1968 748 7 8
1969 1332 148 149
1970 143 144 746
1971 1917 1916 1918
1972 7 748 1814
1973 1228 746 144
1974 1919 1920 1921
1975 1921 17 18
1976 1921 1920 17
1977 1922 1923 880
1978 880 793 1922
1979 1924 1923 1922
1980 1915 1757 1925
1981 976 455 978
1982 976 975 711
1983 711 455 976
1984 1926 1317 1319
1985 1927 1928 1929
1986 1928 1930 1929
1987 1929 1930 1931
1988 1747 1907 20
1989 1746 1907 1747
1990 20 21 1747
1991 1925 1757 1758
1992 1932 1658 1933
1993 1841 714 1934
1994 1934 714 89
1995 1925 1722 803
1996 1935 1722 1925
1997 1181 1024 395
1998 1024 396 395
1999 1905 1936 1906
2000 675 323 1850
2001 1850 323 1750
2002 385 1028 1194
2003 385 384 1028
2004 1937 1938 1905
2005 61 507 509
2006 1939 23 24
2007 1939 923 1818
2008 24 923 1939
2009 290 1940 289
2010 1880 287 289
2011 289 1940 1880
2012 509 60 61
2013 1941 242 1786
2014 244 242 1941
2015 1309 1942 1943
2016 606 1916 960
2017 960 1916 961
2018 1943 1942 1944
2019 1945 1946 1947
2020 1935 580 1948
2021 1948 580 447
2022 1943 1944 1634
2023 1634 654 1943
2024 18 847 1921
2025 1901 1799 1881
2026 1881 1799 1949
2027 1950 1951 1637
2028 1902 1951 1950
2029 1726 1771 1727
2030 1938 1936 1905
2031 1726 1728 1952
2032 1952 1771 1726
2033 1120 1119 1953
2034 1120 1142 1143
2035 1953 1142 1120
2036 1954 1955 1956
2037 1957 1955 1954
2038 1809 1172 1958
2039 1959 1960 1961
2040 1958 1172 1171
2041 364 871 1703
2042 764 910 1703
2043 1703 871 764
2044 1729 1770 1730
2045 1962 1732 1730
2046 1730 1770 1962
2047 1960 1963 1961
2048 1546 1960 1959
2049 1964 1476 1965
2050 1964 1417 1476
2051 974 1923 614
2052 973 1923 974
2053 1966 582 1967
2054 1968 828 133
2055 133 134 1968
2056 1546 1969 1960
2057 451 582 1966
2058 642 1970 643
2059 1968 1971 1972
2060 1973 1974 1975
2061 134 1971 1968
2062 1902 661 1951
2063 1951 661 125
2064 1721 1715 1966
2065 1966 1715 973
2066 1948 1716 1724
2067 687 626 886
2068 1973 1318 1974
2069 961 1716 1948
2070 1852 1851 1976
2071 886 901 687
2072 1977 1978 1979
2073 645 1236 1549
2074 1980 1551 1549
2075 1549 1236 1980
2076 1978 1981 1979
2077 1982 1002 1983
2078 1982 1984 1636
2079 1985 1986 1676
2080 1976 1851 1788
2081 1636 1002 1982
2082 1987 1988 1989
2083 1983 1984 1982
2084 1990 1285 1287
2085 1805 540 1804
2086 1284 1991 1992
2087 1798 1797 1804
2088 1804 540 1798
2089 1993 1994 1995
2090 1995 1994 531
2091 1996 1932 1990
2092 1985 1997 1986
2093 602 1434 600
2094 1434 1663 600
2095 1998 1858 1857
2096 1676 1999 1985
2097 476 475 2000
2098 2000 519 476
2099 649 2001 1638
2100 1196 1969 1546
2101 598 2001 649
2102 1999 2002 1985
2103 1638 650 649
2104 1344 1243 1212
2105 1344 1343 2003
2106 2003 1243 1344
2107 1785 1858 1998
2108 1973 2004 590
2109 1936 1361 1963
2110 2004 2002 590
2111 1989 2005 2006
2112 2005 2007 2006
2113 235 237 1244
2114 308 307 563
2115 318 235 1244
2116 2008 2009 1592
2117 1745 2010 1751
2118 1751 2010 1732
2119 1751 1744 1745
2120 551 303 302
2121 2011 2012 1954
2122 1954 2012 2013
2123 2008 2014 2009
2124 2015 1580 1957
2125 2016 1580 2015
2126 721 2017 722
2127 1146 1160 200
2128 995 2017 721
2129 2018 2019 2020
2130 1792 2017 995
2131 1809 2017 1792
2132 2021 2019 2018
2133 2022 335 2023
2134 2024 1327 2025
2135 2026 335 2022
2136 449 448 584
2137 449 582 451
2138 1754 2027 1767
2139 1728 2027 1754
2140 1833 2028 1892
2141 2028 2029 1892
2142 587 2030 585
2143 1767 1755 1754
2144 1222 2031 2032
2145 587 191 2030
2146 2033 2034 2035
2147 1226 2031 1222
2148 2034 1953 2035
2149 2032 1225 1222
2150 1315 2036 2037
2151 581 446 445
2152 2036 2038 2037
2153 1315 2039 2040
2154 2039 2041 2040
2155 447 580 445
2156 1201 1327 2024
2157 2042 1968 1972
2158 828 1968 2042
2159 1729 1731 903
2160 2043 2044 2045
2161 903 1731 902
2162 592 2046 502
2163 1898 679 678
2164 1226 679 1898
2165 241 1742 1762
2166 241 1835 1742
2167 251 1835 241
2168 592 1459 2046
2169 379 2047 2048
2170 2048 2047 2049
2171 1697 330 1807
2172 941 940 1807
2173 1807 330 941
2174 1750 362 1704
2175 1704 362 364
2176 1229 1215 1357
2177 2050 1358 1357
2178 1357 1215 2050
2179 693 2051 2052
2180 1555 1079 1081
2181 2043 2045 1272
2182 470 2053 2054
2183 2054 2053 2055
2184 436 2056 1177
2185 2057 2058 2011
2186 436 437 2056
2187 2059 537 536
2188 2060 2061 2062
2189 2061 2063 2062
2190 538 2064 536
2191 387 2065 1411
2192 165 1165 1158
2193 2066 2058 2057
2194 2043 2067 2044
2195 2065 1675 1411
2196 2068 2069 2070
2197 2068 1396 2069
2198 2071 2072 534
2199 1629 2072 2071
2200 1128 2073 321
2201 2073 1801 321
2202 2045 1298 1272
2203 2074 2075 2076
2204 426 2077 427
2205 2078 2058 2079
2206 2079 2058 2080
2207 1667 1486 1894
2208 2081 2082 2083
2209 807 1720 2084
2210 1298 1299 1272
2211 2084 1720 1967
2212 1817 826 2085
2213 2085 1816 1817
2214 1551 826 1817
2215 2042 294 828
2216 2086 2087 2088
2217 2042 1972 1787
2218 2087 2089 2088
2219 1787 294 2042
2220 298 2090 2091
2221 292 291 2092
2222 292 130 131
2223 298 827 2090
2224 2091 2093 2094
2225 2093 2095 2094
2226 2096 2097 350
2227 1818 1816 524
2228 524 1816 484
2229 524 523 1818
2230 1942 545 1944
2231 1942 1309 1796
2232 1796 545 1942
2233 1696 720 672
2234 1696 1779 799
2235 668 718 1695
2236 797 1776 1695
2237 1522 867 1412
2238 2098 2099 389
2239 2099 1562 389
2240 847 1941 2100
2241 1786 1919 2100
2242 2100 1941 1786
2243 2101 2102 2103
2244 2104 1802 443
2245 443 377 2104
2246 674 282 281
2247 2101 2105 2102
2248 283 673 281
2249 2089 2097 2096
2250 2106 2107 2108
2251 55 2107 2106
2252 2109 2110 1397
2253 2103 2088 2111
2254 2112 2113 1989
2255 2088 2114 2111
2256 460 1793 2115
2257 2115 375 460
2258 2116 1844 434
2259 1949 1844 2116
2260 2117 2118 816
2261 2117 2119 2118
2262 2120 2121 2122
2263 2123 2012 2078
2264 2124 2012 2123
2265 2121 2125 2122
2266 2126 2127 2128
2267 1898 678 1899
2268 2129 2127 2126
2269 2112 2130 2113
2270 1457 2131 2132
2271 2133 2134 2135
2272 1457 2136 2131
2273 686 2134 2133
2274 2083 2137 2081
2275 2138 2139 2140
2276 2141 2119 2142
2277 2140 2139 2143
2278 2144 2145 2133
2279 1571 2069 1398
2280 1571 2146 2069
2281 1045 2147 916
2282 2147 1325 916
2283 2133 2145 652
2284 2148 2149 2150
2285 1212 1243 1211
2286 2148 1218 2149
2287 1092 549 1211
2288 2151 2152 2153
2289 2154 1913 296
2290 2154 1787 1765
2291 296 1787 2154
2292 2031 1226 1712
2293 2031 2066 2032
2294 324 323 675
2295 2151 560 2152
2296 324 673 283
2297 1850 836 941
2298 941 675 1850
2299 360 2155 2156
2300 2142 2119 2157
2301 845 951 948
2302 845 819 951
2303 1120 2158 1121
2304 2156 2159 360
2305 2160 999 2161
2306 2160 2098 1983
2307 1983 999 2160
2308 2161 2098 2160
2309 1120 1143 2158
2310 884 951 819
2311 1325 990 916
2312 250 249 2162
2313 2163 2164 2165
2314 250 696 251
2315 2162 696 250
2316 2166 1712 1714
2317 2166 2080 2066
2318 1214 1215 1229
2319 2163 1832 2164
2320 2167 2168 2169
2321 1214 562 1100
2322 2168 53 2169
2323 1138 1136 627
2324 1138 2170 1139
2325 1131 1085 1845
2326 1084 1847 1845
2327 2171 2172 1208
2328 1845 1085 1084
2329 2173 2174 2032
2330 2173 1956 2175
2331 2172 1206 1208
2332 2175 2174 2173
2333 298 297 827
2334 298 2091 300
2335 1040 2176 1134
2336 576 2072 2177
2337 2176 2178 1134
2338 2006 2112 1989
2339 2179 2180 2181
2340 1846 2182 2183
2341 2181 2180 2184
2342 2182 2185 2183
2343 2186 2168 2187
2344 2186 52 2168
2345 2188 2189 2008
2346 2190 2127 2191
2347 1837 1742 1835
2348 2191 2127 2192
2349 2008 2189 2014
2350 2193 2194 2195
2351 2195 2196 2197
2352 2006 2021 2112
2353 2106 2169 54
2354 2198 2186 2199
2355 2198 51 2186
2356 2200 2201 1351
2357 2200 2202 2201
2358 1351 2203 2200
2359 2204 1965 1904
2360 1697 715 331
2361 331 330 1697
2362 2195 2194 2196
2363 331 715 333
2364 814 811 1917
2365 1918 1868 1917
2366 1917 1868 814
2367 839 2205 1126
2368 2206 2207 2208
2369 2206 1253 2207
2370 1762 1786 242
2371 242 241 1762
2372 1601 1600 2209
2373 280 282 619
2374 1965 2210 1904
2375 2209 1570 1601
2376 280 617 283
2377 29 1570 2209
2378 2211 2199 2187
2379 1279 2212 499
2380 497 499 2212
2381 2213 2214 2215
2382 2216 2217 2218
2383 2217 2219 2218
2384 2215 2214 2220
2385 2105 2221 2199
2386 2052 2222 2223
2387 2224 2181 2139
2388 707 286 285
2389 2222 2225 2223
2390 2139 2181 2108
2391 2226 2079 2227
2392 909 1301 907
2393 2227 2079 2228
2394 2229 2230 2231
2395 2232 2230 2229
2396 2230 2233 2234
2397 2235 2233 2230
2398 1301 118 907
2399 2233 2236 2237
2400 236 1572 237
2401 1279 2238 2212
2402 1294 1072 1295
2403 2239 2005 1287
2404 1522 1072 1294
2405 2240 2236 2233
2406 1856 972 962
2407 2236 2241 2242
2408 887 1776 1774
2409 1768 1729 1774
2410 1774 1729 887
2411 1778 1727 1773
2412 2243 2244 2245
2413 1789 1727 1778
2414 570 2001 568
2415 2246 2243 2247
2416 598 569 568
2417 568 2001 598
2418 293 132 828
2419 2244 2243 2246
2420 828 291 293
2421 131 132 293
2422 1922 793 794
2423 1922 1884 1924
2424 794 1884 1922
2425 1945 2248 2249
2426 2239 2007 2005
2427 2250 2010 1745
2428 2250 1084 993
2429 2249 2251 2252
2430 993 2010 2250
2431 1745 1084 2250
2432 2251 2253 2252
2433 255 2254 2255
2434 776 781 777
2435 2239 1331 1648
2436 1460 2256 2257
2437 2258 1714 2259
2438 2260 2248 2261
2439 2258 2228 2080
2440 1767 2027 1820
2441 2248 1369 2261
2442 1820 2027 1049
2443 1820 972 1767
2444 2262 2241 2236
2445 1710 1899 1713
2446 2143 2107 2263
2447 2260 2264 2251
2448 2264 2225 2251
2449 624 807 2265
2450 2266 2056 2267
2451 2265 627 624
2452 2265 807 2170
2453 2263 2107 56
2454 238 1192 239
2455 2268 14 15
2456 2268 1706 1023
2457 15 1706 2268
2458 1449 2269 2270
2459 136 137 2271
2460 2056 437 2267
2461 2141 2118 2119
2462 2141 1572 2118
2463 1020 1707 2271
2464 2271 1707 136
2465 1724 1015 1723
2466 2272 2273 1191
2467 898 804 1723
2468 1723 1015 898
2469 2274 2015 2013
2470 2275 2015 2274
2471 2276 2215 2180
2472 1634 535 542
2473 543 1664 542
2474 1719 1017 1721
2475 1426 110 111
2476 1719 806 900
2477 900 1017 1719
2478 127 2277 1741
2479 1638 1637 1741
2480 1741 2277 1638
2481 1708 1971 135
2482 1708 1707 1852
2483 1852 1971 1708
2484 16 1920 1705
2485 1857 1706 1705
2486 1705 1920 1857
2487 2180 2215 2278
2488 2263 2279 2280
2489 2272 1897 2273
2490 57 2279 2263
2491 2279 2281 2275
2492 224 223 477
2493 224 516 226
2494 58 2281 2279
2495 2282 2264 2283
2496 1672 2284 2285
2497 2286 2287 2288
2498 2234 2287 2286
2499 2287 2289 2290
2500 2291 2292 193
2501 2292 192 193
2502 1399 2256 1460
2503 1129 1844 2073
2504 2293 1646 394
2505 2073 1844 1801
2506 2073 1128 1129
2507 294 291 828
2508 294 1787 296
2509 1204 2294 1190
2510 2237 2289 2287
2511 2289 2295 2296
2512 2294 1209 1190
2513 2242 2295 2289
2514 2140 2274 2124
2515 2280 2274 2140
2516 2297 2298 2299
2517 2299 2298 2235
2518 2300 2301 2298
2519 1952 1788 1851
2520 1851 1763 1952
2521 1232 2302 2282
2522 1858 1785 1962
2523 1962 1761 1858
2524 2302 2303 2282
2525 1383 1453 1454
2526 1287 1331 2239
2527 438 173 439
2528 317 2304 988
2529 2304 2305 988
2530 2298 2301 2240
2531 1454 1384 1383
2532 835 2306 1268
2533 128 650 2277
2534 2277 650 1638
2535 2277 127 128
2536 1941 2307 244
2537 835 2308 2306
2538 1904 2210 2309
2539 847 2307 1941
2540 2241 2259 2242
2541 2241 2262 2228
2542 2310 2255 2254
2543 2311 2227 2301
2544 2301 2227 2262
2545 394 1646 1647
2546 889 1158 1227
2547 2312 2134 2313
2548 2313 2134 762
2549 1713 2314 2315
2550 2315 2314 2316
2551 1542 1081 1102
2552 1158 1165 1227
2553 1728 1725 2027
2554 1292 2044 2317
2555 2044 2067 2317
2556 1448 2318 1442
2557 2318 959 1442
2558 2023 2097 2319
2559 2319 2097 2320
2560 2321 2123 2226
2561 2322 2323 2185
2562 1836 2323 2322
2563 2324 2209 1600
2564 2057 2011 1956
2565 2324 28 2209
2566 2325 2326 2203
2567 2310 2327 2255
2568 2057 2032 2066
2569 2328 2326 2325
2570 2138 2123 2321
2571 2328 1449 2326
2572 2284 1997 2285
2573 1355 2329 254
2574 993 1731 2010
2575 1425 109 110
2576 2010 1731 1732
2577 251 241 243
2578 244 249 243
2579 2329 2330 254
2580 2319 2331 2332
2581 2213 2331 2319
2582 2331 2333 2297
2583 26 644 646
2584 644 27 2324
2585 482 525 484
2586 482 481 1746
2587 1746 525 482
2588 1711 1713 2334
2589 1711 2259 1714
2590 704 1822 707
2591 644 26 27
2592 1224 1146 862
2593 2194 2335 1365
2594 2194 2193 2335
2595 703 1822 704
2596 632 1809 1958
2597 2336 1369 1368
2598 1171 1915 1958
2599 2337 2338 957
2600 2338 2339 957
2601 2340 2341 853
2602 2342 1425 2343
2603 1731 993 902
2604 2276 2333 2331
2605 2344 2345 2346
2606 2347 2348 2346
2607 2219 2217 2349
2608 2217 2196 2349
2609 1224 1160 1146
2610 2350 2351 2352
2611 2353 2350 2352
2612 1106 1295 1080
2613 2333 2354 2300
2614 2355 2356 2357
2615 1370 1169 1413
2616 2179 2354 2333
2617 1946 1306 1947
2618 1991 107 1992
2619 2356 1931 2357
2620 2358 2195 2197
2621 2359 2360 1312
2622 2359 1246 2360
2623 2341 2361 853
2624 2354 2321 2311
2625 2224 2321 2354
2626 2362 2363 2126
2627 2126 2363 2364
2628 2288 2365 2363
2629 2366 1312 2360
2630 2367 2368 2037
2631 2038 2367 2037
2632 2363 2365 2369
2633 2119 2117 2370
2634 2058 2078 2011
2635 2370 2117 1888
2636 2058 2066 2080
2637 1847 1870 2371
2638 1837 1836 2371
2639 1426 111 2372
2640 2371 1870 1837
2641 788 74 785
2642 785 74 75
2643 2373 2374 2375
2644 2374 1231 2375
2645 1084 1745 1870
2646 1870 1847 1084
2647 1585 1280 2132
2648 1280 2376 2132
2649 2377 2378 1616
2650 2377 2202 2378
2651 2236 2242 2237
2652 2236 2240 2262
2653 1369 1338 1337
2654 2379 1725 1727
2655 896 1725 2379
2656 1972 1852 1976
2657 1788 1787 1976
2658 2380 2381 2382
2659 1976 1787 1972
2660 2381 2383 2382
2661 1302 1207 2384
2662 1998 1857 1919
2663 1998 1786 1785
2664 1919 1786 1998
2665 2385 2344 2386
2666 2348 2387 2386
2667 2290 2388 2365
2668 1911 1170 1664
2669 1046 1413 1047
2670 2365 2388 2312
2671 1171 1170 1911
2672 2389 1840 2390
2673 1626 2391 823
2674 1899 1840 2389
2675 2391 2392 823
2676 1388 2393 2394
2677 1388 35 2393
2678 1187 2395 2396
2679 2384 1207 1206
2680 1206 2397 2384
2681 2398 2018 2020
2682 2399 2018 2398
2683 2296 2400 2388
2684 2388 2400 2135
2685 1187 186 2395
2686 2174 1940 1225
2687 2175 1940 2174
2688 1225 2032 2174
2689 1940 2175 1880
2690 1940 290 1225
2691 666 2177 2051
2692 2051 2177 2253
2693 758 1177 557
2694 758 757 2401
2695 2401 1177 758
2696 343 2191 2402
2697 2403 2404 1621
2698 2402 2191 2405
2699 1430 2406 1428
2700 1184 1428 2407
2701 1769 759 1023
2702 2403 1821 2404
2703 1992 107 108
2704 1023 1761 1769
2705 1768 759 1769
2706 1020 774 1772
2707 1772 1763 1020
2708 1772 774 1773
2709 2408 2409 2410
2710 2408 2411 2412
2711 435 433 1129
2712 435 1127 437
2713 1169 1370 1354
2714 1208 2413 1597
2715 1208 908 2413
2716 1524 1048 1078
2717 1273 1475 2414
2718 1620 2415 2416
2719 2415 2417 2416
2720 1524 2418 2419
2721 277 276 2376
2722 522 1083 1303
2723 2418 2414 2419
2724 504 1291 505
2725 222 473 2420
2726 222 326 473
2727 2421 2422 1192
2728 2422 1191 1192
2729 2423 2424 1565
2730 2423 1537 2424
2731 277 1288 279
2732 2120 2122 466
2733 2376 1288 277
2734 2414 1475 2425
2735 2079 2226 2078
2736 2079 2080 2228
2737 1338 1306 1305
2738 2295 2334 2296
2739 1627 1666 2426
2740 2295 2242 2259
2741 2041 1162 2427
2742 1666 1933 2426
2743 1284 2428 1305
2744 2429 2430 2431
2745 2076 2385 2074
2746 2427 2432 2041
2747 2433 2434 1819
2748 1819 175 176
2749 1819 2434 175
2750 2291 193 2435
2751 2327 1353 2255
2752 2435 193 194
2753 2347 2346 2436
2754 2436 2345 2338
2755 711 2437 702
2756 551 1034 1270
2757 1270 1271 551
2758 702 2437 703
2759 1550 1818 923
2760 923 922 1550
2761 2436 2346 2345
2762 1162 2438 1842
2763 804 803 1722
2764 1935 1724 1722
2765 515 512 1825
2766 515 1067 290
2767 1720 807 806
2768 246 1044 563
2769 563 248 246
2770 1720 1721 1967
2771 1162 2041 2438
2772 2439 2407 2049
2773 1579 456 1582
2774 431 433 2401
2775 253 252 2440
2776 1600 1599 1238
2777 431 607 434
2778 2401 607 431
2779 1824 1767 972
2780 972 1856 1824
2781 784 786 1791
2782 784 872 788
2783 1879 635 2441
2784 2441 635 1913
2785 2441 1826 1879
2786 612 611 968
2787 1148 2407 2439
2788 356 2402 2047
2789 2047 2402 2442
2790 2443 2083 2082
2791 1991 1241 106
2792 2443 2291 2083
2793 1481 2419 1480
2794 1012 203 2104
2795 2104 1013 1012
2796 202 203 1012
2797 2444 2410 326
2798 2444 2445 2411
2799 2419 2414 1480
2800 803 1915 1925
2801 1758 1935 1925
2802 955 605 604
2803 1351 2201 990
2804 501 2054 2071
2805 2233 2237 2234
2806 2233 2235 2240
2807 2201 1041 990
2808 1220 2446 2447
2809 2115 162 1019
2810 1019 1018 2115
2811 2255 1355 255
2812 2447 2446 2380
2813 1353 1355 2255
2814 2380 2448 2447
2815 1019 162 163
2816 2161 999 2449
2817 1001 2450 2449
2818 2449 999 1001
2819 2449 2450 2161
2820 1072 1048 2451
2821 2071 2054 2452
2822 1489 1491 1488
2823 1487 1488 1491
2824 2453 2454 2129
2825 1449 2270 1448
2826 1489 1488 1675
2827 1031 2454 2453
2828 1430 2055 2406
2829 1000 813 812
2830 812 1740 1000
2831 1284 1241 1991
2832 991 2455 896
2833 991 1049 2455
2834 800 2456 930
2835 2456 140 930
2836 938 2457 796
2837 938 11 2457
2838 2337 957 2318
2839 957 959 2318
2840 2458 2244 2412
2841 2458 2459 2244
2842 1205 2460 2461
2843 792 791 1131
2844 1131 1738 792
2845 2454 2462 2192
2846 608 607 2401
2847 2401 757 608
2848 1283 2170 2084
2849 1306 1260 1259
2850 2084 2170 807
2851 2084 1967 1283
2852 1061 2462 2454
2853 2463 2453 2364
2854 1004 2453 2463
2855 2464 1889 2465
2856 2326 2466 2203
2857 2465 1889 171
2858 2467 64 915
2859 2468 2439 2442
2860 701 311 313
2861 1231 2076 2075
2862 2460 2387 2461
2863 1104 2439 2468
2864 2469 2470 2471
2865 2469 2472 2470
2866 915 2437 2467
2867 63 64 2467
2868 313 2155 701
2869 2473 2474 1608
2870 2475 2474 2473
2871 2473 2060 2475
2872 2476 2477 497
2873 497 1500 498
2874 2122 2478 413
2875 2479 2478 2122
2876 2462 2468 2405
2877 1796 546 545
2878 538 1944 545
2879 2147 504 1325
2880 2147 1045 1291
2881 497 2477 1500
2882 1075 2468 2462
2883 1291 504 2147
2884 1313 1257 1258
2885 1258 1348 1313
2886 2480 2481 2482
2887 121 2481 2480
2888 2203 2466 2200
2889 2483 2484 2485
2890 2227 2311 2226
2891 2227 2228 2262
2892 2308 1143 1265
2893 1447 2466 2326
2894 2486 2487 2373
2895 2486 2373 2488
2896 2373 2487 2489
2897 2244 2459 2245
2898 1453 2490 1451
2899 2478 2096 370
2900 2114 2096 2478
2901 2491 2229 2492
2902 219 2493 2445
2903 1241 105 106
2904 2026 2229 2491
2905 2494 2286 2362
2906 2289 2296 2290
2907 1064 1039 1209
2908 2289 2237 2242
2909 2231 2286 2494
2910 2332 2299 2022
2911 1166 166 167
2912 2022 2299 2232
2913 540 539 1798
2914 167 1431 1166
2915 1451 2490 2396
2916 2343 2495 2496
2917 540 1805 427
2918 2497 1994 2390
2919 868 669 862
2920 494 1994 2497
2921 2166 2031 1712
2922 2066 2031 2166
2923 1425 2495 2343
2924 2496 1368 2343
2925 2258 2166 1714
2926 889 664 891
2927 1950 1984 1902
2928 1200 1199 2498
2929 1950 1637 1636
2930 1636 1984 1950
2931 198 199 1159
2932 249 481 2162
2933 244 481 249
2934 1159 1427 198
2935 2498 1199 1558
2936 1424 2499 1479
2937 2499 1481 1479
2938 1585 1281 1280
2939 1718 813 1717
2940 1050 1015 1717
2941 1242 989 1096
2942 1717 813 1050
2943 2500 512 288
2944 288 287 2500
2945 1260 1203 1202
2946 2080 2166 2258
2947 430 2048 2053
2948 2053 2048 2501
2949 1431 1359 2050
2950 167 168 1431
2951 1288 2376 1280
2952 168 1359 1431
2953 2502 789 76
2954 1995 2145 2316
2955 2502 855 480
2956 480 789 2502
2957 566 2145 1995
2958 2334 2295 1711
2959 2499 1424 1435
2960 2503 1615 2504
2961 2505 1615 2503
2962 2506 2507 2508
2963 881 1017 1054
2964 1054 791 881
2965 2146 2070 2069
2966 1396 1398 2069
2967 1231 2075 1232
2968 1711 2295 2259
2969 2264 2260 2283
2970 2085 297 299
2971 2264 1152 2225
2972 300 2509 299
2973 299 2509 2085
2974 1230 1232 2282
2975 2508 2507 407
2976 407 1598 2508
2977 2430 2510 2431
2978 2511 2198 2221
2979 2016 2281 2512
2980 2230 2234 2231
2981 2230 2232 2235
2982 2512 2281 59
2983 49 50 2511
2984 2513 1384 588
2985 2369 2313 2463
2986 2463 2313 912
2987 2085 484 1816
2988 2379 1789 897
2989 1727 1789 2379
2990 897 896 2379
2991 2259 2241 2258
2992 2258 2241 2228
2993 2502 77 855
2994 76 77 2502
2995 2315 2400 2334
2996 903 887 1729
2997 903 902 901
2998 1170 655 1635
2999 2144 2400 2315
3000 1921 2100 1919
3001 847 2100 1921
3002 1579 455 456
3003 1635 1664 1170
3004 1635 655 654
3005 265 264 442
3006 265 541 267
3007 50 2198 2511
3008 978 455 1579
3009 2514 292 2092
3010 130 292 2514
3011 2515 2441 1913
3012 1826 2441 2515
3013 846 2205 839
3014 2051 2253 2222
3015 1039 1008 1190
3016 2515 1766 1826
3017 1818 523 1939
3018 1939 523 23
3019 1197 104 105
3020 2301 2300 2311
3021 2301 2262 2240
3022 521 323 325
3023 2222 2052 2051
3024 2222 2253 2225
3025 283 617 325
3026 598 648 597
3027 1049 2027 2455
3028 1023 750 2268
3029 2092 596 597
3030 1725 896 2455
3031 2455 2027 1725
3032 597 648 2092
3033 2268 750 14
3034 2003 1346 1427
3035 1427 197 198
3036 1427 1346 197
3037 2516 2485 2484
3038 112 315 2372
3039 2271 755 1020
3040 137 755 2271
3041 1324 990 1325
3042 2025 2517 2024
3043 426 1195 2077
3044 2372 111 112
3045 2518 256 2175
3046 2302 2519 2303
3047 2518 1582 456
3048 456 256 2518
3049 1203 1184 1183
3050 2287 2290 2288
3051 2287 2234 2237
3052 1145 1195 426
3053 2302 1232 2075
3054 2075 2519 2302
3055 2064 1185 536
3056 536 1185 2059
3057 827 2520 2090
3058 2521 2091 2090
3059 2156 1735 2159
3060 2090 2520 2521
3061 2024 2517 2522
3062 2337 2270 2436
3063 2269 2347 2436
3064 2436 2270 2269
3065 461 274 273
3066 1350 2523 2208
3067 1366 2523 1350
3068 2189 2142 2524
3069 1765 1766 2515
3070 2525 2142 2189
3071 275 544 273
3072 122 123 2506
3073 2251 2249 2260
3074 2515 2154 1765
3075 1913 2154 2515
3076 2251 2225 2253
3077 2404 1468 1621
3078 2175 1955 2518
3079 824 821 1106
3080 2404 1821 230
3081 1413 1169 1168
3082 230 1468 2404
3083 2506 2481 122
3084 1699 714 715
3085 1729 1768 1770
3086 1761 1962 1770
3087 88 714 1699
3088 590 1999 591
3089 1771 1773 1727
3090 1771 1952 1763
3091 2518 1955 1582
3092 2526 2494 2128
3093 2492 2494 2526
3094 1871 2491 341
3095 498 1828 279
3096 2351 2350 2527
3097 2164 1095 2528
3098 1900 1095 2164
3099 337 2491 1871
3100 2371 2322 1847
3101 1836 2322 2371
3102 2173 2057 1956
3103 312 1735 313
3104 2156 2155 1735
3105 1735 2155 313
3106 2218 1673 2216
3107 1205 2519 2460
3108 2032 2057 2173
3109 2017 630 722
3110 2074 2387 2460
3111 2017 1809 632
3112 423 1088 397
3113 397 396 423
3114 632 630 2017
3115 1880 2175 256
3116 1840 1899 678
3117 1840 674 2390
3118 2265 1138 627
3119 2460 2519 2074
3120 2170 1138 2265
3121 632 1958 1914
3122 1914 1958 1915
3123 2229 2231 2492
3124 2229 2026 2232
3125 2326 1449 1447
3126 2484 2529 2516
3127 1008 921 1153
3128 1195 1194 2077
3129 1195 1145 584
3130 521 363 362
3131 362 1750 521
3132 2528 2165 2164
3133 1753 1952 1728
3134 1753 1755 1788
3135 1173 103 104
3136 1788 1952 1753
3137 1732 1962 1752
3138 1785 1744 1752
3139 2530 47 48
3140 2530 2531 2527
3141 1752 1962 1785
3142 343 2190 2191
3143 2192 2405 2191
3144 383 1091 417
3145 417 384 383
3146 537 2059 543
3147 1832 1900 2164
3148 654 1781 1943
3149 1943 1781 1309
3150 1001 554 556
3151 2532 1673 2218
3152 2317 2533 1291
3153 1291 1292 2317
3154 557 1339 556
3155 2471 2534 2535
3156 2536 2530 2527
3157 2527 2537 2536
3158 47 2530 2536
3159 653 1009 1780
3160 1780 1009 156
3161 2064 1181 1185
3162 2535 2538 2471
3163 581 2059 1185
3164 1783 1007 659
3165 1184 1148 1147
3166 209 1007 1783
3167 1955 2175 1956
3168 1955 1957 1582
3169 2348 2538 2535
3170 2539 823 2392
3171 2500 287 284
3172 284 286 2500
3173 2539 1365 1296
3174 1296 823 2539
3175 1934 494 1841
3176 2392 1365 2539
3177 1934 89 90
3178 1125 2540 840
3179 2063 2541 2542
3180 1132 2540 1125
3181 2360 2542 2366
3182 2360 1246 1245
3183 2319 2320 2213
3184 2319 2332 2023
3185 2512 508 2016
3186 2512 59 60
3187 1117 1118 1133
3188 488 464 528
3189 442 1798 539
3190 1245 2542 2360
3191 1843 2543 2544
3192 560 527 526
3193 535 1634 1944
3194 1944 538 535
3195 2542 2541 2366
3196 2493 219 221
3197 546 1796 461
3198 912 1004 2463
3199 2364 2369 2463
3200 517 518 553
3201 2545 321 320
3202 322 1891 320
3203 633 635 1830
3204 530 91 92
3205 500 501 534
3206 1848 32 33
3207 2448 2382 1405
3208 2034 2546 2547
3209 2033 2546 2034
3210 2298 2297 2300
3211 2298 2240 2235
3212 825 826 1980
3213 496 453 486
3214 523 22 23
3215 531 494 493
3216 648 650 129
3217 2547 1953 2034
3218 2380 2382 2448
3219 1993 2314 2389
3220 2389 2314 1899
3221 2389 2390 1993
3222 2286 2288 2362
3223 2529 2484 2548
3224 2286 2231 2234
3225 610 1830 609
3226 1831 607 609
3227 921 805 1149
3228 2180 2179 2276
3229 2180 2278 2184
3230 2181 2184 2108
3231 513 512 2500
3232 723 260 2549
3233 2500 516 513
3234 2465 438 2550
3235 2551 2552 344
3236 1253 2553 1252
3237 2305 1247 1252
3238 2551 344 2554
3239 2555 48 49
3240 2555 2556 2531
3241 2082 2557 2558
3242 2181 2224 2179
3243 2559 2423 1563
3244 1563 2423 1565
3245 1887 657 1167
3246 1167 1839 1887
3247 1124 102 103
3248 658 657 1887
3249 548 511 510
3250 1454 2560 1076
3251 187 188 1452
3252 616 548 547
3253 503 276 278
3254 1452 1451 187
3255 279 1811 278
3256 276 502 2376
3257 358 2561 2095
3258 2095 359 358
3259 360 2561 358
3260 282 678 619
3261 1163 1267 1140
3262 573 596 595
3263 296 1913 595
3264 1746 2307 1907
3265 1907 2307 847
3266 1563 1561 2559
3267 588 1384 586
3268 2558 2557 2562
3269 586 1384 1454
3270 1076 2560 189
3271 2009 2563 2433
3272 1844 1949 1801
3273 2434 2433 2563
3274 2167 2187 2168
3275 2178 1116 1115
3276 52 53 2168
3277 2266 1176 2056
3278 1920 16 17
3279 2014 2563 2009
3280 1382 2564 1277
3281 1277 2564 2565
3282 2471 2538 2469
3283 1920 1919 1857
3284 2491 2492 341
3285 1148 1104 1103
3286 2491 337 2026
3287 1141 1265 1143
3288 1141 1140 1267
3289 134 135 1971
3290 1852 1972 1971
3291 286 516 2500
3292 707 516 286
3293 2056 1176 1177
3294 2566 2045 2044
3295 2092 291 295
3296 295 596 2092
3297 2044 1292 2566
3298 2469 2538 2269
3299 1746 481 2307
3300 2307 481 244
3301 1733 2158 832
3302 2158 1733 1501
3303 2158 2308 832
3304 2567 1481 2499
3305 1435 2451 2499
3306 487 488 518
3307 2499 2451 2567
3308 2465 2550 2464
3309 438 2465 172
3310 2568 2552 2569
3311 2569 2552 850
3312 31 32 1569
3313 554 998 760
3314 2176 1014 1116
3315 1040 1014 2176
3316 1116 2178 2176
3317 566 531 529
3318 532 486 511
3319 567 569 640
3320 567 638 570
3321 2570 2061 2473
3322 1219 825 1221
3323 2129 2192 2127
3324 2190 2128 2127
3325 2129 2364 2453
3326 1004 1031 2453
3327 827 825 1219
3328 654 653 1781
3329 2473 2061 2060
3330 1307 1309 1781
3331 533 534 576
3332 2331 2213 2276
3333 2473 1608 2570
3334 2571 2572 2573
3335 2331 2297 2332
3336 2573 2572 2574
3337 2574 2575 2573
3338 360 2576 2155
3339 558 92 93
3340 2155 2576 701
3341 1929 2577 1927
3342 805 693 2052
3343 464 401 491
3344 139 140 2456
3345 800 754 2456
3346 2456 754 139
3347 2085 826 297
3348 805 2052 1150
3349 1150 1149 805
3350 2578 2577 1929
3351 849 2579 2580
3352 2221 2105 2556
3353 2299 2332 2297
3354 2299 2235 2232
3355 1808 2581 207
3356 1797 2581 1808
3357 2529 40 2516
3358 40 41 2516
3359 2582 2294 2534
3360 1304 2294 2582
3361 1092 669 667
3362 2372 315 2488
3363 1359 168 169
3364 484 2085 2509
3365 300 2162 2509
3366 154 234 926
3367 233 740 926
3368 926 234 233
3369 663 664 1100
3370 2494 2362 2128
3371 1099 101 102
3372 2494 2492 2231
3373 1782 659 658
3374 303 551 1271
3375 570 1636 2001
3376 1359 1358 2050
3377 247 248 318
3378 2001 1636 1638
3379 1077 1037 1118
3380 1739 1882 1740
3381 1739 814 1869
3382 1236 1235 1980
3383 2488 1426 2372
3384 2415 2583 2584
3385 1236 645 1238
3386 637 560 559
3387 527 490 489
3388 1162 1142 2427
3389 1620 2583 2415
3390 2427 1142 1953
3391 1043 1044 310
3392 762 912 2313
3393 248 563 307
3394 310 1105 1043
3395 1909 1815 831
3396 2585 2293 2586
3397 22 525 1748
3398 1748 525 1746
3399 1748 21 22
3400 932 227 211
3401 1104 1075 1074
3402 932 947 228
3403 228 227 932
3404 2087 2214 2320
3405 2086 2214 2087
3406 2320 2089 2087
3407 1738 1895 1737
3408 1886 794 1737
3409 2248 2260 2249
3410 2248 1338 1369
3411 2511 2555 49
3412 2511 2221 2556
3413 2556 2555 2511
3414 2586 2587 2585
3415 1883 1909 1098
3416 639 2588 760
3417 640 2588 639
3418 760 638 639
3419 1093 1900 1866
3420 387 1411 2589
3421 2585 2587 2590
3422 2369 2312 2313
3423 518 488 564
3424 701 502 311
3425 590 2002 1999
3426 2591 2592 2593
3427 315 314 2486
3428 840 2540 849
3429 2540 2579 849
3430 251 696 695
3431 697 1836 695
3432 319 321 1801
3433 2487 2486 2594
3434 2595 2596 1930
3435 1930 2596 2597
3436 437 1127 1114
3437 319 1800 322
3438 1015 1724 1716
3439 961 1718 1716
3440 1713 1899 2314
3441 472 474 2598
3442 2599 472 2598
3443 271 1034 1032
3444 1993 2316 2314
3445 1895 1734 1875
3446 1032 1110 271
3447 1051 1908 1052
3448 2097 2023 350
3449 2097 2089 2320
3450 469 470 501
3451 187 1451 2395
3452 2395 1451 2396
3453 2395 186 187
3454 1119 2600 2035
3455 1876 1886 1875
3456 1715 1721 1017
3457 968 1908 1089
3458 1715 880 973
3459 1935 1758 580
3460 794 1886 1884
3461 1087 1910 955
3462 1871 341 354
3463 396 1024 1022
3464 1883 1924 1884
3465 2035 2600 2033
3466 1022 423 396
3467 2035 1953 1119
3468 2182 2322 2185
3469 582 1283 1967
3470 2182 1846 1847
3471 1116 1016 1073
3472 468 399 453
3473 675 330 332
3474 333 673 332
3475 1847 2322 2182
3476 815 1358 1888
3477 815 817 1229
3478 2601 1213 160
3479 2601 461 1796
3480 190 191 587
3481 1881 1949 1882
3482 1881 1869 1901
3483 2561 2602 2095
3484 2561 360 2159
3485 2159 2602 2561
3486 1796 1213 2601
3487 1027 1028 384
3488 1825 617 618
3489 619 1067 618
3490 384 417 1027
3491 1811 1876 1736
3492 196 197 1346
3493 1244 1813 316
3494 2603 1892 2029
3495 2003 1343 1346
3496 2603 2206 1890
3497 1890 1892 2603
3498 2598 474 2410
3499 1055 1910 1053
3500 356 343 2402
3501 2029 2206 2603
3502 2405 2442 2402
3503 2457 11 12
3504 174 2434 439
3505 483 2509 2162
3506 2162 481 483
3507 484 2509 483
3508 1002 998 1983
3509 2457 751 796
3510 693 666 2051
3511 2139 2108 2143
3512 2139 2138 2224
3513 495 1934 90
3514 494 1934 495
3515 12 751 2457
3516 2199 2211 2105
3517 1002 1636 570
3518 1756 579 1758
3519 1756 543 2059
3520 2604 2537 2350
3521 2059 579 1756
3522 2547 2427 1953
3523 1070 100 101
3524 2437 915 703
3525 1983 1903 1984
3526 1984 1903 1902
3527 2095 697 2094
3528 300 2091 2094
3529 1063 1064 1083
3530 2281 2016 2275
3531 989 1242 245
3532 2281 58 59
3533 2537 2527 2350
3534 2022 2023 2332
3535 2605 1303 2472
3536 522 1303 2605
3537 2022 2232 2026
3538 1910 1055 605
3539 1062 1011 1037
3540 605 955 1910
3541 607 1831 434
3542 1868 1869 814
3543 1846 2183 1738
3544 2606 316 1813
3545 1813 1251 2606
3546 2397 2607 2608
3547 2608 2607 2339
3548 2609 2121 2610
3549 2376 502 2046
3550 1459 2132 2046
3551 2526 339 2492
3552 2526 2128 2190
3553 1075 1061 1060
3554 2190 339 2526
3555 611 1052 1908
3556 1908 968 611
3557 1868 1918 1866
3558 511 486 485
3559 2349 1365 2392
3560 2046 2132 2376
3561 1284 1992 2428
3562 2611 2612 2613
3563 2102 2211 2086
3564 2086 2103 2102
3565 2105 2211 2102
3566 706 705 1233
3567 706 1216 406
3568 2190 340 339
3569 2614 2121 2609
3570 2615 1175 471
3571 1897 1343 780
3572 1212 778 780
3573 552 553 623
3574 588 2443 2082
3575 2616 1175 2615
3576 2367 2617 1278
3577 2038 2617 2367
3578 2618 2619 2394
3579 1068 1866 1918
3580 341 2492 339
3581 2620 1829 1878
3582 1918 606 1068
3583 1924 1883 1066
3584 1878 1829 1879
3585 1878 1856 2620
3586 1066 614 1924
3587 2324 27 28
3588 2324 1600 1238
3589 2514 648 129
3590 1927 2619 2618
3591 172 173 438
3592 2373 2489 2374
3593 2076 1231 2374
3594 2092 648 2514
3595 129 130 2514
3596 2075 2074 2519
3597 2353 2205 2350
3598 2353 2614 1130
3599 1121 1501 1500
3600 205 1210 2621
3601 1205 2303 2519
3602 2254 2458 2622
3603 1016 945 1059
3604 1798 442 2621
3605 2621 1210 1798
3606 1821 2433 1819
3607 463 464 488
3608 2576 357 2623
3609 2421 1192 1843
3610 2364 2129 2126
3611 1889 170 171
3612 1889 2464 1888
3613 2128 2362 2126
3614 2623 357 2624
3615 509 2512 60
3616 508 2512 509
3617 2591 1683 2592
3618 666 576 2177
3619 2625 2489 2575
3620 2575 2626 2625
3621 2625 2626 2385
3622 2627 2111 2628
3623 2628 2111 2479
3624 2554 344 2629
3625 2215 2276 2213
3626 1047 1413 1168
3627 1168 1078 1047
3628 1740 2630 1855
3629 45 2629 344
3630 2620 1856 1855
3631 2215 2220 2278
3632 671 616 615
3633 2631 2206 2029
3634 2631 2553 1253
3635 1056 99 100
3636 1855 2630 2620
3637 1724 1935 1948
3638 447 961 1948
3639 492 2548 2484
3640 521 1750 323
3641 492 2632 2548
3642 2170 1282 1912
3643 1912 1282 1839
3644 1912 1139 2170
3645 1038 1039 1064
3646 1954 1956 2011
3647 472 2632 492
3648 2633 2634 2571
3649 115 2634 2633
3650 1954 2013 1957
3651 1035 943 1011
3652 2633 114 115
3653 1663 1440 1446
3654 1450 600 1446
3655 2334 1713 2315
3656 2316 2144 2315
3657 1446 600 1663
3658 2635 2200 2466
3659 126 1637 1951
3660 1951 125 126
3661 1061 1031 1030
3662 1253 2206 2631
3663 327 354 328
3664 260 2060 2549
3665 106 107 1991
3666 2452 2055 1430
3667 986 1252 2553
3668 2305 1252 986
3669 1069 1093 1866
3670 2325 1324 1326
3671 1699 715 1697
3672 1699 87 88
3673 1040 1133 1118
3674 1326 2636 2325
3675 2434 174 175
3676 1055 1093 1069
3677 1866 1068 1069
3678 1966 1967 1721
3679 194 195 1896
3680 1897 2137 1896
3681 1966 973 451
3682 2637 2152 2638
3683 2638 2152 637
3684 2614 2353 2352
3685 756 2588 610
3686 760 2588 756
3687 1842 2543 1843
3688 1842 1163 1162
3689 2333 2276 2179
3690 652 566 565
3691 2272 1191 2081
3692 2623 593 2576
3693 1178 1174 2639
3694 1178 2640 1180
3695 2272 2137 1897
3696 2333 2300 2297
3697 1879 1830 635
3698 2639 2640 1178
3699 2247 2409 2246
3700 2641 593 2623
3701 2597 2409 2247
3702 574 511 548
3703 2642 2643 406
3704 1126 2353 1130
3705 2417 2643 2642
3706 2205 2353 1126
3707 2081 2137 2272
3708 1128 321 2644
3709 760 998 638
3710 2645 2591 2593
3711 1883 1098 1065
3712 2644 321 2545
3713 1065 1098 1052
3714 1065 1066 1883
3715 675 941 330
3716 322 1833 1892
3717 1100 562 1042
3718 2484 2483 492
3719 1118 1037 1036
3720 492 2483 2420
3721 428 427 1805
3722 1036 1040 1118
3723 1805 1838 428
3724 2646 2101 2627
3725 2556 2101 2646
3726 2574 2608 2647
3727 2192 2129 2454
3728 1031 1061 2454
3729 575 576 666
3730 514 519 1825
3731 945 870 1029
3732 1825 512 514
3733 1838 1805 1803
3734 1803 658 1838
3735 2647 2608 2345
3736 2495 1425 1426
3737 2645 1590 2591
3738 576 534 2072
3739 1014 1016 1116
3740 2495 2375 2496
3741 2060 260 2475
3742 335 334 2023
3743 2060 2109 2549
3744 2167 2278 2220
3745 335 2026 337
3746 235 309 236
3747 235 318 248
3748 1283 582 583
3749 1058 1026 1025
3750 584 1145 583
3751 350 2023 334
3752 1221 825 1240
3753 1033 549 1092
3754 1980 1235 1240
3755 128 129 650
3756 1923 1924 614
3757 1923 973 880
3758 401 368 467
3759 2648 2587 2649
3760 255 2459 2254
3761 2590 2587 2648
3762 2459 2458 2254
3763 1021 98 99
3764 1240 825 1980
3765 1734 2650 1735
3766 1735 2650 2159
3767 2651 2652 2653
3768 2654 1681 641
3769 641 1681 1969
3770 1733 831 1815
3771 1215 1431 2050
3772 340 2190 343
3773 1969 1196 641
3774 1273 1272 1299
3775 239 301 240
3776 1271 1266 240
3777 1006 1008 1039
3778 62 63 2655
3779 711 975 2655
3780 628 93 94
3781 1064 1209 1304
3782 2653 2652 2579
3783 2655 975 62
3784 354 341 338
3785 868 377 376
3786 682 637 636
3787 1005 830 943
3788 686 762 2134
3789 2312 2135 2134
3790 555 554 760
3791 2390 382 2497
3792 1841 494 2497
3793 374 375 891
3794 2497 382 1841
3795 579 580 1758
3796 579 2059 581
3797 1031 1004 1003
3798 1993 2390 1994
3799 494 531 1994
3800 2183 2650 1895
3801 1184 1203 1428
3802 2501 2407 2406
3803 2530 2555 2531
3804 2185 2650 2183
3805 1895 1738 2183
3806 781 1632 2656
3807 2566 1292 1045
3808 490 466 465
3809 2657 2658 1670
3810 1045 918 2566
3811 2323 1836 697
3812 275 1024 1181
3813 1181 2064 275
3814 2329 865 2330
3815 1295 1072 2451
3816 2451 1435 1295
3817 2323 2602 2185
3818 2096 350 370
3819 2329 1355 1354
3820 2096 2114 2089
3821 1176 1339 557
3822 1354 865 2329
3823 697 2602 2323
3824 1018 891 375
3825 375 2115 1018
3826 429 430 470
3827 1037 1011 1010
3828 1811 279 1828
3829 226 516 1823
3830 1823 516 707
3831 1251 1813 1398
3832 48 2555 2530
3833 1823 919 226
3834 2659 2660 2661
3835 1026 2660 2659
3836 377 868 1013
3837 1013 2104 377
3838 2157 2119 2370
3839 1888 2464 2370
3840 1194 1028 267
3841 267 2077 1194
3842 1274 2662 2663
3843 850 846 838
3844 2003 1427 1243
3845 1088 423 420
3846 553 518 647
3847 2663 2662 1523
3848 2664 2634 1300
3849 1300 2634 116
3850 2665 320 1891
3851 944 945 1016
3852 2545 320 2665
3853 1799 1801 1949
3854 1799 1901 1800
3855 1882 2666 2630
3856 2630 2666 2620
3857 2387 2074 2386
3858 2386 2074 2385
3859 2630 1740 1882
3860 2296 2334 2400
3861 2452 1629 2071
3862 534 501 2071
3863 2169 53 54
3864 2658 1385 1670
3865 2144 2135 2400
3866 2524 440 2014
3867 2667 2668 2669
3868 416 417 1091
3869 61 975 507
3870 978 508 507
3871 870 731 997
3872 419 366 399
3873 2140 2143 2280
3874 379 356 2047
3875 1304 1083 1064
3876 2261 2283 2260
3877 361 363 2000
3878 2206 2208 1890
3879 2261 1369 2336
3880 2669 2668 2595
3881 2670 2669 2618
3882 2618 2669 1928
3883 361 479 364
3884 2305 2606 1250
3885 1250 1247 2305
3886 1250 2606 1251
3887 2000 479 361
3888 329 328 348
3889 1026 992 981
3890 2504 2378 2671
3891 2442 2049 2047
3892 2140 2124 2138
3893 606 1918 1916
3894 1718 961 1916
3895 979 97 98
3896 2566 1254 2045
3897 2671 2378 2202
3898 2012 2011 2078
3899 2012 2124 2013
3900 2672 479 480
3901 2672 871 364
3902 364 479 2672
3903 480 871 2672
3904 366 373 346
3905 920 921 1008
3906 357 359 2624
3907 357 2576 360
3908 2408 2444 2411
3909 2410 2444 2408
3910 2673 2674 2070
3911 913 713 830
3912 2675 1235 1237
3913 1238 1599 1237
3914 585 2443 588
3915 2279 2275 2280
3916 2279 57 58
3917 1004 912 911
3918 2159 2185 2602
3919 697 2095 2602
3920 1791 223 225
3921 1148 1184 2407
3922 2501 2049 2407
3923 61 62 975
3924 226 873 225
3925 2588 2676 610
3926 640 2676 2588
3927 2525 2674 2673
3928 199 200 1160
3929 300 2094 694
3930 861 863 202
3931 861 1013 868
3932 2589 1411 1156
3933 694 696 300
3934 694 2094 697
3935 1580 1582 1957
3936 1580 2016 508
3937 336 337 352
3938 314 2633 2594
3939 1011 943 939
3940 114 2633 314
3941 314 113 114
3942 2677 2450 2559
3943 1151 1152 2678
3944 2161 2450 2677
3945 2678 1189 1151
3946 1833 322 1800
3947 2678 1152 2303
3948 1165 165 166
3949 370 350 349
3950 2679 2680 2681
3951 2680 2679 220
3952 279 1288 499
3953 622 623 677
3954 2214 2213 2320
3955 2658 1986 2682
3956 220 2679 221
3957 2243 2683 2247
3958 486 453 452
3959 869 870 945
3960 342 343 356
3961 2650 2185 2159
3962 2650 1734 1895
3963 328 354 353
3964 124 125 661
3965 2247 2683 2597
3966 2684 2685 2485
3967 163 888 890
3968 891 1018 890
3969 2686 2485 2685
3970 506 2605 1326
3971 1267 1163 1576
3972 1843 1192 1576
3973 1902 662 661
3974 400 401 464
3975 1882 1949 2666
3976 1831 2620 2666
3977 1834 1800 1901
3978 713 671 670
3979 2316 1993 1995
3980 531 566 1995
3981 2077 267 541
3982 415 414 868
3983 2106 54 55
3984 2106 2108 2184
3985 415 1027 417
3986 380 382 674
3987 380 673 333
3988 1834 1900 1832
3989 2055 2452 2054
3990 501 470 2054
3991 731 677 899
3992 462 2601 160
3993 541 427 2077
3994 461 2601 462
3995 686 652 651
3996 1193 584 448
3997 448 968 1193
3998 2000 475 479
3999 1326 504 506
4000 522 2605 506
4001 992 894 893
4002 363 519 2000
4003 2290 2296 2388
4004 2135 2312 2388
4005 2687 2503 2504
4006 1239 1235 2675
4007 1830 1879 1829
4008 656 548 616
4009 2405 2192 2462
4010 1061 1075 2462
4011 875 96 97
4012 891 422 421
4013 423 1022 421
4014 2123 2078 2226
4015 2620 1831 1829
4016 2123 2138 2124
4017 2688 2503 2687
4018 2369 2364 2363
4019 2680 2689 2681
4020 2690 2632 2668
4021 2328 2691 1449
4022 2328 2325 2636
4023 2636 2691 2328
4024 347 348 368
4025 2668 2632 2599
4026 2120 466 490
4027 399 366 365
4028 2362 2288 2363
4029 802 805 921
4030 446 581 1182
4031 798 671 713
4032 1983 998 999
4033 1182 955 446
4034 665 666 693
4035 888 163 164
4036 2354 2179 2224
4037 544 275 2064
4038 2354 2311 2300
4039 1154 1839 1282
4040 2064 538 544
4041 1104 1148 2439
4042 2049 2442 2439
4043 169 170 1360
4044 1888 1358 1360
4045 2170 1283 1282
4046 680 94 95
4047 2568 2692 345
4048 2523 2257 1890
4049 912 762 761
4050 1890 2208 2523
4051 236 309 816
4052 2552 2568 344
4053 1366 2257 2523
4054 1915 1171 1757
4055 943 830 829
4056 351 352 373
4057 571 569 598
4058 571 596 573
4059 201 202 863
4060 344 2568 345
4061 1443 1442 959
4062 2478 370 413
4063 2478 2479 2114
4064 1831 2666 2116
4065 747 682 681
4066 2116 434 1831
4067 162 2115 1793
4068 2187 2199 2186
4069 355 356 379
4070 1793 161 162
4071 2116 2666 1949
4072 231 230 1821
4073 413 370 369
4074 205 2621 441
4075 1024 275 272
4076 51 52 2186
4077 1822 842 919
4078 851 853 2361
4079 2015 1957 2013
4080 644 2324 1238
4081 1238 645 644
4082 2015 2275 2016
4083 441 2621 442
4084 623 553 683
4085 2693 1368 2496
4086 2658 1678 1986
4087 724 731 870
4088 266 267 1028
4089 2336 1368 2693
4090 645 922 646
4091 348 328 371
4092 849 838 840
4093 2187 2167 2220
4094 2220 2211 2187
4095 2146 1572 2141
4096 603 1068 606
4097 2162 300 696
4098 603 605 1055
4099 779 301 239
4100 2165 2528 987
4101 478 475 1791
4102 430 379 2048
4103 2528 989 987
4104 2103 2086 2088
4105 2089 2114 2088
4106 2049 2501 2048
4107 123 124 660
4108 1931 2356 1929
4109 2144 2316 2145
4110 660 2506 123
4111 566 652 2145
4112 1791 786 478
4113 368 348 418
4114 1551 1980 826
4115 1929 2356 2578
4116 2554 2537 2604
4117 907 2694 908
4118 652 686 2133
4119 1983 2098 1903
4120 2135 2144 2133
4121 422 891 664
4122 382 2390 674
4123 1802 2104 203
4124 2263 2280 2143
4125 2263 56 57
4126 203 204 1802
4127 2107 55 56
4128 2107 2143 2108
4129 159 1213 1308
4130 1308 1213 1309
4131 1909 1883 1885
4132 1886 1876 1885
4133 2501 2055 2053
4134 470 430 2053
4135 1308 158 159
4136 2695 2537 2554
4137 2569 2685 2568
4138 2696 2568 2685
4139 1345 195 196
4140 1345 1343 1897
4141 711 454 455
4142 2676 633 1830
4143 677 623 753
4144 640 633 2676
4145 1830 610 2676
4146 1867 1866 1900
4147 1571 1813 1244
4148 1571 1572 2146
4149 1867 1901 1869
4150 2321 2226 2311
4151 2528 1096 989
4152 402 1382 2586
4153 2697 2195 2358
4154 2440 2195 2697
4155 1909 831 833
4156 2321 2224 2138
4157 736 1186 738
4158 833 1098 1909
4159 2288 2290 2365
4160 2312 2369 2365
4161 894 747 739
4162 436 1177 2401
4163 2401 433 436
4164 1890 2257 1891
4165 117 118 1301
4166 2415 2698 2417
4167 2560 1452 188
4168 813 1718 811
4169 1791 475 223
4170 2584 2698 2415
4171 1454 1452 2560
4172 188 189 2560
4173 1592 2433 1821
4174 614 1066 613
4175 367 368 401
4176 1052 611 613
4177 676 677 731
4178 968 448 450
4179 2292 2030 192
4180 75 76 789
4181 1096 2528 1095
4182 1900 1093 1095
4183 1825 519 520
4184 520 617 1825
4185 2122 2125 2479
4186 2122 413 466
4187 444 446 955
4188 2292 2291 2443
4189 466 413 412
4190 2443 2030 2292
4191 733 95 96
4192 2467 2655 63
4193 2467 2437 711
4194 711 2655 2467
4195 453 399 398
4196 2581 1210 206
4197 269 1270 1034
4198 269 268 835
4199 714 88 89
4200 184 1186 736
4201 2699 2700 2651
4202 1797 1210 2581
4203 206 207 2581
4204 747 2700 2699
4205 689 693 805
4206 378 379 430
4207 2701 2609 2153
4208 1601 1568 1510
4209 2274 2280 2275
4210 1510 1509 1601
4211 1510 1568 1487
4212 2274 2013 2124
4213 2403 1592 1821
4214 669 868 414
4215 688 616 671
4216 1876 1811 1827
4217 1815 1909 1827
4218 372 373 366
4219 830 713 712
4220 762 686 685
4221 1075 1104 2468
4222 2442 2405 2468
4223 1130 2609 2701
4224 22 523 525
4225 1044 246 305
4226 1096 306 305
4227 2403 1621 1593
4228 1593 1592 2403
4229 2308 1265 2306
4230 1269 1268 2306
4231 2306 1265 1269
4232 2702 2659 2703
4233 992 2659 2702
4234 1443 2704 2705
4235 2705 2704 2706
4236 2161 2677 2099
4237 2099 2677 1562
4238 2099 2098 2161
4239 2707 2708 2709
4240 2411 2708 2707
4241 2710 2700 2702
4242 2702 2700 894
4243 2348 2386 2346
4244 2579 2711 2580
4245 2682 2712 1376
4246 2712 1362 1376
4247 2346 2386 2344
4248 1903 2713 662
4249 2586 2293 402
4250 1523 2662 2418
4251 2418 2662 2414
4252 2418 1524 1523
4253 858 857 1420
4254 858 1418 860
4255 2520 1218 2521
4256 2520 827 1219
4257 1219 1218 2520
4258 2067 2178 1115
4259 2445 2444 219
4260 219 2444 326
4261 1115 2317 2067
4262 2713 391 662
4263 1123 2714 2715
4264 662 2507 660
4265 2716 2667 2670
4266 2716 36 37
4267 2628 2717 2718
4268 2125 2717 2628
4269 2171 1208 2719
4270 2719 1208 1597
4271 831 1733 832
4272 662 391 2507
4273 2308 835 832
4274 2169 2720 2167
4275 1253 2359 2207
4276 2720 2278 2167
4277 2721 2208 2207
4278 2207 2359 2721
4279 2351 2646 2718
4280 2531 2646 2351
4281 2722 1156 1155
4282 918 1249 2566
4283 2422 2557 2081
4284 1249 1254 2566
4285 2421 2557 2422
4286 2081 1191 2422
4287 2589 1156 2722
4288 2638 2699 2723
4289 1964 1688 1417
4290 2177 2724 2253
4291 2724 2252 2253
4292 682 2699 2638
4293 2725 2701 2637
4294 2029 2163 2726
4295 2727 2553 2726
4296 2726 2163 2727
4297 2294 1204 2534
4298 2294 1304 1209
4299 1132 2701 2725
4300 2728 1073 1082
4301 2729 850 848
4302 38 2730 2731
4303 1115 1073 2728
4304 38 39 2730
4305 2723 2653 2725
4306 2725 2653 2540
4307 1311 1348 2721
4308 1313 1348 1311
4309 2721 1312 1311
4310 2342 2732 1425
4311 2417 2733 2416
4312 2732 109 1425
4313 1593 1620 2416
4314 2416 2733 1593
4315 2093 359 2095
4316 2093 2091 2521
4317 2521 359 2093
4318 2734 2714 1123
4319 1262 2735 2570
4320 1264 2735 1262
4321 2570 1263 1262
4322 1666 1627 1486
4323 1541 2736 2737
4324 2030 2443 585
4325 2030 191 192
4326 1828 498 1499
4327 1499 498 1500
4328 1490 2738 2739
4329 1541 1655 2736
4330 2283 2261 2336
4331 1230 2282 2283
4332 2739 2738 2675
4333 2740 2480 2694
4334 120 2480 2740
4335 2679 2580 221
4336 221 2580 2711
4337 2637 2153 2152
4338 560 637 2152
4339 2283 2336 1230
4340 2393 2716 2670
4341 36 2716 2393
4342 2741 1424 1479
4343 1479 1478 2741
4344 2036 2742 2038
4345 2036 1315 1314
4346 1959 1669 1545
4347 1314 2742 2036
4348 1545 1669 2743
4349 2678 1205 1189
4350 2429 1367 2430
4351 2303 1205 2678
4352 2744 2510 2430
4353 2488 2495 1426
4354 2430 1367 2744
4355 2375 2495 2488
4356 2744 1671 2745
4357 2488 2373 2375
4358 2746 2510 2745
4359 221 2711 2493
4360 492 2420 473
4361 2747 1665 1651
4362 2745 1671 2746
4363 2748 1547 1176
4364 2745 2510 2744
4365 735 182 183
4366 2749 1547 2748
4367 388 387 2750
4368 2750 387 2589
4369 37 2731 2716
4370 2716 2731 2667
4371 2731 2690 2667
4372 2743 1364 1363
4373 2731 37 38
4374 1363 1543 2743
4375 2533 2317 2728
4376 1338 2248 1947
4377 2728 2317 1115
4378 2728 1082 2533
4379 2338 2337 2436
4380 2338 2345 2339
4381 1273 2414 2662
4382 2662 1274 1273
4383 2751 2391 2752
4384 2392 2391 2751
4385 2246 2408 2412
4386 2409 2408 2246
4387 261 260 723
4388 261 705 263
4389 2753 2754 2544
4390 2368 2754 2753
4391 2534 2461 2535
4392 2535 2461 2387
4393 1152 1150 2223
4394 2611 1506 2612
4395 2223 1150 2052
4396 1947 2248 1945
4397 1947 1306 1338
4398 2223 2225 1152
4399 1666 2755 1933
4400 1665 2755 1666
4401 2685 2684 2696
4402 2696 2684 42
4403 2485 2686 2483
4404 1220 2756 2149
4405 2149 2756 2150
4406 2149 1218 1220
4407 957 2339 958
4408 2757 1665 2747
4409 2483 2686 2689
4410 2641 2758 2759
4411 2727 2165 987
4412 987 986 2727
4413 2710 2760 2761
4414 2761 2760 2493
4415 2685 2569 2686
4416 1689 1690 1970
4417 2419 1481 2567
4418 641 643 2654
4419 2567 1524 2419
4420 2757 2762 2755
4421 2686 2569 2729
4422 2763 2764 1071
4423 2327 2764 2763
4424 2765 2766 2767
4425 1330 2768 1631
4426 181 2766 2765
4427 1631 2768 1633
4428 2755 2762 1933
4429 2759 1462 2641
4430 2083 2291 2435
4431 2435 2137 2083
4432 2755 1665 2757
4433 315 2486 2488
4434 2544 2769 2770
4435 2689 2729 2681
4436 2130 2771 2113
4437 2680 222 2420
4438 1987 1989 2113
4439 220 222 2680
4440 2772 2593 2773
4441 2420 2689 2680
4442 2568 2696 2692
4443 2692 2696 43
4444 2113 2771 1987
4445 2774 1671 1656
4446 2775 2546 2033
4447 2776 2546 2775
4448 1656 1658 2774
4449 2777 2151 2610
4450 2778 1660 2779
4451 527 2151 2777
4452 2431 1662 2429
4453 1611 1658 1657
4454 1659 2780 1657
4455 2731 2730 2690
4456 2431 2510 2781
4457 2624 2782 2148
4458 1633 2768 2783
4459 2148 2782 1218
4460 2783 2768 2784
4461 2781 1662 2431
4462 2148 2150 2624
4463 458 457 1293
4464 1630 1367 2429
4465 1293 1234 458
4466 1405 2382 2785
4467 2594 2486 314
4468 2786 1403 2785
4469 2764 1058 1057
4470 1057 1071 2764
4471 2327 1058 2764
4472 2785 2382 2786
4473 2567 2451 1048
4474 2785 1403 1405
4475 1048 1524 2567
4476 182 735 2340
4477 1324 2325 2203
4478 2203 1351 1324
4479 1978 1492 1981
4480 1978 1977 1526
4481 2417 2642 2733
4482 1526 1492 1978
4483 1988 1990 1287
4484 1591 1593 2733
4485 2733 2642 1591
4486 345 2692 44
4487 2625 2374 2489
4488 2076 2374 2625
4489 2679 2681 848
4490 2751 2349 2392
4491 2751 2752 2219
4492 2219 2349 2751
4493 2777 2120 490
4494 2610 2120 2777
4495 490 527 2777
4496 2787 1651 1893
4497 848 2681 2729
4498 2770 2769 2562
4499 2562 2421 2770
4500 2452 1430 1504
4501 1964 2204 1687
4502 782 2657 783
4503 849 2580 2679
4504 783 2657 2788
4505 849 2679 848
4506 2522 1625 2789
4507 2384 2572 2664
4508 2789 1625 2790
4509 2246 2412 2244
4510 2397 2572 2384
4511 1590 1693 1694
4512 1812 1683 1694
4513 2110 2063 2542
4514 2542 1245 2110
4515 2550 440 2524
4516 1661 1662 2399
4517 438 440 2550
4518 2791 2310 2622
4519 1058 2310 2791
4520 2552 2551 846
4521 2553 2631 2726
4522 2792 2779 738
4523 2726 2631 2029
4524 2778 2779 2792
4525 2793 2760 2703
4526 2217 2794 2196
4527 2216 2794 2217
4528 2795 1559 1155
4529 2795 1157 1848
4530 1848 1559 2795
4531 1155 1157 2795
4532 505 2796 522
4533 505 1291 2533
4534 2533 2796 505
4535 2717 2614 2352
4536 2352 2718 2717
4537 2125 2614 2717
4538 1200 1406 1415
4539 1687 2204 2797
4540 1609 1607 1628
4541 1416 1439 1415
4542 2641 594 593
4543 701 2576 593
4544 2037 2368 2798
4545 1152 2264 2799
4546 2798 1315 2037
4547 2445 2760 2793
4548 2282 2303 2799
4549 2485 2516 2684
4550 1647 2792 2800
4551 2684 2516 41
4552 2800 2792 738
4553 1945 2249 1503
4554 2799 2264 2282
4555 2799 2303 1152
4556 1251 1397 2801
4557 1503 2249 2252
4558 1501 1121 2158
4559 1143 2308 2158
4560 2695 47 2536
4561 2537 2695 2536
4562 46 47 2695
4563 1679 1693 1525
4564 1679 1677 1812
4565 2802 1648 1644
4566 2590 1648 2802
4567 1973 599 1318
4568 2110 1245 2801
4569 2801 1397 2110
4570 2803 2210 1654
4571 2309 2210 2803
4572 2801 1245 1251
4573 1987 2771 2804
4574 2583 2715 2584
4575 846 850 2552
4576 1122 2715 2583
4577 2804 2771 2510
4578 2805 643 1690
4579 2554 2604 2551
4580 1578 1588 1507
4581 2072 1629 2724
4582 2209 28 29
4583 2551 2604 2205
4584 2724 2177 2072
4585 2554 2629 2695
4586 2695 2629 46
4587 2205 846 2551
4588 2806 1603 1604
4589 1848 33 1387
4590 1387 1559 1848
4591 2654 643 2805
4592 1617 1619 2806
4593 2807 1565 2808
4594 1387 33 34
4595 1815 1828 1499
4596 2194 2349 2196
4597 2724 1629 2252
4598 2065 2809 1675
4599 2065 387 386
4600 1684 1632 2773
4601 386 2809 2065
4602 2723 2637 2638
4603 637 682 2638
4604 2806 1619 1575
4605 1365 2349 2194
4606 2810 2086 2211
4607 2748 1498 2749
4608 2399 2130 2018
4609 2748 1176 2266
4610 1278 1275 2367
4611 2810 2220 2214
4612 2214 2086 2810
4613 2367 1275 2368
4614 2266 1498 2748
4615 2714 1652 2787
4616 2529 39 40
4617 2211 2220 2810
4618 738 2779 737
4619 1314 1316 2811
4620 737 2779 2361
4621 2384 2664 1302
4622 2642 1216 1591
4623 1374 2812 2811
4624 2784 1654 577
4625 406 1216 2642
4626 2713 389 391
4627 2713 1903 2098
4628 2098 389 2713
4629 2813 1117 1133
4630 2811 2812 1314
4631 1559 2619 1155
4632 1441 1440 1663
4633 1441 1661 1374
4634 2787 2715 2714
4635 1278 2587 1276
4636 2584 1893 1894
4637 2118 236 816
4638 1572 236 2118
4639 2656 1632 1684
4640 2524 2157 2550
4641 2157 2464 2550
4642 1663 1661 1441
4643 2586 1277 1276
4644 2559 2814 2423
4645 1276 2587 2586
4646 2738 1674 2383
4647 2423 2814 1537
4648 2813 1523 1078
4649 2433 1592 2009
4650 2344 2385 2626
4651 2575 2647 2626
4652 2626 2647 2344
4653 1254 1289 1298
4654 1538 1639 1111
4655 1298 2045 1254
4656 1981 1639 1538
4657 2163 2165 2727
4658 2202 2377 2815
4659 2616 1041 2815
4660 2815 2377 2616
4661 1410 1487 2816
4662 1569 1157 2816
4663 1334 1333 1001
4664 2773 1632 1529
4665 1334 556 1339
4666 1001 556 1334
4667 1573 1578 1507
4668 1573 1575 1581
4669 2330 252 254
4670 255 1355 254
4671 2199 2221 2198
4672 1556 1554 2817
4673 50 51 2198
4674 1326 1325 504
4675 2816 1157 1410
4676 2670 2667 2669
4677 2651 2723 2699
4678 1587 1689 2818
4679 2818 1450 1587
4680 2818 1689 1970
4681 1078 1117 2813
4682 682 747 2699
4683 2595 1928 2669
4684 2744 1367 1362
4685 2781 2130 2399
4686 2775 2819 2776
4687 2775 2033 1392
4688 2399 1662 2781
4689 1392 2819 2775
4690 2565 2769 2754
4691 2754 2769 2544
4692 2754 2368 2565
4693 2257 2256 2665
4694 2635 1444 2820
4695 2665 1891 2257
4696 2665 2256 2545
4697 1531 2772 2773
4698 1082 1083 2796
4699 1347 2772 1531
4700 2773 1529 1531
4701 1133 1523 2813
4702 2796 2533 1082
4703 2796 1083 522
4704 2734 1650 2714
4705 2714 1650 1467
4706 1467 1652 2714
4707 2697 2358 2355
4708 1328 1198 2821
4709 2821 1329 1328
4710 1201 1198 1328
4711 865 1354 867
4712 1812 1677 1519
4713 2822 1548 1532
4714 865 864 2330
4715 2641 1462 594
4716 1532 1534 2822
4717 2697 2823 2440
4718 2355 2823 2697
4719 2269 2691 2469
4720 2469 2691 2472
4721 2409 2596 2598
4722 1525 1693 1511
4723 710 2068 1233
4724 723 2068 710
4725 1233 705 710
4726 2598 2596 2599
4727 2598 2410 2409
4728 1981 1538 1539
4729 1926 1257 1317
4730 1509 1599 1601
4731 1317 1257 1313
4732 2735 2541 2063
4733 1264 2541 2735
4734 1293 1526 1977
4735 2739 2824 1490
4736 2825 2564 1382
4737 179 180 1643
4738 2767 1642 1643
4739 2739 2675 1237
4740 1237 2824 2739
4741 2557 2421 2562
4742 2021 2018 2112
4743 1502 1498 2826
4744 2112 2018 2130
4745 2557 2082 2081
4746 2522 2789 2827
4747 2826 1498 2266
4748 2827 2789 1558
4749 1692 1689 1586
4750 43 44 2692
4751 1586 1689 1587
4752 1586 1584 1692
4753 2687 2820 2688
4754 1278 2649 2587
4755 2687 2504 2635
4756 2802 2585 2590
4757 2635 2820 2687
4758 2448 1405 2828
4759 171 172 2465
4760 1480 2414 2425
4761 1655 1654 2829
4762 1655 1541 1437
4763 2425 1478 1480
4764 2572 2397 2574
4765 850 2729 2569
4766 2825 1384 2513
4767 2770 1843 2544
4768 2802 1644 1646
4769 1646 2585 2802
4770 2513 2564 2825
4771 1382 1384 2825
4772 2712 2830 1362
4773 2193 2330 2335
4774 2831 2786 2532
4775 864 1365 2335
4776 2832 2786 2831
4777 1678 2657 1517
4778 2335 2330 864
4779 1517 2657 782
4780 1517 1519 1678
4781 2421 1843 2770
4782 108 109 2732
4783 1589 1693 1590
4784 1589 1588 1401
4785 2572 2571 2664
4786 1672 2830 2712
4787 2028 2163 2029
4788 2817 1541 2737
4789 2774 1996 2746
4790 2028 1833 1832
4791 1832 2163 2028
4792 2746 1671 2774
4793 2342 1992 2732
4794 1111 2783 2833
4795 1598 1594 2482
4796 2833 2783 2784
4797 1419 2256 1399
4798 1502 2826 1113
4799 1113 2826 1114
4800 1113 1112 1502
4801 1420 2256 1419
4802 1399 1418 1419
4803 2157 2524 2142
4804 2525 2141 2142
4805 642 601 1970
4806 2627 2103 2111
4807 1256 1352 1258
4808 642 1196 602
4809 2114 2479 2111
4810 1256 1255 1323
4811 1353 2327 2763
4812 2559 2450 2814
4813 1071 2834 2763
4814 2763 2834 1353
4815 1461 1352 1321
4816 1321 1320 1461
4817 1926 1319 1521
4818 1374 1661 2398
4819 1521 1319 599
4820 2398 1661 2399
4821 2835 1974 2836
4822 1521 1520 1926
4823 326 2410 474
4824 2835 2780 1975
4825 2647 2575 2574
4826 2647 2345 2344
4827 1975 1974 2835
4828 2513 588 2558
4829 2558 588 2082
4830 2829 1965 1476
4831 1606 2474 1628
4832 1608 2474 1606
4833 1564 2807 1602
4834 1628 1607 1606
4835 1565 2807 1564
4836 1602 1561 1564
4837 1574 1603 2806
4838 602 601 642
4839 1444 2635 2466
4840 2806 1575 1574
4841 2466 1447 1444
4842 2532 1674 1673
4843 2837 457 459
4844 459 1174 2837
4845 1522 1296 866
4846 2636 2472 2691
4847 866 1296 864
4848 1622 1612 1613
4849 866 867 1522
4850 2640 1617 1180
4851 2798 2368 2753
4852 1622 1617 2640
4853 183 184 736
4854 2269 1449 2691
4855 2544 2543 2753
4856 736 735 183
4857 2753 2543 2798
4858 2577 1155 2619
4859 2619 1927 2577
4860 2791 2660 1058
4861 2791 2622 2709
4862 2709 2660 2791
4863 2141 2525 2673
4864 2070 2146 2673
4865 2673 2146 2141
4866 2570 2735 2061
4867 2061 2735 2063
4868 2256 1420 2545
4869 2153 2610 2151
4870 527 560 2151
4871 1536 2814 2822
4872 2558 2562 2513
4873 1380 1619 1618
4874 1622 1613 1618
4875 1537 2814 1536
4876 1618 1613 1380
4877 2822 1534 1536
4878 2778 1644 1464
4879 1417 2838 1414
4880 2571 2594 2633
4881 1217 2674 2188
4882 1414 2838 1416
4883 1486 1627 1485
4884 1628 1483 1485
4885 2188 1216 1217
4886 1233 2674 1217
4887 989 317 988
4888 2741 1478 1463
4889 2267 2826 2266
4890 2267 437 1114
4891 1114 2826 2267
4892 2505 1612 1615
4893 2710 2651 2700
4894 2490 2800 2396
4895 747 894 2700
4896 1647 2800 2490
4897 1626 1623 2391
4898 2391 1623 2752
4899 2318 1448 2270
4900 2270 2337 2318
4901 1303 2582 2470
4902 2470 2582 2471
4903 2470 2472 1303
4904 1460 2257 1366
4905 1471 1539 1474
4906 1471 1473 2839
4907 2839 1539 1471
4908 2109 1397 2549
4909 1396 723 2549
4910 2840 2355 2358
4911 2358 388 2840
4912 2549 1397 1396
4913 1493 1639 1981
4914 2703 2710 2702
4915 894 992 2702
4916 1981 1492 1493
4917 2305 986 988
4918 2238 1391 2212
4919 2476 497 2212
4920 2212 1391 2476
4921 1490 1509 1491
4922 2837 1526 457
4923 2393 2670 2394
4924 2393 35 36
4925 1542 1423 1436
4926 1587 1450 2819
4927 1437 1541 1436
4928 457 1526 1293
4929 1641 178 179
4930 230 178 1641
4931 1274 2841 2043
4932 2136 1456 1455
4933 2043 1272 1274
4934 2043 2841 2067
4935 1455 1513 2136
4936 1482 1483 1628
4937 2383 1674 2842
4938 2532 2786 2842
4939 2842 1674 2532
4940 2842 2786 2383
4941 1114 1127 857
4942 1622 2640 2843
4943 857 1127 1420
4944 2843 2640 2639
4945 390 389 1562
4946 1439 1456 2821
4947 1562 425 390
4948 2385 2076 2625
4949 2245 2823 2243
4950 2245 2459 255
4951 2639 1174 1175
4952 1540 1541 2817
4953 2836 2780 2835
4954 2836 1607 1610
4955 1610 2780 2836
4956 1175 2616 2639
4957 1204 1205 2461
4958 2461 2534 1204
4959 2718 2627 2628
4960 425 1561 1602
4961 2766 181 182
4962 2766 2340 2767
4963 2479 2125 2628
4964 182 2340 2766
4965 1467 1660 1466
4966 2778 1464 1466
4967 1466 1660 2778
4968 1591 2188 2008
4969 2008 1592 1591
4970 1102 1423 1542
4971 1507 1588 1508
4972 1590 2645 1508
4973 1518 1683 1812
4974 2817 1554 1553
4975 1555 1540 1553
4976 1812 1519 1518
4977 1553 1540 2817
4978 2136 2844 2131
4979 1585 2132 2131
4980 1623 1625 2832
4981 1458 1462 2821
4982 2310 2254 2622
4983 2310 1058 2327
4984 2821 1456 1458
4985 2109 2060 2062
4986 2063 2110 2062
4987 2062 2110 2109
4988 2131 2844 1585
4989 2784 577 578
4990 411 2833 578
4991 1487 1568 1567
4992 578 2833 2784
4993 2705 2807 2808
4994 1569 2816 1567
4995 2706 2807 2705
4996 2475 260 262
4997 263 1482 262
4998 1422 1578 1577
4999 262 1482 2475
5000 2661 2703 2659
5001 992 1026 2659
5002 1221 1239 2446
5003 2446 1239 2380
5004 2446 1220 1221
5005 2808 1443 2705
5006 1404 1625 2522
5007 2041 2432 2040
5008 2832 1625 1404
5009 1316 1315 2040
5010 2040 2432 1316
5011 1567 2816 1487
5012 2531 2556 2646
5013 2627 2718 2646
5014 2396 1188 1187
5015 185 186 1187
5016 2238 1584 1389
5017 986 2553 2727
5018 917 2615 924
5019 1041 2615 917
5020 1498 1496 2749
5021 2578 2589 2722
5022 1155 2577 2722
5023 2599 2595 2668
5024 2722 2577 2578
5025 1645 1644 2778
5026 1645 2792 1647
5027 2644 1420 1127
5028 2778 2792 1645
5029 1127 1128 2644
5030 2545 1420 2644
5031 1457 2132 1459
5032 1457 1456 2136
5033 1453 1383 393
5034 2619 1559 1386
5035 1386 2394 2619
5036 393 392 1453
5037 393 1383 402
5038 2828 2756 2447
5039 2447 2756 1220
5040 2447 2448 2828
5041 2667 2690 2668
5042 1134 2178 2841
5043 2841 1274 1134
5044 408 1423 2741
5045 2841 2178 2067
5046 1108 1107 1474
5047 1316 2547 1373
5048 1108 1538 1111
5049 326 474 473
5050 2740 907 119
5051 1605 2570 1608
5052 1605 1607 2836
5053 1377 1619 1380
5054 1377 1379 1581
5055 2694 907 2740
5056 119 120 2740
5057 1596 2694 2482
5058 2578 2840 2750
5059 2750 2840 388
5060 2482 1594 1596
5061 2750 2589 2578
5062 2838 1688 1516
5063 2709 2661 2660
5064 1417 1688 2838
5065 2828 1405 2517
5066 1026 1058 2660
5067 2120 2610 2121
5068 2517 2025 2828
5069 2614 2125 2121
5070 1199 2827 1558
5071 2505 1534 1533
5072 1201 2827 1199
5073 1258 1352 1349
5074 2014 440 2563
5075 439 2434 2563
5076 1530 1529 1633
5077 2563 440 439
5078 1198 1439 2821
5079 1366 1350 1349
5080 1533 1612 2505
5081 42 43 2696
5082 2845 1605 2836
5083 2356 2840 2578
5084 2570 1605 2845
5085 2611 1603 1506
5086 1649 851 2361
5087 2506 660 2507
5088 2732 1992 108
5089 1649 2779 1660
5090 1318 2845 1974
5091 391 407 2507
5092 1974 2845 2836
5093 824 1106 1079
5094 2355 2840 2356
5095 1079 1555 824
5096 2664 2571 2634
5097 1558 2789 1557
5098 2790 1554 1557
5099 1557 2789 2790
5100 115 116 2634
5101 2729 2689 2686
5102 2381 2846 2383
5103 1350 2208 2721
5104 2381 2380 1239
5105 1239 2846 2381
5106 1371 1373 2776
5107 1552 824 1555
5108 1552 1554 2790
5109 472 2599 2632
5110 2847 1552 2790
5111 2690 2548 2632
5112 824 1552 2847
5113 2776 1440 1371
5114 1475 1473 2425
5115 1475 1273 1299
5116 1342 1603 2611
5117 2359 1253 1246
5118 2844 1513 1692
5119 2828 2848 2756
5120 2136 1513 2844
5121 1101 1169 2834
5122 1450 2818 601
5123 601 600 1450
5124 601 2818 1970
5125 2756 2848 2150
5126 2693 2849 1230
5127 2496 2849 2693
5128 1333 2450 1001
5129 1230 2336 2693
5130 2821 1462 1329
5131 252 2193 2440
5132 1329 1462 2759
5133 2330 2193 252
5134 1320 1395 1461
5135 2742 2019 2038
5136 2742 1314 2020
5137 2834 1071 1101
5138 2834 1169 1353
5139 1275 1277 2565
5140 2359 1312 2721
5141 2020 2019 2742
5142 2153 2637 2701
5143 1132 1130 2701
5144 2804 1996 1987
5145 2361 2779 1649
5146 2804 2510 2746
5147 1409 2737 1477
5148 2829 1476 1477
5149 2746 1996 2804
5150 2850 1996 2774
5151 2039 1315 2798
5152 2565 2368 1275
5153 1233 2070 2674
5154 2525 2188 2674
5155 2798 2543 2039
5156 2711 2579 2652
5157 2851 2715 2787
5158 2851 1893 2584
5159 2584 2715 2851
5160 2787 1893 2851
5161 860 1418 1421
5162 1422 1577 1421
5163 2535 2387 2348
5164 1421 1577 860
5165 860 1577 1381
5166 1581 1379 1381
5167 1381 1577 1581
5168 2383 2786 2382
5169 1412 1413 1046
5170 2852 2807 2706
5171 1046 1072 1412
5172 1602 2807 2852
5173 1390 1389 1587
5174 1390 2819 1392
5175 2769 2513 2562
5176 1587 2819 1390
5177 1570 29 30
5178 1570 1568 1601
5179 2610 2153 2609
5180 1130 2614 2609
5181 1179 2853 2837
5182 2837 1174 1179
5183 1180 2853 1179
5184 2624 2150 2758
5185 2854 1894 1484
5186 1122 2855 1470
5187 1484 1894 1486
5188 1484 1483 2854
5189 1621 1468 1470
5190 1504 1430 1505
5191 2651 2710 2652
5192 1470 2855 1621
5193 2487 2573 2575
5194 2594 2573 2487
5195 2575 2489 2487
5196 1647 392 394
5197 1981 1539 1979
5198 2839 1977 1979
5199 1979 1539 2839
5200 1490 1489 2856
5201 402 2293 394
5202 2412 2707 2458
5203 2458 2707 2622
5204 1281 1584 2238
5205 1461 1395 1394
5206 1399 1460 1394
5207 1535 2688 1537
5208 1535 1534 2505
5209 1674 2738 2856
5210 2586 1382 1277
5211 45 46 2629
5212 1081 1540 1555
5213 2639 2616 2857
5214 1616 2843 2857
5215 1542 1540 1081
5216 2857 2843 2639
5217 1402 1404 2522
5218 1402 2517 1405
5219 39 2529 2730
5220 2522 2517 1402
5221 1393 1418 1399
5222 1393 1395 1422
5223 2548 2690 2730
5224 2730 2529 2548
5225 2350 2205 2604
5226 1186 1188 738
5227 1186 184 185
5228 2538 2348 2347
5229 404 403 263
5230 1263 2845 1318
5231 263 705 404
5232 2570 2845 1263
5233 2435 1896 2137
5234 776 1631 1632
5235 1323 1520 1512
5236 1525 1511 1512
5237 1356 1460 1366
5238 1356 1352 1461
5239 194 1896 2435
5240 2347 2269 2538
5241 1380 1496 1378
5242 1502 1379 1378
5243 2854 403 405
5244 406 2643 405
5245 1692 1584 1583
5246 1585 2844 1583
5247 405 2643 2854
5248 1583 2844 1692
5249 1897 780 2273
5250 2752 2831 2858
5251 2858 2219 2752
5252 2858 2831 2532
5253 779 1191 2273
5254 2623 2758 2641
5255 2273 780 779
5256 2624 2758 2623
5257 1335 1548 2822
5258 2839 1473 1297
5259 1297 1289 2839
5260 2822 1333 1335
5261 2806 1604 2859
5262 1180 1617 2859
5263 2859 1604 1180
5264 2859 1617 2806
5265 2611 2772 1340
5266 2556 2105 2101
5267 1340 2772 1347
5268 1340 1342 2611
5269 2765 1643 180
5270 1255 1520 1323
5271 2103 2627 2101
5272 1926 1520 1255
5273 2767 1643 2765
5274 1416 2838 1514
5275 180 181 2765
5276 1514 2838 1516
5277 2854 1483 403
5278 2425 1473 1472
5279 1472 1478 2425
5280 2760 2445 2493
5281 1401 1588 1400
5282 1422 1395 1400
5283 1445 1440 2776
5284 1279 1281 2238
5285 1279 499 1288
5286 2513 2769 2564
5287 2856 1489 1674
5288 2564 2769 2565
5289 1302 2664 1300
5290 2546 1373 2547
5291 116 117 1300
5292 2776 1373 2546
5293 2822 2814 2860
5294 2450 1333 2860
5295 2860 2814 2450
5296 2860 1333 2822
5297 1322 1511 1401
5298 409 408 2741
5299 1445 2819 1450
5300 1401 1320 1322
5301 2741 1463 409
5302 2547 1316 2432
5303 2432 2427 2547
5304 2760 2710 2703
5305 2776 2819 1445
5306 2636 1326 2605
5307 2605 2472 2636
5308 2824 1509 1490
5309 2824 1237 1599
5310 1599 1509 2824
5311 2600 1119 2476
5312 424 425 1602
5313 2597 1931 1930
5314 1928 2595 1930
5315 2600 1392 2033
5316 2476 1392 2600
5317 1494 1496 1380
5318 1494 1613 1497
5319 2424 1537 2688
5320 1380 1613 1494
5321 120 121 2480
5322 2482 2694 2480
5323 2424 2861 1565
5324 2688 2861 2424
5325 2195 2440 2193
5326 2584 1894 2698
5327 1633 2783 1640
5328 2698 1894 2854
5329 2585 1646 2293
5330 1111 1639 1640
5331 2704 2171 2706
5332 2704 1443 959
5333 1640 2783 1111
5334 2171 2704 956
5335 956 958 2171
5336 956 2704 959
5337 2856 2738 1490
5338 2793 2708 2445
5339 2793 2703 2661
5340 2661 2708 2793
5341 1410 1411 1488
5342 2504 1615 2378
5343 2637 2723 2725
5344 2188 1591 1216
5345 589 591 1525
5346 2540 1132 2725
5347 1488 1411 1675
5348 2663 1133 1134
5349 1516 1690 1515
5350 1692 1513 1515
5351 1134 1274 2663
5352 1523 1133 2663
5353 2615 471 924
5354 2615 1041 2616
5355 2378 1615 1616
5356 1348 1350 2721
5357 316 2606 2304
5358 2413 1596 1597
5359 2413 908 2694
5360 2694 1596 2413
5361 1560 2677 2559
5362 2117 815 1888
5363 1562 2677 1560
5364 2559 1561 1560
5365 816 815 2117
5366 1327 1329 2759
5367 2759 2025 1327
5368 2202 2815 2201
5369 1616 2857 2377
5370 2201 2815 1041
5371 2304 317 316
5372 2377 2857 2616
5373 2304 2606 2305
5374 1107 1463 1474
5375 2524 2014 2189
5376 2188 2525 2189
5377 1652 1651 2787
5378 1632 781 776
5379 1330 1631 776
5380 1926 1255 1257
5381 1495 1548 2749
5382 1109 2833 411
5383 411 1107 1109
5384 2749 1496 1495
5385 1111 2833 1109
5386 2617 2649 1278
5387 2794 2197 2196
5388 2021 2649 2617
5389 2794 2216 386
5390 1528 1342 1341
5391 1341 1492 1528
5392 386 2197 2794
5393 1114 857 859
5394 2522 2827 2024
5395 860 1112 859
5396 2024 2827 1201
5397 2675 2738 2846
5398 2846 2738 2383
5399 1339 1176 1547
5400 2749 1548 1547
5401 30 31 1566
5402 2573 2594 2571
5403 1566 31 1569
5404 2846 1239 2675
5405 2607 958 2339
5406 2607 2397 1206
5407 1527 2853 1528
5408 2508 1598 2482
5409 2508 2481 2506
5410 2482 2481 2508
5411 1527 1526 2837
5412 2741 1423 1424
5413 2837 2853 1527
5414 2396 2800 1188
5415 592 502 701
5416 1188 2800 738
5417 1200 2498 1407
5418 592 594 1459
5419 1407 2498 1409
5420 723 1396 2068
5421 2070 1233 2068
5422 1180 1604 2853
5423 1407 1406 1200
5424 2853 1604 1528
5425 2412 2411 2707
5426 2709 2622 2707
5427 1928 1927 2618
5428 2394 2670 2618
5429 1465 1653 1467
5430 1465 1464 1331
5431 1504 1629 2452
5432 2848 2862 2150
5433 1249 918 924
5434 2848 2828 2025
5435 2658 2657 1678
5436 924 1234 1249
5437 2025 2862 2848
5438 2021 2617 2019
5439 2477 1121 1500
5440 2019 2617 2038
5441 2477 2476 1119
5442 2218 2858 2532
5443 1119 1121 2477
5444 2219 2858 2218
5445 2481 121 122
5446 2855 2583 1620
5447 1122 2583 2855
5448 1620 1621 2855
5449 2759 2758 2862
5450 2608 2574 2397
5451 2608 2339 2345
5452 1931 2683 2357
5453 2862 2758 2150
5454 1207 1302 909
5455 909 908 1207
5456 2862 2025 2759
5457 2863 1443 2808
5458 2863 2820 1444
5459 1444 1443 2863
5460 2808 2820 2863
5461 1248 1234 1293
5462 2688 1535 2503
5463 1248 1289 1254
5464 2503 1535 2505
5465 2823 2355 2357
5466 2812 2398 2020
5467 2020 1314 2812
5468 1374 2398 2812
5469 1080 1295 1435
5470 2643 2698 2854
5471 1435 1102 1080
5472 2417 2698 2643
5473 253 2245 255
5474 253 2440 2823
5475 2357 2683 2823
5476 1261 1263 1318
5477 2823 2245 253
5478 2761 2493 2711
5479 2541 1310 2366
5480 2761 2652 2710
5481 1264 1310 2541
5482 2719 2852 2706
5483 2706 2171 2719
5484 1597 2852 2719
5485 2864 1623 2832
5486 1595 2852 1597
5487 2864 2831 2752
5488 1602 2852 1595
5489 2752 1623 2864
5490 2475 1482 2474
5491 2832 2831 2864
5492 2474 1482 1628
5493 2658 2682 1385
5494 388 2358 2197
5495 2197 386 388
5496 2157 2370 2464
5497 410 577 1437
5498 2711 2652 2761
5499 2238 1389 1391
5500 1437 408 410
5501 2689 2420 2483
5502 2850 1658 1932
5503 1374 2811 1372
5504 1316 1373 1372
5505 1614 1612 1622
5506 1614 2843 1616
5507 1372 2811 1316
5508 1622 2843 1614
5509 1403 2786 2832
5510 2718 2352 2351
5511 1932 1996 2850
5512 2832 1404 1403
5513 2527 2531 2351
5514 2498 1556 1409
5515 1290 1977 2839
5516 1558 1556 2498
5517 2790 1625 1624
5518 1626 2847 1624
5519 2839 1289 1290
5520 1624 2847 2790
5521 2734 1123 852
5522 599 1973 590
5523 1392 2476 1391
5524 2005 1989 1988
5525 1293 1977 1290
5526 2661 2709 2708
5527 2579 2540 2653
5528 2723 2651 2653
5529 852 851 2734
5530 2767 2340 853
5531 853 856 2767
5532 1522 1294 2865
5533 1408 1476 1417
5534 2411 2445 2708
5535 2582 2534 2471
5536 2582 1303 1304
5537 2767 856 1469
5538 2375 1231 2849
5539 1469 856 1122
5540 1469 1642 2767
5541 2849 2496 2375
5542 2216 1673 2809
5543 2809 386 2216
5544 2809 1673 1675
5545 34 35 1388
5546 2394 1386 1388
5547 2849 1231 1230
5548 1647 2490 392
5549 392 2490 1453
5550 2782 359 2521
5551 2521 1218 2782
5552 2624 359 2782
5553 41 42 2684
5554 2041 2039 2438
5555 2543 1842 2438
5556 2438 2039 2543
5557 1318 599 1319
5558 2671 2200 2635
5559 2635 2504 2671
5560 2202 2200 2671
5561 2774 1658 2850
5562 1506 1508 2612
5563 1310 1264 1313
5564 1310 1312 2366
5565 824 2847 822
5566 1112 1379 1502
5567 1626 823 822
5568 822 2847 1626
5569 1931 2597 2683
5570 2243 2823 2683
5571 2861 2820 2808
5572 958 2607 2172
5573 2866 1556 2817
5574 2866 2737 1409
5575 1409 1556 2866
5576 2817 2737 2866
5577 2688 2820 2861
5578 2808 1565 2861
5579 2172 2171 958
5580 2172 2607 1206
5581 2409 2597 2596
5582 2595 2599 2596
5583 821 1296 2865
5584 2865 1294 821
5585 2865 1296 1522
5586 1937 2768 1330
5587 1893 1651 1667
5588 1685 1969 1681
5589 1667 1651 1665
5590 1988 1287 2005
5591 2757 2867 2762
5592 1963 1685 2868
5593 2868 1936 1963
5594 1932 1933 2762
5595 2210 1965 2829
5596 2762 2867 1932
5597 1330 775 1938
5598 2829 1654 2210
5599 1938 775 1936
5600 1938 1937 1330
5601 1988 1987 2869
5602 1996 1990 2869
5603 2869 1987 1996
5604 2869 1990 1988
5605 2239 2648 2007
5606 1669 1959 2788
5607 2612 1508 2645
5608 1648 2648 2239
5609 1432 1434 602
5610 2654 1682 1681
5611 2285 2870 1659
5612 2768 1937 2871
5613 2871 2784 2768
5614 2871 1937 2309
5615 2682 1997 2284
5616 1997 2870 2285
5617 1659 1672 2285
5618 782 781 2656
5619 2797 1904 1906
5620 1936 2868 1906
5621 1684 1518 2656
5622 1906 2868 2797
5623 2309 1937 1905
5624 2645 2613 2612
5625 2656 1518 782
5626 1905 1904 2309
5627 2803 1654 2784
5628 2803 2871 2309
5629 2736 1655 2829
5630 2784 2871 2803
5631 2736 1477 2737
5632 2829 1477 2736
5633 1433 2429 1662
5634 1662 1434 1433
5635 1630 2429 1433
5636 1611 1609 2426
5637 2343 1337 2342
5638 1368 1337 2343
5639 1286 1653 1465
5640 1465 1331 1286
5641 1686 1516 1688
5642 1686 1682 2654
5643 2780 1659 2872
5644 2870 1975 2872
5645 2872 1659 2870
5646 2872 1975 2780
5647 2805 1690 1516
5648 2805 1686 2654
5649 1672 2712 2284
5650 1516 1686 2805
5651 2426 1609 1627
5652 2284 2712 2682
5653 1963 1361 1961
5654 2788 1959 1961
5655 1505 1260 1946
5656 1678 1676 1986
5657 1688 1964 1687
5658 2797 1682 1687
5659 1997 2682 1986
5660 1671 2744 2830
5661 2830 1672 1671
5662 2830 2744 1362
5663 1970 1690 643
5664 1611 2426 2873
5665 1933 1658 2873
5666 2873 2426 1933
5667 2743 1669 1375
5668 2873 1658 1611
5669 1685 1963 1960
5670 1375 1364 2743
5671 1960 1969 1685
5672 2870 1997 1985
5673 1546 1959 1545
5674 2743 1543 1545
5675 1503 1505 1945
5676 2720 2106 2184
5677 1385 2682 1376
5678 1362 1364 1376
5679 1611 1657 2874
5680 2780 1610 2874
5681 2874 1657 2780
5682 2874 1610 1611
5683 2169 2106 2720
5684 1653 1285 2747
5685 2747 1651 1653
5686 2747 1285 2757
5687 2006 2649 2021
5688 2184 2278 2720
5689 2007 2649 2006
5690 1668 1432 602
5691 2797 2868 1680
5692 1668 1196 1546
5693 1680 2868 1685
5694 1680 1682 2797
5695 1123 2715 1122
5696 602 1196 1668
5697 1503 2252 1629
5698 1985 2002 2870
5699 1946 1945 1505
5700 1694 1683 2591
5701 2591 1590 1694
5702 1361 1936 775
5703 2341 737 2361
5704 2867 1285 1990
5705 1990 1932 2867
5706 2757 1285 2867
5707 2341 2340 735
5708 2771 2130 2781
5709 2781 2510 2771
5710 735 737 2341
5711 2613 2772 2611
5712 2613 2645 2593
5713 2593 2772 2613
5714 1337 1305 2428
5715 1336 783 2788
5716 1336 1961 1361
5717 1992 2342 2428
5718 2788 1961 1336
5719 2004 2870 2002
5720 2004 1973 1975
5721 1660 1467 1650
5722 2734 851 1650
5723 1670 1669 2788
5724 1999 1676 1677
5725 1677 591 1999
5726 2788 2657 1670
5727 2204 1964 1965
5728 2204 1904 2797
5729 2648 1648 2590
5730 2648 2649 2007
5731 2773 2593 2592
5732 1683 1684 2592
5733 1544 1543 1630
5734 2592 1684 2773
5735 1630 1432 1544
5736 1975 2870 2004
5737 2428 2342 1337
5738 1946 1260 1306
5739 781 783 777
5740 1361 775 777
5741 1429 1203 1260
5742 1429 1505 1430
5743 1285 1653 1286
5744 1260 1505 1429
5745 2406 2055 2501
5746 2406 2407 1428
$EndElements
