<VTKFile type="UnstructuredGrid" version="1.0" byte_order="LittleEndian" header_type="UInt64">
  <UnstructuredGrid>
    <Piece NumberOfPoints="2089" NumberOfCells="1088">
      <PointData>
        <DataArray type="Float64" Name="Temperature" format="ascii" RangeMin="-20" RangeMax="18">
          -20 18 18 -20 -20 -20
          -20 -20 -20 -20 -20 -20
          -20 -20 -20 -20 -20 -20
          -20 -20 -20 -20 -20 -20
          -20 -20 -20 -20 -20 18
          18 18 18 18 18 18
          18 18 18 18 18 18
          18 18 18 18 18 18
          18 18 18 18 18 18
          18 18 18 18 18 18
          18 18 18 18 18 18
          18 18 18 18 18 18
          18 18 18 18 18 18
          18 18 18 18 18 18
          18 18 18 18 18 18
          18 18 18 18 18 18
          18 18 18 18 18 18
          18 18 18 18 18 18
          18 18 18 18 18 18
          18 18 18 18 18 18
          18 18 18 18 18 18
          18 18 18 18 18 18
          18 18 18 18 18 18
          18 18 18 18 18 18
          18 18 18 18 18 18
          18 18 18 18 18 18
          18 18 18 18 18 18
          18 18 18 18 18 18
          18 18 18 18 18 18
          18 18 18 18 18 18
          18 18 18 18 18 18
          18 18 18 18 18 18
          18 18 18 18 18 18
          18 18 18 18 18 18
          18 18 18 18 18 18
          18 18 18 18 18 18
          18 18 18 18 18 18
          18 18 18 18 18 18
          18 18 18 18 18 18
          18 18 18 18 18 18
          18 18 18 18 18 18
          18 18 18 18 18 18
          18 18 18 18 18 18
          18 18 18 18 18 18
          18 18 18 18 18 18
          18 18 18 18 18 18
          18 18 18 18 18 18
          18 18 18 18 18 18
          18 18 18 18 18 18
          18 18 18 18 18 18
          18 18 18 18 18 18
          18 18 18 18 18 18
          18 18 18 18 18 18
          18 18 18 18 18 18
          18 18 18 18 18 18
          18 18 18 18 18 18
          18 18 18 18 18 18
          18 18 18 18 18 18
          18 18 18 18 18 18
          18 18 18 18 18 18
          18 18 18 18 18 18
          18 18 18 18 18 18
          18 18 18 18 18 18
          18 18 18 18 18 18
          18 18 18 18 18 18
          18 18 18 18 18 18
          18 18 18 18 18 18
          18 18 18 18 18 18
          18 18 18 18 18 18
          18 18 18 18 18 18
          18 18 18 18 18 18
          18 18 18 18 18 18
          18 18 18 18 18 18
          18 18 18 18 18 18
          18 18 18 18 18 18
          18 18 18 18 18 18
          18 18 18 18 18 18
          18 18 18 18 18 18
          18 18 18 18 18 18
          18 18 18 18 18 18
          18 18 18 18 18 18
          18 18 18 18 18 18
          18 18 18 18 18 18
          18 18 18 18 18 18
          18 18 18 18 18 18
          18 18 18 18 18 18
          18 18 18 18 18 18
          18 18 18 18 18 18
          18 18 18 18 18 18
          18 18 18 18 18 18
          18 18 18 18 18 18
          18 18 18 18 18 18
          18 18 18 18 18 18
          18 18 18 18 18 18
          18 18 18 18 18 18
          18 18 18 18 18 18
          18 18 18 18 18 18
          18 18 18 18 18 18
          18 18 18 18 18 18
          18 18 18 18 18 18
          18 18 18 18 18 18
          18 18 18 18 18 18
          18 18 18 18 18 18
          18 18 18 18 18 18
          18 18 18 18 18 18
          18 18 18 18 18 18
          18 18 18 18 18 18
          18 18 18 18 18 18
          18 18 18 18 18 18
          18 18 18 18 18 18
          18 18 18 18 18 18
          18 18 18 18 18 18
          18 18 18 18 18 18
          18 18 18 18 18 18
          18 18 18 18 18 18
          18 18 18 18 18 18
          18 18 18 18 18 18
          18 18 18 18 18 18
          18 18 18 18 18 18
          18 18 18 18 18 18
          18 18 18 18 18 18
          18 18 18 18 18 18
          18 18 18 18 18 18
          18 18 18 18 18 18
          18 18 18 18 18 18
          18 18 18 18 18 18
          18 18 18 18 18 18
          18 18 18 18 18 18
          18 18 18 18 18 18
          18 18 18 18 18 18
          18 18 18 18 18 18
          18 18 18 18 18 18
          18 18 18 18 18 18
          18 18 18 18 18 18
          18 18 18 18 18 18
          18 18 18 18 18 18
          18 18 18 18 18 18
          18 18 18 18 18 18
          18 18 18 18 18 18
          18 18 18 18 18 18
          18 18 18 18 18 18
          18 18 18 18 18 18
          18 18 18 18 18 18
          18 18 18 18 18 18
          18 18 18 18 18 18
          18 18 18 18 18 18
          18 18 18 18 18 18
          18 18 18 18 18 18
          18 18 18 18 18 18
          18 18 18 18 18 18
          18 18 18 18 18 18
          18 18 18 18 18 18
          18 18 18 18 18 18
          18 18 18 18 18 18
          18 18 18 18 18 18
          18 18 18 18 18 18
          18 18 18 18 18 18
          18 18 18 18 18 18
          18 18 18 18 18 18
          18 18 18 18 18 18
          18 18 18 18 18 18
          18 18 18 18 18 18
          18 18 18 18 18 18
          18 18 18 18 18 18
          18 18 18 18 18 18
          18 18 18 18 18 18
          18 18 18 18 18 18
          18 18 18 18 18 18
          18 18 18 18 18 18
          18 18 18 18 18 18
          18 18 18 18 18 18
          18 18 18 18 18 18
          18 18 18 18 18 18
          18 18 18 18 18 18
          18 18 18 18 18 18
          18 18 18 18 18 18
          18 18 18 18 18 18
          18 18 18 18 18 18
          18 18 18 18 18 18
          18 18 18 18 18 18
          18 18 18 18 18 18
          18 18 18 18 18 18
          18 18 18 18 18 18
          18 18 18 18 18 18
          18 18 18 18 18 18
          18 18 18 18 18 18
          18 18 18 18 18 18
          18 18 18 18 18 18
          18 18 18 18 18 18
          18 18 18 18 18 18
          18 18 18 18 18 18
          18 18 18 18 18 18
          18 18 18 18 18 18
          18 18 18 18 18 18
          18 18 18 18 18 18
          18 18 18 18 18 18
          18 18 18 18 18 18
          18 18 18 18 18 18
          18 18 18 18 18 18
          18 18 18 18 18 18
          18 18 18 18 18 18
          18 18 18 18 18 18
          18 18 18 18 18 18
          18 18 18 18 18 18
          18 18 18 18 18 18
          18 18 18 18 18 18
          18 18 18 18 18 18
          18 18 18 18 18 18
          18 18 18 18 18 18
          18 18 18 18 18 18
          18 18 18 18 18 18
          18 18 18 18 18 18
          18 18 18 18 18 18
          18 18 18 18 18 18
          18 18 18 18 18 18
          18 18 18 18 18 18
          18 18 18 18 18 18
          18 18 18 18 18 18
          18 18 18 18 18 18
          18 18 18 18 18 18
          18 18 18 18 18 18
          18 18 18 18 18 18
          18 18 18 18 18 18
          18 18 18 18 18 18
          18 18 18 18 18 18
          18 18 18 18 18 18
          18 18 18 18 18 18
          18 18 18 18 18 18
          18 18 18 18 18 18
          18 18 18 18 18 18
          18 18 18 18 18 18
          18 18 18 18 18 18
          18 18 18 18 18 18
          18 18 18 18 18 18
          18 18 18 18 18 18
          18 18 18 18 18 18
          18 18 18 18 18 18
          18 18 18 18 18 18
          18 18 18 18 18 18
          18 18 18 18 18 18
          18 18 18 18 18 18
          18 18 18 18 18 18
          18 18 18 18 18 18
          18 18 18 18 18 18
          18 18 18 18 18 18
          18 18 18 18 18 18
          18 18 18 18 18 18
          18 18 18 18 18 18
          18 18 18 18 18 18
          18 18 18 18 18 18
          18 18 18 18 18 18
          18 18 18 18 18 18
          18 18 18 18 18 18
          18 18 18 18 18 18
          18 18 18 18 18 18
          18 18 18 18 18 18
          18 18 18 18 18 18
          18 18 18 18 18 18
          18 18 18 18 18 18
          18 18 18 18 18 18
          18 18 18 18 18 18
          18 18 18 18 18 18
          18 18 18 18 18 18
          18 18 18 18 18 18
          18 18 18 18 18 18
          18 18 18 18 18 18
          18 18 18 18 18 18
          18 18 18 18 18 18
          18 18 18 18 18 18
          18 18 18 18 18 18
          18 18 18 18 18 18
          18 18 18 18 18 18
          18 18 18 18 18 18
          18 18 18 18 18 18
          18 18 18 18 18 18
          18 18 18 18 18 18
          18 18 18 18 18 18
          18 18 18 18 18 18
          18 18 18 18 18 18
          18 18 18 18 18 18
          18 18 18 18 18 18
          18 18 18 18 18 18
          18 18 18 18 18 18
          18 18 18 18 18 18
          18 18 18 18 18 18
          18 18 18 18 18 18
          18 18 18 18 18 18
          18 18 18 18 18 18
          18 18 18 18 18 18
          18 18 18 18 18 18
          18 18 18 18 18 18
          18 18 18 18 18 18
          18 18 18 18 18 18
          18 18 18 18 18 18
          18 18 18 18 18 18
          18 18 18 18 18 18
          18 18 18 18 18 18
          18 18 18 18 18 18
          18 18 18 18 18 18
          18 18 18 18 18 18
          18 18 18 18 18 18
          18 18 18 18 18 18
          18 18 18 18 18 18
          18 18 18 18 18 18
          18 18 18 18 18 18
          18 18 18 18 18 18
          18 18 18 18 18 18
          18 18 18 18 18 18
          18 18 18 18 18 18
          18 18 18 18 18 18
          18 18 18 18 18 18
          18 18 18 18 18 18
          18 18 18 18 18 18
          18 18 18 18 18 18
          18 18 18 18 18 18
          18 18 18 18 18 18
          18 18 18 18 18 18
          18 18 18 18 18 18
          18 18 18 18 18 18
          18 18 18 18 18 18
          18 18 18 18 18 18
          18 18 18 18 18 18
          18 18 18 18 18 18
          18 18 18 18 18 18
          18 18 18 18 18 18
          18 18 18 18 18 18
          18 18 18 18 18 18
          18 18 18 18 18 18
          18 18 18 18 18 18
          18 18 18 18 18 18
          18 18 18 18 18 18
          18 18 18 18 18 18
          18 18 18 18 18 18
          18 18 18 18 18 18
          18 18 18 18 18 18
          18 18 18 18 18 18
          18 18 18 18 18 18
          18 18 18 18 18 18
          18 18 18 18 18 18
          18 18 18 18 18 18
          18 18 18 18 18 18
          18 18 18 18 18 18
          18 18 18 18 18 18
          18 18 18 18 18 18
          18 18 18 18 18 18
          18 18 18 18 18 18
          18 18 18 18 18 18
          18 18 18 18 18 18
          18
        </DataArray>
      </PointData>
      <CellData Scalars="CellEntityIds">
        <DataArray type="Int32" Name="CellEntityIds" format="ascii" RangeMin="1" RangeMax="5">
          2 2 2 2 2 2
          2 2 2 2 2 2
          2 3 3 3 3 3
          3 3 3 3 3 3
          3 3 3 3 3 3
          3 3 3 3 3 3
          3 3 3 3 3 3
          3 3 4 4 4 4
          4 4 4 4 4 4
          4 4 4 5 5 5
          5 5 5 5 5 5
          5 5 5 5 5 5
          5 5 5 5 5 5
          5 5 5 5 5 5
          5 5 5 5 1 1
          1 1 1 1 1 1
          1 1 1 1 1 1
          1 1 1 1 1 1
          1 1 1 1 1 1
          1 1 1 1 1 1
          1 1 1 1 1 1
          1 1 1 1 1 1
          1 1 1 1 1 1
          1 1 1 1 1 1
          1 1 1 1 1 1
          1 1 1 1 1 1
          1 1 1 1 1 1
          1 1 1 1 1 1
          1 1 1 1 1 1
          1 1 1 1 1 1
          1 1 1 1 1 1
          1 1 1 1 1 1
          1 1 1 1 1 1
          1 1 1 1 1 1
          1 1 1 1 1 1
          1 1 1 1 1 1
          1 1 1 1 1 1
          1 1 1 1 1 1
          1 1 1 1 1 1
          1 1 1 1 1 1
          1 1 1 1 1 1
          1 1 1 1 1 1
          1 1 1 1 1 1
          1 1 1 1 1 1
          1 1 1 1 1 1
          1 1 1 1 1 1
          1 1 1 1 1 1
          1 1 1 1 1 1
          1 1 1 1 1 1
          1 1 1 1 1 1
          1 1 1 1 1 1
          1 1 1 1 1 1
          1 1 1 1 1 1
          1 1 1 1 1 1
          1 1 1 1 1 1
          1 1 1 1 1 1
          1 1 1 1 1 1
          1 1 1 1 1 1
          1 1 1 1 1 1
          1 1 1 1 1 1
          1 1 1 1 1 1
          1 1 1 1 1 1
          1 1 1 1 1 1
          1 1 1 1 1 1
          1 1 1 1 1 1
          1 1 1 1 1 1
          1 1 1 1 1 1
          1 1 1 1 1 1
          1 1 1 1 1 1
          1 1 1 1 1 1
          1 1 1 1 1 1
          1 1 1 1 1 1
          1 1 1 1 1 1
          1 1 1 1 1 1
          1 1 1 1 1 1
          1 1 1 1 1 1
          1 1 1 1 1 1
          1 1 1 1 1 1
          1 1 1 1 1 1
          1 1 1 1 1 1
          1 1 1 1 1 1
          1 1 1 1 1 1
          1 1 1 1 1 1
          1 1 1 1 1 1
          1 1 1 1 1 1
          1 1 1 1 1 1
          1 1 1 1 1 1
          1 1 1 1 1 1
          1 1 1 1 1 1
          1 1 1 1 1 1
          1 1 1 1 1 1
          1 1 1 1 1 1
          1 1 1 1 1 1
          1 1 1 1 1 1
          1 1 1 1 1 1
          1 1 1 1 1 1
          1 1 1 1 1 1
          1 1 1 1 1 1
          1 1 1 1 1 1
          1 1 1 1 1 1
          1 1 1 1 1 1
          1 1 1 1 1 1
          1 1 1 1 1 1
          1 1 1 1 1 1
          1 1 1 1 1 1
          1 1 1 1 1 1
          1 1 1 1 1 1
          1 1 1 1 1 1
          1 1 1 1 1 1
          1 1 1 1 1 1
          1 1 1 1 1 1
          1 1 1 1 1 1
          1 1 1 1 1 1
          1 1 1 1 1 1
          1 1 1 1 1 1
          1 1 1 1 1 1
          1 1 1 1 1 1
          1 1 1 1 1 1
          1 1 1 1 1 1
          1 1 1 1 1 1
          1 1 1 1 1 1
          1 1 1 1 1 1
          1 1 1 1 1 1
          1 1 1 1 1 1
          1 1 1 1 1 1
          1 1 1 1 1 1
          1 1 1 1 1 1
          1 1 1 1 1 1
          1 1 1 1 1 1
          1 1 1 1 1 1
          1 1 1 1 1 1
          1 1 1 1 1 1
          1 1 1 1 1 1
          1 1 1 1 1 1
          1 1 1 1 1 1
          1 1 1 1 1 1
          1 1 1 1 1 1
          1 1 1 1 1 1
          1 1 1 1 1 1
          1 1 1 1 1 1
          1 1 1 1 1 1
          1 1 1 1 1 1
          1 1 1 1 1 1
          1 1 1 1 1 1
          1 1 1 1 1 1
          1 1 1 1 1 1
          1 1 1 1 1 1
          1 1 1 1 1 1
          1 1 1 1 1 1
          1 1 1 1 1 1
          1 1 1 1 1 1
          1 1 1 1 1 1
          1 1 1 1 1 1
          1 1 1 1 1 1
          1 1 1 1 1 1
          1 1 1 1 1 1
          1 1 1 1 1 1
          1 1 1 1 1 1
          1 1 1 1 1 1
          1 1 1 1 1 1
          1 1 1 1 1 1
          1 1 1 1 1 1
          1 1 1 1 1 1
          1 1 1 1 1 1
          1 1 1 1 1 1
          1 1 1 1 1 1
          1 1 1 1 1 1
          1 1 1 1 1 1
          1 1 1 1 1 1
          1 1 1 1 1 1
          1 1 1 1 1 1
          1 1 1 1 1 1
          1 1 1 1 1 1
          1 1 1 1 1 1
          1 1 1 1 1 1
          1 1 1 1 1 1
          1 1 1 1 1 1
          1 1 1 1 1 1
          1 1 1 1 1 1
          1 1 1 1 1 1
          1 1 1 1 1 1
          1 1
        </DataArray>
      </CellData>
      <Points>
        <DataArray type="Float64" Name="Points" NumberOfComponents="3" format="ascii" RangeMin="0" RangeMax="5.385164807134504">
          0 0 0 5 0 0
          5 2 0 0 2 0
          0 1.846153846153205 0 0 1.692307692307052 0
          0 1.538461538461965 0 0 1.384615384616879 0
          0 1.230769230771792 0 0 1.076923076926705 0
          0 0.9230769230807645 0 0 0.7692307692339704 0
          0 0.6153846153871763 0 0 0.4615384615403824 0
          0 0.307692307693588 0 0 0.1538461538467939 0
          0 1.92307692307661 0 0 1.769230769230065 0
          0 1.615384615384476 0 0 1.461538461539461 0
          0 1.307692307694308 0 0 1.153846153849344 0
          0 1.000000000004035 0 0 0.8461538461573674 0
          0 0.6923076923105733 0 0 0.5384615384637794 0
          0 0.3846153846169851 0 0 0.230769230770191 0
          0 0.07692307692339706 0 0.1612903225805222 0 0
          0.3225806451610075 0 0 0.4838709677415395 0 0
          0.6451612903220161 0 0 0.8064516129022004 0 0
          0.9677419354823741 0 0 1.129032258062548 0 0
          1.290322580642722 0 0 1.451612903222896 0 0
          1.61290322580307 0 0 1.774193548383245 0 0
          1.935483870963419 0 0 2.096774193543971 0 0
          2.25806451612486 0 0 2.419354838705749 0 0
          2.580645161286639 0 0 2.741935483867529 0 0
          2.90322580644842 0 0 3.064516129029311 0 0
          3.225806451610201 0 0 3.387096774191092 0 0
          3.548387096771983 0 0 3.709677419352873 0 0
          3.870967741933764 0 0 4.032258064514656 0 0
          4.193548387095547 0 0 4.354838709676437 0 0
          4.516129032257328 0 0 4.677419354838219 0 0
          4.838709677419109 0 0 0.08064516129026021 0 0
          0.2419354838707584 0 0 0.4032258064512725 0 0
          0.5645161290317797 0 0 0.7258064516121082 0 0
          0.8870967741922771 0 0 1.048387096772457 0 0
          1.209677419352623 0 0 1.370967741932809 0 0
          1.532258064512992 0 0 1.693548387093164 0 0
          1.854838709673338 0 0 2.016129032253687 0 0
          2.177419354834435 0 0 2.338709677415331 0 0
          2.499999999996105 0 0 2.661290322577046 0 0
          2.822580645157948 0 0 2.983870967738849 0 0
          3.145161290319696 0 0 3.30645161290064 0 0
          3.467741935481564 0 0 3.629032258062326 0 0
          3.790322580643299 0 0 3.951612903224103 0 0
          4.112903225805139 0 0 4.274193548386082 0 0
          4.435483870966763 0 0 4.596774193547857 0 0
          4.758064516128757 0 0 4.919354838709467 0 0
          5 0.1538461538458535 0 5 0.3076923076916925 0
          5 0.4615384615373981 0 5 0.6153846153831036 0
          5 0.7692307692288088 0 5 0.9230769230745136 0
          5 1.076923076920645 0 5 1.230769230767205 0
          5 1.384615384613764 0 5 1.538461538460323 0
          5 1.692307692306882 0 5 1.846153846153441 0
          5 0.07692307692292763 0 5 0.2307692307688148 0
          5 0.3846153846145454 0 5 0.5384615384602509 0
          5 0.6923076923059562 0 5 0.8461538461516612 0
          5 0.9999999999973659 0 5 1.153846153843925 0
          5 1.307692307690484 0 5 1.461538461537043 0
          5 1.615384615383602 0 5 1.769230769230161 0
          5 1.92307692307672 0 4.838709677419355 2 0
          4.67741935483871 2 0 4.516129032258065 2 0
          4.35483870967742 2 0 4.193548387096775 2 0
          4.03225806451613 2 0 3.870967741935485 2 0
          3.70967741935484 2 0 3.548387096774195 2 0
          3.387096774193551 2 0 3.225806451612907 2 0
          3.064516129032262 2 0 2.903225806451617 2 0
          2.741935483870973 2 0 2.580645161290329 2 0
          2.419354838709684 2 0 2.258064516129039 2 0
          2.096774193548393 2 0 1.935483870967748 2 0
          1.774193548387102 2 0 1.612903225806457 2 0
          1.45161290322581 2 0 1.290322580645165 2 0
          1.12903225806452 2 0 0.9677419354838737 2 0
          0.8064516129032286 2 0 0.6451612903225818 2 0
          0.4838709677419368 2 0 0.3225806451612909 2 0
          0.1612903225806459 2 0 4.919354838709692 2 0
          4.7580645161291 2 0 4.596774193548388 2 0
          4.435483870967785 2 0 4.274193548387101 2 0
          4.112903225806431 2 0 3.951612903225794 2 0
          3.790322580645187 2 0 3.629032258064517 2 0
          3.467741935483925 2 0 3.306451612903127 2 0
          3.145161290322528 2 0 2.983870967741991 2 0
          2.822580645161326 2 0 2.66129032258064 2 0
          2.50000000000026 2 0 2.338709677419375 2 0
          2.177419354838749 2 0 2.016129032258051 2 0
          1.854838709677454 2 0 1.693548387096766 2 0
          1.532258064516079 2 0 1.370967741935455 2 0
          1.209677419354882 2 0 1.048387096774258 2 0
          0.8870967741934397 2 0 0.7258064516129767 2 0
          0.5645161290322989 2 0 0.4032258064517098 2 0
          0.2419354838710843 2 0 0.08064516129025723 2 0
          4.752618359701947 0.1446861240707315 0 4.818218938577925 0.2922671924083179 0
          4.688493690202024 0.2855176493632703 0 1.374242826230844 1.034533535094603 0
          1.457691308473238 1.156008051188794 0 1.296892000052565 1.113087901918229 0
          0.247381640297678 1.855313875929167 0 0.1817810614218094 1.707732807591381 0
          0.3115063097975131 1.71448235063676 0 4.889520279394099 0.5596768818436819 0
          4.865540273449411 0.428110828803175 0 1.492704734913848 1.008812567220632 0
          4.454722474340125 1.663419879307762 0 4.426602329996701 1.497302214910294 0
          4.562817408732531 1.610122181796568 0 4.594642588477097 1.466985533300191 0
          0.1104797206057509 1.440323118156316 0 0.1344597265503981 1.571889171196515 0
          0.5452775270967873 0.3365801204968885 0 0.5733976700478125 0.5026977850754908 0
          0.437182591540153 0.3898778181640697 0 0.405357411538287 0.5330144666947426 0
          3.625461043294437 0.96597039626394 0 3.542085062867861 0.8444245866803207 0
          3.703020932105007 0.887072179106953 0 3.507629150885073 0.9919370675105975 0
          4.468010402817728 1.256987163064144 0 4.488653098362098 1.377113210510105 0
          4.334982963233985 1.349232278319723 0 0.5319895973403589 0.7430128368819657 0
          0.511346901812639 0.6228867894504015 0 0.6650170374441574 0.6507677215514879 0
          3.840450249585662 1.453575197137049 0 3.910350789644867 1.309302916498438 0
          3.997148066681878 1.415593651014514 0 3.787798385833561 1.285101744794665 0
          4.667547805698985 0.6323211374496878 0 4.534757532349364 0.6092310350751667 0
          4.618876618906883 0.5021363622911266 0 4.495112170787074 0.4476427529012129 0
          0.3324521943005402 1.367678862550758 0 0.465242467649946 1.390768964925259 0
          0.3811233810925677 1.497863637709254 0 0.5048878292121727 1.552357247099122 0
          1.159549776722078 0.5464248047204301 0 1.089649879301537 0.6906970704356105 0
          1.00285211718145 0.5844063379751808 0 1.212200497930811 0.7149243779449046 0
          0.7910151808184823 1.436485888262254 0 0.915738764506314 1.395721735681927 0
          0.8646373850253326 1.551569556231447 0 4.263081775679286 1.503494178928917 0
          4.333398004888862 1.646864368048642 0 4.207328288528172 1.62243089490541 0
          1.009395452477412 1.504338866364595 0 1.138634748509775 1.494387225455577 0
          1.066758230332578 1.34428290218145 0 4.208984819180285 0.563514111738025 0
          4.084261345602293 0.6042782458620941 0 4.135362643337658 0.448430432927272 0
          1.179456408303917 1.209336032842197 0 1.351855042885134 1.245858202925981 0
          1.236095810612513 1.365944591825247 0 4.106078444758238 1.535201550386426 0
          3.861365409985612 0.5056127184035064 0 3.990604680650325 0.4956610934570367 0
          3.93324218834445 0.6557169722168474 0 3.820545631430194 0.7906632865820835 0
          3.648144957112586 0.7541417970740836 0 3.76390465527138 0.6340552565045662 0
          4.761365760919436 0.8660829888735542 0 4.895800637789705 0.8425211956618425 0
          4.875004980737085 0.9713294306286971 0 0.2386342390827167 1.133917011125241 0
          0.1041993622101465 1.157478804338951 0 0.1249950192627358 1.028670569372296 0
          0.7351862238658821 1.849390658405151 0 0.7946582236364201 1.705567182024297 0
          0.9141119686196235 1.839790934720213 0 0.6611070153269466 1.728098236480767 0
          0.9519959647712174 1.662352636531353 0 4.264813776132996 0.150609341594934 0
          4.20534178384404 0.2944328152140275 0 4.085888031378977 0.1602090652798598 0
          4.338892984672046 0.2719017635193968 0 4.048004072534039 0.3376473514946709 0
          4.720829457531434 0.3971027187130083 0 0.7369182487474575 0.4965058179797797 0
          0.6666020018419067 0.3531356310496236 0 0.7926717252967237 0.3775691030857997 0
          0.2791705424681606 1.602897281287073 0 4.836028037067703 1.142793298205883 0
          4.730657098253359 1.016081761683287 0 0.1639719629320611 0.8572067017951115 0
          0.269342901746248 0.983918238317543 0 4.61493526823402 0.9153251416918962 0
          4.463814098509283 0.9700456199551409 0 4.508128743323562 0.8455627504214644 0
          4.585887177563584 1.051541146018674 0 4.622425370282534 0.7559673773553496 0
          0.3850647317767666 1.084674858300099 0 0.536185901546713 1.029954380002118 0
          0.4918712566870529 1.154437249570413 0 0.4141128224357959 0.9484588539820596 0
          0.3775746297205649 1.244032622642378 0 3.929159025479479 1.595316137740264 0
          3.940842504711748 1.770440254428183 0 3.774022931966913 1.694433984418755 0
          3.802189941787084 1.859002012672589 0 1.070840974518678 0.4046838622598424 0
          1.059157495372507 0.2295597455578885 0 1.22597706803086 0.3055660155813029 0
          1.197810058210752 0.1409979873274439 0 1.291699813251874 1.503528873444018 0
          3.708300318891841 0.4964710867551405 0 4.368889217053115 0.5860520991453984 0
          4.327372820102177 0.4285126762355868 0 0.6311107829459206 1.413947900854973 0
          0.6726271798967971 1.571487323764685 0 3.37979651570002 0.8832910932628009 0
          3.494092273489617 0.7352181908975622 0 3.338579949431132 0.7246733951168727 0
          1.620224548676193 1.116959662188836 0 1.505874155754322 1.264895760452531 0
          1.661420818092971 1.275326760375188 0 3.727607617177371 1.547981876200659 0
          3.600093151612256 1.648002683672667 0 3.629203638166436 1.790586734399796 0
          1.272392382820309 0.4520181237994099 0 1.399906848385084 0.3519973163273793 0
          1.37079636016457 0.2094132659132958 0 4.905116902390104 1.402452290296245 0
          0.8939216077137844 0.4647984452310452 0 0.09488309760977992 0.5975477097045997 0
          1.086927170906381 1.627517944671141 0 1.197681833673232 1.606784976914397 0
          4.901591162616497 0.1497486296694326 0 3.91307288395697 0.3724820372661603 0
          3.802318166324866 0.3932150230856765 0 4.676256907874019 1.163456839548868 0
          4.556232543139029 1.190666123367304 0 4.461717319785902 1.121687183685901 0
          0.323743092125684 0.83654316045186 0 0.4437674568603017 0.8093338766333618 0
          0.5382826802978652 0.8783128162428403 0 0.5758278455070059 1.851303191946957 0
          4.412532471417343 1.827130678730549 0 3.373495900407333 1.519420516784183 0
          3.47574556917981 1.618915349670413 0 3.317111133772695 1.648679931679146 0
          4.424172154492117 0.1486968080531423 0 3.448341352593554 1.750109116259174 0
          0.5874675285819692 0.1728693212696233 0 0.7911904756191723 1.183617016474349 0
          0.8289062256244334 1.306240393727333 0 0.7051668198679072 1.299590776940522 0
          0.9387540181996243 1.230453648232671 0 0.5569185225880006 1.274088964864457 0
          4.538262156665185 1.735679953052758 0 4.208809534607282 0.8163829757316136 0
          4.171093805526459 0.6937595884998011 0 4.294833180130993 0.7004092230598543 0
          4.061246049880587 0.7695464368320459 0 4.443081477411148 0.7259110351359895 0
          0.4617378434720956 0.2643200469256353 0 1.042245587962135 1.745331335176421 0
          1.062045244999319 1.871618244126648 0 4.77233227945755 1.679668121673981 0
          4.665605511042137 1.721913159330087 0 4.697069392766962 1.57543235584757 0
          3.957754412036259 0.254668664823669 0 3.937954754999051 0.1283817558733928 0
          3.260947903928189 1.774783529798681 0 1.626504099589508 0.4805794832158586 0
          1.524254430817225 0.3810846503296266 0 1.68288886622397 0.3513200683208788 0
          0.2276677205422174 0.3203318783264858 0 0.3343944889575231 0.2780868406703226 0
          0.3029306072353974 0.4245676441520859 0 1.551658647403366 0.2498908837408539 0
          1.739052096068264 0.225216470201333 0 4.35365900801524 0.8616616058500522 0
          3.356531876079983 1.054083691053248 0 3.498717503595818 1.130359247783788 0
          0.4013941661543041 1.65007167921281 0 4.598605833845098 0.3499283207873617 0
          1.643525442011286 0.9462870819306847 0 1.50134655231586 0.8703489313356472 0
          0.6463409919837482 1.138338394150395 0 4.827161004041227 0.6973375528396888 0
          4.100604559467233 1.86752033446524 0 3.954546817705429 1.90426590303593 0
          0.1728389959589315 1.302662447160419 0 0.8993954405314077 0.1324796655348278 0
          1.045453182292826 0.09573409696410655 0 4.742478849027377 1.412109853641714 0
          4.612984815825838 1.31257524207236 0 4.084531751864353 1.702103154236321 0
          4.764672965193006 0.5503874106249514 0 0.9154682486505162 0.2978968456798073 0
          0.2575211509722725 0.5878901463590027 0 0.3870151841746766 0.6874247579279625 0
          0.6465083234525134 0.8093510594857404 0 0.6539552863849525 0.9628127357013985 0
          0.7741149967774396 0.9218768580226868 0 0.235327034806668 1.449612589375305 0
          4.353491676559517 1.190648940429468 0 4.346044713954938 1.037187264039253 0
          4.225885042194331 1.078123112264441 0 0.763879310387674 0.2325916334209074 0
          0.7223377882269997 0.1025917884293242 0 4.236120690264563 1.767408366478175 0
          4.277662211772135 1.897408211570755 0 3.972869797882148 1.048413475871593 0
          3.843344627913365 0.9472329716351368 0 3.961087109738008 0.8811175275966551 0
          3.864000027266095 1.056131323668472 0 0.5353601382848027 1.69802103390594 0
          4.464639861714386 0.3019789660942377 0 4.845244481209773 1.290481608294354 0
          1.027128213163154 0.9515912202286351 0 1.156641950548588 1.052794747935244 0
          1.038910646888223 1.11888781372165 0 1.135999972731983 0.9438686763316494 0
          0.1547555187900644 0.7095183917065386 0 1.481981737070479 1.649600005042202 0
          1.32453205300448 1.634849828056352 0 1.437438769365768 1.530510947691073 0
          1.357693303426719 1.765700096021646 0 3.518018262927139 0.3503999949578285 0
          3.675467969017705 0.3651501653102119 0 3.562561230631885 0.4694890523089679 0
          3.642306696571148 0.2342999039783819 0 0.2574013824362084 0.7357166314400085 0
          4.742598617563685 1.264283368560723 0 1.238053317803458 1.879192792318803 0
          1.18069686123881 1.752974069224776 0 3.761946682194633 0.1208072076812185 0
          3.819303138759348 0.2470259307752758 0 1.261464462132549 0.9799968425807183 0
          3.738544270011599 1.020000036406153 0 0.09840883738335554 1.850251370330134 0
          1.551693232853188 1.400029872199046 0 1.715564001662519 1.397581625638169 0
          1.598338928847606 1.531939660700445 0 3.448307118733973 0.5999702594152369 0
          3.28443599833459 0.6024183743618554 0 3.401661073172562 0.4680603468976909 0
          1.406531633165708 1.883944235507166 0 3.593468366832116 0.1160557644928458 0
          1.310979658065454 0.6085904904825863 0 3.895750404499511 1.174878485532489 0
          4.02806054023296 1.229325614471367 0 3.689021385583299 1.39140911906564 0
          1.104250800372359 0.8251215430057458 0 0.9719397655410928 0.7706743452690716 0
          0.8470635024450028 0.620883989779321 0 3.640005424797955 1.906926892689153 0
          1.359994575199422 0.09307310731086314 0 4.152936592090492 1.379116000408652 0
          1.647765688009204 1.649537114011165 0 1.527643976287912 1.770093400965614 0
          3.352234311988138 0.3504628859888512 0 3.472356023709677 0.2299065990344032 0
          3.254995609876155 1.402964656556156 0 3.420133198264732 1.384344311372439 0
          3.306361953105583 1.275817668442284 0 1.745004390120497 0.5970353434438855 0
          1.579866801732276 0.615655688627615 0 1.693623594584001 0.7242536317209444 0
          3.510569026240852 1.88504571668644 0 3.344384514831746 1.884822345279438 0
          1.489430973756168 0.114954283313576 0 1.655615485164807 0.1151776547205801 0
          1.813702340924779 1.009593928087167 0 1.907895950868107 1.141958544465772 0
          1.766653040562905 1.157793486066858 0 1.820292748491566 1.266061199125904 0
          3.186309276073879 0.9904943370259766 0 3.092104236519539 0.8580401072593496 0
          3.233348021048447 0.8422063849082291 0 3.179707251505296 0.7339388008741093 0
          1.570187073546133 1.885118347149929 0 3.42981292645143 0.1148816528500812 0
          2.845364591468933 1.399029908706532 0 2.995807910731801 1.413584712510193 0
          2.893580167878822 1.53350401481381 0 2.951455783652178 1.267758223493368 0
          2.154635408527261 0.6009700912933796 0 2.004192089264483 0.5864152874897712 0
          2.106419832117312 0.4664959851861357 0 2.048544216344109 0.732241776506568 0
          2.985176801207707 1.002527727248419 0 2.822664430674203 1.000148761536424 0
          2.924093504291127 0.8609857993789444 0 2.883842219613885 1.138514725522332 0
          2.014823616740133 0.9974722745145177 0 2.177323798258663 0.9998095036628023 0
          2.075904323468102 1.139005893976259 0 2.116155506074382 0.8614766196599614 0
          3.05631134046331 1.138807009728056 0 1.943688773607706 0.8611914413444524 0
          1.731650373030661 1.885261677535938 0 1.689111227304572 1.770533445253355 0
          3.26834962696665 0.1147383224640658 0 3.310888772692751 0.2294665547466567 0
          2.338697078739826 0.9999785484306127 0 2.237130043471328 1.140071400101066 0
          2.278461887885492 0.8601454060455298 0 2.661301511229841 1.000016364757663 0
          2.762867687821125 0.859920336849081 0 2.721535498586895 1.139844575280661 0
          2.500000004306476 1.000000000445556 0 2.396655591207394 1.143810447837311 0
          2.440215300451594 0.8597459239404435 0 2.603343816689753 0.8561867524037021 0
          2.559784327023972 1.140252521240796 0 2.818150231769555 1.770536693162885 0
          2.860692263587072 1.885265842524819 0 2.699397132119846 1.885268741309541 0
          2.181849768226343 0.2294633068370765 0 2.139307736408744 0.1147341574751592 0
          2.30060286787612 0.1147312586904345 0 1.892943631834827 1.885269497235865 0
          1.850403261871937 1.770538564066965 0 3.107056368162237 0.1147305027641323 0
          3.149596738125129 0.2294614359330369 0 2.656856593599615 1.770539164496314 0
          2.538105570052951 1.88526970963044 0 2.343143406396424 0.2294608355036416 0
          2.461894429943214 0.1147302903695359 0 2.49556540926565 1.770539924743588 0
          2.376814921215411 1.885269996625755 0 2.504434590730564 0.2294600752563686 0
          2.623185078780967 0.1147300033742225 0 2.054234122564418 1.885269959509577 0
          2.01169400870128 1.770539824597622 0 0.8854591445171197 1.048170234324124 0
          2.945765878027019 0.1147300403496487 0 2.988305991295545 0.2294601754023644 0
          2.665725144365478 0.2294598715729451 0 2.78447549488059 0.1147299494166123 0
          2.334274855630925 1.770540128427015 0 2.215524505413117 1.885270053145275 0
          2.172984449089857 1.770540115722828 0 2.827015550906748 0.2294598842771428 0
          1.981613444550349 1.26609261705676 0 3.018386555446283 0.7339073829432043 0
          1.765786171789579 1.528839096869847 0 1.809585982358912 1.64974069489359 0
          3.234213828207516 0.4711609031301611 0 3.190414017638171 0.3502593051064088 0
          2.534500037538125 0.7338939626194443 0 2.626817419923689 1.266124060283773 0
          2.465499962458151 1.26610603738045 0 2.373182580072532 0.7338759397161024 0
          2.695794833019594 0.7338964581077079 0 2.304205166976755 1.266103541892184 0
          2.788322941926664 1.266286721861507 0 4.188267761956602 1.241848729330966 0
          0.8117322380420742 0.7581512706693605 0 2.21167705806955 0.7337132781383796 0
          3.174214981981156 1.891378458916563 0 4.595378206604384 1.852296554208126 0
          0.4046217934181784 0.1477034457884135 0 1.825785018014987 0.1086215410834424 0
          4.762320713404861 1.829055534135359 0 4.881909053569573 1.69011803268305 0
          4.913823240732298 1.842939184213122 0 0.2376792865949357 0.1709444658648996 0
          0.118090946430313 0.3098819673174122 0 0.08617675873466542 0.1570608154381562 0
          0.3963167936115894 1.834808524931299 0 4.603683206387802 0.1651914750687255 0
          2.142912002034569 1.266101096171183 0 2.857087997961893 0.7338989038287347 0
          4.114541001007223 0.9518296547733941 0 1.927258435730234 1.529190210024384 0
          1.970929422200502 1.649867910415802 0 4.842978087289761 1.558276124959676 0
          0.1570219127100594 0.4417238750409613 0 0.7503397791736852 1.051154665454594 0
          3.072741564266622 0.4708097899755956 0 3.029070577796347 0.3501320895841737 0
          3.128540961594235 1.797321989056076 0 3.021093930887595 1.891342889365183 0
          1.871459038401894 0.2026780109439273 0 1.978906069108294 0.108657110634814 0
          2.088564845555652 1.529214037609282 0 2.132224053996926 1.649877613129297 0
          2.911435154440997 0.4707859623906681 0 2.867775945999711 0.3501223868706561 0
          2.249857773095981 1.529218272092802 0 2.293514643989734 1.649881432935698 0
          2.750142226900493 0.4707817279071265 0 2.706485356006718 0.3501185670642394 0
          2.411149385148501 1.529229471882409 0 2.454798835727924 1.649901753025704 0
          2.58885061484783 0.4707705281175092 0 2.545201164268366 0.3500982469742246 0
          2.572433599563253 1.529305603219109 0 2.616028956913754 1.650051088790552 0
          2.427566400432962 0.4706943967808047 0 2.383971043082398 0.3499489112093711 0
          2.733610703217183 1.529841756867122 0 2.776798810748951 1.651134876435222 0
          2.266389296778958 0.4701582431327987 0 2.223201189247107 0.3488651235647071 0
          2.982218477017585 1.781475031908434 0 2.017781522978436 0.2185249680915501 0
          1.877053675194541 1.39757860752933 0 3.122946324802318 0.6024213924706596 0
          2.68361996636135 1.3978613498462 0 2.316380033634846 0.6021386501536903 0
          2.038377989985423 1.397651271396515 0 2.961622010011225 0.6023487286034326 0
          2.522267796983253 1.397689167458067 0 2.477732203013007 0.6023108325418258 0
          2.199674198558915 1.397659319389199 0 2.800325801437567 0.6023406806107148 0
          2.360967603526871 1.397664252073948 0 2.639032396469483 0.6023357479259503 0
          3.545637798923084 1.485989041400265 0 3.575045036370703 1.337036440635142 0
          3.467291044356794 1.258140906870659 0 1.454362201074175 0.5140109585997868 0
          1.424956334333811 0.6629622919651038 0 1.532708955640362 0.7418590931293997 0
          3.04109167723874 1.557428715833934 0 3.12530878028014 1.681745333723645 0
          2.939524690822299 1.662637444312989 0 1.958908322757471 0.4425712841660494 0
          1.874691221121294 0.3182546659677182 0 2.060475309173804 0.337362555686979 0
          4.103304876817044 1.098378752026655 0 0.8966952090942915 0.9016211825009037 0
          3.200896141446913 1.154504346471464 0 1.799105016071249 0.8454949985719855 0
          1.239589113710171 0.8512607279373986 0 3.760415817164729 1.148740067069792 0
          3.365842668778196 1.173916054264859 0 1.634069459853842 0.8265124016708942 0
          3.607640037065038 0.6048080142325892 0 1.392359984233263 1.395192011328398 0
          3.207726607751237 1.549890695636714 0 1.792273392245219 0.4501093043633097 0
          4.249660222870657 0.9488453329869099 0 3.129013055910707 1.281035735118123 0
          1.870986944085778 0.7189642648818856 0 1.369601204941231 0.7666110055579403 0
          1.365427322592147 0.9163311261105421 0 3.630383814086538 1.233549047677328 0
          3.634397525700862 1.08405580752161 0 3.114342188241424 1.442751677095391 0
          1.885657811754964 0.5572483229046087 0 1.045985603900865 1.221023932001776 0
          3.954014396097423 0.7789760679983917 0 4.785418649139936 0.2184766582395247 0
          4.753356314389974 0.2888924208857941 0 4.720556024951986 0.2151018867170009 0
          1.415967067352041 1.095270793141699 0 1.377291654262902 1.134547976553512 0
          1.335567413141705 1.073810718506416 0 0.2145813508597437 1.781523341760274 0
          0.2466436856096613 1.71110757911407 0 0.2794439750475955 1.784898113282964 0
          4.944760139697049 0.51060767169054 0 4.877530276421755 0.4938938553234284 0
          4.932770136724706 0.4448246451702865 0 1.433473780572346 1.021673051157618 0
          1.475198021693543 1.082410309204713 0 4.440662402168413 1.580361047109028 0
          4.494709869364616 1.553712198353431 0 4.508769941536328 1.636771030552165 0
          4.510622459236899 1.482143874105242 0 4.578729998604814 1.53855385754838 0
          0.05523986030287544 1.489392328309141 0 0.1224697235780745 1.506106144676416 0
          0.06722986327519907 1.55517535482924 0 0.5593375985722999 0.4196389527861897 0
          0.5052901307939828 0.4462878016197802 0 0.4912300593184702 0.3632289693304791 0
          0.4893775407930497 0.5178561258851166 0 0.42127000153922 0.4614461424294062 0
          3.583773053081149 0.9051974914721304 0 3.622552997486434 0.8657483828936369 0
          3.664240987699722 0.9265212876854465 0 3.566545097089755 0.9789537318872688 0
          3.524857106876467 0.9181808270954591 0 4.478331750589913 1.317050186787124 0
          4.411818030798042 1.363172744414914 0 4.401496683025856 1.303109720691933 0
          4.4576277141794 1.4372077127102 0 4.380792646615343 1.423267246615008 0
          0.5216682495764989 0.6829498131661836 0 0.5881819696283982 0.6368272555009447 0
          0.5985033173922581 0.6968902792167269 0 0.5423722859302258 0.5627922872629462 0
          0.619207353745985 0.5767327533134894 0 3.875400519615265 1.381439056817743 0
          3.953749428163373 1.362448283756476 0 3.91879915813377 1.434584424075781 0
          3.814124317709611 1.369338470965857 0 3.849074587739214 1.297202330646551 0
          4.601152669024174 0.6207760862624272 0 4.576817075628123 0.5556836986831466 0
          4.643212212302934 0.5672287498704072 0 4.514934851568219 0.5284368939881898 0
          4.556994394846979 0.4748895575961697 0 0.3988473309752431 1.379223913738008 0
          0.4231829243712568 1.444316301317256 0 0.3567877876965539 1.432771250130006 0
          0.4850651484310594 1.471563106012191 0 0.4430056051523702 1.525110442404188 0
          1.124599828011807 0.6185609375780203 0 1.046250998241494 0.6375517042053956 0
          1.081200946951764 0.5654155713478055 0 1.185875137326444 0.6306745913326673 0
          1.150925188616174 0.7028107241902575 0 0.8533769726623981 1.416103811972091 0
          0.8901880747658233 1.473645645956687 0 0.8278262829219074 1.494027722246851 0
          4.298239890284074 1.57517927348878 0 4.270363146708517 1.634647631477026 0
          4.235205032103729 1.562962536917163 0 0.9625671084918628 1.450030301023261 0
          0.9370164187513721 1.527954211298021 0 1.074015100493594 1.499363045910086 0
          1.038076841404995 1.424310884273023 0 1.102696489421177 1.419335063818514 0
          4.146623082391288 0.5838961788000596 0 4.109811994469975 0.526354339394683 0
          4.172173731258972 0.5059722723326485 0 1.265655725594526 1.227597117884089 0
          1.293975426748823 1.305901397375614 0 1.207776109458215 1.287640312333722 0
          4.184580110218763 1.519347864657671 0 4.156703366643205 1.578816222645918 0
          3.925985045317969 0.5006369059302715 0 3.961923434497388 0.5756890328369421 0
          3.897303799165031 0.5806648453101769 0 4.037433013126309 0.5499696696595654 0
          4.062983661993992 0.4720457631921544 0 3.73434529427139 0.7724025418280835 0
          3.706024806191983 0.6940985267893249 0 3.792225143350787 0.7123592715433249 0
          4.82858319935457 0.8543020922676983 0 4.885402809263395 0.9069253131452698 0
          4.81818537082826 0.9187062097511256 0 4.947900318894852 0.882799059368178 0
          4.937502490368542 0.9472031768516054 0 0.1714168006464316 1.145697907732096 0
          0.1145971907364412 1.093074686855623 0 0.1818146291727263 1.081293790248768 0
          0.05209968110507326 1.117200940632828 0 0.06249750963136792 1.0527968231495 0
          0.764922223751151 1.777478920214724 0 0.8543850961280218 1.772679058372255 0
          0.8246490962427528 1.844590796562682 0 0.6981466195964143 1.788744447442959 0
          0.7278826194816834 1.716832709252532 0 0.8733270942038187 1.683959909277825 0
          0.9330539666954205 1.751071785625783 0 4.235077779988519 0.2225210784044808 0
          4.145614907611509 0.2273209402469436 0 4.175350903755987 0.1554092034373969 0
          4.301853380402521 0.2112555525571654 0 4.272117384258043 0.2831672893667121 0
          4.12667292818904 0.3160400833543492 0 4.066946051956508 0.2489282083872653 0
          4.344842052837993 1.500398196919605 0 4.380000167442781 1.572083291479468 0
          4.793184865490423 0.4126067737580916 0 4.769524198054679 0.3446849555606631 0
          4.841879606013668 0.3601890106057465 0 4.704661573866729 0.3413101840381393 0
          0.7017601252946821 0.4248207245147017 0 0.7296368635693151 0.3653523670677117 0
          0.7647949870220906 0.4370374605327897 0 0.2068151345092794 1.587393226241794 0
          0.230475801944985 1.655315044439227 0 0.1581203939861038 1.639810989393948 0
          0.2953384261328369 1.658689815961917 0 4.855516508902394 1.05706136441729 0
          4.783342567660531 1.079437529944585 0 4.802831039495222 0.9937055961559922 0
          4.918014018533851 1.109858187563264 0 4.937502490368542 1.024126253774671 0
          0.1444834910973985 0.9429386355837036 0 0.2166574323391546 0.9205624700563273 0
          0.1971689605044919 1.006294403844919 0 0.08198598146603055 0.890141812437938 0
          0.06249750963136792 0.9758737462265301 0 4.539374683371651 0.9426853808235185 0
          4.485971420916423 0.9078041851883027 0 4.56153200577879 0.8804439460566803 0
          4.524850638036433 1.010793382986908 0 4.600411222898802 0.9834331438552852 0
          4.618680319258277 0.8356462595236229 0 4.565277056803048 0.800765063888407 0
          0.4606253166617398 1.057314619151109 0 0.5140285791168829 1.092195814786266 0
          0.4384679942319097 1.119556053935256 0 0.4751493619912545 0.989206616992089 0
          0.3995887771062813 1.016566856141079 0 0.3813196807486657 1.164353740471239 0
          0.4347229432038089 1.199234936106396 0 3.935000765095614 1.682878196084224 0
          3.85743271833933 1.732437119423469 0 3.851590978723196 1.64487506107951 0
          3.871516223249416 1.814721133550386 0 3.788106436876999 1.776717998545672 0
          1.064999234945592 0.3171218039088654 0 1.142567281701683 0.2675628805695957 0
          1.148409021274769 0.3551249389205726 0 1.128483776791629 0.1852788664426662 0
          1.211893563120806 0.2232820014543734 0 1.187365279561144 1.430165908640412 0
          1.151427020472545 1.355113747003349 0 1.263897811932193 1.434736732634633 0
          1.215167280880824 1.498958049449798 0 1.123107319318248 1.276809467511824 0
          3.812635032628496 0.5698339874540364 0 3.848573421807915 0.6448861143607068 0
          3.73610248708161 0.5652631716298533 0 3.784832864438727 0.5010419025793235 0
          3.876893909887322 0.7231901293994655 0 4.432000693920095 0.5168474260233056 0
          4.348131018577647 0.5072823876904926 0 4.411242495444625 0.4380777145683998 0
          4.45182337470124 0.5976415671102826 0 0.5679993060790467 1.483152573977048 0
          0.6518689814213589 1.492717612309829 0 0.5887575045544848 1.561922285431904 0
          0.5481766252979333 1.402358432890116 0 3.443712833292547 0.9376140803866992 0
          3.46094078928394 0.8638578399715608 0 3.436944394594819 0.8092546420801816 0
          3.518088668178739 0.7898213887889415 0 3.359188232565576 0.8039822441898368 0
          3.416336111460375 0.7299457930072175 0 1.55646464179502 1.062886114704734 0
          1.538957928574715 1.136483856688815 0 1.563049352215257 1.190927711320684 0
          1.48178273211378 1.210451905820663 0 1.640822683384582 1.196143211282012 0
          1.583647486923646 1.27011126041386 0 3.750815274572142 1.621207930309707 0
          3.687058041789585 1.671218334045711 0 3.663850384394814 1.597992279936663 0
          3.701613285066674 1.742510359409276 0 3.614648394889346 1.719294709036232 0
          1.249184725425585 0.3787920696903564 0 1.312941958207972 0.3287816659543411 0
          1.336149615602697 0.4020077200633946 0 1.298386714097715 0.2574896407472993 0
          1.385351604274827 0.2807052911203375 0 0.8602817907614261 1.919895467360107 0
          0.7708189183845553 1.924695329202576 0 4.952558451195053 1.393533837455004 0
          4.952558451195053 1.470456914378284 0 0.9409269520517486 1.919895467360107 0
          4.944760139697049 0.5875307486133927 0 0.8154199282306209 0.4806521316054124 0
          0.843296666505254 0.4211837741584225 0 0.04744154880488996 0.606466162545888 0
          0.04744154880488996 0.529543085622491 0 0.655157959397635 0.4996018015276352 0
          0.6199998359448595 0.4279167080625572 0 0.05523986030287544 1.412469251386598 0
          1.112780959708078 1.560952585063359 0 1.168158291091503 1.550586101184987 0
          1.142304502289806 1.617151460792769 0 1.244690823462553 1.555156925179207 0
          4.932770136724706 0.3679015682474338 0 4.909109469288962 0.2999797500500052 0
          4.859905050597211 0.2210079110388753 0 4.950795581308249 0.2287204686805626 0
          3.887219146971291 0.4390473778348334 0 3.831841788155239 0.4494138707445915 0
          3.857695525140918 0.3828485301759184 0 3.755309242608353 0.4448430549204085 0
          4.616244725506524 1.177061481458086 0 4.571059860351307 1.121103634692989 0
          4.631072042718801 1.107498992783771 0 4.508974931462466 1.156176653526602 0
          4.523802248674743 1.086614164852288 0 0.3837552744929928 0.8229385185426108 0
          0.4289401396480488 0.8788963653077106 0 0.36892795728074 0.8925010072169598 0
          0.4910250685790835 0.8438233464381011 0 0.4761977513668305 0.91338583511245 0
          0.610494567914794 1.925651595973478 0 0.5298494066244714 1.925651595973478 0
          4.139718209237262 0.08010453263992989 0 4.229181081614271 0.07530467079746701 0
          4.383685590547381 1.913565339365274 0 4.464330751837704 1.913565339365274 0
          4.059073047946816 0.08010453263992989 0 3.424620734793571 1.569167933227298 0
          3.396428351476253 1.63379764067478 0 3.345303517090014 1.584050224231665 0
          4.389505432084277 0.07434840402657117 0 4.470150593374722 0.07434840402657117 0
          3.462043460886682 1.684512232964793 0 3.382726243183125 1.69939452396916 0
          0.6163144094519926 0.08643466063481164 0 0.5356692481617543 0.08643466063481164 0
          0.8100483506218028 1.244928705100841 0 0.7670365227461703 1.302915585333927 0
          0.7481786477435397 1.241603896707435 0 0.8649722469093983 1.20703533235351 0
          0.8838301219120288 1.268347020980002 0 0.6681388014069138 1.356769338897748 0
          0.5940146527669605 1.344018432859715 0 0.6310426712279539 1.286839870902489 0
          0.5110804951189734 1.332428964894858 0 4.550539782698858 1.672901067424663 0
          4.496492315502655 1.69954991618026 0 4.18995167006687 0.7550712821157073 0
          4.232963492828726 0.6970844057798278 0 4.251821357369137 0.7583960993957339 0
          4.135027792243934 0.7929647062818297 0 4.116169927703523 0.7316530126659235 0
          4.331861198592055 0.6432306611026264 0 4.405985347232132 0.6559815671406939 0
          4.368957328771071 0.7131601290979219 0 4.488919504880256 0.6675710351055781 0
          0.4494602175061243 0.3270989325448525 0 0.5035076852844415 0.3004500837112619 0
          0.9781787782908794 1.792561134948317 0 1.052145416480727 1.808474789651535 0
          0.9880786068094712 1.855704589423431 0 4.718968895249843 1.700790640502034 0
          4.681337451904549 1.648672757588828 0 4.734700836112256 1.627550238760775 0
          0.9971207763666763 1.703841985853887 0 4.021821221707619 0.2074388650517644 0
          3.947854583517655 0.1915252103485309 0 4.011921393189015 0.1442954105766263 0
          3.354644628260871 1.762446323028927 0 3.289029518850442 1.711731730738914 0
          4.002879242285148 0.2961580081591699 0 1.575379265203367 0.4308320667727426 0
          1.603571648520598 0.3662023593252527 0 1.654696482906739 0.4159497757683687 0
          0.2810311047498703 0.2992093594984042 0 0.3186625480964602 0.3513272424112042 0
          0.2652991638888074 0.3724497612392859 0 4.462765709147592 1.045866401820521 0
          1.537956539110296 0.3154877670352402 0 1.617273756813668 0.3006054760308663 0
          1.645355371735815 0.2375536769710934 0 1.710970481146117 0.2882682692611058 0
          4.408736553262262 0.9158536129025966 0 4.430893875669401 0.8536121781357584 0
          3.432080513482528 1.023010379281923 0 3.503173327240446 1.061148157647193 0
          3.4276246898379 1.092221469418518 0 0.3402823543112323 1.626484480249942 0
          0.3564502379759086 1.682277014924785 0 4.67279618324369 0.9657034516875918 0
          4.658272137908471 1.033811453850981 0 4.614211459887334 1.666017670563328 0
          4.601933833853661 1.728796556191422 0 4.629943400749747 1.592777268822069 0
          3.368164195890001 0.9686873921580242 0 0.5372342909222891 0.9541335981224794 0
          4.659717645688266 0.373515519750185 0 4.643549762023561 0.317722985075316 0
          1.568115088462567 0.9775498245756584 0 1.497025643614854 0.9395807492781397 0
          1.572435997163573 0.908318006633166 0 0.385788540248838 0.3339823294171961 0
          0.3980661662148093 0.2712034437979789 0 0.3700565993877752 0.4072227311580778 0
          0.5912634467652306 1.084146387076256 0 0.5691061243354005 1.146387821860404 0
          1.631874995343739 1.031623372059761 0 0.3272038167615073 1.034296548308821 0
          0.341727862091022 0.9661885461498013 0 4.913580502020613 0.6563610841113963 0
          4.858340641717663 0.6285072173416854 0 4.913580502020613 0.7332841610342489 0
          4.020723532089491 1.818980294446712 0 4.027575688586331 1.885893118750585 0
          3.947694661208589 1.837353078732057 0 4.066431311991682 1.93376016723262 0
          3.99340244111078 1.952132951517965 0 0.08641949797946573 1.343638915888649 0
          0.1416593582823412 1.371492782658368 0 0.08641949797946573 1.266715838966106 0
          0.9792764679519572 0.1810197055463582 0 0.972424311412117 0.1141068812494672 0
          1.052305338832666 0.1626469212609975 0 4.668560718752237 1.439547693470953 0
          4.603813702151467 1.389780387686276 0 4.677731832426607 1.362342547857037 0
          0.933568688006891 0.06623983276741392 0 1.0065975588876 0.04786704848205327 0
          4.092568155665793 1.78481174435078 0 4.01268712828805 1.736271704332252 0
          4.827096622293553 0.5550321462343166 0 4.795916984617117 0.6238624817323202 0
          0.9074318445909619 0.2151882556073176 0 0.9873128720115114 0.2637282956188479 0
          0.3314392812552798 0.5604523065268727 0 0.3961862978564819 0.6102196123113526 0
          0.3222681675734745 0.6376574521434826 0 0.5923955018751893 0.8438319378642903 0
          0.650231804918733 0.8860818975935694 0 0.5961189833414089 0.9205627759721193 0
          0.7103116601149765 0.8656139587542135 0 0.7140351415811961 0.9423447968620426 0
          0.1729033777062094 1.444967853765811 0 0.2040830153827997 1.376137518267862 0
          4.407604498172709 1.156168062057685 0 4.349768195257227 1.11391810223436 0
          4.40388101687042 1.079437223862577 0 0.655507034686444 1.850346925176054 0
          0.6901737570942319 1.924695329202576 0 4.289688359376924 1.134386026346955 0
          4.285964878074634 1.057655188151847 0 0.7431085493073368 0.1675917109251158 0
          0.8108666143792037 0.117535726982076 0 0.8316373754595409 0.1825356494778676 0
          0.7643947005646 0.0512958942146621 0 0.852923526716804 0.06623983276741392 0
          4.256891451018349 1.832408289024465 0 4.189133385619684 1.882464273017998 0
          4.168362624865898 1.817464350471708 0 4.344492965312557 0.1496530748240382 0
          4.309826242904716 0.07530467079746701 0 4.235605299434456 1.948704105785378 0
          4.147076473282004 1.93376016723262 0 3.908107212897757 0.9978232237533649 0
          3.902215868825687 0.9141752496158959 0 3.966978453810079 0.9647655017341239 0
          3.918434912574122 1.052272399770032 0 3.85367232758973 1.001682147651804 0
          0.6039936590907999 1.634754178835313 0 0.6668670976118718 1.649792780122726 0
          0.5982335768058746 1.713059635193354 0 0.5201239837484877 1.625189140502531 0
          0.6184674304169763 1.789700714213862 0 4.372965238153102 1.736997523389595 0
          4.324326580840953 1.797269522604362 0 4.284759347576712 1.707136367263408 0
          4.396006340908281 0.3652458211649122 0 4.333132902387112 0.3502072198774918 0
          4.401766423193216 0.2869403648068172 0 4.47987601625073 0.3748108594977253 0
          4.381532569582081 0.2102992857862696 0 0.6270347652119379 0.2630024761596235 0
          0.6756734194848215 0.2027304773452653 0 0.7152406561147904 0.2928636322352655 0
          4.64585599062203 1.521208944573881 0 4.719774120897169 1.493771104744642 0
          4.875180691799939 1.346466949295299 0 4.82379787570874 1.407281071968979 0
          4.793861665118575 1.351295730968034 0 4.922622240604887 1.260625419530779 0
          4.952558451195053 1.316610760531725 0 1.091885081855871 1.002192984081939 0
          1.097776298718405 1.085841280828447 0 1.033019430025688 1.035239516975142 0
          4.60874122637599 0.4260323415392442 0 4.669853038219159 0.4496195405020674 0
          1.081564092947569 0.9477299482801422 0 1.146320961640286 0.9983317121334465 0
          0.3541440093868422 0.4787910554234143 0 0.2802258791038349 0.5062288952555443 0
          0.1248193081999222 0.6535330507055692 0 0.1762021242910262 0.5927189280318013 0
          0.2061383348811684 0.6487042690327707 0 0.07737775939503219 0.7393745804702545 0
          0.04744154880488996 0.6833892394692851 0 1.40325689503748 1.642224916549277 0
          1.380985411185124 1.582680387873713 0 1.459710253218123 1.590055476366638 0
          0.3912587736234359 1.573967658461032 0 0.3301469617803641 1.550380459498164 0
          1.3411126782156 1.700274962038999 0 1.419837520248599 1.707650050531924 0
          0.4531409976832383 1.601214463155966 0 0.4683771522195533 1.674046356559375 0
          0.5555939918959043 1.774662112926448 0 4.433627472878734 1.745275279019155 0
          4.394060239614493 1.655142123678202 0 4.546859002316086 0.3987855368442873 0
          4.531622847779742 0.3259536434407997 0 4.444406008103252 0.22533788707369 0
          0.5663725278393783 0.2547247208832559 0 0.6059397644693469 0.3448578757732561 0
          3.596743115972422 0.3577750801340202 0 3.619014599824795 0.4173196088095898 0
          3.540289746779512 0.4099445236333982 0 4.716110385445996 0.5913542740373197 0
          4.747354404870106 0.6648293451446883 0 3.658887332794426 0.2997250346442969 0
          3.580162479749143 0.2923499494681052 0 0.2838896145536041 1.408645725963031 0
          0.2526455951297358 1.335170654855589 0 0.2574612667042404 0.6618033888995056 0
          0.2060784506131364 0.7226175115732736 0 0.3222082833054425 0.7115706946839855 0
          4.742538733295531 1.338196611101218 0 4.793921549386729 1.277382488427538 0
          4.677791716694761 1.288429305316542 0 0.06722986327519907 1.632098431751783 0
          0.0908905307109047 1.700020249949216 0 1.150049281401389 1.875405518222726 0
          1.121371053119065 1.812296156675712 0 1.209375089521134 1.81608343077179 0
          1.095538751531919 1.935809122063324 0 1.183542787933989 1.939596396159402 0
          4.724793187161881 0.7266524650975192 0 4.644986587990759 0.6941442574025187 0
          3.849950718596842 0.1245944817773057 0 3.878628946879199 0.1877038433243343 0
          3.79062491047699 0.1839165692282472 0 3.904461248466408 0.06419087793669641 0
          3.816457212064199 0.06040360384060925 0 1.226766975300577 1.082941324926737 0
          1.238174204178241 1.161211967380213 0 1.168049179426253 1.13106539038872 0
          0.2752068128397482 1.273347534901399 0 0.3550134120105526 1.305855742596568 0
          1.279178231092557 1.046542372249474 0 1.209053206340569 1.016395795257981 0
          3.773182780009186 0.9171525753710449 0 3.7617832817676 0.8388677328445182 0
          3.831945129671779 0.8689481291086101 0 4.299032369456635 1.42636322862432 0
          3.720782601058303 0.9535361077565532 0 3.790944448962482 0.983616504020645 0
          0.1400949494025825 1.778992088960758 0 0.04920441869167777 1.771279531318593 0
          1.633628617257853 1.398805748918607 0 1.656951465255063 1.464760643169307 0
          1.575016080850397 1.465984766449746 0 0.7009676430958074 0.5736367697656338 0
          1.606557025473079 1.337678316287117 0 1.528783694303755 1.332462816325789 0
          1.688492409877745 1.336454193006678 0 3.366371558534282 0.6011943168885461 0
          3.343048535753576 0.5352393606297732 0 3.424984095953268 0.5340153031564638 0
          3.393443534082552 0.6623218272660547 0 3.471199696111795 0.6675942251563995 0
          3.311507973882861 0.663545884739364 0 1.322292475484583 1.881568513912985 0
          1.297873310615088 1.822446444170224 0 1.382112468296213 1.824822165764406 0
          1.264187949224311 1.939596396159402 0 1.348427106905436 1.941972117753583 0
          3.677707524513374 0.1184314860870321 0 3.70212668938289 0.1775535558298002 0
          3.617887531701632 0.1751778342356138 0 3.735812050773753 0.06040360384060925 0
          3.651572893092495 0.05802788224642288 0 1.291686020442881 0.5303043071409981 0
          1.235264717393766 0.5775076476015082 0 1.215971079771193 0.49922146425992 0
          1.048161311691896 1.565928405517868 0 1.261590077998132 0.6617574342137454 0
          3.951838782303648 0.4340715653615985 0 3.903050597072189 1.242090701015463 0
          3.961905472366235 1.202102050001928 0 3.969205664938913 1.269314265484902 0
          3.708314501380335 1.46969549763315 0 3.76473581758448 1.422492158101345 0
          3.784028933381516 1.500778536668854 0 3.841774395166536 1.229990115163577 0
          4.012604303457419 1.32245963274294 0 1.096950339836948 0.7579093067206781 0
          1.038095282956726 0.7978979441374088 0 1.030794822421315 0.730685707852341 0
          3.73840988570843 1.338255431930153 0 1.158225649151585 0.7700229604753253 0
          0.9873959413612716 0.6775403416221262 0 0.7919908755962302 0.5586949038795503 0
          0.7560402699445801 0.6358258556654044 0 3.71569678997676 1.824794373536192 0
          3.72109768329252 1.882964452680871 0 3.634604531482196 1.848756813544475 0
          0.8704925550793936 0.5428412175051831 0 3.755933680570962 1.929501006336294 0
          3.674841422076398 1.953463446344577 0 1.064586379434258 1.686424639923781 0
          1.019461567838799 1.644935290601247 0 1.284303209187661 0.1752056266203698 0
          1.278902316705087 0.1170355473191535 0 1.365395467681996 0.1512431866120795 0
          4.208009183884888 1.441305089668784 0 4.243959777662239 1.364174139364188 0
          1.244066319426737 0.07049899366372195 0 1.325158577921072 0.04653655365543157 0
          4.129507518424365 1.457158775397539 0 0.9806957086243144 1.583345751447974 0
          0.908316674898275 1.6069610963814 0 1.564873712539841 1.649568559526684 0
          1.540160332959042 1.590769832871324 0 1.623052308428405 1.590738387355805 0
          1.504812856679195 1.709846703003908 0 1.587704832148558 1.70981525748839 0
          3.435126287457638 0.3504314404733399 0 3.459839668049851 0.4092301709277597 0
          3.37694769258035 0.4092616164432711 0 3.495187143318408 0.2901532969961158 0
          3.412295167848908 0.2901847425116272 0 3.314245755141744 1.46119258667017 0
          3.337564404070443 1.393654483964298 0 3.396814549336033 1.451882414078311 0
          3.280678781490869 1.33939116249922 0 3.363247575685158 1.330080989907361 0
          1.685754244855003 0.538807413329872 0 1.662435595926387 0.6063455160357503 0
          1.603185450660892 0.5481175859217368 0 1.719313992352249 0.6606444875824149 0
          1.636745198158138 0.6699546601742796 0 3.479455189417203 1.817577416472807 0
          3.427476770536299 1.884934030982939 0 3.39636293371265 1.817465730769306 0
          3.448832900217201 1.94252285834322 0 3.365740644512648 1.942411172639719 0
          1.520544810579767 0.182422583527215 0 1.572523229460488 0.1150659690170781 0
          1.603637066284087 0.182534269230717 0 1.551167099779619 0.05747714165678802 0
          1.634259355483939 0.05758882736029006 0 1.860799145896443 1.07577623627647 0
          1.837274495715506 1.149876015266315 0 1.790177690743842 1.083693707077012 0
          1.864094349679836 1.204009871795838 0 1.793472894527235 1.211927342596381 0
          3.139206756296709 0.9242672221426631 0 3.162726128783993 0.8501232460837893 0
          3.209828648561163 0.9163503609671029 0 3.135905744012417 0.7959894540667295 0
          3.206527636276872 0.7880725928911692 0 1.488359353355921 1.884531291328548 0
          1.46708780472681 1.82701881823639 0 1.548915524917023 1.827605874057771 0
          1.429072268195759 1.941972117753583 0 1.510899988385972 1.942559173574964 0
          3.511640646641773 0.1154687086714635 0 3.532912195270896 0.1729811817636245 0
          3.451084475080553 0.1723941259422422 0 3.570927731802049 0.05802788224642288 0
          3.489100011611707 0.05744082642504062 0 2.920586251100367 1.406307310608362 0
          2.944694039305312 1.473544363662002 0 2.869472379673878 1.466266961760171 0
          2.97363184719199 1.34067146800178 0 2.898410187560556 1.33339406609995 0
          2.079413748895872 0.5936926893915755 0 2.055305960690897 0.5264556363379534 0
          2.130527620322287 0.5337330382397577 0 2.026368152804296 0.6593285319981697 0
          2.101589812435686 0.6666059338999738 0 2.903920615940955 1.001338244392421 0
          2.873378967482665 0.9305672804576841 0 2.954635152749417 0.9317567633136816 0
          2.934509510410797 1.070521226385375 0 2.853253325144044 1.069331743529378 0
          2.096073707499398 0.99864088908866 0 2.126614060863382 1.06940769881953 0
          2.045363970104117 1.068239084245388 0 2.065489561407257 0.9294744470872396 0
          2.146739652166522 0.9306430616613819 0 0.9272463913529692 1.313087691957299 0
          0.8723224950653736 1.35098106470463 0 0.7480910003431948 1.368038332601388 0
          0.8099607032214579 1.371363140994793 0 4.07275369774144 0.68691234134707 0
          4.127677575564376 0.6490189171809476 0 4.251908999655639 0.6319616673989397 0
          4.190039312353372 0.628636850118913 0 3.085743038640793 0.9965110321371977 0
          3.038640518863623 0.9302839172538842 0 3.121310308268594 1.064650673377016 0
          3.020744070835509 1.070667368488237 0 1.914262978832456 1.003533101300842 0
          1.96135978380412 1.069715409490145 0 1.878695557266242 0.9353926847158097 0
          1.97925619517392 0.929331857929485 0 1.650918723288397 1.885190012342933 0
          1.629649150425353 1.827825896201642 0 1.710380800167616 1.827897561394647 0
          1.591545149676295 1.942559173574964 0 1.672276799418559 1.942630838767969 0
          3.34908127670904 0.1148099876570735 0 3.370350849572091 0.172174103798369 0
          3.2896191998297 0.1721024386053612 0 3.408454850321261 0.05744082642504062 0
          3.327723200578871 0.05736916123203289 0 2.258010438499245 0.9998940260467075 0
          2.287913561105577 1.070024974265839 0 2.207226920864995 1.069940451881934 0
          2.227892843072078 0.929977454854166 0 2.308579483312659 0.9300619772380713 0
          2.741982970952022 1.000082563147044 0 2.712084599525483 0.929968350803372 0
          2.792766059247664 0.9300345491927524 0 2.772099964630549 1.069996668408542 0
          2.691418504908368 1.069930470019162 0 2.419348541523151 0.9999892744380842 0
          2.448327797756935 1.071905224141433 0 2.36767633497361 1.071894498133962 0
          2.38945618959571 0.9298622361855281 0 2.470107652379035 0.9298729621929995 0
          2.580650757768158 1.000008182601609 0 2.551671910498114 0.9280933764246289 0
          2.632322663959797 0.9281015585806827 0 2.610542919126907 1.07013444299923 0
          2.529892165665224 1.070126260843176 0 2.839421247678314 1.827901267843852 0
          2.780044697853459 1.88526729191718 0 2.7587736819447 1.827902717236213 0
          2.801313873729023 1.94263292126241 0 2.720666307995409 1.94263437065477 0
          2.160578752317543 0.1720987321561178 0 2.219955302142432 0.1147327080827969 0
          2.241226318051231 0.1720972827637555 0 2.198686126266802 0.0573670787375796 0
          2.27933369200049 0.05736562934521725 0 1.812297002432744 1.885265587385902 0
          1.791026817451299 1.827900120801452 0 1.871673446853382 1.827904030651415 0
          1.752921960708881 1.942630838767969 0 1.833568590110964 1.942634748617933 0
          3.187702997564443 0.114734412614099 0 3.20897318254589 0.1720998791985514 0
          3.128326553143683 0.1720959693485846 0 3.247078039288426 0.05736916123203289 0
          3.166431409886219 0.05736525138206613 0 2.67812686285973 1.827903952902927 0
          2.618751351086399 1.885269225469991 0 2.597481081826283 1.827904437063377 0
          2.640021146705087 1.94263437065477 0 2.55937536567164 1.94263485481522 0
          2.321873137136272 0.172096047097038 0 2.381248648909667 0.1147307745299852 0
          2.402518918169819 0.1720955629365887 0 2.359978853290935 0.05736562934521725 0
          2.440624634324482 0.05736514518476796 0 2.516835489659301 1.827904817187014 0
          2.457460245634181 1.885269853128098 0 2.43619016524053 1.827904960684672 0
          2.478730204381318 1.94263485481522 0 2.398084879962548 1.942634998312878 0
          2.483164510336889 0.1720951828129523 0 2.542539754362091 0.1147301468718792 0
          2.563809834755766 0.1720950393152955 0 2.521269795614926 0.05736514518476796 0
          2.601915120033803 0.05736500168711123 0 1.973588877199622 1.885269728372721 0
          1.952318820268054 1.827904660916743 0 2.032964065632849 1.827904892053599 0
          1.914213751401288 1.942634748617933 0 1.994858996766083 1.942634979754788 0
          0.912106581358372 1.139311941278397 0 0.9621848957026711 1.083529024022887 0
          0.9888323325439234 1.17467073097716 0 3.026411123094628 0.1147302715568905 0
          3.047681179728891 0.1720953390832483 0 2.967035934661282 0.1720951078760066 0
          3.085786248595774 0.05736525138206613 0 3.005141003528165 0.05736502017482435 0
          2.644455111573223 0.1720949374735838 0 2.703830286830779 0.1147299763954174 0
          2.725100319623034 0.1720949104947787 0 2.682560281324248 0.05736500168711123 0
          2.76320548937406 0.05736497470830614 0 2.355544888423168 1.827905062526385 0
          2.296169713314264 1.885270024885515 0 2.274899680522021 1.827905090786145 0
          2.317439718672225 1.942634998312878 0 2.236794510771078 1.942635026572638 0
          2.134879313988767 1.885270006327426 0 2.113609285827137 1.827905037616202 0
          2.194254477251487 1.827905084434052 0 2.075504158056406 1.942634979754788 0
          2.156149349480755 1.942635026572638 0 2.865120686453805 0.1147299948831305 0
          2.886390714466883 0.1720949623133957 0 2.805745522893669 0.1720949168468775 0
          2.92449584223772 0.05736502017482435 0 2.843850650664505 0.05736497470830614 0
          1.991900137168104 1.140482219221015 0 2.028758884009226 1.20254925551651 0
          1.944754697709228 1.204025580761266 0 3.008098870405333 0.859512953319147 0
          2.971240029868705 0.7974465911610744 0 3.055245395982911 0.7959737451012769 0
          1.787686077074246 1.589289895881718 0 1.728675835184058 1.649638904452378 0
          1.706775929899391 1.589188105440506 0 1.749348604831742 1.710137070073472 0
          1.668438457656888 1.71003527963226 0 3.212313922922844 0.410710104118285 0
          3.271324164813155 0.3503610955476301 0 3.293224070097827 0.4108118945595062 0
          3.250651395165461 0.2898629299265328 0 3.331561542340444 0.2899647203677539 0
          2.521779558570674 0.8579663381720728 0 2.48735766899486 0.7968199432799439 0
          2.568921927113939 0.7950403575115732 0 2.640659912805434 1.140048548260729 0
          2.674176459255292 1.202984317782217 0 2.59330087347383 1.203188290762285 0
          2.478219959115683 1.142031484539054 0 2.512642144741061 1.203179279310623 0
          2.431077776832772 1.204958242608881 0 2.359338594168543 0.8599456649929866 0
          2.325822233979012 0.7970106728808162 0 2.406698940262063 0.796810931828273 0
          2.683105752255439 0.8580535446263915 0 2.649569324854674 0.795041605255705 0
          2.72933126042036 0.7969083974783944 0 2.316892817339361 1.141940923969188 0
          2.350430379092074 1.204956994864748 0 2.270667605224041 1.203087470996625 0
          2.80268885910039 1.139179650401497 0 2.836082580770275 1.20240072369192 0
          2.75492922025678 1.203065648571084 0 4.270879719258059 1.216248834880217 0
          4.344237319896751 1.269940609374595 0 4.261625362595293 1.295540503825344 0
          4.74275121136222 0.4737450646689799 0 4.815106619321209 0.4892491197140632 0
          4.207076402075466 1.159985920797704 0 0.7291202807472938 0.7837511650775504 0
          0.6557626804483354 0.7300593905186141 0 0.7383746377431157 0.7044594961104242 0
          0.7929236174097569 0.8400140643460237 0 0.2572487886374143 1.526254935331189 0
          0.1848933806785331 1.51075088028591 0 2.197308696979937 0.8608110128527455 0
          2.163916282071966 0.7975949488991705 0 2.245069472977521 0.7969293420919548 0
          4.691774792049944 0.5262618864580391 0 3.302666209379967 1.82980293753906 0
          3.259299748406451 1.888100402098001 0 3.217581442954672 1.833080994357622 0
          0.3082252079496178 1.473738113542279 0 3.285095483222326 1.942411172639719 0
          3.200010716797031 1.945689229458281 0 4.555753619431224 1.926148277104063 0
          4.503955339010863 1.839713616469337 0 4.566820181634784 1.793988253630442 0
          4.475397314041264 1.781405315891653 0 0.4442463805798589 0.07385172289420673 0
          0.4960446610000738 0.1602863835290184 0 1.697333790616536 0.1701970624609565 0
          1.740700251589897 0.1118995979020113 0 1.782418557041626 0.1669190056423877 0
          0.433179818445137 0.2060117463570244 0 0.5246026860270323 0.2185946840976293 0
          4.767326496431206 1.75436182790467 0 4.827120666513562 1.684893077178515 0
          4.822114883487217 1.759586783409205 0 4.897866147150935 1.766528608448086 0
          4.83807197706858 1.835997359174241 0 0.2326735035685766 0.2456381720956927 0
          0.1728793334862652 0.315106922821949 0 0.1778851165126243 0.2404132165911559 0
          1.714904516774026 0.05758882736029006 0 1.799989283199116 0.0543107705417212 0
          0.1021338525824892 0.2334713913777842 0 0.1619280226648006 0.1640026406515279 0
          0.4860723195592976 1.843055858439128 0 0.465838465948196 1.766414779418619 0
          0.3988554798829467 1.742440102072054 0 2.156517183469715 1.139538647038662 0
          0.3539115517045512 1.77464543778403 0 4.513927680439959 0.1569441415609339 0
          4.534161534051094 0.2335852205814816 0 4.60114452011645 0.2575598979280436 0
          4.646088448294913 0.2253545622159979 0 2.190021022752949 1.203086248136124 0
          2.109408162751335 1.202553495073721 0 2.843480596056126 0.8604530681140127 0
          4.827104761159222 0.1472173768700821 0 4.795664018560528 0.07234306203536577 0
          4.870150420017803 0.0748743148347163 0 4.715018857270083 0.07234306203536577 0
          0.1728952388405168 1.852782623129651 0 2.809977842891509 0.7969096203389079 0
          2.89059075112651 0.7974423516038396 0 0.2043359814391619 1.927656937964584 0
          0.1298495799820007 1.925125685165067 0 0.2849811427294844 1.927656937964584 0
          4.087893525443905 0.86068804580272 0 4.037814055372616 0.9164735911850246 0
          4.011166579809298 0.8253319822143506 0 4.876266459075826 1.921469592106561 0
          4.800515195412109 1.91452776706768 0 4.719870034121786 1.91452776706768 0
          0.1237335406575938 0.07853040771907809 0 0.1994848045877289 0.08547223293244981 0
          1.949093928965368 1.589529060220093 0 1.890257702279707 1.649804302654696 0
          1.868422209044573 1.589465452458987 0 0.2801299658779716 0.08547223293244981 0
          4.770023740028361 1.566854240403623 0 4.792728468158568 1.485192989300695 0
          4.807655183373655 1.618972123316828 0 0.2299762599727284 0.4331457595965236 0
          0.2072715318411659 0.514807010699982 0 0.1923448166261384 0.3810278766837235 0
          0.3218492169546337 1.845061200430233 0 0.3594487193864402 1.917404262465649 0
          0.4400938806767631 1.917404262465649 0 4.678150783044875 0.1549387995697285 0
          4.64055128061301 0.08259573753436274 0 4.559906119322565 0.08259573753436274 0
          4.636398780721547 1.926148277104063 0 4.678849460004622 1.840676044171742 0
          0.3636012192895929 0.07385172289420673 0 0.321150540006557 0.1593239558266565 0
          1.91066634203622 1.710203237241383 0 1.829994622115425 1.710139629480277 0
          3.935413647996614 0.3135753510449146 0 3.980538478245505 0.3550646943804156 0
          4.019304376592182 0.4166542224758538 0 4.091683357935849 0.3930388922109714 0
          4.950795581308249 0.1517973917576431 0 0.7622273879755623 0.9865157617386403 0
          0.8297870706472796 0.9850235461734054 0 0.8178994618454025 1.049662449889359 0
          3.050906071031484 0.4104709397798847 0 3.109742297717259 0.3501956973452913 0
          3.131577790952397 0.4105345475410023 0 0.04920441869167777 1.84820260824167 0
          3.089333657960738 0.2897967627586053 0 3.17000537788165 0.2898603705197229 0
          0.7707651273964288 1.117385840964471 0 0.7187657338014602 1.160977705312372 0
          0.6983403855787167 1.094746529802494 0 1.16342115813665 0.07049899366372195 0
          4.862443570429667 1.624197078821363 0 3.151377971787695 1.844350223986319 0
          3.097654456434375 1.891360674140873 0 3.074817446240915 1.844332439210629 0
          0.1375564295701862 0.3758029211791867 0 4.956911620366149 1.767623438260002 0
          4.956911620366149 1.844546515183282 0 4.940954526784786 1.691212862494966 0
          3.119365555506709 1.945689229458281 0 3.042805029959928 1.945671444682592 0
          1.84862202820844 0.1556497760136848 0 1.902345543561641 0.1086393258591282 0
          1.925182553755094 0.1556675607893707 0 1.880634444489203 0.0543107705417212 0
          1.957194970035857 0.05432855531740702 0 0.04308837936733271 0.2323765615658721 0
          0.04308837936733271 0.155453484642475 0 0.05904547321515649 0.3087871375055001 0
          2.029922139841044 0.8613340305022068 0 1.996116494975908 0.7967166089255102 0
          2.082349861209245 0.7968591980832647 0 2.970076780038598 1.138660867625194 0
          3.003883562057744 1.203282616610712 0 2.917649001633031 1.20313647450785 0
          2.110394449776289 1.58954582536929 0 2.051576738098714 1.64987276177255 0
          2.029747133878077 1.589540974012542 0 2.071959031349103 1.710208718863459 0
          1.991311715450891 1.710203867506712 0 4.956911620366149 1.921469592106561 0
          2.889605550220354 0.4104541746306621 0 2.948423261898029 0.3501272382274149 0
          2.970252866118672 0.4104590259874209 0 2.928040968647628 0.2897912811365103 0
          3.008688284545946 0.2897961324932691 0 2.271686208542858 1.58954985251425 0
          2.21286934899333 1.649879523032498 0 2.191040913546454 1.58954794261105 0
          0.04308837936733271 0.07853040771907809 0 2.233249546539795 1.710210774329263 0
          2.152604251543392 1.710208864426063 0 4.950795581308249 0.0748743148347163 0
          2.728313791453606 0.4104501474856829 0 2.787130651003214 0.3501204769674477 0
          2.808959086450102 0.4104520573888912 0 2.766750453456733 0.2897892256706911 0
          2.847395748453229 0.2897911355738994 0 0.04920441869167777 1.925125685165067 0
          2.432974110438213 1.589565612454056 0 2.374156739858829 1.649891592980701 0
          2.352332014569117 1.589555452409053 0 4.874047494839933 1.48036420762796 0
          4.921489043644881 1.548368831709999 0 2.394536845679425 1.71022094072636 0
          2.313894749810329 1.710210780681356 0 2.567025889558098 0.4104343875458669 0
          2.625843260137542 0.350108407019232 0 2.647667985427274 0.4104445475908743 0
          2.605463154316922 0.2897790592735849 0 2.686105250186098 0.2897892193185923 0
          0.1259525051599196 0.5196357923727805 0 0.07851095635502968 0.4516311682906718 0
          4.630491858823261 1.787104856769106 0 4.7139631122235 1.775484346732723 0
          2.594231278238504 1.589678346004831 0 2.535413896320839 1.649976420908128 0
          2.513616217645589 1.589603678122407 0 2.555797183089702 1.71029550676707 0
          2.475182122496787 1.710220838884646 0 0.3695081411878507 0.212895143229368 0
          0.2860368877762294 0.2245156532676111 0 2.40576872175768 0.4103216539950879 0
          2.464586103675382 0.3500235790917979 0 2.486383782350664 0.4103963218775147 0
          2.444202816906481 0.2897044932328698 0 2.524817877499465 0.2897791611152966 0
          4.940954526784786 1.614289785571687 0 0.05904547321515649 0.3857102144288973 0
          2.755204756983067 1.590488316651172 0 2.696413883831352 1.650592982612887 0
          2.674819830065469 1.589946422828837 0 2.716827702174283 1.710837020465768 0
          2.636442775256684 1.710295126643433 0 2.244795243013033 0.4095116833487529 0
          2.303586116164753 0.3494070173870391 0 2.325180169930678 0.4100535771710849 0
          2.283172297821765 0.2891629795341744 0 2.363557224739411 0.2897048733565064 0
          2.940893097237334 1.888304365945001 0 2.921455370302329 1.833370437216627 0
          3.00165620395259 1.836408960636809 0 2.881959035019345 1.94263292126241 0
          2.962159868669606 1.945671444682592 0 2.059106902758519 0.1116956340549866 0
          2.07854462969359 0.1666295627833546 0 1.998343796043365 0.1635910393631821 0
          2.118040964976357 0.0573670787375796 0 2.037840131326132 0.05432855531740702 0
          1.79630883842853 1.39758011658375 0 1.82141992349206 1.463208852199589 0
          1.740675086726049 1.463210361254008 0 1.848673211843053 1.331819903327617 0
          1.767928375077042 1.331821412382036 0 3.203691161568454 0.6024198834162575 0
          3.178580076504917 0.5367911478004104 0 3.259324913271053 0.5367896387460083 0
          3.151326788153807 0.6681800966723845 0 3.232071624919943 0.6681785876179824 0
          2.764492278915141 1.398445629276366 0 2.789487647343058 1.464435832786827 0
          2.708615334789267 1.463851553356661 0 2.816843766697798 1.332658315284019 0
          2.735971454144007 1.332074035853854 0 2.235507721081054 0.6015543707235349 0
          2.21051235265311 0.5355641672130892 0 2.291384665206902 0.5361484466432445 0
          2.183156233298406 0.6673416847158796 0 2.264028545852198 0.6679259641460349 0
          1.957715832589982 1.397614939462922 0 1.982818212857829 1.463420740710449 0
          1.902156055462388 1.463384408776857 0 2.009995717267886 1.331871944226638 0
          1.929333559872445 1.331835612293045 0 3.042284167406772 0.6023850605370461 0
          3.017181787138924 0.5365792592895141 0 3.09784394453447 0.5366155912231276 0
          2.990004282728754 0.6681280557733185 0 3.070666440124301 0.668164387706932 0
          2.602943881672301 1.397775258652133 0 2.628026782962301 1.463583476532655 0
          2.547350698273253 1.463497385338588 0 2.655218693142519 1.331992705064986 0
          2.574542608453471 1.33190661387092 0 2.397056118323927 0.602224741347758 0
          2.371973217033904 0.5364165234672476 0 2.452649301722984 0.5365026146613152 0
          2.344781306853689 0.6680072949348963 0 2.42545739154277 0.6680933861289642 0
          2.119026094272169 1.397655295392857 0 2.144119522057284 1.463436678499241 0
          2.063471417770537 1.463432654502899 0 2.171293100296742 1.331880207780191 0
          2.090644996009996 1.331876183783849 0 2.880973905724396 0.6023447046070737 0
          2.855880477939282 0.5365633215006914 0 2.936528582226111 0.5365673454970503 0
          2.82870689969973 0.6681197922197247 0 2.909355003986559 0.6681238162160836 0
          2.441617700255062 1.397676709766007 0 2.466708591065877 1.463459319670238 0
          2.386058494337686 1.463446861978178 0 2.493883879720702 1.331897602419259 0
          2.413233782992511 1.331885144727199 0 2.558382299741245 0.6023232902338881 0
          2.533291408930419 0.5365406803296675 0 2.613941505658657 0.5365531380217298 0
          2.506116120275566 0.668102397580635 0 2.586766217003804 0.6681148552726973 0
          2.280320901042893 1.397661785731573 0 2.305412688311426 1.463441262083375 0
          2.224765985827448 1.463438795741 0 2.332586385251813 1.331883896983066 0
          2.251939682767834 1.331881430640692 0 2.719679098953525 0.6023382142683326 0
          2.694587311684988 0.5365587379165384 0 2.77523401416903 0.5365612042589206 0
          2.667413614744539 0.6681161030168291 0 2.748060317228581 0.6681185693592113 0
          3.482885498593908 1.435166676386352 0 3.497589117317717 1.360690376003791 0
          3.560341417646893 1.411512741017704 0 3.443712121310763 1.321242609121549 0
          3.521168040363748 1.2975886737529 0 1.517114501403226 0.5648333236137009 0
          1.502411568033043 0.6393089902963593 0 1.439659267703993 0.5884866252824453 0
          1.556287878686319 0.6787573908785074 0 1.478832644987086 0.7024106925472517 0
          3.575287225519403 1.895986304687797 0 3.569886332203644 1.837816225543119 0
          3.529478061507523 1.94252285834322 0 3.594196260786075 1.953463446344577 0
          1.424712774477795 0.1040136953122196 0 1.430113666960369 0.1621837746134359 0
          1.470521938489532 0.05747714165678802 0 1.405803739211159 0.04653655365543157 0
          3.08320022875944 1.61958702477879 0 3.032416735551219 1.672191389018317 0
          2.990308184030519 1.610033080073461 0 3.053763628648863 1.73161018281604 0
          2.960871583919942 1.722056238110711 0 1.916799771939383 0.3804129750668838 0
          1.967583265147549 0.3278086108273486 0 2.009691815965637 0.3899669199265142 0
          1.946236372049865 0.2683898170296342 0 2.03912841607612 0.2779437618892646 0
          4.145786319386823 1.17011374067881 0 4.108164151094781 1.235587171901167 0
          4.065682708525002 1.163852183249011 0 4.164594959505687 1.088250932145548 0
          0.8542137235681828 0.8298862265851321 0 0.8918360017915835 0.7644128079692161 0
          0.9343174873176922 0.8361477638849877 0 0.8354051029358656 0.9117490202617953 0
          2.858161750785625 1.656886160374105 0 2.835189489313886 1.592319445624516 0
          2.916552429350561 1.598070729563399 0 2.797474521259253 1.710835784799053 0
          2.878837461295927 1.716587068737937 0 2.141838249210456 0.3431138396258431 0
          2.16481051068221 0.4076805543754214 0 2.083447570645558 0.4019292704365574 0
          2.202525478736725 0.2891642152008918 0 2.121162538700073 0.2834129312620278 0
          3.306572268374234 0.862748739085515 0 3.283052895886949 0.9368927151443887 0
          3.193602708760396 1.07249934174872 0 3.271420576076931 1.022289014039612 0
          3.278714008763448 1.104294018762356 0 1.693438794619549 1.137376574127847 0
          1.716963444800486 1.063276795138002 0 1.806403678498014 0.9275444633295763 0
          1.728613891468032 0.9779405050089258 0 1.721315229041268 0.8958910402513351 0
          1.225894805820491 0.7830925529411517 0 1.171919957041265 0.8381911354715722 0
          1.187794543221077 0.897564702134524 0 1.120125386552171 0.8844951096686976 0
          3.774107101499145 1.216920905932229 0 3.82808311083212 1.161809276301141 0
          3.812207922215412 1.102435695369132 0 3.879875215882803 1.11550490460048 0
          3.283369405112555 1.164210200368161 0 3.361187272429089 1.113999872659053 0
          3.336102310941889 1.224866861353571 0 3.253629047276248 1.215161007456873 0
          1.716587237962546 0.8360037001214399 0 1.638797450932564 0.8863997418007894 0
          1.663846527218921 0.7753830166959192 0 1.746364305327625 0.784874315146465 0
          0.4214085486852555 1.317400793783818 0 3.585100633848461 0.5371485332707786 0
          3.527973577899505 0.602389136823913 0 3.505434174682929 0.5347296558621024 0
          3.550866155277327 0.6700131025650757 0 4.578591451315949 0.6825992062152582 0
          1.414899376799516 1.462851479509736 0 1.472026608543226 1.397610941763722 0
          1.494566001109478 1.46527040994506 0 0.08198598146603055 0.8132187355145409 0
          1.449117069993793 1.330043885890464 0 3.124409142494989 1.553659705735324 0
          3.166517694015688 1.61581801468018 0 3.05537971930591 1.789398510482255 0
          3.126924870937188 1.73953366138986 0 1.875590857501345 0.4463402942646796 0
          1.833482306683257 0.3841819851655139 0 4.918014018533851 1.186781264486544 0
          1.944620280690165 0.2106014895177387 0 1.873075129761594 0.2604663384558228 0
          4.746011429586398 0.9410823752784208 0 4.221724489396367 1.694919630691792 0
          0.838324810068146 1.115893625399237 0 0.1593637408610628 0.7833625467508251 0
          3.836578841861285 1.929501006336294 0 4.840636259138739 1.216637453250118 0
          0.7782755178421988 0.3050803682533536 0 4.237772632532494 1.013484222625676 0
          4.170213021600777 1.014976383518918 0 4.18210061193894 0.950337493880152 0
          3.128603740955112 1.14665567809976 0 0.9931546115845971 0.3512903539698248 0
          0.9823812911162312 0.4347411537454438 0 0.9046949281821504 0.3813476454554262 0
          3.092662198187008 1.209921372423089 0 3.164954598678809 1.217770040794793 0
          1.871396894839478 0.8533432199582189 0 1.907337858846742 0.7900778531131689 0
          1.835045980078513 0.7822296317269355 0 4.006845388671916 1.648709645988292 0
          4.017618735118859 1.565258844063345 0 4.095305098311296 1.618652352311373 0
          1.435473878628545 0.8184799684467937 0 1.433386937454004 0.8933400287230946 0
          1.367514263766689 0.8414710658342412 0 1.451155080290796 0.75423504934367 0
          1.517027753978111 0.8061040122325234 0 1.429066028752997 0.9625718466655873 0
          3.564550658841178 1.181954147730558 0 3.56655751464834 1.107207527652699 0
          3.6323906698937 1.158802427599469 0 3.548837429221666 1.245844977273993 0
          3.483004273976306 1.194250077327223 0 3.571013338292968 1.037996437516104 0
          3.184668899058789 1.422858166825773 0 3.231361108813696 1.476427676096435 0
          3.161034397996331 1.496321186366052 0 3.192004332893431 1.342000195837139 0
          3.121677622076065 1.361893706106757 0 1.81533110093773 0.577141833174247 0
          1.768638891182858 0.5235723239035976 0 1.838965602000092 0.5036788136339592 0
          1.807995667103137 0.6579998041628856 0 1.878322377920371 0.6381062938932471 0
          2.90018435439357 1.77600586253566 0 2.967335922558782 1.545466365323872 0
          2.099815645602389 0.2239941374643133 0 2.032664077437392 0.4545336346760925 0
          3.285963985239789 0.7834398900125509 0 1.714036929327938 1.216560123221023 0
          3.675582944608796 0.8206069880905182 0 3.682002656653018 0.9929852163350468 0
          0.9483868624476174 0.5246023916031131 0 1.036846545850064 0.4945451001175116 0
          2.737503412684585 1.770537928829599 0 2.813595435548003 1.531672885840466 0
          2.262496587311383 0.229462071170359 0 4.051613255720058 1.47539760070047 0
          3.963153546080679 1.505454894377389 0 2.186404564448135 0.4683271141594673 0
          3.985106409756853 0.06419087793669641 0 2.576211001432632 1.770539544619951 0
          2.653022151390218 1.529573680043116 0 2.423788998563494 0.2294604553800051 0
          1.014893590241596 1.935809122063324 0 2.34697784860596 0.4704263199568017 0
          2.414920132448287 1.770540026585302 0 2.491791492355877 1.529267537550759 0
          2.585079867548021 0.2294599734146569 0 0.9249578098132266 0.602645163877251 0
          0.9095016339930478 0.6957791675241963 0 2.508208507640396 0.470732462449157 0
          2.253629652360391 1.770540122074922 0 4.075042329386185 1.397354825711583 0
          4.090498566161726 1.304220807440009 0 2.330503579122241 1.529223871987605 0
          2.746370347636113 0.229459877925044 0 2.669496420874162 0.4707761280123178 0
          2.092339228895569 1.770539970160225 0 2.169211309325816 1.529216154851042 0
          2.907660771101146 0.2294600298397536 0 2.830788690670745 0.4707838451488973 0
          1.931048635286609 1.770539194332293 0 2.007911640642943 1.529202123816833 0
          3.068951364710337 0.2294608056677007 0 2.992088359353809 0.4707978761831318 0
          4.231367731719917 0.4384715545814294 0 4.26817881964123 0.4960133939868059 0
          1.769757244588255 1.77053600466016 0 1.846522303759907 1.529014653447115 0
          3.23024275540894 0.2294639953398468 0 0.7686322824610649 1.561528439998066 0
          0.7318211803576398 1.503986606013469 0 3.153477696237069 0.4709853465528784 0
          1.32437352146885 1.179473052422105 0 1.317853644181697 1.00726518883766 0
          3.262418870761966 1.59928531365793 0 3.221209957026418 1.665212632701396 0
          0.2438575275288726 0.8468749311234858 0 0.296542996935966 0.9102306993847015 0
          3.193128342104164 1.728264431761163 0 3.194744432761212 1.786052759427379 0
          1.737581129234595 0.4007146863420942 0 1.778790043672632 0.3347873671442985 0
          4.756142472470861 1.153125068877376 0 4.703457003063689 1.089769300616078 0
          1.608377601796242 1.770313423109485 0 1.682062550318592 1.530389378785146 0
          3.391622398201214 0.2296865768905299 0 3.31793745069004 0.469610625013926 0
          3.538772495379995 1.770347925329485 0 1.461227503783968 0.2296520748270748 0
          1.806871658594779 0.2717355680845256 0 1.805255567235079 0.2139472405726301 0
          3.416566856567495 1.216028480567759 0 3.432280086187007 1.152137651024324 0
          1.583389207747102 0.784185747400147 0 1.567708006084851 0.8484306665032707 0
          3.290611254079285 1.534655606210449 0 1.404773175679186 1.200933127057388 0
          3.595115009990224 0.7992831918772021 0 1.369835074411496 0.9754323306025725 0
          3.62992928449765 1.025013101892775 0 1.709388745917364 0.4653443937895841 0
          3.697406671432796 1.116397937295701 0 3.695399815625634 1.19114455737356 0
          3.749480043588164 1.084370051737973 0 3.686470897856231 1.052027921963882 0
          1.056371917116722 1.282653417091613 0 1.112721006102391 1.215179982421987 0
          1.042448125394544 1.169955872861713 0 0.9923698110502446 1.225738790117223 0
          1.002756124266101 1.28736827520706 0 1.115195375620378 0.4755543334901362 0
          1.171616678669493 0.4283509930296261 0 1.10918352759607 1.164111923281924 0
          3.884804637532571 1.524445667438657 0 3.828383321328425 1.571649006970462 0
          1.302508218151159 0.8837959270239704 0 1.304595159325701 0.8089358667476694 0
          4.161675267807253 0.8841063152525038 0 4.324246094073117 0.7810354144549533 0
          4.281234271311261 0.8390222907908329 0 3.943628292220937 0.7173465201076196 0
          3.887280013763808 0.7848196772902376 0 3.957550752917716 0.8300467977975234 0
          4.007630222989006 0.7742612524152188 0 0.6757539059258277 1.218964585545458 0
          3.997244119112519 0.7126317045244467 0 3.890816370584101 0.8358904070893693 0
          1.25052678792136 0.9156287852590584 0 1.313445892362348 0.9481639843456302 0
          2.61514743527886 0.7338952103635761 0 2.223558584505662 1.266102319031684 0
          1.290900851436021 0.7407676917514224 0 1.340290431503342 0.6876007480202633 0
          1.363377291947242 0.4830145411995984 0 1.382670929569815 0.5613007245411865 0
          2.384852564717453 1.266104789636317 0 3.709091099960049 1.259325396235996 0
          3.659702599834918 1.312479083371484 0 3.636622708050227 1.516985458800462 0
          3.617329592253191 1.438699080232953 0 2.776441415490744 0.7338976809682213 0
          2.453841308805329 0.7338849511677734 0 4.170352213590849 0.3714316240706497 0
          4.266357301973109 0.3614727457248071 0 0.8296478043308764 1.628568369127872 0
          0.7336427017666086 1.638527252894491 0 2.062262723292459 1.266096856613972 0
          2.54615869119092 1.266115048832112 0 2.937737276704088 0.7339031433859695 0
          2.292429819071041 0.733794608927241 0 2.707570180925176 1.26620539107264 0
          1.900953096520958 1.266076908091332 0 3.099046903475789 0.7339230919086568 0
          2.13011063720683 0.7329775273224738 0 2.869889362789421 1.267022472677438 0
          1.740856783292268 1.270693979750546 0 3.259143600468214 0.7293060979954911 0
          1.959765580214944 0.7256030206942268 0 3.040234419781442 1.274396979305745 0
          1.782305269334889 0.721608948301415 0 3.217687504508145 1.278426701780203 0
          1.442668639857315 1.76789674849363 0 3.557331360140412 0.2321032515063925 0
          1.613166275112181 0.733056362425172 0 3.386826498731188 1.266979287656471 0
          3.537919360396033 1.63345901667154 0 3.524217252102905 1.69905589996592 0
          3.459566849665209 1.502704779092224 0 3.510691684051447 1.552452195535339 0
          3.57286547526767 1.566995862536466 0 0.3081044344016408 1.188974816883809 0
          0.2057366175208241 1.21828972914283 0 1.462080639601155 0.3665409833285029 0
          1.475782747894225 0.3009441000341166 0 1.540433150331842 0.4972952209078227 0
          1.4893083159457 0.4475478044647067 0 1.42713452472963 0.4330041374635831 0
          4.691895565600985 0.8110251831144519 0 4.794263382480331 0.7817102708566215 0
          1.93758951667513 0.6526897761858284 0 1.981550206010977 0.5144932858279103 0
          3.062410483321254 1.347310223814158 0 3.018449793985271 1.485506714172064 0
          1.517888849106687 1.531225304195759 0 4.145930020196262 1.662267024570865 0
          4.160326221064458 1.734755760357248 0 0.2539885704144824 1.058917624721392 0
          0.8540699869736199 0.3377329743828035 0 3.482111151902224 0.4687746996033294 0
          0.8396737795190952 0.2652442395503574 0 1.944924950509723 0.57183180519719 0
          1.922283067256218 0.499909803535329 0 1.269195082332764 1.759337082623211 0
          3.055075049486613 1.428168194802792 0 3.077716932740082 1.500090196464662 0
          3.730804917665248 0.2406629173768288 0 1.133812016072596 1.690246006947959 0
          1.111471224600473 1.749152702200599 0 3.866188011358159 0.3097539840207181 0
          3.888528775397803 0.2508472977994724 0 4.688150514576728 0.8907040652827252 0
          0.3118494854297417 1.10929593471267 0 4.644620861849928 1.238016040810614 0
          4.709427762718851 1.213870104054795 0 4.789313327315694 1.203538333383303 0
          4.947900318894852 0.8058759824453257 0 4.861480820915466 0.7699293742507656 0
          0.3553791381501803 0.7619839591899112 0 0.2905722372809462 0.7861298959459342 0
          0.05209968110507326 1.194124017555371 0 0.138519179084539 1.230070625749685 0
          0.2106866726841347 0.79646166661756 0 3.934310101190829 1.111645980702041 0
          4.000465169057554 1.13886954517148 0 1.065689506767757 0.8883563816171904 0
          1.428864599319728 1.255376981689256 0 0.9995339893521236 0.8611327827488533 0
          3.571118615301101 0.7446799939858229 0 4.512121472978379 1.223826643215724 0
          4.464863861301815 1.189337173375023 0 4.584608679482434 1.251620682719832 0
          4.540497609321783 1.284781202568252 0 0.4878785271003303 0.7761733567576637 0
          0.535136138819112 0.810662826562403 0 0.4153913205174892 0.7483793172806621 0
          0.4595023907575178 0.7152187974049642 0 3.801272148638847 1.038065680037312 0
          4.22923487873897 0.8826141543592617 0 4.301659615442949 0.9052534694184811 0
          0.9912484974194461 1.370002318931689 0 4.008751766973372 0.6299976090394708 0
          1.252614457121645 1.693911948640564 0 1.364569291308821 1.517019910567546 0
          1.308115933128177 1.569189350750185 0 3.747385553888526 0.3060880480427439 0
          3.635430774761863 0.4829800695320542 0 3.691884143954772 0.4308106260326762 0
          4.038087337349596 1.073396113949124 0 4.043705399444685 1.000121565322494 0
          4.108922938912134 1.025104203400024 0 0.9619117111287229 0.9266062013647693 0
          0.956293678840137 0.9998807272763794 0 0.8910771768057055 0.9748957084125138 0
          4.398370242713194 0.7937863204930209 0 4.475605110367355 0.7857368927787269 0
          4.532753423846842 0.7409392062456696 0 0.6016297572858744 1.206213679507426 0
          0.5243948896375268 1.214263107217435 0 0.4672465761542828 1.259060793753418 0
          4.2889370181167 0.5747831054417116 0 0.7110629818822014 1.425216894558614 0
          1.198732217432266 0.9619327594561838 0 4.40492940623211 1.003616441997197 0
          4.349851860985089 0.9494244349446526 0 0.5950705939658327 0.9963835578517585 0
          0.6501481391843503 1.050575564925897 0 4.410751039688622 1.223818051746806 0
          4.541647843419597 1.422049371905148 0 4.550818957093968 1.344844226291233 0
          0.458352156675463 0.5779506280725721 0 0.4491810429936578 0.655155773689182 0
          0.5892489603964361 0.776181948183853 0 4.297852468412797 0.9930162985130815 0
          0.7021475327793189 1.006983700577996 0 1.372107513559199 1.320525107127189 0
          1.314227897422888 1.380568301576822 0 1.342029898742569 1.449360442386208 0
          3.627892497088812 0.6794749056533365 0 3.685772346168209 0.6194316353685777 0
          3.657970177978439 0.5506395504938648 0 1.397278769637521 0.714786648761522 0
          1.367967996199632 0.635776391223845 0 3.60271442522862 1.285292744156235 0
          3.632033210977001 1.364222779850391 0 1.087242720177687 0.04786704848205327 0
          1.121631620251789 0.1183660421457752 0 4.345097341594739 1.862269445150652 0
          4.316250460724778 1.948704105785378 0 3.912757279820457 1.952132951517965 0
          3.878368379746257 1.88163395785426 0 0.8293978702435385 0.6895176302243408 0
          0.6549026584044844 0.1377305548494737 0 0.6837495392745079 0.0512958942146621 0
          4.170602177023547 1.310482364869809 0 1.261106943338856 1.620817402485375 0
          1.189189347456021 1.679879523069586 0 3.738893067671285 0.3791825941979442 0
          3.810810652542107 0.3201204769304762 0
          <InformationKey name="L2_NORM_RANGE" location="vtkDataArray" length="2">
            <Value index="0">
              0
            </Value>
            <Value index="1">
              5.3851648071
            </Value>
          </InformationKey>
          <InformationKey name="L2_NORM_FINITE_RANGE" location="vtkDataArray" length="2">
            <Value index="0">
              0
            </Value>
            <Value index="1">
              5.3851648071
            </Value>
          </InformationKey>
        </DataArray>
      </Points>
      <Cells>
        <DataArray type="Int64" Name="connectivity" format="ascii" RangeMin="0" RangeMax="2088">
          3 4 16 4 5 17
          5 6 18 6 7 19
          7 8 20 8 9 21
          9 10 22 10 11 23
          11 12 24 12 13 25
          13 14 26 14 15 27
          15 0 28 0 29 59
          29 30 60 30 31 61
          31 32 62 32 33 63
          33 34 64 34 35 65
          35 36 66 36 37 67
          37 38 68 38 39 69
          39 40 70 40 41 71
          41 42 72 42 43 73
          43 44 74 44 45 75
          45 46 76 46 47 77
          47 48 78 48 49 79
          49 50 80 50 51 81
          51 52 82 52 53 83
          53 54 84 54 55 85
          55 56 86 56 57 87
          57 58 88 58 1 89
          1 90 102 90 91 103
          91 92 104 92 93 105
          93 94 106 94 95 107
          95 96 108 96 97 109
          97 98 110 98 99 111
          99 100 112 100 101 113
          101 2 114 2 115 145
          115 116 146 116 117 147
          117 118 148 118 119 149
          119 120 150 120 121 151
          121 122 152 122 123 153
          123 124 154 124 125 155
          125 126 156 126 127 157
          127 128 158 128 129 159
          129 130 160 130 131 161
          131 132 162 132 133 163
          133 134 164 134 135 165
          135 136 166 136 137 167
          137 138 168 138 139 169
          139 140 170 140 141 171
          141 142 172 142 143 173
          143 144 174 144 3 175
          176 177 178 633 634 635
          179 180 181 636 637 638
          182 183 184 639 640 641
          92 185 186 642 643 644
          179 187 180 645 646 636
          188 189 190 647 648 649
          189 191 190 650 651 648
          6 192 193 652 653 654
          194 195 196 655 656 657
          195 197 196 658 659 656
          198 199 200 660 661 662
          198 201 199 663 664 660
          202 203 204 665 666 667
          203 189 204 668 669 666
          205 206 207 670 671 672
          206 195 207 673 674 671
          208 209 210 675 676 677
          208 211 209 678 679 675
          212 213 214 680 681 682
          213 215 214 683 684 681
          216 217 218 685 686 687
          217 219 218 688 689 686
          220 221 222 690 691 692
          220 223 221 693 694 690
          224 225 226 695 696 697
          227 228 229 698 699 700
          226 225 230 696 701 702
          231 230 232 703 704 705
          233 234 235 706 707 708
          236 237 238 709 710 711
          239 227 229 712 700 713
          240 241 242 714 715 716
          235 234 241 707 717 718
          243 244 245 719 720 721
          246 247 248 722 723 724
          247 95 248 725 726 723
          249 250 251 727 728 729
          250 9 251 730 731 728
          252 253 254 732 733 734
          253 252 255 732 735 736
          253 256 254 737 738 733
          257 258 259 739 740 741
          258 257 260 739 742 743
          258 261 259 744 745 740
          227 189 228 746 747 698
          186 262 177 748 749 750
          262 178 177 751 634 749
          263 264 265 752 753 754
          193 266 183 755 756 757
          266 184 183 758 640 756
          248 267 268 759 760 761
          96 267 248 762 759 763
          251 269 270 764 765 766
          10 269 251 767 764 768
          271 272 273 769 770 771
          274 272 271 772 769 773
          275 271 273 774 771 775
          276 277 278 776 777 778
          279 277 276 779 776 780
          280 276 278 781 778 782
          281 282 283 783 784 785
          283 282 284 784 786 787
          285 286 287 788 789 790
          287 286 288 789 791 792
          238 231 232 793 705 794
          231 238 289 793 795 796
          236 238 232 711 794 797
          245 240 242 798 716 799
          240 245 290 798 800 801
          243 245 242 721 799 802
          215 291 292 803 804 805
          213 291 215 806 803 683
          219 293 294 807 808 809
          217 293 219 810 807 688
          201 295 199 811 812 664
          199 295 296 812 813 814
          295 297 296 815 816 813
          187 298 180 817 818 646
          180 298 299 818 819 820
          298 300 299 821 822 819
          301 283 302 823 824 825
          302 283 303 824 826 827
          304 287 305 828 829 830
          305 287 306 829 831 832
          252 254 140 734 833 834
          307 98 99 835 111 836
          140 254 139 833 837 170
          92 93 185 105 838 642
          308 263 265 839 754 840
          309 12 13 841 25 842
          263 195 264 843 844 752
          6 7 192 19 845 652
          310 231 311 846 847 848
          231 289 311 796 849 847
          91 186 177 850 750 851
          177 312 91 852 853 851
          313 240 314 854 855 856
          240 290 314 801 857 855
          315 316 274 858 859 860
          316 317 274 861 862 859
          318 319 279 863 864 865
          319 320 279 866 867 864
          321 141 142 868 172 869
          257 259 54 741 870 871
          117 118 322 148 872 873
          54 259 53 870 874 84
          323 324 325 875 876 877
          326 55 56 878 86 879
          325 324 327 876 880 881
          31 32 328 62 882 883
          329 330 331 884 885 886
          329 332 330 887 888 884
          331 293 333 889 890 891
          293 217 333 810 892 890
          188 190 334 649 893 894
          335 336 337 895 896 897
          335 338 336 898 899 895
          337 291 339 900 901 902
          291 213 339 806 903 901
          194 196 340 657 904 905
          254 341 342 906 907 908
          343 344 345 909 910 911
          254 256 341 738 912 906
          259 346 347 913 914 915
          327 348 325 916 917 881
          259 261 346 745 918 913
          349 350 351 919 920 921
          352 353 354 922 923 924
          274 317 272 862 925 772
          351 350 355 920 926 927
          355 356 351 928 929 927
          272 357 273 930 931 770
          358 201 359 932 933 934
          184 266 360 758 935 936
          271 268 274 937 938 773
          334 190 344 893 939 940
          190 345 344 941 910 939
          201 358 295 932 942 811
          279 320 277 867 943 779
          178 262 361 751 944 945
          362 187 363 946 947 948
          340 196 353 904 949 950
          196 354 353 951 923 949
          277 364 278 952 953 777
          187 362 298 946 954 817
          276 270 279 955 956 780
          93 365 185 957 958 838
          93 94 365 106 959 957
          282 366 367 960 961 962
          366 120 367 963 964 961
          7 368 192 965 966 845
          7 8 368 20 967 965
          286 369 370 968 969 970
          371 191 372 971 972 973
          369 34 370 974 975 969
          373 366 282 976 960 977
          374 185 365 978 958 979
          375 369 286 980 968 981
          376 197 377 982 983 984
          320 378 379 985 986 987
          378 380 379 988 989 986
          381 192 368 990 966 991
          317 382 383 992 993 994
          321 252 141 995 996 868
          252 140 141 834 171 996
          382 384 383 997 998 993
          385 386 369 999 1000 1001
          386 33 369 1002 1003 1000
          387 388 366 1004 1005 1006
          326 257 55 1007 1008 878
          257 54 55 871 85 1008
          388 119 366 1009 1010 1005
          389 390 391 1011 1012 1013
          389 392 390 1014 1015 1011
          393 294 255 1016 1017 1018
          393 219 294 1019 809 1016
          252 321 255 995 1020 735
          228 322 387 1021 1022 1023
          394 292 260 1024 1025 1026
          394 215 292 1027 805 1024
          257 326 260 1007 1028 742
          264 328 385 1029 1030 1031
          345 191 371 1032 971 1033
          345 190 191 941 651 1032
          395 307 371 1034 1035 1036
          395 97 307 1037 1038 1034
          396 397 398 1039 1040 1041
          214 361 262 1042 944 1043
          396 399 397 1044 1045 1039
          354 197 376 1046 982 1047
          354 196 197 951 659 1046
          400 309 376 1048 1049 1050
          400 11 309 1051 1052 1048
          401 402 403 1053 1054 1055
          218 360 266 1056 935 1057
          404 402 401 1058 1053 1059
          360 219 393 1060 1019 1061
          360 218 219 1056 689 1060
          255 321 393 1020 1062 1018
          188 322 228 1063 1021 1064
          361 215 394 1065 1027 1066
          361 214 215 1042 684 1065
          260 326 394 1028 1067 1026
          194 328 264 1068 1029 1069
          405 406 407 1070 1071 1072
          212 374 365 1073 979 1074
          408 406 405 1075 1070 1076
          216 381 368 1077 991 1078
          376 409 400 1079 1080 1050
          376 377 409 984 1081 1079
          91 92 186 104 644 850
          371 410 395 1082 1083 1036
          371 372 410 973 1084 1082
          5 193 183 1085 757 1086
          411 342 412 1087 1088 1089
          138 342 411 1090 1087 1091
          212 365 275 1074 1092 1093
          413 347 414 1094 1095 1096
          52 347 413 1097 1094 1098
          397 181 236 1099 1100 1101
          216 368 280 1078 1102 1103
          415 181 397 1104 1099 1105
          390 200 243 1106 1107 1108
          204 189 227 669 746 1109
          416 200 390 1110 1106 1111
          183 417 5 1112 1113 1086
          418 419 420 1114 1115 1116
          207 195 263 674 843 1117
          299 300 418 822 1118 1119
          5 6 193 18 654 1085
          300 419 418 1120 1114 1118
          421 422 423 1121 1122 1123
          296 297 421 816 1124 1125
          297 422 421 1126 1121 1124
          424 411 404 1127 1128 1129
          137 411 424 1130 1127 1131
          425 413 408 1132 1133 1134
          51 413 425 1135 1132 1136
          304 426 220 1137 1138 1139
          231 310 230 846 1140 703
          220 426 223 1138 1141 693
          240 313 241 854 1142 714
          209 427 428 1143 1144 1145
          301 429 208 1146 1147 1148
          211 427 209 1149 1143 679
          428 210 209 1150 676 1145
          221 430 431 1151 1152 1153
          208 429 211 1147 1154 678
          223 430 221 1155 1151 694
          431 222 221 1156 691 1153
          263 432 207 1157 1158 1117
          303 284 433 1159 1160 1161
          308 432 263 1162 1157 839
          433 284 122 1160 1163 1164
          310 341 256 1165 912 1166
          306 288 434 1167 1168 1169
          227 435 204 1170 1171 1109
          434 288 36 1168 1172 1173
          239 435 227 1174 1170 712
          226 230 256 702 1175 1176
          436 401 420 1177 1178 1179
          437 401 436 1180 1177 1181
          438 405 423 1182 1183 1184
          439 405 438 1185 1182 1186
          323 440 441 1187 1188 1189
          441 440 442 1188 1190 1191
          349 443 444 1192 1193 1194
          444 443 445 1193 1195 1196
          327 446 447 1197 1198 1199
          447 446 124 1198 1200 1201
          355 448 449 1202 1203 1204
          449 448 38 1203 1205 1206
          450 451 452 1207 1208 1209
          452 451 453 1208 1210 1211
          454 455 456 1212 1213 1214
          456 455 457 1213 1215 1216
          458 424 437 1217 1218 1219
          136 424 458 1220 1217 1221
          459 425 439 1222 1223 1224
          50 425 459 1225 1222 1226
          460 461 462 1227 1228 1229
          463 461 460 1230 1227 1231
          464 465 466 1232 1233 1234
          467 465 464 1235 1232 1236
          468 469 470 1237 1238 1239
          469 468 471 1237 1240 1241
          472 473 474 1242 1243 1244
          473 472 475 1242 1245 1246
          332 225 330 1247 1248 888
          224 331 330 1249 885 1250
          330 225 224 1248 695 1250
          338 234 336 1251 1252 899
          233 337 336 1253 896 1254
          336 234 233 1252 706 1254
          454 468 455 1255 1256 1212
          468 454 476 1255 1257 1258
          450 472 451 1259 1260 1207
          472 450 477 1259 1261 1262
          478 458 479 1263 1264 1265
          135 458 478 1266 1263 1267
          480 459 481 1268 1269 1270
          49 459 480 1271 1268 1272
          473 482 483 1273 1274 1275
          482 473 484 1273 1276 1277
          469 485 486 1278 1279 1280
          485 469 487 1278 1281 1282
          482 488 489 1283 1284 1285
          488 482 490 1283 1286 1287
          485 488 491 1288 1289 1290
          488 485 492 1288 1291 1292
          493 494 495 1293 1294 1295
          495 494 128 1294 1296 1297
          496 497 498 1298 1299 1300
          498 497 42 1299 1301 1302
          499 478 500 1303 1304 1305
          134 478 499 1306 1303 1307
          501 480 502 1308 1309 1310
          48 480 501 1311 1308 1312
          503 495 504 1313 1314 1315
          504 495 129 1314 1316 1317
          505 498 506 1318 1319 1320
          506 498 43 1319 1321 1322
          507 504 508 1323 1324 1325
          508 504 130 1324 1326 1327
          509 506 510 1328 1329 1330
          510 506 44 1329 1331 1332
          511 499 512 1333 1334 1335
          133 499 511 1336 1333 1337
          332 513 398 1338 1339 1340
          514 501 515 1341 1342 1343
          47 501 514 1344 1341 1345
          516 510 517 1346 1347 1348
          517 510 45 1347 1349 1350
          518 508 519 1351 1352 1353
          519 508 131 1352 1354 1355
          519 511 520 1356 1357 1358
          132 511 519 1359 1356 1360
          517 514 521 1361 1362 1363
          46 514 517 1364 1361 1365
          472 474 451 1244 1366 1260
          451 474 522 1366 1367 1368
          468 470 455 1239 1369 1256
          455 470 523 1369 1370 1371
          524 525 436 1372 1373 1374
          436 525 479 1373 1375 1376
          526 527 438 1377 1378 1379
          438 527 481 1378 1380 1381
          488 490 491 1287 1382 1289
          491 490 528 1382 1383 1384
          485 487 492 1282 1385 1291
          492 487 529 1385 1386 1387
          488 492 489 1292 1388 1284
          489 492 530 1388 1389 1390
          482 484 490 1277 1391 1286
          490 484 531 1391 1392 1393
          485 491 486 1290 1394 1279
          486 491 532 1394 1395 1396
          482 489 483 1285 1397 1274
          483 489 533 1397 1398 1399
          469 471 487 1241 1400 1281
          487 471 534 1400 1401 1402
          535 382 204 1403 1404 1405
          374 262 186 1406 748 1407
          384 382 535 997 1403 1408
          536 378 207 1409 1410 1411
          380 378 536 988 1409 1412
          381 266 193 1413 755 1414
          473 475 484 1246 1415 1276
          484 475 537 1415 1416 1417
          374 186 185 1407 643 978
          212 214 374 682 1418 1073
          374 214 262 1418 1043 1406
          348 447 538 1419 1420 1421
          381 193 192 1414 653 990
          216 218 381 687 1422 1077
          381 218 266 1422 1057 1413
          538 447 125 1420 1423 1424
          539 117 322 1425 873 1426
          334 539 322 1427 1426 1428
          322 188 334 1063 894 1428
          540 31 328 1429 883 1430
          356 449 541 1431 1432 1433
          340 540 328 1434 1430 1435
          328 194 340 1068 905 1435
          542 343 543 1436 1437 1438
          543 544 542 1439 1440 1438
          545 352 546 1441 1442 1443
          541 449 39 1432 1444 1445
          546 547 545 1446 1447 1443
          321 548 393 1448 1449 1062
          548 360 393 1450 1061 1449
          473 483 474 1275 1451 1243
          184 360 548 936 1450 1452
          326 549 394 1453 1454 1067
          549 361 394 1455 1066 1454
          178 361 549 945 1455 1456
          474 483 550 1451 1457 1458
          469 486 470 1280 1459 1238
          312 177 176 852 633 1460
          176 58 312 1461 1462 1460
          57 58 176 88 1461 1463
          417 183 182 1112 639 1464
          470 486 551 1459 1465 1466
          182 144 417 1467 1468 1464
          143 144 182 174 1467 1469
          338 552 391 1470 1471 1472
          544 115 542 1473 1474 1440
          542 115 116 1474 146 1475
          547 29 545 1476 1477 1447
          553 554 525 1478 1479 1480
          545 29 30 1477 60 1481
          555 345 371 1482 1033 1483
          343 345 555 911 1482 1484
          556 354 376 1485 1047 1486
          352 354 556 924 1485 1487
          182 548 143 1488 1489 1469
          142 143 548 173 1489 1490
          176 549 57 1491 1492 1463
          56 57 549 87 1492 1493
          116 539 542 1494 1495 1475
          539 116 117 1494 147 1425
          30 540 545 1496 1497 1481
          540 30 31 1496 61 1429
          525 554 500 1479 1498 1499
          230 310 256 1140 1166 1175
          313 346 261 1500 918 1501
          235 241 261 718 1502 1503
          90 91 312 103 853 1504
          241 313 261 1142 1501 1502
          557 380 513 1505 1506 1507
          558 559 527 1508 1509 1510
          4 5 417 17 1113 1511
          527 559 502 1509 1512 1513
          557 329 364 1514 1515 1516
          35 36 288 66 1172 1517
          555 543 343 1518 1437 1484
          560 538 561 1519 1520 1521
          556 546 352 1522 1442 1487
          544 100 101 1523 113 1524
          543 100 544 1525 1523 1439
          561 538 126 1520 1526 1527
          562 541 563 1528 1529 1530
          563 541 40 1529 1531 1532
          547 14 15 1533 27 1534
          546 14 547 1535 1533 1446
          472 477 475 1262 1536 1245
          475 477 467 1536 1537 1538
          468 476 471 1258 1539 1240
          471 476 463 1539 1540 1541
          548 321 142 1448 869 1490
          564 565 554 1542 1543 1544
          549 326 56 1453 879 1493
          554 565 512 1543 1545 1546
          182 184 548 641 1452 1488
          176 178 549 635 1456 1491
          544 2 115 1547 145 1473
          566 567 559 1548 1549 1550
          559 567 515 1549 1551 1552
          568 569 565 1553 1554 1555
          101 2 544 114 1547 1524
          547 0 29 1556 59 1476
          15 0 547 28 1556 1534
          565 569 520 1554 1557 1558
          312 1 90 1559 102 1504
          570 571 567 1560 1561 1562
          58 1 312 89 1559 1462
          567 571 521 1561 1563 1564
          144 3 417 175 1565 1468
          572 573 569 1566 1567 1568
          417 3 4 1565 16 1511
          555 307 99 1569 836 1570
          307 555 371 1569 1483 1035
          569 573 518 1567 1571 1572
          574 575 571 1573 1574 1575
          571 575 516 1574 1576 1577
          556 309 13 1578 842 1579
          309 556 376 1578 1486 1049
          539 344 542 1580 1581 1495
          576 577 573 1582 1583 1584
          334 344 539 940 1580 1427
          573 577 507 1583 1585 1586
          540 353 545 1587 1588 1497
          578 579 575 1589 1590 1591
          340 353 540 950 1587 1434
          575 579 509 1590 1592 1593
          555 99 543 1570 1594 1518
          556 13 546 1579 1595 1522
          344 343 542 909 1436 1581
          580 581 577 1596 1597 1598
          577 581 503 1597 1599 1600
          582 583 579 1601 1602 1603
          353 352 545 922 1441 1588
          579 583 505 1602 1604 1605
          561 494 584 1606 1607 1608
          127 494 561 1609 1606 1610
          563 497 585 1611 1612 1613
          41 497 563 1614 1611 1615
          419 586 524 1616 1617 1618
          453 586 419 1619 1616 1620
          422 587 526 1621 1622 1623
          457 587 422 1624 1621 1625
          588 460 580 1626 1627 1628
          534 460 588 1629 1626 1630
          589 464 582 1631 1632 1633
          537 464 589 1634 1631 1635
          586 590 553 1636 1637 1638
          522 590 586 1639 1636 1640
          587 591 558 1641 1642 1643
          523 591 587 1644 1641 1645
          592 588 576 1646 1647 1648
          529 588 592 1649 1646 1650
          593 589 578 1651 1652 1653
          531 589 593 1654 1651 1655
          590 594 564 1656 1657 1658
          550 594 590 1659 1656 1660
          591 595 566 1661 1662 1663
          551 595 591 1664 1661 1665
          596 592 572 1666 1667 1668
          530 592 596 1669 1666 1670
          597 593 574 1671 1672 1673
          528 593 597 1674 1671 1675
          594 596 568 1676 1677 1678
          533 596 594 1679 1676 1680
          595 597 570 1681 1682 1683
          532 597 595 1684 1681 1685
          598 441 599 1686 1687 1688
          599 441 600 1687 1689 1690
          601 444 602 1691 1692 1693
          602 444 603 1692 1694 1695
          433 446 303 1696 1697 1161
          123 446 433 1698 1696 1699
          433 122 123 1164 153 1699
          434 448 306 1700 1701 1169
          37 448 434 1702 1700 1703
          434 36 37 1173 67 1703
          604 605 606 1704 1705 1706
          606 605 584 1705 1707 1708
          607 608 609 1709 1710 1711
          609 608 585 1710 1712 1713
          610 535 428 1714 1715 1716
          384 535 610 1408 1714 1717
          611 536 431 1718 1719 1720
          380 536 611 1412 1718 1721
          606 581 462 1722 1723 1724
          493 581 606 1725 1722 1726
          609 583 466 1727 1728 1729
          496 583 609 1730 1727 1731
          456 295 454 1732 1733 1214
          612 454 358 1734 1735 1736
          358 454 295 1735 1733 942
          452 298 450 1737 1738 1209
          613 450 362 1739 1740 1741
          362 450 298 1740 1738 954
          223 614 430 1742 1743 1155
          430 614 399 1743 1744 1745
          211 615 427 1746 1747 1149
          427 615 392 1747 1748 1749
          616 612 358 1750 1736 1751
          612 616 442 1750 1752 1753
          617 613 362 1754 1741 1755
          613 617 445 1754 1756 1757
          217 216 280 685 1103 1758
          407 618 421 1759 1760 1761
          421 618 296 1760 1762 1125
          213 212 275 680 1093 1763
          403 619 418 1764 1765 1766
          10 11 269 23 1767 767
          418 619 299 1765 1768 1119
          604 620 605 1769 1770 1704
          560 584 605 1771 1707 1772
          607 621 608 1773 1774 1709
          96 97 267 109 1775 762
          99 100 543 112 1525 1594
          562 585 608 1776 1712 1777
          268 246 248 1778 724 761
          195 194 264 655 1069 844
          229 228 387 699 1023 1779
          13 14 546 26 1535 1595
          189 188 228 647 1064 747
          95 96 248 108 763 726
          513 329 557 1780 1514 1507
          400 269 11 1781 1767 1051
          121 122 284 152 1163 1782
          395 267 97 1783 1775 1037
          11 12 309 24 841 1052
          97 98 307 110 835 1038
          265 264 385 753 1031 1784
          622 384 552 1785 1786 1787
          612 476 454 1788 1257 1734
          375 285 308 1789 1790 1791
          623 476 612 1792 1788 1793
          613 477 450 1794 1261 1739
          624 477 613 1795 1794 1796
          373 281 239 1797 1798 1799
          625 363 626 1800 1801 1802
          363 625 603 1800 1803 1804
          626 363 187 1801 947 1805
          285 375 286 1789 981 788
          627 359 628 1806 1807 1808
          359 627 600 1806 1809 1810
          628 359 201 1807 933 1811
          281 373 282 1797 977 783
          629 440 620 1812 1813 1814
          623 440 629 1815 1812 1816
          630 443 621 1817 1818 1819
          624 443 630 1820 1817 1821
          584 493 606 1822 1726 1708
          462 604 606 1823 1706 1724
          585 496 609 1824 1731 1713
          466 607 609 1825 1711 1729
          297 295 456 815 1732 1826
          300 298 452 821 1737 1827
          244 243 200 719 1107 1828
          416 198 200 1829 662 1110
          222 308 285 1830 1790 1831
          493 503 581 1832 1599 1725
          580 462 581 1833 1723 1596
          496 505 583 1834 1604 1730
          210 239 281 1835 1798 1836
          582 466 583 1837 1728 1601
          52 53 347 83 1838 1097
          503 507 577 1839 1585 1600
          576 580 577 1840 1598 1582
          505 509 579 1841 1592 1605
          138 139 342 169 1842 1090
          578 582 579 1843 1603 1589
          507 518 573 1844 1571 1586
          572 576 573 1845 1584 1566
          509 516 575 1846 1576 1593
          432 222 431 1847 1156 1848
          574 578 575 1849 1591 1573
          308 222 432 1830 1847 1162
          518 520 569 1850 1557 1572
          435 210 428 1851 1150 1852
          568 572 569 1853 1568 1553
          239 210 435 1835 1851 1174
          516 521 571 1854 1563 1577
          570 574 571 1855 1575 1560
          520 512 565 1856 1545 1558
          564 568 565 1857 1555 1542
          521 515 567 1858 1551 1564
          566 570 567 1859 1562 1548
          512 500 554 1860 1498 1546
          553 564 554 1861 1544 1478
          515 502 559 1862 1512 1552
          558 566 559 1863 1550 1508
          235 292 233 1864 1865 708
          500 479 525 1866 1375 1499
          524 553 525 1867 1480 1372
          502 481 527 1868 1380 1513
          226 294 224 1869 1870 697
          526 558 527 1871 1510 1377
          237 236 181 709 1100 1872
          415 179 181 1873 638 1104
          620 325 605 1874 1875 1770
          270 269 318 765 1876 1877
          605 325 348 1875 917 1878
          348 560 605 1879 1772 1878
          621 351 608 1880 1881 1774
          268 267 315 760 1882 1883
          479 437 436 1884 1181 1376
          420 524 436 1885 1374 1179
          481 439 438 1886 1186 1381
          423 526 438 1887 1379 1184
          327 303 446 1888 1697 1197
          123 124 446 154 1200 1698
          355 306 448 1889 1701 1202
          37 38 448 68 1205 1702
          608 351 356 1881 929 1890
          356 562 608 1891 1777 1890
          600 616 359 1892 1893 1810
          359 616 358 1893 1751 934
          603 617 363 1894 1895 1804
          363 617 362 1895 1755 948
          325 620 323 1874 1896 877
          181 180 237 637 1897 1872
          200 199 244 661 1898 1828
          187 179 626 645 1899 1805
          201 198 628 663 1900 1811
          351 621 349 1880 1901 921
          628 615 627 1902 1903 1808
          416 615 628 1904 1902 1905
          236 232 631 797 1906 1907
          332 398 631 1340 1908 1909
          631 232 332 1906 1910 1909
          220 222 285 692 1831 1911
          285 304 220 1912 1139 1911
          628 198 416 1900 1829 1905
          631 398 236 1908 1913 1907
          208 210 281 677 1836 1914
          281 301 208 1915 1148 1914
          626 614 625 1916 1917 1802
          335 552 338 1918 1470 898
          335 337 357 897 1919 1920
          243 242 632 802 1921 1922
          338 391 632 1472 1923 1924
          329 513 332 1780 1338 887
          329 331 364 886 1925 1515
          632 242 338 1921 1926 1924
          632 391 243 1923 1927 1922
          415 614 626 1928 1916 1929
          270 318 279 1877 865 956
          626 179 415 1899 1873 1929
          532 528 597 1930 1675 1684
          574 570 597 1855 1682 1673
          268 315 274 1883 860 938
          568 564 594 1857 1657 1678
          550 533 594 1931 1680 1659
          625 223 426 1932 1141 1933
          304 601 426 1934 1935 1137
          533 530 596 1936 1670 1679
          572 568 596 1853 1677 1668
          627 211 429 1937 1154 1938
          301 598 429 1939 1940 1146
          570 566 595 1859 1662 1683
          551 532 595 1941 1685 1664
          528 531 593 1942 1655 1674
          292 235 258 1864 1943 1944
          258 260 292 743 1025 1944
          258 235 261 1943 1503 744
          578 574 593 1849 1672 1653
          294 226 253 1869 1945 1946
          253 255 294 736 1017 1946
          253 226 256 1945 1176 737
          564 553 590 1861 1637 1658
          489 530 533 1390 1936 1398
          522 550 590 1947 1660 1639
          348 327 447 916 1199 1419
          124 125 447 155 1423 1201
          491 528 532 1384 1930 1395
          356 355 449 928 1204 1431
          38 39 449 69 1444 1206
          560 348 538 1879 1421 1519
          483 533 550 1399 1931 1457
          125 126 538 156 1526 1424
          562 356 541 1891 1433 1528
          39 40 541 70 1531 1445
          486 532 551 1396 1941 1465
          518 507 508 1844 1325 1351
          130 131 508 161 1354 1327
          516 509 510 1846 1330 1346
          490 531 528 1393 1942 1383
          44 45 510 75 1349 1332
          520 518 519 1850 1353 1358
          131 132 519 162 1360 1355
          492 529 530 1387 1948 1389
          521 516 517 1854 1348 1363
          45 46 517 76 1365 1350
          507 503 504 1839 1315 1323
          474 550 522 1458 1947 1367
          129 130 504 160 1326 1317
          509 505 506 1841 1320 1328
          43 44 506 74 1331 1322
          470 551 523 1466 1949 1370
          512 520 511 1856 1357 1335
          132 133 511 163 1337 1359
          515 521 514 1858 1362 1343
          484 537 531 1417 1950 1392
          46 47 514 77 1345 1364
          503 493 495 1832 1295 1313
          128 129 495 159 1316 1297
          487 534 529 1402 1951 1386
          505 496 498 1834 1300 1318
          42 43 498 73 1321 1302
          500 512 499 1860 1334 1305
          451 522 453 1368 1952 1210
          133 134 499 164 1307 1336
          502 515 501 1862 1342 1310
          47 48 501 78 1312 1344
          455 523 457 1371 1953 1215
          493 584 494 1822 1607 1293
          127 128 494 158 1296 1609
          496 585 497 1824 1612 1298
          475 467 537 1538 1954 1416
          41 42 497 72 1301 1614
          584 560 561 1771 1521 1608
          126 127 561 157 1610 1527
          471 463 534 1541 1955 1401
          585 562 563 1776 1530 1613
          40 41 563 71 1615 1532
          479 500 478 1866 1304 1265
          452 453 300 1211 1956 1827
          134 135 478 165 1267 1306
          481 502 480 1868 1309 1270
          48 49 480 79 1272 1311
          456 457 297 1216 1957 1826
          437 479 458 1884 1264 1219
          135 136 458 166 1221 1266
          439 481 459 1886 1269 1224
          477 624 467 1795 1958 1537
          49 50 459 80 1226 1271
          530 529 592 1948 1650 1669
          576 572 592 1845 1667 1648
          476 623 463 1792 1959 1540
          566 558 591 1863 1642 1663
          523 551 591 1949 1665 1644
          531 537 589 1950 1635 1654
          613 445 624 1757 1960 1796
          582 578 589 1843 1652 1633
          553 524 586 1867 1617 1638
          453 522 586 1952 1640 1619
          612 442 623 1753 1961 1793
          404 437 424 1962 1218 1129
          136 137 424 167 1131 1220
          408 439 425 1963 1223 1134
          529 534 588 1951 1630 1649
          50 51 425 81 1136 1225
          580 576 588 1840 1647 1628
          558 526 587 1871 1622 1643
          457 523 587 1953 1645 1624
          537 467 464 1954 1236 1634
          466 582 464 1837 1632 1234
          524 420 419 1885 1115 1618
          617 603 445 1894 1964 1756
          300 453 419 1956 1620 1120
          534 463 460 1955 1231 1629
          462 580 460 1833 1627 1229
          616 600 442 1892 1965 1752
          324 302 327 1966 1967 880
          324 323 598 875 1968 1969
          598 302 324 1970 1966 1969
          249 280 368 1971 1102 1972
          350 305 355 1973 1974 926
          350 349 601 919 1975 1976
          601 305 350 1977 1973 1976
          246 275 365 1978 1092 1979
          526 423 422 1887 1122 1623
          297 457 422 1957 1625 1126
          467 624 465 1958 1980 1235
          607 466 465 1825 1233 1981
          463 623 461 1959 1982 1230
          604 462 461 1823 1228 1983
          420 403 418 1984 1766 1116
          443 624 445 1820 1960 1195
          229 373 239 1985 1799 713
          387 373 229 1986 1985 1779
          443 349 621 1192 1901 1818
          440 623 442 1815 1961 1190
          270 249 251 1987 729 766
          265 375 308 1988 1791 840
          423 407 421 1989 1761 1123
          440 323 620 1187 1896 1813
          385 375 265 1990 1988 1784
          9 10 251 22 768 731
          607 465 630 1981 1991 1992
          630 621 607 1819 1773 1992
          437 404 401 1962 1059 1180
          403 420 401 1984 1178 1055
          412 404 411 1993 1128 1089
          137 138 411 168 1091 1130
          439 408 405 1963 1076 1185
          407 423 405 1989 1183 1072
          630 465 624 1991 1980 1821
          604 461 629 1983 1994 1995
          414 408 413 1996 1133 1096
          51 52 413 82 1098 1135
          629 620 604 1814 1769 1995
          629 461 623 1994 1982 1816
          441 598 323 1686 1968 1189
          441 442 600 1191 1965 1689
          444 601 349 1691 1975 1194
          444 445 603 1196 1964 1694
          341 310 412 1165 1997 1998
          412 342 341 1088 907 1998
          346 313 414 1500 1999 2000
          414 347 346 1095 914 2000
          271 246 268 2001 1778 937
          275 246 271 1978 2001 774
          276 249 270 2002 1987 955
          280 249 276 1971 2002 781
          372 315 410 2003 2004 1084
          267 395 410 1783 1083 2005
          365 94 247 959 2006 2007
          247 246 365 722 1979 2007
          410 315 267 2004 1882 2005
          377 318 409 2008 2009 1081
          247 94 95 2006 107 725
          368 8 250 967 2010 2011
          269 400 409 1781 1080 2012
          409 318 269 2009 1876 2012
          250 249 368 727 1972 2011
          250 8 9 2010 21 730
          392 389 427 1014 2013 1749
          427 389 428 2013 2014 1144
          399 396 430 1044 2015 1745
          299 237 180 2016 1897 820
          430 396 431 2015 2017 1152
          366 373 387 976 1986 1006
          366 119 120 1010 150 963
          296 244 199 2018 1898 814
          369 375 385 980 1990 1001
          369 33 34 1003 64 974
          316 202 317 2019 2020 861
          316 315 372 858 2003 2021
          372 202 316 2022 2019 2021
          319 205 320 2023 2024 866
          319 318 377 863 2008 2025
          377 205 319 2026 2023 2025
          392 416 390 2027 1111 1015
          243 391 390 1927 1012 1108
          622 335 357 2028 1920 2029
          552 335 622 1918 2028 1787
          332 232 225 1910 2030 1247
          225 232 230 2030 704 701
          338 242 234 1926 2031 1251
          234 242 241 2031 715 717
          404 412 402 1993 2032 1058
          289 403 402 2033 1054 2034
          408 414 406 1996 2035 1075
          290 407 406 2036 1071 2037
          303 327 302 1888 1967 827
          598 301 302 1939 825 1970
          610 389 552 2038 2039 2040
          428 389 610 2014 2038 1716
          306 355 305 1889 1974 832
          601 304 305 1934 830 1977
          552 384 610 1786 1717 2040
          611 396 513 2041 2042 2043
          431 396 611 2017 2041 1720
          513 380 611 1506 1721 2043
          284 303 283 1159 826 787
          301 281 283 1915 785 823
          288 306 287 1167 831 792
          304 285 287 1912 790 828
          357 339 273 2044 2045 931
          273 339 275 2045 2046 775
          364 333 278 2047 2048 953
          278 333 280 2048 2049 782
          233 292 291 1865 804 2050
          291 337 233 900 1253 2050
          224 294 293 1870 808 2051
          293 331 224 889 1249 2051
          415 399 614 2052 1744 1928
          223 625 614 1932 1917 1742
          317 383 272 994 2053 925
          272 383 357 2053 2054 930
          416 392 615 2027 1748 1904
          211 627 615 1937 1903 1746
          320 379 277 987 2055 943
          277 379 364 2055 2056 952
          398 513 396 1339 2042 1041
          317 202 382 2020 2057 992
          372 191 203 972 2058 2059
          203 202 372 665 2022 2059
          391 552 389 1471 2039 1013
          203 191 189 2058 650 668
          382 202 204 2057 667 1404
          377 197 206 983 2060 2061
          206 205 377 670 2026 2061
          320 205 378 2024 2062 985
          206 197 195 2060 658 673
          378 205 207 2062 672 1410
          384 622 383 1785 2063 998
          383 622 357 2063 2029 2054
          380 557 379 1505 2064 989
          379 557 364 2064 1516 2056
          254 342 139 908 1842 837
          259 347 53 915 1838 874
          237 619 238 2065 2066 710
          238 619 289 2066 2067 795
          244 618 245 2068 2069 720
          245 618 290 2069 2070 800
          357 337 339 1919 902 2044
          213 275 339 1763 2046 903
          602 603 625 1695 1803 2071
          602 426 601 2072 1935 1693
          364 331 333 1925 891 2047
          625 426 602 1933 2072 2071
          599 600 627 1690 1809 2073
          599 429 598 2074 1940 1688
          217 280 333 1758 2049 892
          627 429 599 1938 2074 2073
          34 35 370 65 2075 975
          288 286 370 791 970 2076
          370 35 288 2075 1517 2076
          388 322 118 2077 872 2078
          120 121 367 151 2079 964
          284 282 367 786 962 2080
          367 121 284 2079 1782 2080
          387 322 388 1022 2077 1004
          118 119 388 149 1009 2078
          207 432 536 1158 2081 1411
          386 328 32 2082 882 2083
          536 432 431 2081 1848 1719
          385 328 386 1030 2082 999
          204 435 535 1171 2084 1405
          32 33 386 63 1002 2083
          535 435 428 2084 1852 1715
          244 296 618 2018 1762 2068
          407 290 618 2036 2070 1759
          311 402 412 2085 2032 2086
          289 402 311 2034 2085 849
          237 299 619 2016 1768 2065
          403 289 619 2033 2067 1764
          412 310 311 1997 848 2086
          314 406 414 2087 2035 2088
          290 406 314 2037 2087 857
          414 313 314 1999 856 2088
          236 398 397 1913 1040 1101
          399 415 397 2052 1105 1045
        </DataArray>
        <DataArray type="Int64" Name="offsets" format="ascii" RangeMin="3" RangeMax="6264">
          3 6 9 12 15 18
          21 24 27 30 33 36
          39 42 45 48 51 54
          57 60 63 66 69 72
          75 78 81 84 87 90
          93 96 99 102 105 108
          111 114 117 120 123 126
          129 132 135 138 141 144
          147 150 153 156 159 162
          165 168 171 174 177 180
          183 186 189 192 195 198
          201 204 207 210 213 216
          219 222 225 228 231 234
          237 240 243 246 249 252
          255 258 261 264 270 276
          282 288 294 300 306 312
          318 324 330 336 342 348
          354 360 366 372 378 384
          390 396 402 408 414 420
          426 432 438 444 450 456
          462 468 474 480 486 492
          498 504 510 516 522 528
          534 540 546 552 558 564
          570 576 582 588 594 600
          606 612 618 624 630 636
          642 648 654 660 666 672
          678 684 690 696 702 708
          714 720 726 732 738 744
          750 756 762 768 774 780
          786 792 798 804 810 816
          822 828 834 840 846 852
          858 864 870 876 882 888
          894 900 906 912 918 924
          930 936 942 948 954 960
          966 972 978 984 990 996
          1002 1008 1014 1020 1026 1032
          1038 1044 1050 1056 1062 1068
          1074 1080 1086 1092 1098 1104
          1110 1116 1122 1128 1134 1140
          1146 1152 1158 1164 1170 1176
          1182 1188 1194 1200 1206 1212
          1218 1224 1230 1236 1242 1248
          1254 1260 1266 1272 1278 1284
          1290 1296 1302 1308 1314 1320
          1326 1332 1338 1344 1350 1356
          1362 1368 1374 1380 1386 1392
          1398 1404 1410 1416 1422 1428
          1434 1440 1446 1452 1458 1464
          1470 1476 1482 1488 1494 1500
          1506 1512 1518 1524 1530 1536
          1542 1548 1554 1560 1566 1572
          1578 1584 1590 1596 1602 1608
          1614 1620 1626 1632 1638 1644
          1650 1656 1662 1668 1674 1680
          1686 1692 1698 1704 1710 1716
          1722 1728 1734 1740 1746 1752
          1758 1764 1770 1776 1782 1788
          1794 1800 1806 1812 1818 1824
          1830 1836 1842 1848 1854 1860
          1866 1872 1878 1884 1890 1896
          1902 1908 1914 1920 1926 1932
          1938 1944 1950 1956 1962 1968
          1974 1980 1986 1992 1998 2004
          2010 2016 2022 2028 2034 2040
          2046 2052 2058 2064 2070 2076
          2082 2088 2094 2100 2106 2112
          2118 2124 2130 2136 2142 2148
          2154 2160 2166 2172 2178 2184
          2190 2196 2202 2208 2214 2220
          2226 2232 2238 2244 2250 2256
          2262 2268 2274 2280 2286 2292
          2298 2304 2310 2316 2322 2328
          2334 2340 2346 2352 2358 2364
          2370 2376 2382 2388 2394 2400
          2406 2412 2418 2424 2430 2436
          2442 2448 2454 2460 2466 2472
          2478 2484 2490 2496 2502 2508
          2514 2520 2526 2532 2538 2544
          2550 2556 2562 2568 2574 2580
          2586 2592 2598 2604 2610 2616
          2622 2628 2634 2640 2646 2652
          2658 2664 2670 2676 2682 2688
          2694 2700 2706 2712 2718 2724
          2730 2736 2742 2748 2754 2760
          2766 2772 2778 2784 2790 2796
          2802 2808 2814 2820 2826 2832
          2838 2844 2850 2856 2862 2868
          2874 2880 2886 2892 2898 2904
          2910 2916 2922 2928 2934 2940
          2946 2952 2958 2964 2970 2976
          2982 2988 2994 3000 3006 3012
          3018 3024 3030 3036 3042 3048
          3054 3060 3066 3072 3078 3084
          3090 3096 3102 3108 3114 3120
          3126 3132 3138 3144 3150 3156
          3162 3168 3174 3180 3186 3192
          3198 3204 3210 3216 3222 3228
          3234 3240 3246 3252 3258 3264
          3270 3276 3282 3288 3294 3300
          3306 3312 3318 3324 3330 3336
          3342 3348 3354 3360 3366 3372
          3378 3384 3390 3396 3402 3408
          3414 3420 3426 3432 3438 3444
          3450 3456 3462 3468 3474 3480
          3486 3492 3498 3504 3510 3516
          3522 3528 3534 3540 3546 3552
          3558 3564 3570 3576 3582 3588
          3594 3600 3606 3612 3618 3624
          3630 3636 3642 3648 3654 3660
          3666 3672 3678 3684 3690 3696
          3702 3708 3714 3720 3726 3732
          3738 3744 3750 3756 3762 3768
          3774 3780 3786 3792 3798 3804
          3810 3816 3822 3828 3834 3840
          3846 3852 3858 3864 3870 3876
          3882 3888 3894 3900 3906 3912
          3918 3924 3930 3936 3942 3948
          3954 3960 3966 3972 3978 3984
          3990 3996 4002 4008 4014 4020
          4026 4032 4038 4044 4050 4056
          4062 4068 4074 4080 4086 4092
          4098 4104 4110 4116 4122 4128
          4134 4140 4146 4152 4158 4164
          4170 4176 4182 4188 4194 4200
          4206 4212 4218 4224 4230 4236
          4242 4248 4254 4260 4266 4272
          4278 4284 4290 4296 4302 4308
          4314 4320 4326 4332 4338 4344
          4350 4356 4362 4368 4374 4380
          4386 4392 4398 4404 4410 4416
          4422 4428 4434 4440 4446 4452
          4458 4464 4470 4476 4482 4488
          4494 4500 4506 4512 4518 4524
          4530 4536 4542 4548 4554 4560
          4566 4572 4578 4584 4590 4596
          4602 4608 4614 4620 4626 4632
          4638 4644 4650 4656 4662 4668
          4674 4680 4686 4692 4698 4704
          4710 4716 4722 4728 4734 4740
          4746 4752 4758 4764 4770 4776
          4782 4788 4794 4800 4806 4812
          4818 4824 4830 4836 4842 4848
          4854 4860 4866 4872 4878 4884
          4890 4896 4902 4908 4914 4920
          4926 4932 4938 4944 4950 4956
          4962 4968 4974 4980 4986 4992
          4998 5004 5010 5016 5022 5028
          5034 5040 5046 5052 5058 5064
          5070 5076 5082 5088 5094 5100
          5106 5112 5118 5124 5130 5136
          5142 5148 5154 5160 5166 5172
          5178 5184 5190 5196 5202 5208
          5214 5220 5226 5232 5238 5244
          5250 5256 5262 5268 5274 5280
          5286 5292 5298 5304 5310 5316
          5322 5328 5334 5340 5346 5352
          5358 5364 5370 5376 5382 5388
          5394 5400 5406 5412 5418 5424
          5430 5436 5442 5448 5454 5460
          5466 5472 5478 5484 5490 5496
          5502 5508 5514 5520 5526 5532
          5538 5544 5550 5556 5562 5568
          5574 5580 5586 5592 5598 5604
          5610 5616 5622 5628 5634 5640
          5646 5652 5658 5664 5670 5676
          5682 5688 5694 5700 5706 5712
          5718 5724 5730 5736 5742 5748
          5754 5760 5766 5772 5778 5784
          5790 5796 5802 5808 5814 5820
          5826 5832 5838 5844 5850 5856
          5862 5868 5874 5880 5886 5892
          5898 5904 5910 5916 5922 5928
          5934 5940 5946 5952 5958 5964
          5970 5976 5982 5988 5994 6000
          6006 6012 6018 6024 6030 6036
          6042 6048 6054 6060 6066 6072
          6078 6084 6090 6096 6102 6108
          6114 6120 6126 6132 6138 6144
          6150 6156 6162 6168 6174 6180
          6186 6192 6198 6204 6210 6216
          6222 6228 6234 6240 6246 6252
          6258 6264
        </DataArray>
        <DataArray type="UInt8" Name="types" format="ascii" RangeMin="21" RangeMax="22">
          21 21 21 21 21 21
          21 21 21 21 21 21
          21 21 21 21 21 21
          21 21 21 21 21 21
          21 21 21 21 21 21
          21 21 21 21 21 21
          21 21 21 21 21 21
          21 21 21 21 21 21
          21 21 21 21 21 21
          21 21 21 21 21 21
          21 21 21 21 21 21
          21 21 21 21 21 21
          21 21 21 21 21 21
          21 21 21 21 21 21
          21 21 21 21 22 22
          22 22 22 22 22 22
          22 22 22 22 22 22
          22 22 22 22 22 22
          22 22 22 22 22 22
          22 22 22 22 22 22
          22 22 22 22 22 22
          22 22 22 22 22 22
          22 22 22 22 22 22
          22 22 22 22 22 22
          22 22 22 22 22 22
          22 22 22 22 22 22
          22 22 22 22 22 22
          22 22 22 22 22 22
          22 22 22 22 22 22
          22 22 22 22 22 22
          22 22 22 22 22 22
          22 22 22 22 22 22
          22 22 22 22 22 22
          22 22 22 22 22 22
          22 22 22 22 22 22
          22 22 22 22 22 22
          22 22 22 22 22 22
          22 22 22 22 22 22
          22 22 22 22 22 22
          22 22 22 22 22 22
          22 22 22 22 22 22
          22 22 22 22 22 22
          22 22 22 22 22 22
          22 22 22 22 22 22
          22 22 22 22 22 22
          22 22 22 22 22 22
          22 22 22 22 22 22
          22 22 22 22 22 22
          22 22 22 22 22 22
          22 22 22 22 22 22
          22 22 22 22 22 22
          22 22 22 22 22 22
          22 22 22 22 22 22
          22 22 22 22 22 22
          22 22 22 22 22 22
          22 22 22 22 22 22
          22 22 22 22 22 22
          22 22 22 22 22 22
          22 22 22 22 22 22
          22 22 22 22 22 22
          22 22 22 22 22 22
          22 22 22 22 22 22
          22 22 22 22 22 22
          22 22 22 22 22 22
          22 22 22 22 22 22
          22 22 22 22 22 22
          22 22 22 22 22 22
          22 22 22 22 22 22
          22 22 22 22 22 22
          22 22 22 22 22 22
          22 22 22 22 22 22
          22 22 22 22 22 22
          22 22 22 22 22 22
          22 22 22 22 22 22
          22 22 22 22 22 22
          22 22 22 22 22 22
          22 22 22 22 22 22
          22 22 22 22 22 22
          22 22 22 22 22 22
          22 22 22 22 22 22
          22 22 22 22 22 22
          22 22 22 22 22 22
          22 22 22 22 22 22
          22 22 22 22 22 22
          22 22 22 22 22 22
          22 22 22 22 22 22
          22 22 22 22 22 22
          22 22 22 22 22 22
          22 22 22 22 22 22
          22 22 22 22 22 22
          22 22 22 22 22 22
          22 22 22 22 22 22
          22 22 22 22 22 22
          22 22 22 22 22 22
          22 22 22 22 22 22
          22 22 22 22 22 22
          22 22 22 22 22 22
          22 22 22 22 22 22
          22 22 22 22 22 22
          22 22 22 22 22 22
          22 22 22 22 22 22
          22 22 22 22 22 22
          22 22 22 22 22 22
          22 22 22 22 22 22
          22 22 22 22 22 22
          22 22 22 22 22 22
          22 22 22 22 22 22
          22 22 22 22 22 22
          22 22 22 22 22 22
          22 22 22 22 22 22
          22 22 22 22 22 22
          22 22 22 22 22 22
          22 22 22 22 22 22
          22 22 22 22 22 22
          22 22 22 22 22 22
          22 22 22 22 22 22
          22 22 22 22 22 22
          22 22 22 22 22 22
          22 22 22 22 22 22
          22 22 22 22 22 22
          22 22 22 22 22 22
          22 22 22 22 22 22
          22 22 22 22 22 22
          22 22 22 22 22 22
          22 22 22 22 22 22
          22 22 22 22 22 22
          22 22 22 22 22 22
          22 22 22 22 22 22
          22 22 22 22 22 22
          22 22 22 22 22 22
          22 22 22 22 22 22
          22 22 22 22 22 22
          22 22 22 22 22 22
          22 22 22 22 22 22
          22 22 22 22 22 22
          22 22 22 22 22 22
          22 22 22 22 22 22
          22 22 22 22 22 22
          22 22 22 22 22 22
          22 22 22 22 22 22
          22 22 22 22 22 22
          22 22 22 22 22 22
          22 22 22 22 22 22
          22 22 22 22 22 22
          22 22 22 22 22 22
          22 22 22 22 22 22
          22 22 22 22 22 22
          22 22 22 22 22 22
          22 22 22 22 22 22
          22 22 22 22 22 22
          22 22 22 22 22 22
          22 22 22 22 22 22
          22 22 22 22 22 22
          22 22 22 22 22 22
          22 22 22 22 22 22
          22 22 22 22 22 22
          22 22 22 22 22 22
          22 22 22 22 22 22
          22 22 22 22 22 22
          22 22 22 22 22 22
          22 22 22 22 22 22
          22 22 22 22 22 22
          22 22 22 22 22 22
          22 22 22 22 22 22
          22 22 22 22 22 22
          22 22 22 22 22 22
          22 22 22 22 22 22
          22 22 22 22 22 22
          22 22 22 22 22 22
          22 22 22 22 22 22
          22 22 22 22 22 22
          22 22 22 22 22 22
          22 22 22 22 22 22
          22 22 22 22 22 22
          22 22 22 22 22 22
          22 22 22 22 22 22
          22 22 22 22 22 22
          22 22 22 22 22 22
          22 22 22 22 22 22
          22 22 22 22 22 22
          22 22 22 22 22 22
          22 22
        </DataArray>
      </Cells>
    </Piece>
  </UnstructuredGrid>
</VTKFile>
