$MeshFormat
4.1 0 8
$EndMeshFormat
$PhysicalNames
5
1 2 "Left Boundary"
1 3 "Bottom Boundary"
1 4 "Right Boundary"
1 5 "Top Boundary"
2 1 "Surface"
$EndPhysicalNames
$Entities
4 4 1 0
1 0 0 0 0 
2 5 0 0 0 
3 5 2 0 0 
4 0 2 0 0 
1 0 0 0 0 2 0 1 2 2 4 -1 
2 0 0 0 5 0 0 1 3 2 1 -2 
3 5 0 0 5 2 0 1 4 2 2 -3 
4 0 2 0 5 2 0 1 5 2 3 -4 
1 0 0 0 5 2 0 1 1 4 1 2 3 4 
$EndEntities
$Nodes
9 4875 1 4875
0 1 0 1
1
0 0 0
0 2 0 1
2
5 0 0
0 3 0 1
3
5 2 0
0 4 0 1
4
0 2 0
1 1 0 51
5
6
7
8
9
10
11
12
13
14
15
16
17
18
19
20
21
22
23
24
25
26
27
28
29
30
31
32
33
34
35
36
37
38
39
40
41
42
43
44
45
46
47
48
49
50
51
52
53
54
55
0 1.923076923076603 0
0 1.846153846153206 0
0 1.769230769229809 0
0 1.692307692307052 0
0 1.615384615384509 0
0 1.538461538461966 0
0 1.461538461539423 0
0 1.38461538461688 0
0 1.307692307694337 0
0 1.230769230771794 0
0 1.153846153849251 0
0 1.076923076926708 0
0 1.000000000004121 0
0 0.9230769230807674 0
0 0.8461538461573701 0
0 0.7692307692339728 0
0 0.6923076923105755 0
0 0.6153846153871785 0
0 0.538461538463781 0
0 0.4615384615403837 0
0 0.3846153846169866 0
0 0.3076923076935891 0
0 0.2307692307701918 0
0 0.1538461538467946 0
0 0.07692307692339728 0
0 1.961538461538301 0
0 1.884615384614905 0
0 1.807692307691504 0
0 1.730769230768374 0
0 1.653846153845784 0
0 1.576923076923249 0
0 1.500000000000695 0
0 1.423076923078159 0
0 1.346153846155589 0
0 1.269230769233063 0
0 1.192307692310509 0
0 1.115384615387983 0
0 1.03846153846541 0
0 0.9615384615424443 0
0 0.8846153846190687 0
0 0.8076923076956715 0
0 0.7307692307722742 0
0 0.6538461538488769 0
0 0.5769230769254796 0
0 0.5000000000020823 0
0 0.4230769230786851 0
0 0.3461538461552878 0
0 0.2692307692318905 0
0 0.1923076923084932 0
0 0.1153846153850959 0
0 0.03846153846169864 0
1 2 0 123
56
57
58
59
60
61
62
63
64
65
66
67
68
69
70
71
72
73
74
75
76
77
78
79
80
81
82
83
84
85
86
87
88
89
90
91
92
93
94
95
96
97
98
99
100
101
102
103
104
105
106
107
108
109
110
111
112
113
114
115
116
117
118
119
120
121
122
123
124
125
126
127
128
129
130
131
132
133
134
135
136
137
138
139
140
141
142
143
144
145
146
147
148
149
150
151
152
153
154
155
156
157
158
159
160
161
162
163
164
165
166
167
168
169
170
171
172
173
174
175
176
177
178
0.0806451612902641 0 0
0.1612903225805229 0 0
0.2419354838707512 0 0
0.3225806451610087 0 0
0.403225806451275 0 0
0.4838709677415413 0 0
0.5645161290318075 0 0
0.6451612903220185 0 0
0.7258064516121164 0 0
0.8064516129022036 0 0
0.8870967741922909 0 0
0.9677419354823784 0 0
1.048387096772466 0 0
1.129032258062553 0 0
1.20967741935264 0 0
1.290322580642727 0 0
1.370967741932815 0 0
1.451612903222902 0 0
1.532258064512989 0 0
1.612903225803077 0 0
1.693548387093164 0 0
1.774193548383251 0 0
1.854838709673339 0 0
1.935483870963426 0 0
2.016129032253567 0 0
2.096774193543978 0 0
2.177419354834424 0 0
2.25806451612487 0 0
2.338709677415315 0 0
2.41935483870576 0 0
2.499999999996206 0 0
2.580645161286652 0 0
2.661290322577097 0 0
2.741935483867541 0 0
2.822580645157986 0 0
2.903225806448432 0 0
2.983870967738876 0 0
3.064516129029322 0 0
3.145161290319766 0 0
3.225806451610211 0 0
3.306451612900656 0 0
3.387096774191101 0 0
3.467741935481547 0 0
3.548387096771991 0 0
3.629032258062436 0 0
3.709677419352881 0 0
3.790322580643326 0 0
3.870967741933771 0 0
3.951612903224216 0 0
4.032258064514661 0 0
4.112903225805105 0 0
4.19354838709555 0 0
4.274193548385996 0 0
4.35483870967644 0 0
4.435483870966886 0 0
4.51612903225733 0 0
4.596774193547775 0 0
4.67741935483822 0 0
4.758064516128665 0 0
4.83870967741911 0 0
4.919354838709555 0 0
0.04032258064513193 0 0
0.1209677419353939 0 0
0.201612903225637 0 0
0.2822580645158823 0 0
0.3629032258061418 0 0
0.4435483870964063 0 0
0.5241935483866742 0 0
0.6048387096769318 0 0
0.6854838709670691 0 0
0.76612903225716 0 0
0.8467741935472426 0 0
0.9274193548373456 0 0
1.008064516127425 0 0
1.088709677417521 0 0
1.169354838707602 0 0
1.249999999997682 0 0
1.330645161287773 0 0
1.411290322577867 0 0
1.491935483867941 0 0
1.572580645158038 0 0
1.653225806448127 0 0
1.733870967738211 0 0
1.814516129028293 0 0
1.895161290318387 0 0
1.975806451608493 0 0
2.056451612898765 0 0
2.137096774189193 0 0
2.217741935479606 0 0
2.29838709677007 0 0
2.379032258060538 0 0
2.459677419351004 0 0
2.540322580641426 0 0
2.620967741931861 0 0
2.701612903222319 0 0
2.782258064512764 0 0
2.862903225803216 0 0
2.943548387093651 0 0
3.024193548384089 0 0
3.104838709674544 0 0
3.185483870964985 0 0
3.26612903225544 0 0
3.346774193545878 0 0
3.427419354836337 0 0
3.508064516126775 0 0
3.588709677417217 0 0
3.669354838707648 0 0
3.749999999998103 0 0
3.830645161288542 0 0
3.911290322579 0 0
3.991935483869411 0 0
4.072580645159903 0 0
4.153225806450328 0 0
4.233870967740766 0 0
4.314516129031245 0 0
4.395161290321613 0 0
4.475806451612108 0 0
4.556451612902553 0 0
4.637096774192971 0 0
4.717741935483422 0 0
4.798387096773888 0 0
4.879032258064371 0 0
4.959677419354771 0 0
1 3 0 51
179
180
181
182
183
184
185
186
187
188
189
190
191
192
193
194
195
196
197
198
199
200
201
202
203
204
205
206
207
208
209
210
211
212
213
214
215
216
217
218
219
220
221
222
223
224
225
226
227
228
229
5 0.07692307692292709 0
5 0.153846153845853 0
5 0.2307692307688122 0
5 0.3076923076916913 0
5 0.3846153846145438 0
5 0.4615384615373964 0
5 0.5384615384602489 0
5 0.6153846153831015 0
5 0.6923076923059541 0
5 0.7692307692288066 0
5 0.8461538461516591 0
5 0.9230769230745118 0
5 0.999999999997386 0
5 1.076923076920644 0
5 1.153846153843924 0
5 1.230769230767203 0
5 1.307692307690483 0
5 1.384615384613763 0
5 1.461538461537042 0
5 1.538461538460322 0
5 1.615384615383602 0
5 1.692307692306881 0
5 1.769230769230161 0
5 1.846153846153441 0
5 1.92307692307672 0
5 0.03846153846146572 0
5 0.1153846153843796 0
5 0.1923076923073326 0
5 0.2692307692302651 0
5 0.3461538461531175 0
5 0.4230769230759701 0
5 0.4999999999988226 0
5 0.5769230769216752 0
5 0.6538461538445278 0
5 0.7307692307673803 0
5 0.8076923076902329 0
5 0.8846153846130855 0
5 0.9615384615359489 0
5 1.038461538459015 0
5 1.115384615382284 0
5 1.192307692305564 0
5 1.269230769228843 0
5 1.346153846152123 0
5 1.423076923075402 0
5 1.499999999998682 0
5 1.576923076921962 0
5 1.653846153845242 0
5 1.730769230768521 0
5 1.807692307691801 0
5 1.88461538461508 0
5 1.96153846153836 0
1 4 0 123
230
231
232
233
234
235
236
237
238
239
240
241
242
243
244
245
246
247
248
249
250
251
252
253
254
255
256
257
258
259
260
261
262
263
264
265
266
267
268
269
270
271
272
273
274
275
276
277
278
279
280
281
282
283
284
285
286
287
288
289
290
291
292
293
294
295
296
297
298
299
300
301
302
303
304
305
306
307
308
309
310
311
312
313
314
315
316
317
318
319
320
321
322
323
324
325
326
327
328
329
330
331
332
333
334
335
336
337
338
339
340
341
342
343
344
345
346
347
348
349
350
351
352
4.919354838709677 2 0
4.838709677419355 2 0
4.758064516129032 2 0
4.677419354838709 2 0
4.596774193548386 2 0
4.516129032258064 2 0
4.435483870967741 2 0
4.354838709677418 2 0
4.274193548387095 2 0
4.193548387096772 2 0
4.11290322580645 2 0
4.032258064516127 2 0
3.951612903225805 2 0
3.870967741935482 2 0
3.79032258064516 2 0
3.709677419354837 2 0
3.629032258064514 2 0
3.548387096774191 2 0
3.467741935483868 2 0
3.387096774193545 2 0
3.306451612903222 2 0
3.225806451612899 2 0
3.145161290322577 2 0
3.064516129032254 2 0
2.983870967741931 2 0
2.903225806451608 2 0
2.822580645161285 2 0
2.741935483870962 2 0
2.661290322580639 2 0
2.580645161290316 2 0
2.499999999999993 2 0
2.41935483870967 2 0
2.338709677419348 2 0
2.258064516129026 2 0
2.177419354838703 2 0
2.096774193548381 2 0
2.016129032258058 2 0
1.935483870967736 2 0
1.854838709677414 2 0
1.774193548387091 2 0
1.693548387096769 2 0
1.612903225806447 2 0
1.532258064516125 2 0
1.451612903225802 2 0
1.37096774193548 2 0
1.290322580645157 2 0
1.209677419354835 2 0
1.129032258064513 2 0
1.048387096774191 2 0
0.9677419354838683 2 0
0.8870967741935454 2 0
0.8064516129032233 2 0
0.7258064516129012 2 0
0.6451612903225792 2 0
0.5645161290322571 2 0
0.4838709677419342 2 0
0.4032258064516112 2 0
0.3225806451612891 2 0
0.241935483870968 2 0
0.161290322580645 2 0
0.08064516129032295 2 0
4.959677419354916 2 0
4.879032258064547 2 0
4.798387096774118 2 0
4.717741935483846 2 0
4.637096774193625 2 0
4.556451612903265 2 0
4.475806451612865 2 0
4.395161290322509 2 0
4.314516129032302 2 0
4.233870967741965 2 0
4.153225806451538 2 0
4.072580645161358 2 0
3.991935483870947 2 0
3.911290322580621 2 0
3.830645161290322 2 0
3.749999999999952 2 0
3.669354838709703 2 0
3.588709677419356 2 0
3.508064516129028 2 0
3.427419354838718 2 0
3.346774193548359 2 0
3.266129032258088 2 0
3.185483870967731 2 0
3.104838709677429 2 0
3.024193548387101 2 0
2.943548387096773 2 0
2.862903225806481 2 0
2.782258064516162 2 0
2.701612903225814 2 0
2.620967741935447 2 0
2.540322580645166 2 0
2.45967741935482 2 0
2.379032258064485 2 0
2.298387096774164 2 0
2.217741935483844 2 0
2.137096774193543 2 0
2.056451612903192 2 0
1.975806451612907 2 0
1.895161290322593 2 0
1.81451612903227 2 0
1.733870967741948 2 0
1.653225806451624 2 0
1.572580645161295 2 0
1.49193548387097 2 0
1.41129032258063 2 0
1.330645161290311 2 0
1.249999999999982 2 0
1.169354838709653 2 0
1.088709677419362 2 0
1.008064516129053 2 0
0.9274193548387712 2 0
0.8467741935483621 2 0
0.7661290322580587 2 0
0.6854838709677207 2 0
0.6048387096774119 2 0
0.5241935483870561 2 0
0.4435483870967625 2 0
0.3629032258064431 2 0
0.2822580645161228 2 0
0.2016129032258238 2 0
0.120967741935508 2 0
0.04032258064514327 2 0
2 1 0 4523
353
354
355
356
357
358
359
360
361
362
363
364
365
366
367
368
369
370
371
372
373
374
375
376
377
378
379
380
381
382
383
384
385
386
387
388
389
390
391
392
393
394
395
396
397
398
399
400
401
402
403
404
405
406
407
408
409
410
411
412
413
414
415
416
417
418
419
420
421
422
423
424
425
426
427
428
429
430
431
432
433
434
435
436
437
438
439
440
441
442
443
444
445
446
447
448
449
450
451
452
453
454
455
456
457
458
459
460
461
462
463
464
465
466
467
468
469
470
471
472
473
474
475
476
477
478
479
480
481
482
483
484
485
486
487
488
489
490
491
492
493
494
495
496
497
498
499
500
501
502
503
504
505
506
507
508
509
510
511
512
513
514
515
516
517
518
519
520
521
522
523
524
525
526
527
528
529
530
531
532
533
534
535
536
537
538
539
540
541
542
543
544
545
546
547
548
549
550
551
552
553
554
555
556
557
558
559
560
561
562
563
564
565
566
567
568
569
570
571
572
573
574
575
576
577
578
579
580
581
582
583
584
585
586
587
588
589
590
591
592
593
594
595
596
597
598
599
600
601
602
603
604
605
606
607
608
609
610
611
612
613
614
615
616
617
618
619
620
621
622
623
624
625
626
627
628
629
630
631
632
633
634
635
636
637
638
639
640
641
642
643
644
645
646
647
648
649
650
651
652
653
654
655
656
657
658
659
660
661
662
663
664
665
666
667
668
669
670
671
672
673
674
675
676
677
678
679
680
681
682
683
684
685
686
687
688
689
690
691
692
693
694
695
696
697
698
699
700
701
702
703
704
705
706
707
708
709
710
711
712
713
714
715
716
717
718
719
720
721
722
723
724
725
726
727
728
729
730
731
732
733
734
735
736
737
738
739
740
741
742
743
744
745
746
747
748
749
750
751
752
753
754
755
756
757
758
759
760
761
762
763
764
765
766
767
768
769
770
771
772
773
774
775
776
777
778
779
780
781
782
783
784
785
786
787
788
789
790
791
792
793
794
795
796
797
798
799
800
801
802
803
804
805
806
807
808
809
810
811
812
813
814
815
816
817
818
819
820
821
822
823
824
825
826
827
828
829
830
831
832
833
834
835
836
837
838
839
840
841
842
843
844
845
846
847
848
849
850
851
852
853
854
855
856
857
858
859
860
861
862
863
864
865
866
867
868
869
870
871
872
873
874
875
876
877
878
879
880
881
882
883
884
885
886
887
888
889
890
891
892
893
894
895
896
897
898
899
900
901
902
903
904
905
906
907
908
909
910
911
912
913
914
915
916
917
918
919
920
921
922
923
924
925
926
927
928
929
930
931
932
933
934
935
936
937
938
939
940
941
942
943
944
945
946
947
948
949
950
951
952
953
954
955
956
957
958
959
960
961
962
963
964
965
966
967
968
969
970
971
972
973
974
975
976
977
978
979
980
981
982
983
984
985
986
987
988
989
990
991
992
993
994
995
996
997
998
999
1000
1001
1002
1003
1004
1005
1006
1007
1008
1009
1010
1011
1012
1013
1014
1015
1016
1017
1018
1019
1020
1021
1022
1023
1024
1025
1026
1027
1028
1029
1030
1031
1032
1033
1034
1035
1036
1037
1038
1039
1040
1041
1042
1043
1044
1045
1046
1047
1048
1049
1050
1051
1052
1053
1054
1055
1056
1057
1058
1059
1060
1061
1062
1063
1064
1065
1066
1067
1068
1069
1070
1071
1072
1073
1074
1075
1076
1077
1078
1079
1080
1081
1082
1083
1084
1085
1086
1087
1088
1089
1090
1091
1092
1093
1094
1095
1096
1097
1098
1099
1100
1101
1102
1103
1104
1105
1106
1107
1108
1109
1110
1111
1112
1113
1114
1115
1116
1117
1118
1119
1120
1121
1122
1123
1124
1125
1126
1127
1128
1129
1130
1131
1132
1133
1134
1135
1136
1137
1138
1139
1140
1141
1142
1143
1144
1145
1146
1147
1148
1149
1150
1151
1152
1153
1154
1155
1156
1157
1158
1159
1160
1161
1162
1163
1164
1165
1166
1167
1168
1169
1170
1171
1172
1173
1174
1175
1176
1177
1178
1179
1180
1181
1182
1183
1184
1185
1186
1187
1188
1189
1190
1191
1192
1193
1194
1195
1196
1197
1198
1199
1200
1201
1202
1203
1204
1205
1206
1207
1208
1209
1210
1211
1212
1213
1214
1215
1216
1217
1218
1219
1220
1221
1222
1223
1224
1225
1226
1227
1228
1229
1230
1231
1232
1233
1234
1235
1236
1237
1238
1239
1240
1241
1242
1243
1244
1245
1246
1247
1248
1249
1250
1251
1252
1253
1254
1255
1256
1257
1258
1259
1260
1261
1262
1263
1264
1265
1266
1267
1268
1269
1270
1271
1272
1273
1274
1275
1276
1277
1278
1279
1280
1281
1282
1283
1284
1285
1286
1287
1288
1289
1290
1291
1292
1293
1294
1295
1296
1297
1298
1299
1300
1301
1302
1303
1304
1305
1306
1307
1308
1309
1310
1311
1312
1313
1314
1315
1316
1317
1318
1319
1320
1321
1322
1323
1324
1325
1326
1327
1328
1329
1330
1331
1332
1333
1334
1335
1336
1337
1338
1339
1340
1341
1342
1343
1344
1345
1346
1347
1348
1349
1350
1351
1352
1353
1354
1355
1356
1357
1358
1359
1360
1361
1362
1363
1364
1365
1366
1367
1368
1369
1370
1371
1372
1373
1374
1375
1376
1377
1378
1379
1380
1381
1382
1383
1384
1385
1386
1387
1388
1389
1390
1391
1392
1393
1394
1395
1396
1397
1398
1399
1400
1401
1402
1403
1404
1405
1406
1407
1408
1409
1410
1411
1412
1413
1414
1415
1416
1417
1418
1419
1420
1421
1422
1423
1424
1425
1426
1427
1428
1429
1430
1431
1432
1433
1434
1435
1436
1437
1438
1439
1440
1441
1442
1443
1444
1445
1446
1447
1448
1449
1450
1451
1452
1453
1454
1455
1456
1457
1458
1459
1460
1461
1462
1463
1464
1465
1466
1467
1468
1469
1470
1471
1472
1473
1474
1475
1476
1477
1478
1479
1480
1481
1482
1483
1484
1485
1486
1487
1488
1489
1490
1491
1492
1493
1494
1495
1496
1497
1498
1499
1500
1501
1502
1503
1504
1505
1506
1507
1508
1509
1510
1511
1512
1513
1514
1515
1516
1517
1518
1519
1520
1521
1522
1523
1524
1525
1526
1527
1528
1529
1530
1531
1532
1533
1534
1535
1536
1537
1538
1539
1540
1541
1542
1543
1544
1545
1546
1547
1548
1549
1550
1551
1552
1553
1554
1555
1556
1557
1558
1559
1560
1561
1562
1563
1564
1565
1566
1567
1568
1569
1570
1571
1572
1573
1574
1575
1576
1577
1578
1579
1580
1581
1582
1583
1584
1585
1586
1587
1588
1589
1590
1591
1592
1593
1594
1595
1596
1597
1598
1599
1600
1601
1602
1603
1604
1605
1606
1607
1608
1609
1610
1611
1612
1613
1614
1615
1616
1617
1618
1619
1620
1621
1622
1623
1624
1625
1626
1627
1628
1629
1630
1631
1632
1633
1634
1635
1636
1637
1638
1639
1640
1641
1642
1643
1644
1645
1646
1647
1648
1649
1650
1651
1652
1653
1654
1655
1656
1657
1658
1659
1660
1661
1662
1663
1664
1665
1666
1667
1668
1669
1670
1671
1672
1673
1674
1675
1676
1677
1678
1679
1680
1681
1682
1683
1684
1685
1686
1687
1688
1689
1690
1691
1692
1693
1694
1695
1696
1697
1698
1699
1700
1701
1702
1703
1704
1705
1706
1707
1708
1709
1710
1711
1712
1713
1714
1715
1716
1717
1718
1719
1720
1721
1722
1723
1724
1725
1726
1727
1728
1729
1730
1731
1732
1733
1734
1735
1736
1737
1738
1739
1740
1741
1742
1743
1744
1745
1746
1747
1748
1749
1750
1751
1752
1753
1754
1755
1756
1757
1758
1759
1760
1761
1762
1763
1764
1765
1766
1767
1768
1769
1770
1771
1772
1773
1774
1775
1776
1777
1778
1779
1780
1781
1782
1783
1784
1785
1786
1787
1788
1789
1790
1791
1792
1793
1794
1795
1796
1797
1798
1799
1800
1801
1802
1803
1804
1805
1806
1807
1808
1809
1810
1811
1812
1813
1814
1815
1816
1817
1818
1819
1820
1821
1822
1823
1824
1825
1826
1827
1828
1829
1830
1831
1832
1833
1834
1835
1836
1837
1838
1839
1840
1841
1842
1843
1844
1845
1846
1847
1848
1849
1850
1851
1852
1853
1854
1855
1856
1857
1858
1859
1860
1861
1862
1863
1864
1865
1866
1867
1868
1869
1870
1871
1872
1873
1874
1875
1876
1877
1878
1879
1880
1881
1882
1883
1884
1885
1886
1887
1888
1889
1890
1891
1892
1893
1894
1895
1896
1897
1898
1899
1900
1901
1902
1903
1904
1905
1906
1907
1908
1909
1910
1911
1912
1913
1914
1915
1916
1917
1918
1919
1920
1921
1922
1923
1924
1925
1926
1927
1928
1929
1930
1931
1932
1933
1934
1935
1936
1937
1938
1939
1940
1941
1942
1943
1944
1945
1946
1947
1948
1949
1950
1951
1952
1953
1954
1955
1956
1957
1958
1959
1960
1961
1962
1963
1964
1965
1966
1967
1968
1969
1970
1971
1972
1973
1974
1975
1976
1977
1978
1979
1980
1981
1982
1983
1984
1985
1986
1987
1988
1989
1990
1991
1992
1993
1994
1995
1996
1997
1998
1999
2000
2001
2002
2003
2004
2005
2006
2007
2008
2009
2010
2011
2012
2013
2014
2015
2016
2017
2018
2019
2020
2021
2022
2023
2024
2025
2026
2027
2028
2029
2030
2031
2032
2033
2034
2035
2036
2037
2038
2039
2040
2041
2042
2043
2044
2045
2046
2047
2048
2049
2050
2051
2052
2053
2054
2055
2056
2057
2058
2059
2060
2061
2062
2063
2064
2065
2066
2067
2068
2069
2070
2071
2072
2073
2074
2075
2076
2077
2078
2079
2080
2081
2082
2083
2084
2085
2086
2087
2088
2089
2090
2091
2092
2093
2094
2095
2096
2097
2098
2099
2100
2101
2102
2103
2104
2105
2106
2107
2108
2109
2110
2111
2112
2113
2114
2115
2116
2117
2118
2119
2120
2121
2122
2123
2124
2125
2126
2127
2128
2129
2130
2131
2132
2133
2134
2135
2136
2137
2138
2139
2140
2141
2142
2143
2144
2145
2146
2147
2148
2149
2150
2151
2152
2153
2154
2155
2156
2157
2158
2159
2160
2161
2162
2163
2164
2165
2166
2167
2168
2169
2170
2171
2172
2173
2174
2175
2176
2177
2178
2179
2180
2181
2182
2183
2184
2185
2186
2187
2188
2189
2190
2191
2192
2193
2194
2195
2196
2197
2198
2199
2200
2201
2202
2203
2204
2205
2206
2207
2208
2209
2210
2211
2212
2213
2214
2215
2216
2217
2218
2219
2220
2221
2222
2223
2224
2225
2226
2227
2228
2229
2230
2231
2232
2233
2234
2235
2236
2237
2238
2239
2240
2241
2242
2243
2244
2245
2246
2247
2248
2249
2250
2251
2252
2253
2254
2255
2256
2257
2258
2259
2260
2261
2262
2263
2264
2265
2266
2267
2268
2269
2270
2271
2272
2273
2274
2275
2276
2277
2278
2279
2280
2281
2282
2283
2284
2285
2286
2287
2288
2289
2290
2291
2292
2293
2294
2295
2296
2297
2298
2299
2300
2301
2302
2303
2304
2305
2306
2307
2308
2309
2310
2311
2312
2313
2314
2315
2316
2317
2318
2319
2320
2321
2322
2323
2324
2325
2326
2327
2328
2329
2330
2331
2332
2333
2334
2335
2336
2337
2338
2339
2340
2341
2342
2343
2344
2345
2346
2347
2348
2349
2350
2351
2352
2353
2354
2355
2356
2357
2358
2359
2360
2361
2362
2363
2364
2365
2366
2367
2368
2369
2370
2371
2372
2373
2374
2375
2376
2377
2378
2379
2380
2381
2382
2383
2384
2385
2386
2387
2388
2389
2390
2391
2392
2393
2394
2395
2396
2397
2398
2399
2400
2401
2402
2403
2404
2405
2406
2407
2408
2409
2410
2411
2412
2413
2414
2415
2416
2417
2418
2419
2420
2421
2422
2423
2424
2425
2426
2427
2428
2429
2430
2431
2432
2433
2434
2435
2436
2437
2438
2439
2440
2441
2442
2443
2444
2445
2446
2447
2448
2449
2450
2451
2452
2453
2454
2455
2456
2457
2458
2459
2460
2461
2462
2463
2464
2465
2466
2467
2468
2469
2470
2471
2472
2473
2474
2475
2476
2477
2478
2479
2480
2481
2482
2483
2484
2485
2486
2487
2488
2489
2490
2491
2492
2493
2494
2495
2496
2497
2498
2499
2500
2501
2502
2503
2504
2505
2506
2507
2508
2509
2510
2511
2512
2513
2514
2515
2516
2517
2518
2519
2520
2521
2522
2523
2524
2525
2526
2527
2528
2529
2530
2531
2532
2533
2534
2535
2536
2537
2538
2539
2540
2541
2542
2543
2544
2545
2546
2547
2548
2549
2550
2551
2552
2553
2554
2555
2556
2557
2558
2559
2560
2561
2562
2563
2564
2565
2566
2567
2568
2569
2570
2571
2572
2573
2574
2575
2576
2577
2578
2579
2580
2581
2582
2583
2584
2585
2586
2587
2588
2589
2590
2591
2592
2593
2594
2595
2596
2597
2598
2599
2600
2601
2602
2603
2604
2605
2606
2607
2608
2609
2610
2611
2612
2613
2614
2615
2616
2617
2618
2619
2620
2621
2622
2623
2624
2625
2626
2627
2628
2629
2630
2631
2632
2633
2634
2635
2636
2637
2638
2639
2640
2641
2642
2643
2644
2645
2646
2647
2648
2649
2650
2651
2652
2653
2654
2655
2656
2657
2658
2659
2660
2661
2662
2663
2664
2665
2666
2667
2668
2669
2670
2671
2672
2673
2674
2675
2676
2677
2678
2679
2680
2681
2682
2683
2684
2685
2686
2687
2688
2689
2690
2691
2692
2693
2694
2695
2696
2697
2698
2699
2700
2701
2702
2703
2704
2705
2706
2707
2708
2709
2710
2711
2712
2713
2714
2715
2716
2717
2718
2719
2720
2721
2722
2723
2724
2725
2726
2727
2728
2729
2730
2731
2732
2733
2734
2735
2736
2737
2738
2739
2740
2741
2742
2743
2744
2745
2746
2747
2748
2749
2750
2751
2752
2753
2754
2755
2756
2757
2758
2759
2760
2761
2762
2763
2764
2765
2766
2767
2768
2769
2770
2771
2772
2773
2774
2775
2776
2777
2778
2779
2780
2781
2782
2783
2784
2785
2786
2787
2788
2789
2790
2791
2792
2793
2794
2795
2796
2797
2798
2799
2800
2801
2802
2803
2804
2805
2806
2807
2808
2809
2810
2811
2812
2813
2814
2815
2816
2817
2818
2819
2820
2821
2822
2823
2824
2825
2826
2827
2828
2829
2830
2831
2832
2833
2834
2835
2836
2837
2838
2839
2840
2841
2842
2843
2844
2845
2846
2847
2848
2849
2850
2851
2852
2853
2854
2855
2856
2857
2858
2859
2860
2861
2862
2863
2864
2865
2866
2867
2868
2869
2870
2871
2872
2873
2874
2875
2876
2877
2878
2879
2880
2881
2882
2883
2884
2885
2886
2887
2888
2889
2890
2891
2892
2893
2894
2895
2896
2897
2898
2899
2900
2901
2902
2903
2904
2905
2906
2907
2908
2909
2910
2911
2912
2913
2914
2915
2916
2917
2918
2919
2920
2921
2922
2923
2924
2925
2926
2927
2928
2929
2930
2931
2932
2933
2934
2935
2936
2937
2938
2939
2940
2941
2942
2943
2944
2945
2946
2947
2948
2949
2950
2951
2952
2953
2954
2955
2956
2957
2958
2959
2960
2961
2962
2963
2964
2965
2966
2967
2968
2969
2970
2971
2972
2973
2974
2975
2976
2977
2978
2979
2980
2981
2982
2983
2984
2985
2986
2987
2988
2989
2990
2991
2992
2993
2994
2995
2996
2997
2998
2999
3000
3001
3002
3003
3004
3005
3006
3007
3008
3009
3010
3011
3012
3013
3014
3015
3016
3017
3018
3019
3020
3021
3022
3023
3024
3025
3026
3027
3028
3029
3030
3031
3032
3033
3034
3035
3036
3037
3038
3039
3040
3041
3042
3043
3044
3045
3046
3047
3048
3049
3050
3051
3052
3053
3054
3055
3056
3057
3058
3059
3060
3061
3062
3063
3064
3065
3066
3067
3068
3069
3070
3071
3072
3073
3074
3075
3076
3077
3078
3079
3080
3081
3082
3083
3084
3085
3086
3087
3088
3089
3090
3091
3092
3093
3094
3095
3096
3097
3098
3099
3100
3101
3102
3103
3104
3105
3106
3107
3108
3109
3110
3111
3112
3113
3114
3115
3116
3117
3118
3119
3120
3121
3122
3123
3124
3125
3126
3127
3128
3129
3130
3131
3132
3133
3134
3135
3136
3137
3138
3139
3140
3141
3142
3143
3144
3145
3146
3147
3148
3149
3150
3151
3152
3153
3154
3155
3156
3157
3158
3159
3160
3161
3162
3163
3164
3165
3166
3167
3168
3169
3170
3171
3172
3173
3174
3175
3176
3177
3178
3179
3180
3181
3182
3183
3184
3185
3186
3187
3188
3189
3190
3191
3192
3193
3194
3195
3196
3197
3198
3199
3200
3201
3202
3203
3204
3205
3206
3207
3208
3209
3210
3211
3212
3213
3214
3215
3216
3217
3218
3219
3220
3221
3222
3223
3224
3225
3226
3227
3228
3229
3230
3231
3232
3233
3234
3235
3236
3237
3238
3239
3240
3241
3242
3243
3244
3245
3246
3247
3248
3249
3250
3251
3252
3253
3254
3255
3256
3257
3258
3259
3260
3261
3262
3263
3264
3265
3266
3267
3268
3269
3270
3271
3272
3273
3274
3275
3276
3277
3278
3279
3280
3281
3282
3283
3284
3285
3286
3287
3288
3289
3290
3291
3292
3293
3294
3295
3296
3297
3298
3299
3300
3301
3302
3303
3304
3305
3306
3307
3308
3309
3310
3311
3312
3313
3314
3315
3316
3317
3318
3319
3320
3321
3322
3323
3324
3325
3326
3327
3328
3329
3330
3331
3332
3333
3334
3335
3336
3337
3338
3339
3340
3341
3342
3343
3344
3345
3346
3347
3348
3349
3350
3351
3352
3353
3354
3355
3356
3357
3358
3359
3360
3361
3362
3363
3364
3365
3366
3367
3368
3369
3370
3371
3372
3373
3374
3375
3376
3377
3378
3379
3380
3381
3382
3383
3384
3385
3386
3387
3388
3389
3390
3391
3392
3393
3394
3395
3396
3397
3398
3399
3400
3401
3402
3403
3404
3405
3406
3407
3408
3409
3410
3411
3412
3413
3414
3415
3416
3417
3418
3419
3420
3421
3422
3423
3424
3425
3426
3427
3428
3429
3430
3431
3432
3433
3434
3435
3436
3437
3438
3439
3440
3441
3442
3443
3444
3445
3446
3447
3448
3449
3450
3451
3452
3453
3454
3455
3456
3457
3458
3459
3460
3461
3462
3463
3464
3465
3466
3467
3468
3469
3470
3471
3472
3473
3474
3475
3476
3477
3478
3479
3480
3481
3482
3483
3484
3485
3486
3487
3488
3489
3490
3491
3492
3493
3494
3495
3496
3497
3498
3499
3500
3501
3502
3503
3504
3505
3506
3507
3508
3509
3510
3511
3512
3513
3514
3515
3516
3517
3518
3519
3520
3521
3522
3523
3524
3525
3526
3527
3528
3529
3530
3531
3532
3533
3534
3535
3536
3537
3538
3539
3540
3541
3542
3543
3544
3545
3546
3547
3548
3549
3550
3551
3552
3553
3554
3555
3556
3557
3558
3559
3560
3561
3562
3563
3564
3565
3566
3567
3568
3569
3570
3571
3572
3573
3574
3575
3576
3577
3578
3579
3580
3581
3582
3583
3584
3585
3586
3587
3588
3589
3590
3591
3592
3593
3594
3595
3596
3597
3598
3599
3600
3601
3602
3603
3604
3605
3606
3607
3608
3609
3610
3611
3612
3613
3614
3615
3616
3617
3618
3619
3620
3621
3622
3623
3624
3625
3626
3627
3628
3629
3630
3631
3632
3633
3634
3635
3636
3637
3638
3639
3640
3641
3642
3643
3644
3645
3646
3647
3648
3649
3650
3651
3652
3653
3654
3655
3656
3657
3658
3659
3660
3661
3662
3663
3664
3665
3666
3667
3668
3669
3670
3671
3672
3673
3674
3675
3676
3677
3678
3679
3680
3681
3682
3683
3684
3685
3686
3687
3688
3689
3690
3691
3692
3693
3694
3695
3696
3697
3698
3699
3700
3701
3702
3703
3704
3705
3706
3707
3708
3709
3710
3711
3712
3713
3714
3715
3716
3717
3718
3719
3720
3721
3722
3723
3724
3725
3726
3727
3728
3729
3730
3731
3732
3733
3734
3735
3736
3737
3738
3739
3740
3741
3742
3743
3744
3745
3746
3747
3748
3749
3750
3751
3752
3753
3754
3755
3756
3757
3758
3759
3760
3761
3762
3763
3764
3765
3766
3767
3768
3769
3770
3771
3772
3773
3774
3775
3776
3777
3778
3779
3780
3781
3782
3783
3784
3785
3786
3787
3788
3789
3790
3791
3792
3793
3794
3795
3796
3797
3798
3799
3800
3801
3802
3803
3804
3805
3806
3807
3808
3809
3810
3811
3812
3813
3814
3815
3816
3817
3818
3819
3820
3821
3822
3823
3824
3825
3826
3827
3828
3829
3830
3831
3832
3833
3834
3835
3836
3837
3838
3839
3840
3841
3842
3843
3844
3845
3846
3847
3848
3849
3850
3851
3852
3853
3854
3855
3856
3857
3858
3859
3860
3861
3862
3863
3864
3865
3866
3867
3868
3869
3870
3871
3872
3873
3874
3875
3876
3877
3878
3879
3880
3881
3882
3883
3884
3885
3886
3887
3888
3889
3890
3891
3892
3893
3894
3895
3896
3897
3898
3899
3900
3901
3902
3903
3904
3905
3906
3907
3908
3909
3910
3911
3912
3913
3914
3915
3916
3917
3918
3919
3920
3921
3922
3923
3924
3925
3926
3927
3928
3929
3930
3931
3932
3933
3934
3935
3936
3937
3938
3939
3940
3941
3942
3943
3944
3945
3946
3947
3948
3949
3950
3951
3952
3953
3954
3955
3956
3957
3958
3959
3960
3961
3962
3963
3964
3965
3966
3967
3968
3969
3970
3971
3972
3973
3974
3975
3976
3977
3978
3979
3980
3981
3982
3983
3984
3985
3986
3987
3988
3989
3990
3991
3992
3993
3994
3995
3996
3997
3998
3999
4000
4001
4002
4003
4004
4005
4006
4007
4008
4009
4010
4011
4012
4013
4014
4015
4016
4017
4018
4019
4020
4021
4022
4023
4024
4025
4026
4027
4028
4029
4030
4031
4032
4033
4034
4035
4036
4037
4038
4039
4040
4041
4042
4043
4044
4045
4046
4047
4048
4049
4050
4051
4052
4053
4054
4055
4056
4057
4058
4059
4060
4061
4062
4063
4064
4065
4066
4067
4068
4069
4070
4071
4072
4073
4074
4075
4076
4077
4078
4079
4080
4081
4082
4083
4084
4085
4086
4087
4088
4089
4090
4091
4092
4093
4094
4095
4096
4097
4098
4099
4100
4101
4102
4103
4104
4105
4106
4107
4108
4109
4110
4111
4112
4113
4114
4115
4116
4117
4118
4119
4120
4121
4122
4123
4124
4125
4126
4127
4128
4129
4130
4131
4132
4133
4134
4135
4136
4137
4138
4139
4140
4141
4142
4143
4144
4145
4146
4147
4148
4149
4150
4151
4152
4153
4154
4155
4156
4157
4158
4159
4160
4161
4162
4163
4164
4165
4166
4167
4168
4169
4170
4171
4172
4173
4174
4175
4176
4177
4178
4179
4180
4181
4182
4183
4184
4185
4186
4187
4188
4189
4190
4191
4192
4193
4194
4195
4196
4197
4198
4199
4200
4201
4202
4203
4204
4205
4206
4207
4208
4209
4210
4211
4212
4213
4214
4215
4216
4217
4218
4219
4220
4221
4222
4223
4224
4225
4226
4227
4228
4229
4230
4231
4232
4233
4234
4235
4236
4237
4238
4239
4240
4241
4242
4243
4244
4245
4246
4247
4248
4249
4250
4251
4252
4253
4254
4255
4256
4257
4258
4259
4260
4261
4262
4263
4264
4265
4266
4267
4268
4269
4270
4271
4272
4273
4274
4275
4276
4277
4278
4279
4280
4281
4282
4283
4284
4285
4286
4287
4288
4289
4290
4291
4292
4293
4294
4295
4296
4297
4298
4299
4300
4301
4302
4303
4304
4305
4306
4307
4308
4309
4310
4311
4312
4313
4314
4315
4316
4317
4318
4319
4320
4321
4322
4323
4324
4325
4326
4327
4328
4329
4330
4331
4332
4333
4334
4335
4336
4337
4338
4339
4340
4341
4342
4343
4344
4345
4346
4347
4348
4349
4350
4351
4352
4353
4354
4355
4356
4357
4358
4359
4360
4361
4362
4363
4364
4365
4366
4367
4368
4369
4370
4371
4372
4373
4374
4375
4376
4377
4378
4379
4380
4381
4382
4383
4384
4385
4386
4387
4388
4389
4390
4391
4392
4393
4394
4395
4396
4397
4398
4399
4400
4401
4402
4403
4404
4405
4406
4407
4408
4409
4410
4411
4412
4413
4414
4415
4416
4417
4418
4419
4420
4421
4422
4423
4424
4425
4426
4427
4428
4429
4430
4431
4432
4433
4434
4435
4436
4437
4438
4439
4440
4441
4442
4443
4444
4445
4446
4447
4448
4449
4450
4451
4452
4453
4454
4455
4456
4457
4458
4459
4460
4461
4462
4463
4464
4465
4466
4467
4468
4469
4470
4471
4472
4473
4474
4475
4476
4477
4478
4479
4480
4481
4482
4483
4484
4485
4486
4487
4488
4489
4490
4491
4492
4493
4494
4495
4496
4497
4498
4499
4500
4501
4502
4503
4504
4505
4506
4507
4508
4509
4510
4511
4512
4513
4514
4515
4516
4517
4518
4519
4520
4521
4522
4523
4524
4525
4526
4527
4528
4529
4530
4531
4532
4533
4534
4535
4536
4537
4538
4539
4540
4541
4542
4543
4544
4545
4546
4547
4548
4549
4550
4551
4552
4553
4554
4555
4556
4557
4558
4559
4560
4561
4562
4563
4564
4565
4566
4567
4568
4569
4570
4571
4572
4573
4574
4575
4576
4577
4578
4579
4580
4581
4582
4583
4584
4585
4586
4587
4588
4589
4590
4591
4592
4593
4594
4595
4596
4597
4598
4599
4600
4601
4602
4603
4604
4605
4606
4607
4608
4609
4610
4611
4612
4613
4614
4615
4616
4617
4618
4619
4620
4621
4622
4623
4624
4625
4626
4627
4628
4629
4630
4631
4632
4633
4634
4635
4636
4637
4638
4639
4640
4641
4642
4643
4644
4645
4646
4647
4648
4649
4650
4651
4652
4653
4654
4655
4656
4657
4658
4659
4660
4661
4662
4663
4664
4665
4666
4667
4668
4669
4670
4671
4672
4673
4674
4675
4676
4677
4678
4679
4680
4681
4682
4683
4684
4685
4686
4687
4688
4689
4690
4691
4692
4693
4694
4695
4696
4697
4698
4699
4700
4701
4702
4703
4704
4705
4706
4707
4708
4709
4710
4711
4712
4713
4714
4715
4716
4717
4718
4719
4720
4721
4722
4723
4724
4725
4726
4727
4728
4729
4730
4731
4732
4733
4734
4735
4736
4737
4738
4739
4740
4741
4742
4743
4744
4745
4746
4747
4748
4749
4750
4751
4752
4753
4754
4755
4756
4757
4758
4759
4760
4761
4762
4763
4764
4765
4766
4767
4768
4769
4770
4771
4772
4773
4774
4775
4776
4777
4778
4779
4780
4781
4782
4783
4784
4785
4786
4787
4788
4789
4790
4791
4792
4793
4794
4795
4796
4797
4798
4799
4800
4801
4802
4803
4804
4805
4806
4807
4808
4809
4810
4811
4812
4813
4814
4815
4816
4817
4818
4819
4820
4821
4822
4823
4824
4825
4826
4827
4828
4829
4830
4831
4832
4833
4834
4835
4836
4837
4838
4839
4840
4841
4842
4843
4844
4845
4846
4847
4848
4849
4850
4851
4852
4853
4854
4855
4856
4857
4858
4859
4860
4861
4862
4863
4864
4865
4866
4867
4868
4869
4870
4871
4872
4873
4874
4875
1.774193548383251 0.1612903225801745 0
1.129032258062553 0.1612903225801745 0
3.870967741935482 1.838709677419355 0
2.258064516129026 1.838709677419355 0
2.741935483870962 1.838709677419354 0
3.225806451612899 1.838709677419354 0
1.451612903225802 1.838709677419356 0
4.032258064514661 0.1612903225808895 0
2.58064516128665 0.1612903225808902 0
3.225806451610211 0.1612903225808897 0
0.1538461538455132 1.076923076926281 0
4.846153846153654 1.076923076920858 0
0.6451612903225792 1.838709677419356 0
4.354838709677418 1.838709677419355 0
0.1538461538450862 1.692307692307052 0
4.846153846153441 1.384615384613763 0
4.51612903225733 0.1612903225808897 0
0.6451612903218725 0.1612903225803312 0
0.1538461538467943 0.7692307692339728 0
0.1538461538467946 0.4615384615403837 0
4.846153846154295 0.6153846153831015 0
1.774193548387092 1.838709677419355 0
0.3225806451610087 0.1612903225804858 0
0.1538461538467946 0.3076923076935891 0
4.838709677419109 0.1612903225808897 0
4.67741935483871 1.838709677419355 0
4.846153846153441 1.538461538460322 0
4.846153846153441 1.692307692306882 0
0.3225806451612896 1.838709677419355 0
0.806451612903224 1.838709677419356 0
4.032258064516127 1.838709677419355 0
0.9677419354838683 1.838709677419355 0
3.870967741933771 0.1612903225808897 0
4.354838709676439 0.1612903225808897 0
3.709677419352881 0.1612903225808897 0
3.548387096771991 0.1612903225808897 0
2.09677419354379 0.1612903225803634 0
1.129032258064513 1.838709677419355 0
2.903225806448432 0.1612903225808899 0
2.41935483870576 0.1612903225808906 0
2.419354838709671 1.838709677419355 0
1.935483870967736 1.838709677419355 0
2.903225806451608 1.838709677419354 0
3.548387096774192 1.838709677419355 0
0.9677419354823783 0.1612903225801747 0
1.451612903222902 0.1612903225801746 0
0.153846153845086 1.38461538461688 0
4.846153846154295 0.7692307692288067 0
0.1574734247393131 1.842526575260687 0
0.1294585945591382 0.1294585945591382 0
4.842526575260473 1.842526575260473 0
4.846153846154295 0.3076923076916913 0
0.9683177053311943 1.677995124686037 0
3.87112535229746 1.677576965200688 0
1.774193548387101 1.67741935483872 0
2.258064516129007 1.677419354838691 0
2.741935483870942 1.677419354838689 0
1.128889854586417 0.3224382416842128 0
4.032167626892386 0.3224902075395055 0
2.580645161286565 0.3225806451616944 0
4.690725216925384 0.6138021399998956 0
4.690536094218706 1.382843786525587 0
3.709627188779966 0.3225304145888646 0
0.3096488164464791 1.682907014817962 0
4.514493944298254 0.320945557202704 0
4.689670896263912 0.317773272471273 0
0.4844467375892411 1.839285447266662 0
0.64620073602447 1.678458800540602 0
0.4829256567001019 0.1603450115390933 0
4.516883003567141 1.839463648728431 0
4.193498156522645 0.1612400920079845 0
4.194022155086509 1.839183445409092 0
0.8060236386627502 0.1608623483408777 0
1.290322580645177 1.838709677419375 0
4.67937126368447 0.1593384137346394 0
3.387096774191091 0.1612903225808799 0
2.258064516124473 0.161290322580683 0
1.612903225806455 1.838709677419363 0
2.74193548386753 0.1612903225808799 0
3.064516129029311 0.1612903225808799 0
2.096774193548371 1.838709677419345 0
3.387096774193536 1.838709677419344 0
3.064516129032244 1.838709677419344 0
3.709677419354827 1.838709677419345 0
2.580645161290306 1.838709677419345 0
1.935483870963445 0.1612903225801936 0
1.290322580642747 0.1612903225801935 0
1.612903225803096 0.1612903225801935 0
0.1544386521874257 1.230176732429454 0
0.1542836734857843 0.9226394034404961 0
4.8456166590143 1.231306417906559 0
4.845410226180922 0.9238205430478837 0
0.1545933286485102 1.537714363658542 0
0.1545178954169585 0.6147128738170143 0
4.844714520410837 0.4629777872808536 0
0.31064228325358 0.3180864519872712 0
4.68893476406095 1.681490595326865 0
3.225806451612871 1.677419354838689 0
3.064516129029341 0.32258064516175 0
1.774193548383308 0.322580645160387 0
0.3089077586882374 0.7675777985990531 0
0.3086347416336881 1.075388144641279 0
0.8057401012658656 0.3214411592848709 0
4.194335819001849 1.678680554733523 0
0.4677586734324375 0.3174614017179508 0
4.5310553483172 1.681584232984682 0
4.192998437165386 0.3220709022809839 0
2.903225806451617 1.677419354838679 0
2.741935483867425 0.3225806451617397 0
2.096774193548346 1.677419354838685 0
2.580645161290267 1.67741935483867 0
2.096774193543931 0.3225806451609046 0
2.41935483870577 0.3225806451616847 0
4.69114680030888 1.078827588892657 0
0.4869825475455124 1.680067258787704 0
4.355204094502953 0.3205801723761909 0
0.8078225169747985 1.67821448906296 0
4.032254350021026 1.67758067969579 0
0.9677762800781342 0.322403897088457 0
1.289977619868643 1.677764315615244 0
3.870834573499673 0.3224977073005967 0
1.451612903222959 0.322580645160387 0
1.290145519313108 0.3225459873068852 0
3.548387096774162 1.67741935483869 0
3.709839060601718 1.677423385723603 0
1.129054181332935 1.677973201417615 0
3.38712690877532 0.3225505105775513 0
3.548399608966136 0.3225179023947191 0
1.612903225806414 1.677419354838751 0
1.935483870967716 1.67741935483874 0
2.419354838709673 1.677419354838688 0
4.690219417748356 0.769736568405835 0
0.3088040846099458 1.385134663194314 0
4.689978767775421 1.227205895286709 0
0.3109786925696116 1.526521650896861 0
4.690065528227157 1.53893210445187 0
0.3091515411302389 0.4594074865335699 0
4.688406312658771 0.4574939322478304 0
0.9679768465668653 0.4833169051080081 0
4.032051579860952 1.516654452132298 0
3.548363582798498 0.4837545764178973 0
1.61296816145862 1.51619396791027 0
2.741936851029202 1.516130399416274 0
2.258064516129001 1.516129032258035 0
0.9683478780465622 1.517288821399664 0
2.580645301746972 0.4838708272821465 0
4.535212747441668 1.071271842419497 0
4.192836016974979 0.482739292363576 0
4.534229922343448 0.6132412738238997 0
1.290365979330459 0.4837929111993849 0
3.709669323015268 1.516141159482497 0
0.4668477908685106 0.4751576514562225 0
0.4874313156176104 1.521297838380845 0
0.623732281238556 0.3172639303864497 0
4.37411911141557 1.681773440517724 0
0.6483362572778861 1.51897254084369 0
1.451677838877925 1.677484290490866 0
4.031946684334319 0.483602318374151 0
3.870801337047403 0.4836718555680347 0
1.129141891018747 1.517137472567719 0
3.225806030228274 0.3225802237798227 0
1.612885987272633 0.3225634066298674 0
1.935483870967704 1.516129032258137 0
3.387100761655091 1.677423342300272 0
3.064520230576544 1.677423456383018 0
2.903225665987887 0.3225805047013522 0
2.258064516124481 0.3225806451612322 0
2.419354838709591 1.516129032258011 0
1.935483870963606 0.3225806451604918 0
4.534322827274949 1.383419162230465 0
0.3100995231955099 1.229473792186229 0
4.689613051401078 0.9255337431856794 0
0.3097993475393451 0.9198724705877181 0
0.3101776370630829 0.6119180569529287 0
4.531916974604046 1.523435679361571 0
4.533070686734432 0.4762811831270432 0
1.774193548383294 0.4838709677406993 0
4.031271891065034 0.6440728723917809 0
0.9684376275559754 1.356584557936892 0
2.258064521706538 1.354838715254982 0
2.096774193543929 0.4838709677414558 0
0.4647125684278467 1.075950297381877 0
4.192268745011058 1.518463389583417 0
0.8077022920048894 0.4817157138468467 0
1.451866069163252 1.516382198195498 0
1.451501249400383 0.4837159152303107 0
3.387088627540395 1.516141166372748 0
3.225795049177221 0.4838591439277027 0
2.419354980673786 0.4838709662348716 0
4.5331853953475 0.7702752962247553 0
0.4900877168397946 1.363049297942753 0
4.377932223723348 1.36704507580997 0
4.378442791160449 0.6320683143100417 0
0.6253050915157372 0.4757212310336763 0
1.289977768761166 1.516928437872826 0
1.12889253034986 0.4833539254672073 0
0.8080857217227416 1.517952332739139 0
3.871094325965489 1.516619711305224 0
3.709582486083887 0.4837493178742531 0
3.548497729316126 1.516247761139548 0
3.387123553220365 0.4837905401556851 0
1.77422265907964 1.516158142950657 0
3.064522964777178 1.516139969547326 0
2.096774193548349 1.516129032258032 0
2.903225789730306 1.516130416137576 0
2.903226508753905 0.4838701249767885 0
2.741935482360069 0.483870825774836 0
2.580646545193293 1.516129049002761 0
4.533163726893275 1.228086883301643 0
4.373110305926432 1.52296677184011 0
0.4648833938793407 0.7638968353966148 0
4.378463772110338 0.4751870870002849 0
4.532760198658654 0.9144189896770731 0
0.4673619762062518 0.6323419905993913 0
1.290898920202002 1.355961288911576 0
3.709444393287019 0.6448301283627738 0
1.613034227571129 1.355005536401759 0
3.387053672733173 0.6450491637116371 0
3.064489010211246 1.354876749066386 0
2.74193683988427 1.354840104725298 0
0.8078161798386063 0.6418763805751058 0
4.031833372514902 1.355915405582885 0
1.129454240126767 0.6442656646709001 0
3.548569061436456 1.355147499560736 0
2.903217156982986 0.6451517995997065 0
2.580645140415852 0.6451609870242131 0
4.377783533266634 1.071848203852107 0
0.8082806766045265 1.35779538178769 0
4.191454564891698 0.6429219661902413 0
4.231504054660591 1.372035220520661 0
0.6193394347617178 0.7867980314817684 0
1.129139870778346 1.356435229345348 0
0.6482938202873236 1.360766437396161 0
3.870773736022737 0.6441700106103314 0
3.870621803332783 1.355667230987709 0
1.612688930847111 0.4837510880765955 0
1.451424745564055 0.6447746814639065 0
3.225838511540277 1.516169238838571 0
1.935527540952789 1.354882379662577 0
2.096789122101923 1.354853632653418 0
3.064510645320519 0.4838647817283641 0
1.935477970997139 0.4838650677743375 0
2.580645144543683 1.354838743168668 0
2.419354469832991 1.354839084131559 0
2.258064035144622 0.4838704867619252 0
0.4664108942018182 0.9193387507194035 0
0.6254777019256372 0.6338369567530616 0
4.375185631061973 1.209066979978666 0
0.4585591019282514 1.214589719210011 0
4.375147388418988 0.7901063212385541 0
1.935544042670059 1.193637300230712 0
0.767986357053225 0.790523302866613 0
4.031295337911802 1.195241871003865 0
1.130053895351973 1.195590204495319 0
1.935474780802937 0.6451463001939808 0
2.741934569814687 1.193550679454294 0
2.419354074630609 1.193549531207489 0
4.230273426099501 0.7877959285097277 0
4.031289123231295 0.8045882596003388 0
3.387394730474116 1.354966835410408 0
3.064492522020756 0.6451401467661342 0
4.221457906564863 1.052741353276895 0
0.6491512590025045 1.201637019794138 0
0.6240559519079437 0.944443089187894 0
4.216368691606358 1.213218281065045 0
0.9679580772449927 0.6434588025143944 0
3.870247466837987 0.804973084161299 0
3.225735233019608 1.354923016030209 0
1.612561473497915 0.6448878160104556 0
0.808304603866779 1.197662358098494 0
3.548292582212066 0.6449934858967903 0
1.774310961025616 1.354941563023484 0
1.290329657096277 0.6446683281688949 0
3.7097079661004 1.355227322250114 0
1.451929320908385 1.355277291532754 0
3.225797508071985 0.6451153085888904 0
2.258063713991072 0.6451600072090685 0
2.903224682154669 1.354866088081 0
2.741932498617591 0.6451581839765749 0
2.419355060521407 0.6451610461293172 0
2.096789771795211 1.193578882742091 0
4.374736272489621 0.9481302474075862 0
1.451446615354827 0.8058895396069949 0
3.548547194254396 1.193995035780456 0
3.225724649840594 1.193687376400861 0
0.9256990803906237 0.801171525851793 0
1.451925353810295 1.19416841777192 0
3.548224882281039 0.8061646954446561 0
3.225753890831883 0.8063766774000168 0
1.935541332513737 1.032388860949237 0
2.903213315828851 0.8064326168109657 0
2.258066460328039 0.8064486074024362 0
1.774323698046671 1.193721218400096 0
2.903215087954244 1.193585569941442 0
0.7827686689961472 0.9492360199548165 0
4.071481417137514 1.045265381576516 0
0.9693580861500378 1.195888748734957 0
1.773772955411691 0.6450824496544748 0
3.709418093177711 0.8056595020230498 0
1.129506955528828 0.8050883662383492 0
3.870643792402345 1.195015685478252 0
1.290899825557899 1.195115358705649 0
2.096756459175526 0.645152646114045 0
2.258064441858532 1.193549082482906 0
2.580644700515404 0.8064506270182104 0
2.580645765155877 1.193549938509859 0
4.216003183867365 0.8940082646546377 0
0.610174777541306 1.056174810680679 0
4.030810042807559 0.9651508355699108 0
1.774327098906844 1.032506984793203 0
0.9417269394390884 0.9601297962947342 0
3.870277093867279 0.9655060331015788 0
1.130059351694259 1.03474973063168 0
1.290941803085907 1.034131807981262 0
3.709230749414709 0.9666653691567204 0
1.61255732585074 0.8059985265063689 0
1.774233992912255 0.8063232375451563 0
1.935478939442152 0.8064238199273551 0
2.096794742116079 1.032325473139748 0
2.903212063464216 1.032308076291913 0
2.419345873448051 1.03226809961797 0
2.741934299416052 1.032262145194119 0
3.387398643053946 1.193818284209959 0
3.709803359608554 1.194386889456323 0
1.613149070887229 1.193830909242317 0
1.290334258937259 0.8054956315773258 0
3.386999686176164 0.8062949590559183 0
2.09678409563841 0.8064350108036745 0
3.064484922523002 0.8064117534602859 0
3.064484342334728 1.193636441560521 0
2.419352869954778 0.8064474557560566 0
2.741931563131445 0.8064450465926161 0
0.7672367976349195 1.10629804004843 0
3.913085776417802 1.03662004475854 0
1.451926917283504 1.033183303574323 0
3.548220342739749 0.9671751021196162 0
3.386922320281386 1.032620613769167 0
3.22571920578154 1.032452512954049 0
1.613175105535659 1.032678915871132 0
2.580648073065491 1.032263712159297 0
3.064470201913175 1.032378303111563 0
2.258065052747433 1.032268261782288 0
0.9247183511709597 1.117611349830774 0
1.08982436890288 0.9531857957021403 0
1.247961533413335 0.9636327960877807 0
3.467734757267891 1.113307824774812 0
3.467972918654171 1.193906659995208 0
3.387160481667666 1.113219448989563 0
3.440956052529909 1.140144644586527 0
3.30656164644727 1.19375283030541 0
3.30632348506099 1.113153995085014 0
3.333348537725309 1.140042091459996 0
1.210500577390083 1.034440769306471 0
1.189010442553797 0.9991912633597302 0
1.269451668249621 0.9988823020345214 0
1.222987562731167 1.010838111566907 0
1.349944225348419 0.9984080498310519 0
1.371434360184705 1.033657555777793 0
1.330276751260915 1.010315969214455 0
3.972190557164802 1.115930957881202 0
3.950969565157073 1.195128778241059 0
3.891864784410074 1.115817865118396 0
3.938341635577316 1.142292533746886 0
3.79022357600545 1.194701287467288 0
3.811444568013178 1.115503467107431 0
3.831177642809568 1.142007539897705 0
1.188734244471081 0.884360581163065 0
1.209920607233043 0.8052919989078375 0
1.269147896175297 0.8845642138325533 0
1.222600915959807 0.8580722646344852 0
1.370890437146043 0.8056925855921604 0
1.349704074384081 0.8847611678473879 0
1.329914135901807 0.8583393224240338 0
3.950543568337419 0.9653284343357448 0
3.97194790961268 1.000885440164225 0
3.891681435142541 1.001063038930059 0
3.938057637697547 0.9890923044766764 0
3.811158262916256 1.00164270695763 0
3.789753921640994 0.9660857011291496 0
3.83086453989993 0.989597149005613 0
2.016136840779116 0.9193746465335517 0
2.016168037314908 1.032357167044493 0
1.935510135977944 0.9194063404382962 0
1.989271671357323 0.9570460513387801 0
1.854934215710291 1.03244792287122 0
1.854903019174498 0.9194654023602791 0
1.881782456954245 0.9571065552232652 0
2.661289499965728 0.9193563861061648 0
2.661288131823425 0.8064478368054132 0
2.741932931273749 0.9193535958933676 0
2.688170187687634 0.8817192729349819 0
2.822572439480148 0.8064388317017909 0
2.822573807622451 0.9193473810025424 0
2.795693059458783 0.881713269532567 0
0.9332226453050241 1.038870573062754 0
1.015775654170984 0.9566577959984373 0
1.10994186029857 0.99396776316691 0
1.027388851432609 1.076180540231227 0
1.021582252801797 1.016419168114832 0
4.192145290933338 0.5628306292769087 0
4.285649894542658 0.4789631896819305 0
4.378453281635394 0.5536277006551633 0
4.284948678026073 0.6374951402501415 0
4.285299286284365 0.558229164966036 0
4.223138304983433 0.8409020965821827 0
4.123406613337462 0.9295795501122742 0
4.031049583019427 0.8848695475851247 0
4.130781274665398 0.7961920940550332 0
4.12709394400143 0.8628858220836536 0
4.131668713587747 1.363975313051772 0
4.031564355213352 1.275578638293375 0
4.123832014759079 1.204230076034455 0
4.223936373133474 1.292626750792853 0
4.127750364173413 1.284102694543114 0
0.3094518039027279 1.307304227690272 0
0.3843293125618806 1.22203175569812 0
0.474323409384023 1.288819508576382 0
0.3994459007248702 1.374091980568533 0
0.3918876066433754 1.298061868133327 0
0.7165036917603134 0.4787184724402614 0
0.8077592359217478 0.5617960472109762 0
0.7166469408821218 0.6378566686640836 0
0.6253913967206872 0.554779093893369 0
0.7165753163212176 0.5582875705521726 0
0.6245186863771466 0.396492580710063 0
0.7147361912522108 0.3193525448356603 0
0.8067211966353776 0.4015784365658588 0
0.7156199415062621 0.3990355086379609 0
0.4887595162287025 1.442173568161799 0
0.399205004093611 1.523909744638853 0
0.3098913885897787 1.455828157045587 0
0.3993254524092407 1.449000862603693 0
4.282689525468745 1.520715080711764 0
4.373614708671001 1.602370106178917 0
4.284227465208709 1.680226997625623 0
4.193302282006453 1.59857197215847 0
4.283458495338727 1.600471039168693 0
0.3103137545080453 1.604714332857412 0
0.4872069315815614 1.600682548584274 0
0.3983156819959958 1.681487136802833 0
0.3987603430448033 1.602698440720843 0
4.689038604461341 0.3876336023595517 0
4.610738499696602 0.4668875576874367 0
4.523782315516343 0.3986133701648736 0
4.602082420281083 0.3193594148369885 0
4.606410459988842 0.3931234862622126 0
0.7034123104520454 0.9468395545713553 0
0.7750027333155334 1.027767030001623 0
0.6887057875881127 1.081236425364555 0
0.6171153647246248 1.000308949934287 0
0.6960590490200791 1.014037989967955 0
0.2260196198600735 0.145374458569812 0
0.3166114642072943 0.2396883872838785 0
0.2322442185501873 0.3128893798404302 0
0.1416523742029664 0.2185754511263637 0
0.2291319192051304 0.2291319192051211 0
0.8622478042176178 0.9546829081247754 0
0.8459775744029396 1.111954694939602 0
0.8541126893102788 1.033318801532189 0
4.051388377524658 1.120253626290191 0
4.146469661851189 1.049003367426705 0
4.21891329908561 1.13297981717097 0
4.135150838305134 1.12661672173058 0
4.515311488277792 0.2411179398917969 0
4.5977501479709 0.1603143681577646 0
4.684521079974191 0.2385558431029562 0
4.599916284125991 0.2398368914973765 0
0.4857146425673767 1.759676353027183 0
0.4035136913752653 1.838997562343009 0
0.3161147308038844 1.760808346118659 0
0.4009146866856305 1.760242349572921 0
1.109665662215854 0.8791370809702448 0
0.9337130099148561 0.8806506610732636 0
1.027603017959726 0.8031299460450712 0
1.021689336065355 0.8798938710217541 0
4.304718139191969 1.369540148165315 0
4.295777161334165 1.211142630521856 0
4.37655892739266 1.288056027894318 0
4.300247650263067 1.290341389343586 0
4.919354838709554 0.1575682382133713 0
4.838709677419109 0.08064516129044487 0
4.919354838709555 0.07878411910668583 0
0.553855180465378 1.208113369502075 0
0.6487225396449141 1.281201728595149 0
0.5691907685635591 1.361907867669457 0
0.5615229745144685 1.285010618585766 0
4.683177059449831 1.76010013637311 0
4.767544305107196 1.686899143816873 0
4.844340210706957 1.767417133783677 0
4.759972965049592 1.840618126339914 0
4.763758635078394 1.763758635078394 0
4.45251364026524 1.52320122560084 0
4.37552126482489 1.44500592382504 0
4.456127525499149 1.375232119020217 0
4.533119900939497 1.453427420796018 0
4.454320582882194 1.449216672310529 0
0.2400270349503014 1.840618126340021 0
0.1556597892921996 1.76741713378387 0
0.2317474851457826 1.687607353562507 0
0.235887260048042 1.764112739951264 0
0.5464198390659445 0.6330894736762265 0
0.6224085683436775 0.7103174941174151 0
0.5421114143205292 0.7753474334391917 0
0.4661226850427963 0.6981194129980031 0
0.5442656266932369 0.7042184535577091 0
4.192917227070183 0.40240509732228 0
4.274101265834169 0.3213255373285874 0
4.366833933306646 0.3978836296882379 0
4.279875580188413 0.4001443635052589 0
4.533986473050161 0.9928454160482851 0
4.456498140354151 1.071560023135802 0
4.376259902878128 1.009989225629847 0
4.453748235574137 0.9312746185423297 0
4.455123187964144 1.001417320839066 0
4.299620719915749 1.062294778564501 0
4.376484582164304 1.140457591915387 0
4.297698940624957 1.136718704543178 0
4.211886399835825 1.445249305052039 0
4.112160162436005 1.517558920857858 0
4.031942476187927 1.436284928857591 0
4.121914438011876 1.440767116954815 0
0.07873671236965656 1.844340210706946 0
0.1593818736599791 1.921263287630343 0
0.07969093682998965 1.922170105353473 0
4.840618126339914 1.921263287630236 0
4.921263287630237 1.844340210706957 0
4.920309063169957 1.922170105353478 0
4.454174678977624 1.218576931640155 0
4.534188237167472 1.14967936286057 0
4.455336409665888 1.145068477387978 0
4.193248296844016 0.2416554971444842 0
4.274168433099542 0.1612652072944371 0
4.355021402089696 0.2409352474785403 0
4.274134849466856 0.2412953723115122 0
4.113295084511437 1.678130617214657 0
4.194178987044179 1.758932000071307 0
4.113140109801318 1.838946561414223 0
4.032256207268576 1.758145178557573 0
4.113217597156377 1.75853858931444 0
4.031280507148164 0.7243305659960598 0
4.111363227978366 0.6434974192910111 0
4.2108639954956 0.7153589473499845 0
4.121072251321882 0.7198447566730222 0
0.3887698066346674 0.62213002377616 0
0.3868955762837891 0.7657373169978339 0
0.3095426978756601 0.6897479277759908 0
0.3878326914592282 0.6939336703869969 0
0.8867581906719999 0.3219225281866639 0
0.8058818699643079 0.2411517538128743 0
0.8868827870725642 0.1610763354605262 0
0.9677591077802563 0.2418471098343158 0
0.886820488872282 0.2414994318235951 0
0.8071370649390113 1.758462083241158 0
0.7258064516129016 1.838709677419356 0
0.6456810131735247 1.758584238979979 0
0.7270116264996342 1.678336644801781 0
0.7264090390562679 1.758523161110568 0
4.610991251415602 1.53118389190672 0
4.612429460746827 1.383131474378026 0
4.690300811222931 1.460887945488729 0
4.611710356081215 1.457157683142373 0
0.9468285788178081 0.7223151641830936 0
1.04870615868588 0.6438622335926472 0
1.129480597827797 0.7246770154546247 0
1.038154588322802 0.7234960898188592 0
0.5665916417849912 1.679263029664153 0
0.5648040139559101 1.838997562343009 0
0.5656978278704508 1.759130296003581 0
0.7287279314346418 1.199649688946316 0
0.8082926402356527 1.277728869943092 0
0.7282872484459251 1.359280909591925 0
0.7285075899402834 1.279465299269121 0
0.1542197412467981 1.461164874137711 0
0.2313251192275159 1.384875023905597 0
0.2327860106090609 1.532118007277701 0
0.2320555649182884 1.458496515591649 0
4.611571247334348 1.227646389294176 0
4.613179773875274 1.075049715656077 0
4.69056278404215 1.153016742089683 0
4.612375510604811 1.151348052475127 0
0.4841588526655876 1.919642723633331 0
0.3225806451612894 1.919354838709678 0
0.4033697489134384 1.919498781171504 0
0.2409812594106344 1.920309063170011 0
0.3892004783430087 0.317773926852611 0
0.467303232150474 0.3963095265870866 0
0.3879996659993747 0.4672825689948962 0
0.3098969121919094 0.3887469692604206 0
0.3886000721711917 0.3925282479237536 0
0.4616358351780491 1.145270008295944 0
0.5374436729845764 1.066062554031278 0
0.6296630182719052 1.128905915237409 0
0.5456494267249772 1.137087961766676 0
0.6472684966511781 1.598715670692146 0
0.7282109895003139 1.518462436791415 0
0.80795411934877 1.59808341090105 0
0.7276113079999742 1.598399540796598 0
0.5678837864477483 1.520135189612267 0
0.5672377141163698 1.59969910963821 0
0.8081831991636341 1.437873857263415 0
0.6483150387826049 1.439869489119925 0
0.7282491189731195 1.43887167319167 0
4.689500146144054 1.610211349889368 0
4.609995056189075 1.681537414155773 0
4.531486161460624 1.602509956173126 0
4.610493153802339 1.606360653031247 0
1.451771954020589 1.596933244343182 0
1.370827729373284 1.677624303053055 0
1.289977694314904 1.597346376744035 0
1.370921918962209 1.516655318034162 0
1.370874824167747 1.597139810543609 0
4.845782036167288 1.000371809984371 0
4.768650323231267 1.077875332906757 0
4.690379925854979 1.002180666039168 0
4.767511638790999 0.9246771431167815 0
4.768080981011133 1.001276238011769 0
0.3093535531137913 0.8437251345933856 0
0.4656471440405795 0.8416177930580091 0
0.3881051208705817 0.9196056106535608 0
0.3875003485771853 0.8426714638256974 0
4.354838709676439 0.08064516129044487 0
4.51612903225733 0.08064516129044487 0
4.435483870966885 0.1612903225808897 0
4.435483870966885 0.08064516129044487 0
4.678395309261345 0.07966920686731971 0
4.597262170759338 0.08015718407888228 0
0.6451612903225792 1.919354838709678 0
0.5646600714940835 1.919498781171504 0
1.130056623523116 1.115169967563499 0
1.049705990751006 1.195739476615138 0
0.9470382186604988 1.156750049282866 0
1.038547421091808 1.135960008423183 0
0.1453744585698306 0.06472929727956912 0
0.3225806451610087 0.08064516129024289 0
0.233977551865416 0.07268722928490601 0
4.032152964940989 1.597117565914044 0
4.112727623473721 1.597844769036257 0
4.759040470551789 0.1603143681577646 0
4.758552493340227 0.08015718407888228 0
0.9678765633224997 0.4028604010982325 0
0.8878395692858774 0.4825163094774274 0
0.8872988799789387 0.4022194188320456 0
0.1541424030164694 1.153549904677867 0
0.2312404477396007 1.07615561078378 0
0.309367132414599 1.152430968413754 0
0.2322690876914678 1.229825262307842 0
0.2317547677155342 1.152990436545811 0
4.364478910546493 1.760241558968539 0
4.274430432381964 1.838946561414223 0
4.279328948795336 1.759586779519923 0
4.67741935483871 1.919354838709677 0
4.759018740589312 1.920309063169957 0
0.6344467857802143 0.2392771264833904 0
0.7255924644923113 0.1610763354606045 0
0.720164327872261 0.2402144401481324 0
3.709513439685453 0.5642897231185134 0
3.790191911565645 0.4837105867211439 0
3.87078753653507 0.563920933089183 0
3.790109064654878 0.6445000694865526 0
3.790150488110262 0.5641053281038482 0
4.032057155613352 0.4030462629568282 0
3.951374010690861 0.4836370869710929 0
3.870817955273538 0.4030847814343157 0
3.95150110019603 0.322493957420051 0
3.951437555443445 0.4030655221955719 0
3.306564981746862 1.354944925720309 0
3.225729941430101 1.274305196215535 0
3.387396686764031 1.274392559810184 0
3.306563314097066 1.274348878012859 0
0.4833983122208216 0.08017250576954663 0
0.4027531509305553 0.1608176670597895 0
0.4029894786909151 0.08040883352989475 0
4.193523271809098 0.08062004600399225 0
4.274180990742769 0.08063260364721855 0
4.516506017912603 1.919731824364216 0
4.597151179202926 1.839086663073893 0
4.596962686375656 1.919543331536946 0
0.9679674619059291 0.5633878538112012 0
1.048434688458363 0.4833354152876077 0
1.129173385238313 0.5638097950690537 0
1.048570423572121 0.5635988244401274 0
0.8064516129032236 1.919354838709678 0
0.7258064516129015 1.919354838709678 0
0.888216799884652 1.517620577069402 0
0.9683327916888782 1.59764197304285 0
0.8880701111529964 1.678104806874498 0
0.8881434555188242 1.59786269197195 0
4.031609287699676 0.563837595382966 0
4.112391350654649 0.4831708053688635 0
4.111877289316507 0.5633341123299374 0
4.112583032028886 0.3222805549102447 0
4.112487191341767 0.4027256801395541 0
4.032212845703524 0.2418902650601975 0
4.112878110518653 0.161265207294437 0
4.11273057127377 0.2417728811023409 0
4.76779771339486 1.229256156596634 0
4.845885252583977 1.154114747413708 0
4.768224018313063 1.153565744751695 0
0.9680298204075313 1.758352401052696 0
0.8870967741935462 1.838709677419355 0
0.8875834426732713 1.758407242146927 0
0.9688978568530067 1.276236653335925 0
0.888359152080251 1.357189969862291 0
0.8888313450084084 1.196775553416725 0
0.8885952485443296 1.276982761639508 0
4.434849019400604 0.3207628647894474 0
4.435166445183744 0.2410265936851685 0
4.354838709677418 1.919354838709677 0
4.43586085662228 1.839086663073893 0
4.43567236379501 1.919543331536946 0
4.611186625029866 0.9199763664313763 0
4.532972797003077 0.8423471429509142 0
4.611702406547928 0.7700059323152952 0
4.689916234574717 0.8476351557957572 0
4.611444515788897 0.8449911493733357 0
0.6451612903219455 0.08064516129016559 0
0.5640434735109872 0.1608176670597122 0
0.5642798012713904 0.08040883352985612 0
0.9683927528012688 1.436936689668278 0
0.8882879759824515 1.437405273465846 0
4.689565764792078 0.535648036123863 0
4.612477569634416 0.6135217069118977 0
4.53365030453894 0.5447612284754715 0
4.611608034665508 0.5402046322996672 0
3.951227587923842 1.355791318285297 0
3.95157295291322 1.516637081718761 0
3.870858064649136 1.436143471146467 0
3.951400270418532 1.436214200002029 0
4.032258064514661 0.08064516129044474 0
4.11289066816188 0.0806326036472185 0
1.129596883065159 1.276012716920334 0
1.048788749167161 1.35650989364112 0
1.049247369959083 1.276124685128129 0
0.9677419354838683 1.919354838709678 0
0.8870967741935459 1.919354838709678 0
1.451645371051864 1.758096983955111 0
1.37096774193549 1.838709677419365 0
1.29015010025691 1.758236996517309 0
1.370897735654387 1.75816699023621 0
3.709604837431926 0.4031398662315588 0
3.790230881139819 0.3225140609447307 0
3.790211396352732 0.4031123238329373 0
4.193785271091641 1.919591722704546 0
4.274311990384529 1.919473280707111 0
3.629138513768428 1.355187410905425 0
3.548558127845426 1.274571267670596 0
3.629175276931475 1.19419096261839 0
3.709755662854477 1.274807105853219 0
3.629156895349952 1.274689186761907 0
0.8062376257824768 0.08043117417043885 0
0.7256994580522125 0.08053816773030223 0
0.1540649136662893 0.8459350863372345 0
0.2313769562675159 0.7684042839165129 0
0.2320415105125647 0.9212559370141071 0
0.2317092333900403 0.8448301104653101 0
3.548442413045144 1.596833557989119 0
3.629083526165697 1.516194460311022 0
3.709754191808493 1.59678227260305 0
3.62911307868794 1.677421370281146 0
3.629098302426819 1.596807915296084 0
1.20962925484016 0.4835734183332961 0
1.128891192468138 0.4028960835757101 0
1.209517686949762 0.322492114495549 0
1.290255749321784 0.4031694492531351 0
1.209573470894961 0.4030327664144226 0
3.467793178428261 1.516194463756148 0
3.467743929214627 1.677421348569481 0
3.387094694597743 1.59678225433651 0
3.467768553821443 1.596807906162815 0
3.709431243232365 0.7252448151929118 0
3.628821487729375 0.8059120987338529 0
3.548258732246552 0.7255790906707231 0
3.628868487749543 0.644911807129782 0
3.628844987739459 0.7254119529318175 0
1.048387096774191 1.838709677419355 0
1.129032258064513 1.919354838709678 0
1.048387096774191 1.919354838709678 0
3.790381824490378 1.51638043539386 0
3.871109839131474 1.597098338252956 0
3.790482206449589 1.677500175462145 0
3.790432015469984 1.596940305428003 0
1.773983251897492 0.564476708697587 0
1.693167214454803 0.6449851328324652 0
1.612625202172513 0.5643194520435255 0
1.693441239615202 0.4838110279086474 0
1.693304227035002 0.5643980803705563 0
3.548328082505282 0.5643740311573437 0
3.628973034441192 0.4837519471460752 0
3.628920761095367 0.5643318771379287 0
1.613162088211444 1.113254912556725 0
1.532537212348762 1.193999663507118 0
1.451926135546899 1.113675860673121 0
1.532551011409581 1.032931109722727 0
1.532544111879172 1.113465386614923 0
0.2314988474885167 0.4604729740369768 0
0.1538461538467946 0.3846153846169864 0
0.231871533019352 0.3866811769387035 0
3.387241679007256 1.435554000891578 0
3.467981895955286 1.355057167485572 0
3.548533395376291 1.435697630350142 0
3.467887537191773 1.43562581562086 0
3.306463569540336 1.51615520260566 0
3.225786872279943 1.43554612743439 0
3.306514275643599 1.435550064162984 0
3.870901157716722 0.2418940149407432 0
3.951612903224216 0.1612903225808896 0
3.951557001710123 0.2418921400004703 0
1.370879211268034 0.3225633162336361 0
1.451557076311671 0.4031482801953489 0
1.370933614365421 0.4837544132148478 0
1.370906412816727 0.4031588647242419 0
1.048387096772466 0.1612903225801746 0
1.128961056324485 0.2418642821321937 0
1.048333067332275 0.3224210693863349 0
1.04836008205237 0.2418556959832547 0
1.209677419354845 1.838709677419365 0
1.129043219698724 1.758341439418485 0
1.209515900600789 1.67786875851643 0
1.209596659977817 1.758289217967897 0
3.951612903225805 1.838709677419355 0
3.871046547116471 1.758143321310021 0
3.951689851159243 1.677578822448239 0
3.951651377192523 1.758144249933797 0
3.548381595882317 0.4031362394063082 0
3.629013398873051 0.3225241584917918 0
3.628993216657121 0.4031380528189336 0
4.032258064516127 1.919354838709677 0
4.113021667803884 1.919473280707112 0
1.290438344481584 1.436444863392201 0
1.371414120555194 1.355619290222165 0
1.451897695035819 1.435829744864126 0
1.371168019758701 1.436137304128163 0
1.532417115310936 1.516288083052884 0
1.612935693632517 1.59680666137451 0
1.53229053234217 1.677451822664809 0
1.532353823826553 1.596869952858846 0
0.9677419354823784 0.08064516129008735 0
0.8869897806324276 0.08053816773026309 0
1.370877201330166 0.6447215048164007 0
1.451435680459441 0.7253321105354507 0
1.290331958016768 0.7250819798731103 0
1.370883819238105 0.7252070452042805 0
1.612903225806435 1.758064516129057 0
1.532258064516129 1.838709677419359 0
1.532274298429149 1.758080750042084 0
3.70932442129621 0.8861624355898852 0
3.789832780007849 0.8053162930921745 0
3.870262280352633 0.8852395586314389 0
3.789793350824421 0.885700997110662 0
1.290322580645167 1.919354838709687 0
1.20967741935484 1.919354838709683 0
1.451612903225802 1.919354838709678 0
1.370967741935485 1.919354838709682 0
1.774266810052628 1.43554985298707 0
1.69359541026913 1.516176055430463 0
1.613001194514875 1.435599752156014 0
1.693672594298373 1.354973549712621 0
1.693634002283751 1.435574802571542 0
3.467612284228601 0.8062298272502872 0
3.387026679454668 0.7256720613837777 0
3.46767312747262 0.6450213248042137 0
3.467642705850611 0.7256255760272504 0
1.45192733735934 1.274722854652337 0
1.290899372879951 1.275538323808612 0
1.371412589684097 1.194641888238785 0
1.371413355119645 1.275130589230475 0
1.290347818213368 0.5642306196841399 0
1.451462997482219 0.5642452983471086 0
1.370905407847794 0.5642379590156242 0
3.790164884716591 1.355447276618912 0
3.870632797867564 1.275341458232981 0
3.790194230361021 1.2750742820431 0
3.225800539702748 0.4032196838537627 0
3.306466469501797 0.322565367178687 0
3.387125230997842 0.4031705253666182 0
3.306459301198793 0.4838248420416939 0
3.306462885350295 0.4031951046101905 0
3.709688644557834 1.435684240866306 0
3.629111019967063 1.435690935608223 0
1.613091649229179 1.274418222822038 0
1.69373638446695 1.193776063821206 0
1.774317329536143 1.27433139071179 0
1.693704489382661 1.274374806766914 0
1.129098036175841 1.597555336992667 0
1.048685943332065 1.677984163051826 0
1.048744884532655 1.517213146983691 0
1.04871541393236 1.597598655017758 0
1.693395659381498 0.8061608820257626 0
1.612559399674327 0.7254431712584123 0
1.774003474161973 0.7257028435998156 0
1.69328143691815 0.725573007429114 0
3.709652304066423 0.2419103685848772 0
3.790322580643326 0.1612903225808897 0
3.790276730891573 0.2419021917628102 0
3.387088612976769 0.5644198519336612 0
3.467743568009431 0.4837725582867912 0
3.467708347741025 0.5643969415455025 0
1.774193548387097 1.758064516129038 0
1.693548387096773 1.838709677419359 0
1.693548387096758 1.677419354838735 0
1.693548387096766 1.758064516129048 0
1.532095090123747 0.4837335016534531 0
1.531993109530985 0.644831248737181 0
1.532044099827366 0.564282375195317 0
1.774208103733371 1.596788748894688 0
1.693571898682944 1.596797705134599 0
3.951631402036232 1.5971079520835 0
1.048383877895319 0.4028782423369713 0
1.774325398476758 1.113114101596649 0
1.693751102221252 1.032592950332168 0
1.693743743344101 1.113184507076687 0
3.870967741933771 0.08064516129044487 0
3.951612903224216 0.0806451612904448 0
1.290920814321903 1.114623583343456 0
1.210476860454936 1.195352781600484 0
1.21048871892251 1.114896775453478 0
3.870510601430362 0.7245715473858152 0
3.951022813543885 0.6441214415010561 0
3.950768295034641 0.8047806718808188 0
3.950895554289263 0.7244510566909375 0
3.467741935481541 0.1612903225808848 0
3.548393352869064 0.2419041124878044 0
3.467763258870728 0.3225342064861352 0
3.387111841483206 0.2419204165792156 0
3.467752597176135 0.24191226453351 0
1.854623868107314 0.6451143749242279 0
1.935476860122544 0.7257850600606679 0
1.854856466177204 0.8063735287362557 0
1.854740167142259 0.7257439518302418 0
3.225775699451934 0.7257459929944536 0
3.306425590402579 0.6450822361502637 0
3.306376788504023 0.8063358182279676 0
3.306401189453301 0.7257090271891158 0
1.93548387096771 1.596774193548439 0
1.854838709677409 1.67741935483873 0
1.854853265023672 1.516143587604397 0
1.854845987350541 1.596781471221564 0
3.306453606633981 1.677421348569481 0
3.225822481576574 1.59679429683863 0
3.306458588087158 1.59678827558757 0
3.790273354603485 1.435913856006386 0
1.612787459059872 0.4031572473532314 0
1.69353976782797 0.3225720258951272 0
1.774193548383301 0.4032258064505431 0
1.693490503721586 0.4031915269018873 0
3.709677419352881 0.08064516129044486 0
3.790322580643326 0.08064516129044486 0
1.854919250989202 1.35491197134303 0
1.935505705960246 1.435505705960357 0
1.854886258006437 1.435527779473713 0
1.209891948611522 0.6444669964198975 0
1.209760601725841 0.5640202073765967 0
2.016158331527356 1.354868006157997 0
2.096781657825137 1.435491332455725 0
2.016129032258027 1.516129032258085 0
2.016143681892691 1.435498519208041 0
2.983874377253742 1.516135192842451 0
3.064521597676861 1.596781712965172 0
2.983873018514081 1.677421405610849 0
2.903225798090961 1.596774885488128 0
2.983873697883912 1.59677829922665 0
3.064501583670638 0.5645024642472491 0
3.14515284724887 0.4838619628280334 0
3.225796278624603 0.5644872262582965 0
3.145145015046371 0.6451277276775123 0
3.145148931147621 0.5644948452527728 0
3.145180738158728 1.516154604192949 0
3.064505987494212 1.435508359306856 0
3.145112121615427 1.354899882548298 0
3.145146429887077 1.435527243370623 0
3.548387096771991 0.08064516129044487 0
3.629032258062436 0.1612903225808897 0
3.629032258062436 0.08064516129044486 0
1.209559829889956 1.517032955220272 0
1.129140880898546 1.436786350956534 0
1.210019395490174 1.356198259128462 0
1.209789612690065 1.436615607174367 0
2.096774193548347 1.596774193548359 0
2.016129032258031 1.677419354838712 0
2.016129032258029 1.596774193548399 0
1.935542687591898 1.113013080589975 0
1.854933870358365 1.193679259315404 0
1.854934043034328 1.113063591093312 0
2.096789446948567 1.274216257697754 0
1.935535791811424 1.274259839946644 0
2.016166907232635 1.193608091486401 0
2.016162619379996 1.274238048822199 0
1.532481774239757 1.355141413967257 0
1.532449444775347 1.43571474851007 0
1.53250949329426 1.274570538737188 0
1.854926560673783 1.274295615329217 0
3.225806240919243 0.2419352731803562 0
3.306451612900651 0.1612903225808848 0
3.306459041201224 0.2419278448797859 0
2.983849715144486 1.193611005750981 0
2.90321357570923 1.112946823116678 0
2.983841132688696 1.032343189701738 0
3.064477272123951 1.113007372336042 0
2.98384542391659 1.11297709772636 0
3.387096774191096 0.08064516129043994 0
3.467741935481544 0.08064516129044241 0
3.145119406677442 0.8063942154301513 0
3.06448872227188 0.7257759501132101 0
3.145132210861907 0.7257609715538318 0
4.295369728178493 0.921069256031112 0
4.302710407259244 0.7889511248741409 0
4.374941830454304 0.8691182843230701 0
4.299040067718868 0.8550101904526265 0
3.629022828467744 0.2419072405363408 0
3.145163341094707 1.677421405610854 0
3.145172039626718 1.596788004901901 0
1.290234049977927 0.2419181549435394 0
1.370967741932824 0.1612903225801841 0
1.451612903222931 0.2419354838702808 0
1.370923476600429 0.2419268194069101 0
2.177426821904231 1.3548461739542 0
2.25806451891777 1.435483873756509 0
2.177419354838675 1.516129032258034 0
2.177423088371453 1.435487603106117 0
2.096792256955645 1.112952177940919 0
2.177429897431757 1.032296867461018 0
2.258064747302982 1.112908672132597 0
2.177427106826872 1.193563982612498 0
2.177428502129314 1.112930425036758 0
2.016131517540281 0.8064294153655148 0
2.016115619989232 0.6451494731540128 0
2.096770277406968 0.7257938284588598 0
2.016123568764756 0.7257894442597638 0
2.82258076101947 1.354853096403149 0
2.741935704849478 1.274195392089796 0
2.822574828884465 1.193568124697868 0
2.903219885054456 1.274225829011221 0
2.822577794951968 1.274210610550508 0
2.096765326359728 0.5645118069277504 0
1.935476375900038 0.5645056839841591 0
2.016126082270534 0.4838680177578967 0
2.016120851129883 0.5645087454559548 0
3.06451338717493 0.4032227134450571 0
3.145161079628807 0.3225804344707863 0
3.145156963438839 0.4032211986494099 0
3.064516129029326 0.2419354838713149 0
3.145161290319761 0.1612903225808848 0
3.145161184974285 0.2419353785258356 0
2.983854839501872 0.6451459731829203 0
2.903221832868446 0.5645109622882475 0
2.983868577037212 0.4838674533525763 0
2.983861708269542 0.5645067132677484 0
2.177410086583299 0.6451563266615568 0
2.258065087159556 0.7258043073057523 0
2.177425277983224 0.8064418091030554 0
2.177417682283262 0.725799067882306 0
3.225806451610211 0.08064516129044486 0
3.306451612900654 0.0806451612904424 0
2.903215236405918 0.7257922082053361 0
2.983849119175926 0.8064221851356258 0
2.983851979338898 0.7257840791592731 0
2.258064481782535 1.274193898868944 0
2.177426964365551 1.274205078283349 0
2.903226087370896 0.4032253148390703 0
2.983870897508614 0.3225805749315511 0
2.983869737272913 0.4032240141420637 0
2.822581320379754 1.516130407776925 0
2.741936845456736 1.435485252070786 0
2.903225235942488 1.435498252109288 0
2.822581040699612 1.435491752090037 0
3.064486676272987 1.274256595313453 0
2.983856846182958 1.354871418573693 0
2.983853280663722 1.274241212162337 0
3.145094703847357 1.032415408032806 0
3.225721927811067 1.113069944677455 0
3.145104496087661 1.193661908980691 0
3.145099599967509 1.113038658506748 0
2.499996973256771 1.032265905888634 0
2.580646919110684 1.112906825334578 0
2.499999919893243 1.193549734858674 0
2.41934997403933 1.112908815412729 0
2.499998446575007 1.112907820373654 0
1.532258064512999 0.1612903225801841 0
1.612894606537864 0.2419268646050304 0
1.532249445247796 0.3225720258951272 0
1.532253754880397 0.2419311742376556 0
1.854835759690217 0.4838680177575184 0
1.854729813898765 0.5644911963408732 0
1.20967741935265 0.161290322580184 0
1.209597553151206 0.2418912185378665 0
2.741932030874518 0.7258016152845954 0
2.822574827800289 0.6451549917881407 0
2.822573633640218 0.7257969117449659 0
2.74193399048883 0.5645145048757054 0
2.822580995556986 0.4838704753758123 0
2.822577911678638 0.5645127335819765 0
2.822573181440134 1.032285110743016 0
2.741934434615369 1.112906412324207 0
2.8225740051623 1.112926617720442 0
1.532172267685771 0.4031527637742902 0
2.50000010046863 0.6451610165767652 0
2.580644920465629 0.7258058070212117 0
2.499998785235091 0.8064490413871335 0
2.419353965238093 0.725804250942687 0
2.499999442851861 0.7258050289819493 0
3.387098767924313 1.758066509859809 0
3.306451612903218 1.838709677419349 0
3.225806451612885 1.758064516129021 0
3.306452609768599 1.758065512994415 0
3.548387096774177 1.758064516129022 0
3.467741935483864 1.838709677419349 0
3.467742932349245 1.758065512994415 0
3.709758239978273 1.758066531571474 0
3.62903225806451 1.83870967741935 0
3.629072668376225 1.758065523850248 0
3.306442445800686 0.5644535390959788 0
2.33870925824457 1.193549306845197 0
2.338705463097742 1.032268180700129 0
2.338707360671156 1.112908743772663 0
2.741935483113747 0.4032257354682879 0
2.822580574927656 0.322580574931546 0
2.822580785242321 0.4032255251536791 0
1.854838709673457 0.3225806451604394 0
1.935480920980373 0.4032228564674147 0
1.854837234681837 0.403224331458979 0
2.33870938725624 0.6451605266691929 0
2.338709665141409 0.8064480315792464 0
2.338709526198824 0.7258042791242196 0
2.661288819516722 0.645159585500394 0
2.580645221081412 0.5645159071531798 0
2.66129039205352 0.4838708265284912 0
2.661289605785121 0.5645152060144426 0
2.258063874567847 0.5645152469854968 0
2.338709507909204 0.4838707264983985 0
2.419355020597596 0.5645160061820944 0
2.338709447582722 0.5645156265837956 0
3.145161290322572 1.838709677419349 0
3.064518179804394 1.758066566901181 0
3.14516231570864 1.758065541515101 0
2.661288475670073 0.7258037111529035 0
2.580645454849781 1.274194340839264 0
2.499999807188337 1.354838913650114 0
2.4193542722318 1.274194307669524 0
2.49999986354079 1.274194324254394 0
3.790322580645155 1.83870967741935 0
3.790402393547372 1.758104926440748 0
2.661290167485282 1.193550308982076 0
2.661291186240772 1.032262928676708 0
2.661290676863027 1.112906618829392 0
2.822580645161279 1.677419354838684 0
2.741936167450072 1.596774877127482 0
2.822580982770517 1.596774881307804 0
2.500000691951442 1.516129040630386 0
2.419354654271291 1.435484058194785 0
2.580645844868488 1.435483896085714 0
2.50000024956989 1.43548397714025 0
2.983870967741926 1.838709677419349 0
2.903225806451612 1.758064516129016 0
2.983871993128004 1.758065541515099 0
2.822580645161285 1.838709677419354 0
2.741935483870952 1.758064516129022 0
2.822580645161282 1.758064516129019 0
2.177419114344276 0.4838707272516905 0
2.177414600463787 0.5645135269566236 0
2.258064275634552 0.4032255659615788 0
2.338709677415125 0.3225806451614585 0
2.419354909689778 0.4032258056982782 0
2.338709592662165 0.4032256858299285 0
2.661290992213976 1.354839423946983 0
2.661290579849629 1.27419486646453 0
2.338709495769765 1.354838899693271 0
2.338709377007167 1.274194103269234 0
2.016129032253769 0.3225806451606982 0
2.09677419354393 0.4032258064511802 0
2.016127557262152 0.4032243314592974 0
2.661291698111247 1.516129724209518 0
2.661291345162612 1.43548457407825 0
2.903225736218159 0.2419354136411211 0
2.983870967738872 0.1612903225808849 0
2.983870932623743 0.241935448756218 0
2.338709677419296 1.516129032258023 0
2.33870958659453 1.435483965975647 0
2.177419354834206 0.3225806451610684 0
2.177419234589241 0.4032256862063794 0
2.741935483867477 0.2419354838713098 0
2.822580645157981 0.1612903225808849 0
2.822580610042818 0.2419354487562154 0
2.500000141210379 0.483870896758509 0
2.500000120839504 0.5645159566676371 0
2.499999999996168 0.3225806451616896 0
2.580645231516769 0.4032257362219205 0
2.500000070603273 0.4032257709600994 0
2.661290322576995 0.3225806451617171 0
2.661290357315258 0.4032257358451041 0
2.580645161286608 0.2419354838712923 0
2.661290322577091 0.161290322580885 0
2.661290322577043 0.241935483871301 0
2.419354838709632 1.59677419354835 0
2.33870967741934 1.67741935483869 0
2.258064516129004 1.596774193548363 0
2.338709677419318 1.596774193548356 0
2.58064585324178 1.596774201920715 0
2.499999999999971 1.677419354838679 0
2.500000345975706 1.596774197734533 0
2.661290322580605 1.677419354838679 0
2.661291010345926 1.596774539524099 0
2.338709677415117 0.1612903225807868 0
2.419354838705766 0.2419354838712877 0
2.258064516124477 0.2419354838709576 0
2.338709677415121 0.2419354838711227 0
2.258064516124671 0.08064516129034152 0
2.177419354834131 0.1612903225805232 0
2.096774193543884 0.08064516129018168 0
2.177419354834278 0.0806451612902616 0
2.016129032253617 0.1612903225802785 0
1.935483870963436 0.08064516129009679 0
2.016129032253626 0.08064516129013924 0
2.41935483870576 0.0806451612904453 0
2.338709677415216 0.08064516129039341 0
2.499999999996205 0.1612903225808904 0
2.499999999996187 0.24193548387129 0
2.096774193548359 1.758064516129015 0
2.016129032258054 1.838709677419351 0
1.935483870967726 1.758064516129048 0
2.016129032258043 1.758064516129032 0
3.064516129029316 0.08064516129043994 0
3.145161290319764 0.0806451612904424 0
1.854838709677414 1.838709677419355 0
1.854838709677411 1.758064516129043 0
1.612903225806451 1.919354838709681 0
1.532258064516126 1.91935483870968 0
2.499999999999988 1.83870967741935 0
2.419354838709673 1.758064516129022 0
2.580645161290287 1.758064516129007 0
2.49999999999998 1.758064516129014 0
1.774193548387091 1.919354838709678 0
1.693548387096771 1.91935483870968 0
2.580645161286651 0.08064516129044508 0
2.499999999996206 0.08064516129044519 0
2.096774193548376 1.919354838709673 0
1.935483870967736 1.919354838709678 0
2.016129032258057 1.919354838709675 0
2.741935483867536 0.08064516129043993 0
2.903225806448432 0.08064516129044497 0
2.822580645157983 0.08064516129044244 0
2.983870967738874 0.08064516129044245 0
2.661290322577094 0.0806451612904425 0
2.177419354838676 1.677419354838688 0
2.177419354838676 1.596774193548361 0
2.258064516129016 1.758064516129023 0
2.177419354838698 1.838709677419351 0
2.177419354838687 1.758064516129019 0
1.854838709677414 1.919354838709678 0
2.338709677419349 1.838709677419355 0
2.338709677419344 1.758064516129022 0
3.548387096774191 1.919354838709677 0
3.709677419354832 1.919354838709673 0
3.629032258064512 1.919354838709675 0
2.580645161290311 1.919354838709672 0
2.419354838709671 1.919354838709677 0
2.499999999999991 1.919354838709675 0
3.387096774193541 1.919354838709672 0
3.467741935483866 1.919354838709675 0
2.661290322580634 1.838709677419349 0
2.661290322580619 1.758064516129014 0
2.258064516129026 1.919354838709678 0
2.177419354838701 1.919354838709675 0
2.741935483870962 1.919354838709677 0
2.661290322580637 1.919354838709675 0
1.451612903222902 0.08064516129008731 0
1.290322580642737 0.08064516129009675 0
1.370967741932819 0.08064516129009203 0
3.064516129032249 1.919354838709672 0
2.903225806451608 1.919354838709677 0
2.983870967741928 1.919354838709674 0
3.225806451612899 1.919354838709677 0
3.30645161290322 1.919354838709674 0
3.145161290322574 1.919354838709675 0
3.870967741935482 1.919354838709677 0
3.951612903225805 1.919354838709677 0
3.790322580645157 1.919354838709675 0
2.338709677419348 1.919354838709677 0
1.612903225803086 0.08064516129009675 0
1.532258064512994 0.08064516129009203 0
1.129032258062553 0.08064516129008725 0
1.048387096772466 0.08064516129008731 0
1.209677419352645 0.080645161290092 0
1.774193548383251 0.08064516129008725 0
1.693548387093173 0.161290322580184 0
1.693548387093169 0.080645161290092 0
2.822580645161285 1.919354838709677 0
1.77419354838328 0.2419354838702807 0
1.693544077460572 0.2419311742376556 0
2.096774193543861 0.241935483870634 0
2.177419354834169 0.2419354838707958 0
1.854838709673348 0.1612903225801841 0
1.854838709673343 0.08064516129009203 0
1.935483870963526 0.2419354838703427 0
2.016129032253693 0.2419354838704884 0
1.854838709673402 0.2419354838703117 0
0.8878871285417995 0.6426675915447501 0
0.8878633489138384 0.5625919505110887 0
3.145108308851544 1.274280895764494 0
2.98386561171835 1.435503305708072 0
2.016167472273771 1.112982629265447 0
3.46775341344008 0.4031533823864632 0
3.467977407304728 1.27448191374039 0
1.532001970602783 0.8059440330566819 0
1.531997540066884 0.7253876408969315 0
3.951098576540458 1.275460048263178 0
0.1541820246318765 0.538125667678699 0
0.3096645890966609 0.5356627717432493 0
0.2323477662400207 0.6133154653849715 0
0.2319233068642687 0.5368942197109742 0
1.048536520053128 1.758346920235591 0
1.210248127972555 1.275775520364473 0
1.209537865245373 1.597450856868351 0
1.048766816849908 1.436861520312406 0
3.789970922331364 0.7249081812893634 0
1.371423474934401 1.114149722008289 0
1.209906277922282 0.7248794976638675 0
3.95065593168603 0.8850545531082818 0
3.628725546077229 0.9669202356381683 0
3.548222612510394 0.8866698987821362 0
3.628773516903302 0.8864161671860106 0
3.951198412117373 0.5638792642360745 0
4.768109687190298 1.538696821456096 0
4.846153846153441 1.615384615383602 0
4.767826996148747 1.612797982636485 0
0.5685372775056537 1.441021528640862 0
0.4671048835373812 0.5537498210278069 0
0.3883847363170211 0.544706296385528 0
0.546076441192124 0.4754394412449494 0
0.5462481401290342 0.5542644574605879 0
4.454166391883244 0.7801908087316547 0
4.453957313728691 0.8557327136369922 0
4.768344970186073 1.383729585569675 0
4.846153846153441 1.461538461537042 0
4.768227328688186 1.461213203512886 0
4.845782036167609 0.8465256561383452 0
4.768186631951325 0.7694836688173209 0
4.767849135371163 0.8470804059670511 0
4.690257430997063 1.305024840906148 0
4.84588525258387 1.307960901260161 0
4.768071341790466 1.306492871083154 0
0.1542197412467982 1.615011027982797 0
0.2322667478774218 1.609862680420104 0
4.690472317336869 0.6917693542028653 0
4.76843953153984 0.6145933776914986 0
4.846153846154295 0.6923076923059541 0
4.768313081745582 0.6920385232544097 0
0.1540649136656487 0.9997812401833883 0
0.07692307692275659 1.076923076926494 0
0.07714183674289213 0.9228581632606317 0
0.07703245683282436 0.9998906200936589 0
0.07721932609371285 1.230472981600624 0
0.07707120150823471 1.153698029263559 0
0.4655617313148325 0.9976445240506401 0
0.3866736550307674 1.075669221011578 0
0.3092170445865167 0.9976303076144986 0
0.3873893879506746 0.9976374158325693 0
4.922705113090461 0.9234487330611978 0
4.923076923076827 1.076923076920751 0
4.922891018083645 1.000185904990926 0
4.92280832950715 1.231037824336881 0
4.922942626291988 1.153980450628816 0
4.533707658845474 0.6917582850243276 0
4.612089988091172 0.6917638196135965 0
0.8468427187219243 0.7958474143592029 0
0.7879012684459157 0.7161998417208594 0
0.8673649236318619 0.7192575029519764 0
0.1541424030162559 1.307396058523167 0
0.07692307692254302 1.38461538461688 0
0.07707120150812793 1.307544183108752 0
0.07729666432425508 1.538087951060254 0
0.07710987062339905 1.461351667838567 0
0.1541820246318764 0.6919718215254935 0
0.2318623612537683 0.6908598746507422 0
0.07692307692339717 0.7692307692339728 0
0.07703245683314465 0.8460444662473023 0
0.07725894770847924 0.6150487446020965 0
0.07709101231593821 0.6921397569180345 0
0.2316409791260827 0.9987057738989434 0
4.533743277084112 1.305753022766054 0
4.612000354040587 1.305388931836101 0
4.923076923076721 1.384615384613763 0
4.922942626291936 1.307826604475322 0
0.2317971034594919 1.307350143106719 0
4.452587229866385 1.681678836751203 0
4.452550435065812 1.602440031176021 0
4.923076923077147 0.7692307692288067 0
4.922891018083805 0.8463397511450022 0
0.07692307692254308 1.692307692307052 0
0.07782989464609982 1.768323951506919 0
0.07710987062339908 1.615197821683653 0
0.07692307692339728 0.4615384615403837 0
0.07709101231593826 0.53829360307124 0
0.5457454773354967 0.3173626660522003 0
0.5459109592638103 0.3964010536485748 0
4.922357260205418 0.462258124409125 0
4.923076923077147 0.6153846153831015 0
4.845434183282566 0.5391812013319776 0
4.922717091641283 0.5388213698961133 0
4.845434183282566 0.3853350474862725 0
4.766560416534804 0.460235859764342 0
4.767912371209103 0.3127327900814821 0
4.767236393871954 0.3864843249229121 0
4.767499974037322 0.5374146187279203 0
4.61218319945257 0.9975130410437266 0
0.07692307692339728 0.3076923076935891 0
0.06472929727956912 0.1416523742029664 0
0.0708261871014832 0.2246723409482778 0
4.842431761786703 0.2344913151362905 0
4.763476420880446 0.2365235791196234 0
4.376795089789718 0.7110873177742979 0
4.293829542642659 0.7132231325621412 0
0.775377513024686 0.8698796614107147 0
0.8545452614697711 0.8752651612419893 0
4.923076923076721 1.692307692306881 0
4.922170105353478 1.768323951506919 0
4.456336356751948 0.6226547940669707 0
4.455251374317596 0.7014228013993128 0
0.545233423054881 0.9318909199536487 0
0.5413385480197287 0.9989767369924634 0
4.218730545216114 0.9733748089657661 0
4.051145729972537 1.005208108573214 0
4.134938137594325 0.9892914587694899 0
4.923076923077147 0.3076923076916913 0
4.921215880893351 0.2326302729525413 0
4.922717091641283 0.3849752160504081 0
0.6216976933348308 0.8656205603348313 0
0.6936628959074714 0.7886606671741907 0
0.6985376031797584 0.867750110872773 0
4.923076923077147 0.6923076923059541 0
4.52396917594217 1.760523940856557 0
4.603573117696 1.760312038614833 0
4.923076923076721 1.538461538460322 0
4.923076923076721 1.461538461537042 0
0.07692307692339728 0.3846153846169865 0
0.4753421650662697 0.238903206628522 0
0.395976814636782 0.2392957969562003 0
0.07268722928491594 0.0708261871014832 0
4.455151102238386 1.296904525330186 0
0.7877707007508492 1.151980199073462 0
0.7087168595113773 1.140443057155435 0
4.444224043244332 1.760382749912548 0
4.923076923076721 1.615384615383602 0
0.867404459705674 1.154365124178164 0
4.011668143568669 1.060569533227208 0
0.5548944754232419 0.2390901665559562 0
0.7051549183947966 0.7132586679191371 0
0.5436724186877051 0.8536191766964202 0
4.297495224047121 0.9916820172978065 0
4.455767229422385 0.475734135063664 0
4.456051793087167 0.5491944645653173 0
0.385501483796324 1.148850488354849 0
1.149338052384825 0.9391641721649875 0
4.293703832330357 1.445127614438539 0
4.445308124411494 0.3982484999265558 0
1.532242121567122 0.919590915040346 0
1.440973097975601 0.9021760414438669 0
3.628888971834552 1.080330202468588 0
3.467571331510568 0.9998978579443917 0
3.54823015167256 1.04011403020649 0
3.306359445978852 0.9193737360049837 0
3.145112046372529 0.9193774902557896 0
3.22573574617569 0.9193756131303867 0
2.98384849299361 0.9193599148760995 0
2.903211150308031 0.919353647939321 0
2.177424574192921 0.9193516362929812 0
2.338706166888045 0.9193583535102029 0
2.258065370540483 0.9193549949015921 0
2.500000471510134 0.919355583957677 0
2.580644985737932 0.919355985031921 0
1.693704549223957 0.9195010767081442 0
1.774303784199228 0.9194832395342116 0
3.720166769923865 1.09791683478801 0
1.61297333539554 0.9195459958742451 0
2.096780707486019 0.9193631414132664 0
3.064480269683068 0.9193687025659445 0
2.419353319199089 0.9193569687339399 0
3.386961003228775 0.9194577864125427 0
3.467591807869584 0.9030638425973394 0
3.306341465519921 1.016263865544999 0
3.427328538774638 1.072964219271989 0
3.4543454048989 1.126726234680669 0
3.414058267098788 1.126682046788045 0
3.387041400974526 1.072920031379365 0
3.508260056454283 1.193950847887832 0
3.45446448559204 1.167025652290867 0
3.508140975761143 1.153651430277634 0
3.387279562360806 1.153518866599761 0
3.427685780854059 1.193862472102583 0
3.346980144750608 1.193785557257685 0
3.319955092086289 1.166897460882703 0
3.360254509696488 1.126630770224779 0
3.266024067450792 1.153420685742937 0
3.319836011393149 1.126598043272505 0
3.266143148143932 1.193720103353135 0
3.346622902671188 1.072887304427091 0
1.250721190237995 1.034286288643866 0
1.216744070060625 1.022639440436689 0
1.246219615490394 1.004860206800714 0
1.280196735667764 1.016507055007892 0
1.159534897124028 1.016970496995705 0
1.205999002642482 1.005014687463319 0
1.170279964542171 1.034595249969075 0
1.258706600831478 0.981257549061151 0
1.218485987983566 0.9814120297237554 0
1.298952879380877 0.9810204229594164 0
1.340110488304667 1.004362009522754 0
1.299864209755268 1.004599135624488 0
1.411680638734105 1.033420429676058 0
1.35085555572281 1.021986762496124 0
1.400935571315962 1.015795676702687 0
1.331188081635306 1.033894681879527 0
3.942638166791302 1.076275501319871 0
3.955266096371059 1.129111745814044 0
3.915103209993695 1.129055199432641 0
3.902475280413938 1.076218954938468 0
3.991132451534438 1.195185324622462 0
3.944655600367195 1.168710655993972 0
4.001742947538302 1.155586414442534 0
3.881254288406209 1.155416775298324 0
3.910806678779709 1.195072231859655 0
3.830433684203897 1.19485848647277 0
3.810700609407508 1.168354413682496 0
3.86152121360982 1.128912702508051 0
3.760623963810866 1.154945178281877 0
3.821311105411373 1.128755503502568 0
3.750013467807002 1.194544088461805 0
3.86226517221549 1.076061755932986 0
1.218347888942208 0.9239966886254229 0
1.205667580215444 0.8712164228987751 0
1.245874406067552 0.8713182392335193 0
1.258554714794316 0.9240985049601671 0
1.169713781380935 0.8051901825730934 0
1.216260761596425 0.8316821317711613 0
1.159120599999954 0.8447244737007071 0
1.279741077556278 0.8450299227049396 0
1.250127433085151 0.8053938152425817 0
1.330612348041651 0.8055941085847431 0
1.350402286523925 0.8320159540080971 0
1.299531016038552 0.8714517681282936 0
1.400575344869454 0.8453253537271914 0
1.339809105142944 0.8715502451357109 0
1.411168526250435 0.8057910625995777 0
1.298832803898708 0.9241969819675844 0
3.91041033110235 0.9654172337186617 0
3.944300603017483 0.9772103694062106 0
3.914869536420044 0.9950776717033679 0
3.88097926450491 0.9832845360158191 0
4.00137897621012 0.983018137867068 0
3.955002773655114 0.9949888723204509 0
3.990676805572489 0.9652396349528278 0
3.902383605780171 1.0188415418443 0
3.942516843015241 1.018752742461383 0
3.862122019667029 1.019131375858085 0
3.821011401408093 0.9956199279816216 0
3.861272987521235 0.9953300939678362 0
3.749492335527852 0.9663755351429351 0
3.810309230770462 0.9778414250673813 0
3.760194506165482 0.9841540380571753 0
3.830015507754137 0.9657958671153641 0
1.975807890110634 0.8628992332304535 0
2.002704256068219 0.9382103489361659 0
1.962390903667633 0.9382261958885382 0
1.935494537710048 0.8629150801828256 0
2.056481389715493 1.032341320092121 0
2.002719854336116 0.9947016091916364 0
2.056465791447597 0.97585005983665 0
1.935525734245841 0.9758976006937667 0
1.975854684914322 1.032373013996865 0
1.895237774112014 1.032418391910229 0
1.868358336332268 0.9947772390472427 0
1.908646296466094 0.9382564478307807 0
1.814615059040671 0.9759861935767411 0
1.868342738064371 0.9382859787917721 0
1.814630657308567 1.032477453832212 0
1.895190979308325 0.862944611143817 0
2.70161189969089 0.975809265650142 0
2.674729843826681 0.9005378295205733 0
2.715051559480691 0.9005364344141747 0
2.7419336153449 0.9758078705437434 0
2.620966416169415 0.8064492319118117 0
2.674729159755529 0.8440835548701975 0
2.620967100240566 0.8629035065621875 0
2.741932247202597 0.8628993212429918 0
2.701609847477435 0.8064464416990147 0
2.782252001305797 0.8064419391472035 0
2.809132749469465 0.8440760506171789 0
2.768812995366265 0.9005334327129673 0
2.862893561725651 0.862889998906754 0
2.809133433540617 0.9005303252675547 0
2.862892877654499 0.8064357242563782 0
2.782254053519252 0.9758047630983309 0
0.9289704982379918 1.078240961446765 0
0.9774024490534104 1.027644870588793 0
1.024485552117203 1.04629985417303 0
0.9760536013017846 1.096895945031001 0
0.9787512968050363 0.9583937961465857 0
1.01867895348639 0.9865384820566347 0
0.9374747923720562 0.9995001846787442 0
1.099883114600725 0.9735767794345251 0
1.065762056550183 1.005193465640871 0
1.052800011536932 0.9549217958502888 0
1.078724101563434 1.055465135431453 0
1.120000605996414 1.014358746899295 0
4.191799927912518 0.6028762977335751 0
4.238722288608852 0.5605298971214724 0
4.28512398215522 0.5978621526080887 0
4.238201621458886 0.6402085532201914 0
4.239242955758819 0.4808512410227533 0
4.285474590413512 0.5185961773239833 0
4.192490653954158 0.5227849608202424 0
4.378458526872866 0.5144073938277242 0
4.331876283959879 0.5559284328105997 0
4.332056833326498 0.4770751383411077 0
4.331695734593261 0.6347817272800916 0
4.378448036397922 0.5928480074826026 0
4.226705865541467 0.8143490125459552 0
4.175116124492432 0.8518939593329182 0
4.128937609333414 0.8295389580693435 0
4.18052735038245 0.7919940112823805 0
4.169704898602413 0.911793907383456 0
4.125250278669446 0.896232686097964 0
4.219570744425399 0.8674551806184102 0
4.030929812913493 0.9250101915775177 0
4.079071763510429 0.8738776848343892 0
4.07710832807251 0.9473651928410924 0
4.081035198948346 0.800390176827686 0
4.03116935312536 0.8447289035927317 0
4.181586384124168 1.368005266786216 0
4.129709538880579 1.324039003797443 0
4.175843368653444 1.288364722667983 0
4.227720213897033 1.332330985656757 0
4.031698863864127 1.31574702193813 0
4.079657359693382 1.279840666418244 0
4.081751043051325 1.359945359317329 0
4.077563676335441 1.19973597351916 0
4.125791189466247 1.244166385288784 0
4.031429846562577 1.23541025464862 0
4.220152532369916 1.252922515928949 0
4.170100353182718 1.20872417854975 0
0.3091279442563368 1.346219445442293 0
0.3506697052730516 1.302683047911799 0
0.3956667536841228 1.33607692435093 0
0.354124992667408 1.379613321881424 0
0.3472144178786953 1.225752773942175 0
0.388108459602628 1.260046811915724 0
0.3097756635491189 1.26838900993825 0
0.4664412556561371 1.251704613893197 0
0.4331055080136992 1.293440688354854 0
0.421444207245066 1.218310737454066 0
0.4447668087823324 1.368570639255643 0
0.4822055631119088 1.325934403259567 0
0.6709043916380253 0.4772198517369688 0
0.7165395040407654 0.518503021496217 0
0.6709833565209524 0.5565333322227708 0
0.6253482441182122 0.5152501624635226 0
0.8077307639633187 0.5217558805289114 0
0.7621672761214826 0.5600418088815744 0
0.7621029918826014 0.4802170931435541 0
0.762231560360364 0.6398665246195947 0
0.7166111286016696 0.5980721196081281 0
0.8077877078801771 0.601836213893041 0
0.6254345493231622 0.5943080253232154 0
0.6710623214038796 0.6358468127085726 0
0.7160618166332877 0.4388769905391112 0
0.7611705690708198 0.4003069726019098 0
0.8072117443201334 0.4416470752063527 0
0.6249118889464419 0.4361069058718696 0
0.6700693139417043 0.3977640446740119 0
0.6692342362453834 0.318308237611055 0
0.7151780663792364 0.3591940267368106 0
0.6241254838078513 0.3568782555482564 0
0.8062306489506216 0.3615097979253649 0
0.7602381462590382 0.3203968520602656 0
0.4894236165342485 1.402611433052276 0
0.4440424843189715 1.445587215382746 0
0.3993856765670554 1.411546421586113 0
0.4433181598556107 1.522603791509849 0
0.3992652282514259 1.486455303621273 0
0.4880954159231565 1.481735703271322 0
0.3104350405796952 1.491174903971224 0
0.3546084204995097 1.45241450982464 0
0.3550918483316113 1.525215697767857 0
0.3093477365998623 1.420481410119951 0
4.237479135239901 1.519589235147591 0
4.283074010403737 1.560593059940229 0
4.23838038867259 1.599521505663582 0
4.192785513508755 1.558517680870944 0
4.373362507298717 1.562668439009514 0
4.328536602004864 1.601420572673805 0
4.327899915697589 1.521840926275937 0
4.329173288312139 1.681000219071673 0
4.283842980273718 1.640349018397158 0
4.373866910043285 1.64207177334832 0
4.193819050504151 1.638626263445996 0
4.239281642105279 1.679453776179573 0
0.3099812854772622 1.643810673837687 0
0.3545370487764243 1.603706386789127 0
0.3985380125203996 1.642092788761838 0
0.3539822492212374 1.682197075810398 0
0.3989826735692072 1.563304092679848 0
0.3106462235388284 1.565617991877136 0
0.487319123599586 1.56099019348256 0
0.4429836373131824 1.601690494652559 0
0.4426491147707541 1.680777197795269 0
0.4870947395635369 1.640374903685989 0
4.689354750362627 0.3527034374154123 0
4.647724532225092 0.3903785443108821 0
4.604246440134963 0.3562414505496005 0
4.645876658272497 0.3185663436541307 0
4.649572406177686 0.4621907449676336 0
4.608574479842722 0.4300055219748247 0
4.688722458560056 0.4225637673036911 0
4.528426501125388 0.4374472766459584 0
4.565096387752592 0.3958684282135431 0
4.571904593215518 0.4715843704072399 0
4.558288182289669 0.3201524860198462 0
4.519138129907298 0.3597794636837888 0
0.6637341311799946 0.9456413218796247 0
0.6997356797360623 0.980438772269655 0
0.6565872068723519 1.007173469951121 0
0.6205856583162843 0.9723760195610902 0
0.7788857011558403 0.9885015249782199 0
0.7355308911678062 1.020902509984789 0
0.7430904897240963 0.9480377872630859 0
0.7279712926115161 1.093767232706492 0
0.6923824183040959 1.047637207666255 0
0.7711197654752264 1.067032535025027 0
0.6136450711329654 1.028241880307483 0
0.6494402825647094 1.068705618022617 0
0.1777391072096058 0.1374165265644751 0
0.2275757695326019 0.1872531888874666 0
0.1853921467040484 0.2238536851657424 0
0.1355554843810523 0.1740170228427509 0
0.3195960546841515 0.2004893549321821 0
0.2728716917062123 0.2344101532444998 0
0.2743001325105411 0.1533323905751489 0
0.2714432509018836 0.3154879159138507 0
0.2306880688776588 0.2710106495227756 0
0.3136268737304371 0.2788874196355748 0
0.1477492640248805 0.2631338794099764 0
0.1930451861984909 0.3102908437670097 0
0.8145577113129061 1.030542915766906 0
0.8500451318566091 1.072636748235896 0
0.8066071860189296 1.109126367494016 0
0.8225082366068825 0.9519594640397959 0
0.8581802467639483 0.9940008548284821 0
0.8936676673076513 1.036094687297472 0
0.9019873718283531 0.9574063522097548 0
0.8853479627869496 1.114783022385188 0
4.04134185771823 1.157747748647028 0
4.093269607914896 1.123435174010386 0
4.129491426532107 1.165423398882518 0
4.108975539494351 1.047134374501611 0
4.140810250078161 1.087810044578643 0
4.061434897331086 1.082759503933354 0
4.220185602825237 1.092860585223932 0
4.177032068695372 1.129798269450775 0
4.183963784208026 1.0508723603518 0
4.217640995345985 1.173099049118008 0
4.600999352203537 0.2795981531671825 0
4.642218682050091 0.2391963673001664 0
4.687095988119052 0.2781645577871146 0
4.514902716288023 0.2810317485472504 0
4.557613886201892 0.2404774156945867 0
4.556939590114116 0.1608023453693271 0
4.598833216048446 0.2000756298275705 0
4.515720260267561 0.2012041312363433 0
4.68194617182933 0.1989471284187978 0
4.638560705827684 0.159826390946202 0
0.3996151843408132 1.720864743187877 0
0.3585147087447574 1.76052534784579 0
0.3128817736251818 1.721857680468311 0
0.4863485950564446 1.719871805907444 0
0.4433146646265037 1.759959351300052 0
0.4439802144822532 1.839141504804835 0
0.4022141890304479 1.799619955957965 0
0.4850806900783089 1.799480900146922 0
0.3193476879825869 1.799759011769007 0
0.3630471682682774 1.838853619881182 0
1.119586308872341 0.842112723604297 0
1.065677499140604 0.8795154759959996 0
1.02464617701254 0.8415119085334126 0
1.078554986744277 0.8041091561417102 0
1.01873249511817 0.9182758335100958 0
1.099745015559367 0.9161614383361926 0
0.9377199746769722 0.9203902286839989 0
0.9777011729901054 0.8802722660475089 0
0.9766510491751745 0.8021507359484321 0
0.9297060451527399 0.8409110934625283 0
4.341325181457659 1.368292611987642 0
4.302482894727518 1.32994076875445 0
4.338403288827863 1.289198708618952 0
4.377245575558003 1.327550551852144 0
4.262092011698271 1.291484070068219 0
4.26811109692628 1.370787684342988 0
4.256072926470262 1.212180455793451 0
4.298012405798616 1.250742009932721 0
4.375872279227316 1.248561503936492 0
4.335481396198069 1.210104805250261 0
4.959677419354778 0.07785359801480637 0
4.919354838709555 0.03939205955334284 0
4.959677419354778 0.1557071960296122 0
4.919354838709554 0.1181761786600285 0
4.838709677419109 0.1209677419356673 0
4.879032258064331 0.07971464019856528 0
4.879032258064331 0.1594292803971306 0
4.838709677419109 0.04032258064522243 0
0.5062071411968146 1.211351544356043 0
0.5576890774899232 1.24656199404392 0
0.5179231919492457 1.286915063581074 0
0.6489368993237092 1.241419374194644 0
0.6051227570796913 1.283106173590458 0
0.6015032197339412 1.204875194648107 0
0.6087422944254414 1.361337152532809 0
0.5653568715390138 1.323459243127611 0
0.6485081799661189 1.320984082995655 0
0.5296392427016768 1.362478582806105 0
4.68029820714427 1.799404906896233 0
4.723467847264113 1.761929385725752 0
4.761865800063993 1.802188380709154 0
4.718696159944151 1.839663901879634 0
4.728239534584073 1.684194869571869 0
4.765651470092795 1.725328889447634 0
4.686055911755391 1.720795365849987 0
4.845247028430199 1.72986241304528 0
4.804049422892676 1.765587884431036 0
4.806849075630318 1.689603418061878 0
4.801249770155033 1.841572350800194 0
4.843433392983715 1.804971854522075 0
4.492215307434643 1.523318452481206 0
4.453417111573717 1.486208948955685 0
4.493720241910846 1.451322046553273 0
4.532518437771772 1.488431550078794 0
4.374315785375661 1.483986347832575 0
4.414920923853542 1.447111298067785 0
4.412811973095836 1.523083998720475 0
4.417029874611249 1.371138597415094 0
4.455224054190671 1.412224395665373 0
4.376726744274119 1.406025499817505 0
4.533721364107222 1.418423291513242 0
4.495225176387049 1.379325640625341 0
0.2813038400557955 1.839663901879688 0
0.2379571474991717 1.802365433145643 0
0.2760009954259632 1.762460543034962 0
0.1565666070157564 1.804971854522278 0
0.1957735246701208 1.765764936867567 0
0.1987502298448072 1.841572350800354 0
0.1927968194954344 1.68995752293478 0
0.2338173725969123 1.725860046756886 0
0.1547529715686429 1.729862413045461 0
0.2706981507961309 1.685257184190235 0
0.5068909076360981 0.632715732137809 0
0.5453427328795907 0.6686539636169677 0
0.5051941558680166 0.7011689332778561 0
0.4667423306245241 0.6652307017986971 0
0.6239431351346574 0.6720772254352383 0
0.5833370975184572 0.707267973837562 0
0.5859487704957909 0.633463215214644 0
0.5807254245411235 0.78107273246048 0
0.543188520506883 0.7397829434984504 0
0.6208740015526977 0.7485577627995917 0
0.4655030394610685 0.731008124197309 0
0.5034974040999349 0.7696221344179033 0
4.282762737365536 0.4395537765935947 0
4.32335475674753 0.3990139965967484 0
4.372648852708492 0.4365353583442614 0
4.192876622022581 0.442572194842928 0
4.236396403629298 0.4012747304137695 0
4.233549851499777 0.3216982198047856 0
4.276988423011291 0.3607349504169232 0
4.192957832117784 0.362237999801632 0
4.3610190139048 0.3592319010322144 0
4.31465268016856 0.3209528548523891 0
4.533373335854407 0.9536322028626791 0
4.494554830507153 0.9971313684436754 0
4.454435711769141 0.9663459696906977 0
4.493254217116395 0.9228468041097014 0
4.495855443897909 1.07141593277765 0
4.455810664159148 1.036488671987434 0
4.534599610245914 1.032058629233891 0
4.377021718072381 1.040918714740977 0
4.415691545421137 1.005703273234456 0
4.417140836810393 1.071704113493955 0
4.41424225403188 0.9397024329749579 0
4.375498087683875 0.9790597365187164 0
4.296738050979561 1.173930667532517 0
4.33709176139463 1.138588148229283 0
4.375835106613138 1.174762285947027 0
4.258306119855284 1.134849260857074 0
4.260539313240306 1.057518065920698 0
4.298659830270353 1.09950674155384 0
4.37713405771547 1.106152897883747 0
4.338702126591192 1.067071491208304 0
4.221695227248208 1.40864226278635 0
4.16690041892385 1.443008211003427 0
4.126791575799811 1.402371215003294 0
4.152214453723531 1.518011155220637 0
4.117037300223941 1.479163018906336 0
4.202077572423441 1.481856347317728 0
4.03199702802444 1.476469690494945 0
4.076928457099902 1.438526022906203 0
4.072105871148478 1.517106686495078 0
4.031887924351414 1.396100167220238 0
0.08016804906015625 1.961085052676736 0
0.1195364052449843 1.921716696491908 0
0.160336098120312 1.960631643815172 0
0.03984546841499477 1.922623514215038 0
0.03936835618482828 1.845247028430076 0
0.07921382459982304 1.88325515803021 0
0.1584276491996461 1.881894931445515 0
0.1181050685544848 1.843433392983817 0
4.839663901879634 1.960631643815118 0
4.880463594754936 1.921716696491858 0
4.919831950939817 1.961085052676739 0
4.881894931445355 1.843433392983715 0
4.920786175400097 1.883255158030217 0
4.841572350800194 1.881894931445355 0
4.960154531584978 1.922623514215099 0
4.960631643815118 1.845247028430199 0
4.49366920293545 1.223331907470899 0
4.454755544321756 1.181822704514067 0
4.49476232341668 1.147373920124274 0
4.533675982030374 1.188883123081107 0
4.415910495915096 1.142763034651683 0
4.414680155019798 1.213821955809411 0
4.45591727501002 1.10831425026189 0
4.53470049230457 1.110475602640034 0
4.1931233670047 0.281863199712734 0
4.233691573155436 0.2414754347279982 0
4.274118057650512 0.2813104548200498 0
4.233833294811093 0.1612526496512108 0
4.274151641283199 0.2012802898029747 0
4.193373226683331 0.2014477945762344 0
4.354930055883067 0.201112785029715 0
4.314578125778276 0.2411153098950263 0
4.314503571387991 0.1612777649376634 0
4.355112748296325 0.2807577099273656 0
4.072774717266231 1.677855648455223 0
4.113256340833907 1.718334603264548 0
4.072736902212476 1.758341883936006 0
4.032255278644801 1.717862929126682 0
4.194257403023014 1.718806277402415 0
4.153698292100279 1.758735294692873 0
4.153815451756643 1.67840558597409 0
4.153581132443914 1.839065003411657 0
4.113178853478848 1.798742575364332 0
4.194100571065344 1.799057722740199 0
4.032257135892351 1.798427427988464 0
4.072699087158723 1.838828119416789 0
4.12592676299364 0.7580184253640276 0
4.16596812340874 0.7176018520115033 0
4.220568710797551 0.7515774379298561 0
4.031284815189729 0.7644594127981993 0
4.076176379235023 0.7220876613345411 0
4.0713175595217 0.643785145841396 0
4.116217739650124 0.6816710879820167 0
4.031276199106599 0.6842017191939204 0
4.201159280193648 0.6791404567701129 0
4.151408896435032 0.6432096927406262 0
0.3494737218488752 0.6170240403645444 0
0.3883012490469478 0.6580318470815785 0
0.3486876946674442 0.6918407990814939 0
0.3098601674693715 0.6508329923644598 0
0.4269776882510122 0.6960265416925 0
0.4280658914204596 0.6272360071877756 0
0.4258894850815649 0.7648170761972244 0
0.3873641338715086 0.7298354936924154 0
0.3092252282819488 0.7286628631875219 0
0.3479016674860133 0.7666575577984435 0
0.9272672353750671 0.3221632126375605 0
0.8867893397721409 0.2817109800051295 0
0.9272897983262691 0.2416732708289555 0
0.9677676939291953 0.2821255034613864 0
0.8058109856150868 0.2812964565488726 0
0.846351179418295 0.2413255928182347 0
0.8462491459689327 0.3216818437357674 0
0.8464532128676572 0.1609693419007019 0
0.8868516379724232 0.2012878836420606 0
0.805952754313529 0.201007051076876 0
0.9677505216313174 0.2015687162072453 0
0.9273123612774712 0.1611833290203504 0
0.8074797909569049 1.718338286152059 0
0.7667730519976397 1.758492622175863 0
0.7267103327779512 1.718429902956175 0
0.7674170717372164 1.67827556693237 0
0.7661290322580627 1.838709677419356 0
0.7261077453345848 1.798616419264962 0
0.8067943389211176 1.798585880330257 0
0.6454211517480519 1.798646958199667 0
0.6860450261148963 1.758553700045274 0
0.6854838709677404 1.838709677419356 0
0.6866061812620521 1.678397722671191 0
0.6459408745989974 1.71852151976029 0
4.650528389821379 1.535057998179295 0
4.611350803748408 1.494170787524547 0
4.651005583652073 1.459022814315551 0
4.690183169725044 1.499910024970299 0
4.572415128510356 1.455292551969196 0
4.571454113009824 1.527309785634146 0
4.573376144010888 1.383275318304246 0
4.612069908414021 1.4201445787602 0
4.690418452720818 1.421865866007158 0
4.651482777482766 1.382987630451807 0
0.9362638296042158 0.7617433450174433 0
0.9924915835703054 0.7229056270009764 0
1.032878803141264 0.7633130179319652 0
1.008332117965436 0.6436605180535208 0
1.043430373504341 0.6836791617057532 0
0.9573933280314004 0.682886983348744 0
1.129467418977282 0.6844713400627624 0
1.0838175930753 0.7240865526367419 0
1.089080199406323 0.6440639491317737 0
1.129493776678312 0.764882690846487 0
0.5257062352189137 1.759403324515382 0
0.5652509209131804 1.799063929173295 0
0.5246253757725756 1.839141504804835 0
0.5267870946652518 1.679665144225929 0
0.5661447348277209 1.719196662833867 0
0.6056894205219876 1.75885726749178 0
0.6063961889047307 1.678860915102378 0
0.6049826521392446 1.838853619881182 0
0.6886150647925988 1.280333513932135 0
0.7283974191931042 1.319373104430523 0
0.6882905343666244 1.360023673494043 0
0.6889395952185731 1.200643354370227 0
0.7286177606874626 1.239557494107718 0
0.8082986220512158 1.237695614020793 0
0.768400115087968 1.278597084606106 0
0.7685162676507105 1.198656023522405 0
0.7682839625252258 1.358538145689808 0
0.8082866584200896 1.317762125865391 0
0.1544065349476541 1.499439618898126 0
0.1931376530825432 1.45983069486468 0
0.2324207877636746 1.495307261434675 0
0.1936896696287855 1.534916185468122 0
0.192585636536301 1.384745204261238 0
0.2316903420729022 1.421685769748623 0
0.1540329475459421 1.422890129377295 0
0.2709734767540335 1.457162336318618 0
0.2700646019187308 1.385004843549955 0
0.2718823515893362 1.529319829087281 0
4.650775007554884 1.227426142290442 0
4.61197337896958 1.189497220884651 0
4.651469147323481 1.152182397282405 0
4.690270775908786 1.190111318688196 0
4.573281873886142 1.150513707667848 0
4.572367487113812 1.22786663629791 0
4.574196260658471 1.073160779037787 0
4.612777642240043 1.113198884065602 0
4.690854792175515 1.11592216549117 0
4.652163287092077 1.076938652274367 0
0.4843027951274144 1.879464085449996 0
0.443764300789513 1.919570752402417 0
0.4034417201443519 1.879248171757256 0
0.4032977776825248 1.959749390585752 0
0.4840149102037609 1.959821361816665 0
0.3225806451612893 1.959677419354839 0
0.3629751970373639 1.919426809940591 0
0.3225806451612895 1.879032258064516 0
0.2405041471804678 1.880463594755016 0
0.2001815665353067 1.920786175400177 0
0.2817809522859618 1.919831950939844 0
0.2414583716408011 1.960154531585005 0
0.3499213807982944 0.3179301894199411 0
0.3889002752571002 0.3551510873881823 0
0.3492484921815506 0.3906376085920871 0
0.3102695977227446 0.3534167106238459 0
0.4675309527914557 0.3568854641525187 0
0.4279516521608329 0.3944188872554201 0
0.4284795758877231 0.3176176642852809 0
0.4274237284339427 0.4712201102255593 0
0.3882998690852832 0.4299054084593249 0
0.4670755115094923 0.4357335890216545 0
0.3095242266610742 0.4240772278969953 0
0.3485756035648068 0.463345027764233 0
0.5497523035951776 1.172600665634376 0
0.5876562224984412 1.132996938502042 0
0.6394071386372049 1.165271467515773 0
0.4600974685531503 1.179929863752978 0
0.5036426309515132 1.14117898503131 0
0.5010781207062116 1.071006425706577 0
0.5415465498547768 1.101575257898977 0
0.4631742018029479 1.11061015283891 0
0.6199188979066056 1.092540362959044 0
0.5738092252629412 1.061118682355978 0
0.646734616337824 1.638587235616374 0
0.6874399023255762 1.598557605744372 0
0.7273114672498042 1.638368092799189 0
0.6882736233891 1.518717488817552 0
0.727911148750144 1.558430988794006 0
0.6478023769645321 1.558844105767918 0
0.8080199205357559 1.558017871820094 0
0.767782713674372 1.598241475848824 0
0.7681483556115278 1.518207384765277 0
0.8078883181617842 1.638148949982005 0
0.607253105383774 1.599207390165178 0
0.567560750282059 1.559917149625238 0
0.6081100218628173 1.519553865227978 0
0.5669146779506805 1.639481069651182 0
0.5272223228489656 1.600190829111242 0
0.5276575510326793 1.520716513996556 0
0.8082319378840803 1.397834619525552 0
0.7682161590683768 1.438372765227542 0
0.7282681837095223 1.399076291391798 0
0.7282300542367167 1.478667054991542 0
0.8081344604431879 1.477913095001277 0
0.6483256480302455 1.479421014981807 0
0.6882820788778622 1.439370581155798 0
0.6483044295349643 1.400317963258043 0
4.61074220260897 1.568772272468984 0
4.570989657631481 1.604435304602187 0
4.531701568032335 1.562972817767348 0
4.689782837185605 1.574571727170619 0
4.649996649973196 1.608286001460307 0
4.649464910125013 1.681514004741319 0
4.610244104995706 1.64394903359351 0
4.689217455102503 1.645850972608117 0
4.531270754888912 1.642047094578904 0
4.570525202253138 1.681560823570228 0
1.451819011591921 1.55665772126934 0
1.411323389094168 1.597036527443395 0
1.370898371564978 1.556897564288885 0
1.411393994062731 1.51651875811483 0
1.411252784125604 1.677554296771961 0
1.370851276770515 1.637382056798332 0
1.451724896449257 1.637208767417024 0
1.289977657091774 1.63755534617964 0
1.330426259241325 1.597243093643822 0
1.330402674620963 1.67769430933415 0
1.330449843861687 1.516791877953494 0
1.289977731538035 1.55713740730843 0
4.845596131174105 0.9620961765161271 0
4.80693150858921 1.00082402399807 0
4.767796309901066 0.9629766905642754 0
4.806460932485961 0.9242488430823326 0
4.807402084692461 1.077399204913807 0
4.7683656521212 1.039575785459263 0
4.84596794116047 1.038647443452614 0
4.690763363081929 1.040504127465912 0
4.729230453433056 1.001728452025469 0
4.729898561770074 1.078351460899707 0
4.728562345096039 0.9251054431512304 0
4.689996488628028 0.9638572046124237 0
0.3095764503265682 0.8817988025905519 0
0.3484269508454883 0.8431982992095415 0
0.3878027347238835 0.8811385372396291 0
0.3489522342049634 0.9197390406206395 0
0.3871979624304872 0.8042043904117656 0
0.3091306559010143 0.8056514665962193 0
0.4652652689599601 0.8027573142273119 0
0.4265737463088825 0.8421446284418532 0
0.4272580075361999 0.9194721806864822 0
0.4660290191211989 0.8804782718887063 0
4.354838709676439 0.1209677419356673 0
4.395161290321662 0.08064516129044487 0
4.435483870966885 0.1209677419356673 0
4.395161290321662 0.1612903225808897 0
4.435483870966886 0.04032258064522243 0
4.354838709676439 0.04032258064522243 0
4.51612903225733 0.04032258064522243 0
4.475806451612108 0.08064516129044487 0
4.475806451612108 0.1612903225808897 0
4.51612903225733 0.1209677419356673 0
4.597506159365119 0.1202357761183234 0
4.637828740010342 0.079913195473101 0
4.678883286472907 0.1195038103009796 0
4.556695601508334 0.08040117268466357 0
4.597018182153557 0.04007859203944114 0
4.677907332049783 0.03983460343365985 0
0.6451612903225792 1.879032258064517 0
0.6049106809083313 1.919426809940591 0
0.5647320427249967 1.879248171757256 0
0.5645881002631703 1.959749390585752 0
0.6451612903225792 1.959677419354839 0
0.5244094620798355 1.919570752402417 0
1.032968136262209 1.106070274327205 0
0.9927928198761531 1.146355028853024 0
0.9358782849157292 1.13718069955682 0
1.130057987608688 1.07495984909759 0
1.084302022307462 1.125564987993341 0
1.089879943051489 1.195664840555229 0
1.044126705921407 1.165849742519161 0
1.130055259437545 1.155380086029409 0
0.9581981524052683 1.176319399008911 0
1.009532038450522 1.195814112675047 0
0.1374165265644844 0.09709394591935369 0
0.1896760052176251 0.06870826328223756 0
0.2299985858627465 0.109030843927359 0
0.2379565178680854 0.036343614642453 0
0.1533323905751767 0.03236464863978456 0
0.3225806451610087 0.04032258064512145 0
0.2782790985132141 0.07666619528757446 0
0.3225806451610087 0.1209677419353643 0
4.113011353992579 1.637987693125457 0
4.153014952740087 1.598208370597364 0
4.032203657481007 1.637349122804917 0
4.072440294207355 1.597481167475151 0
4.112443892954863 1.557701844947057 0
4.032102272400971 1.556886009023171 0
4.79887507398545 0.1608023453693271 0
4.758796481946009 0.1202357761183234 0
4.798631085379668 0.08040117268466357 0
4.718473901300786 0.079913195473101 0
4.719205867118129 0.159826390946202 0
4.758308504734446 0.04007859203944114 0
0.8870285353254692 0.3620709735093548 0
0.8470100383071582 0.4018989276989522 0
0.967826421700317 0.3626321490933447 0
0.9275877216507191 0.4025399099651391 0
0.9279082079263714 0.4829166072927177 0
0.8875692246324081 0.4423678641547365 0
0.9679267049446825 0.4430886531031203 0
0.8477709306453833 0.482116011662137 0
0.1542905276019476 1.191863318553661 0
0.1929485853660018 1.153270170611839 0
0.232011927703501 1.191407849426826 0
0.1933538699394468 1.230000997368648 0
0.1925433007925569 1.07653934385503 0
0.2314976077275674 1.114573023664795 0
0.1539942784309913 1.115236490802074 0
0.3090009370241436 1.113909556527517 0
0.2705609500650666 1.152710702479782 0
0.2699375946866444 1.075771877712529 0
0.2711843054434889 1.229649527247036 0
0.3097333278050545 1.190952380299992 0
4.369299010981031 1.721007499743131 0
4.321903929670915 1.759914169244231 0
4.281778207002023 1.719906888572773 0
4.314634571029691 1.838828119416789 0
4.27687969058865 1.799266670467073 0
4.359658810111956 1.799475618193947 0
4.236753967919757 1.759259389795615 0
4.234226293734237 1.839065003411657 0
4.799818433464613 1.920786175400097 0
4.759495852819452 1.880463594754936 0
4.758541628359172 1.960154531584978 0
4.67741935483871 1.959677419354839 0
4.718219047714011 1.919831950939817 0
4.67741935483871 1.879032258064516 0
0.6290895335093851 0.2782705284349201 0
0.6773055568262376 0.2397457833157614 0
0.7174502595622358 0.2797834924918964 0
0.6853768774070919 0.1611833290204678 0
0.7228783961822862 0.2006453878043684 0
0.6398040380510435 0.2002837245318608 0
0.7630230989182845 0.2406830969805033 0
0.7658080515775307 0.1609693419007411 0
3.709478916486236 0.6045599257406435 0
3.749831963897857 0.5641975256111809 0
3.79012977638257 0.6043026987952004 0
3.749776728970948 0.6446650989246632 0
3.749887198824766 0.4837299522976984 0
3.790171199837953 0.5239079574124961 0
3.709547962884669 0.5240195204963832 0
3.870794436791237 0.5237963943286088 0
3.830469012322665 0.5640131305965156 0
3.830496624306524 0.4836912211445893 0
3.830441400338807 0.644335040048442 0
3.870780636278903 0.6040454718497572 0
4.03211239125287 0.3627682352481668 0
3.991747355528399 0.4030558925762001 0
3.951469327819737 0.3627797398078115 0
3.991834363544208 0.3224920824797782 0
3.99166034751259 0.4836197026726219 0
3.951405783067153 0.4433513045833324 0
4.032001919973835 0.4433242906654896 0
3.870809646160471 0.4433783185011752 0
3.911127755358492 0.4030751518149438 0
3.911087673869132 0.4836544712695638 0
3.911167836847851 0.3224958323603239 0
3.870826264386606 0.3627912443674562 0
3.346979856110489 1.354955880565358 0
3.306564147921964 1.314646901866584 0
3.346980000430549 1.274370718911521 0
3.387395708619074 1.314679697610296 0
3.225732587224855 1.314614106122872 0
3.266146627763584 1.274327037114197 0
3.266150107383235 1.354933970875259 0
3.306562480272168 1.234050854159134 0
3.225727295635347 1.233996286308198 0
3.387397664908989 1.234105422010071 0
0.3627850619259619 0.08052699741006883 0
0.4028713148107352 0.1206132502948421 0
0.362666898045782 0.1610539948201377 0
0.403107642571095 0.04020441676494738 0
0.4836346399811814 0.04008625288477331 0
0.4431938954558683 0.08029066964972069 0
0.4428394038153286 0.1605813392994414 0
0.4831619844604618 0.1202587586543199 0
4.193510714165871 0.1209300690059884 0
4.233852131275933 0.0806263248256054 0
4.274174711921155 0.1209489054708278 0
4.274187269564383 0.04031630182360928 0
4.193535829452324 0.04031002300199613 0
4.314509850209604 0.08063888246883172 0
4.637191020607183 1.919449085123312 0
4.597056932789291 1.87931499730542 0
4.637285267020818 1.838898170246624 0
4.596868439962021 1.959771665768473 0
4.516317525085333 1.959865912182108 0
4.556734352144129 1.919637577950581 0
4.557017091385033 1.839275155901162 0
4.516694510739872 1.879597736546323 0
1.048638291129 0.6037305290163872 0
1.088871904405217 0.5637043097545906 0
1.12931381268254 0.6040377298699768 0
0.9679627695754609 0.6034233281627978 0
1.008268942739025 0.5634933391256642 0
1.008205767512614 0.4833261601978079 0
1.048502556015242 0.5234671198638676 0
0.9679721542363973 0.5233523794596047 0
1.129032957794087 0.5235818602681306 0
1.088663609404111 0.4833446703774075 0
0.8064516129032238 1.879032258064517 0
0.7661290322580625 1.919354838709678 0
0.7258064516129015 1.879032258064517 0
0.7258064516129014 1.959677419354839 0
0.8064516129032235 1.959677419354839 0
0.6854838709677403 1.919354838709678 0
0.8480487874337971 1.5979730514365 0
0.8881067833359102 1.637983749423224 0
0.8479463140638974 1.678159647968729 0
0.8481512608036967 1.51778645490427 0
0.888180127701738 1.557741634520676 0
0.9683403348677202 1.557465397221257 0
0.9282381236038512 1.5977523325074 0
0.9282823389656071 1.517454699234533 0
0.9281939082420954 1.678049965780267 0
0.9683252485100362 1.637818548864443 0
4.152011290124922 0.563082370803423 0
4.112134319985578 0.5232524588494004 0
4.152613683814813 0.4829550488662198 0
4.111620258647436 0.6034157658104742 0
4.031440589382354 0.6039552338873735 0
4.071743288508092 0.5635858538564517 0
4.072169017494484 0.4833865618715073 0
4.031777986016998 0.5237199568785584 0
4.072272173477559 0.4028859715481912 0
4.112439270998208 0.4429482427542089 0
4.072375329460636 0.322385381224875 0
4.112535111685327 0.3625031175248994 0
4.152702209205975 0.4025653887309171 0
4.152790734597136 0.3221757285956143 0
4.152989434058893 0.2417141891234125 0
4.112804340896211 0.2015190441983889 0
4.153188133520649 0.1612526496512107 0
4.112656801651328 0.2820267180062928 0
4.032190236297955 0.2821902362998515 0
4.072471708488647 0.2418315730812692 0
4.072568087516657 0.1612777649376632 0
4.032235455109092 0.2015902938205435 0
4.80670718620458 1.230281287251596 0
4.768010865853962 1.191410950674165 0
4.80705463544852 1.153840246082702 0
4.845750955799138 1.192710582660133 0
4.729393401177607 1.153291243420689 0
4.728888240585141 1.228231025941671 0
4.768437170772165 1.115720538829226 0
4.846019549368815 1.115518912167283 0
0.8473602538061413 1.758434662694042 0
0.8873401084334087 1.798558459783141 0
0.846774193548385 1.838709677419355 0
0.8878267769131338 1.718256024510713 0
0.9681737628693627 1.718173762869367 0
0.9278066315404012 1.758379821599811 0
0.9274193548387073 1.838709677419355 0
0.9678858779456998 1.798531039236026 0
0.9691279715015222 1.236062701035441 0
0.9287465526986682 1.276609707487717 0
0.8887132967763691 1.236879157528117 0
0.9290947155792231 1.196332151075841 0
0.9283983898181132 1.356887263899592 0
0.8884772003122903 1.3170863657509 0
0.968667742204491 1.316410605636409 0
0.8484439443899912 1.2773558157913 0
0.8483199143423887 1.357492675824991 0
0.8485679744375938 1.19721895575761 0
4.475238966730767 0.2410722667884827 0
4.435325158075314 0.2011584581330292 0
4.474671481849429 0.3208542109960757 0
4.435007732292174 0.280894729237308 0
4.39509392363672 0.2409809205818544 0
4.395026556951779 0.3206715185828192 0
4.476089190853807 1.919637577950581 0
4.435766610208645 1.87931499730542 0
4.476371930094711 1.839275155901162 0
4.435578117381375 1.959771665768473 0
4.354838709677418 1.959677419354839 0
4.395255536736214 1.919449085123312 0
4.395349783149848 1.838898170246624 0
4.354838709677418 1.879032258064516 0
4.650399838215472 0.9227550548085278 0
4.611315570409381 0.882483757902356 0
4.650680375181807 0.8463131525845464 0
4.689764642987898 0.8865844494907182 0
4.532866497830865 0.8783830663139937 0
4.572208656395986 0.843669146162125 0
4.57197341184426 0.9171976780542247 0
4.572443900947714 0.7701406142700253 0
4.611573461168412 0.8074985408443155 0
4.533079096175289 0.8063112195878348 0
4.690067826161537 0.8086858621007962 0
4.650960912148141 0.7698712503605651 0
0.5238390567461025 0.08029066964970137 0
0.5641616373911853 0.1206132502947842 0
0.5234845651055445 0.1605813392994027 0
0.5643979651515956 0.04020441676492806 0
0.645161290321982 0.0403225806450828 0
0.6047205457966645 0.08052699741001085 0
0.6046023819164299 0.1610539948200217 0
0.6451612903219091 0.1209677419352484 0
0.9684151901786221 1.396760623802585 0
0.9283403643918602 1.437170981567062 0
0.8883235640313512 1.397297621664069 0
0.8882523879335518 1.477512925267624 0
0.9683703154239155 1.477112755533971 0
0.8482355875730427 1.437639565364631 0
4.688986038725425 0.4965709841858467 0
4.650586899728793 0.5379263342117651 0
4.611173267181055 0.503546094993552 0
4.651601393279901 0.6136619234558967 0
4.612042802149963 0.5768631696057824 0
4.690145490858731 0.5747250880618793 0
4.533940113441194 0.5790012511496856 0
4.572629169602225 0.5424829303875693 0
4.573353745988932 0.6133814903678987 0
4.533360495636686 0.5105212058012574 0
3.910924695628313 1.355729274636503 0
3.951313929171187 1.396002759143663 0
3.911129167533834 1.436178835574248 0
3.87073993399096 1.395905351067088 0
3.991671373303229 1.43624956442981 0
3.991530480219372 1.355853361934091 0
3.991812266387086 1.51664576692553 0
3.951486611665876 1.476425640860395 0
3.870976195307312 1.476381591225845 0
3.911333639439355 1.516628396511992 0
4.032258064514661 0.1209677419356671 0
4.07257436633827 0.08063888246883162 0
4.112884389340266 0.1209489054708277 0
4.112896946983493 0.04031630182360925 0
4.032258064514661 0.04032258064522237 0
4.153206969985488 0.08062632482560537 0
1.129825389208566 1.235801460707826 0
1.089422126512121 1.276068701024232 0
1.049476680355044 1.235932080871634 0
1.088964309972753 1.356472561493234 0
1.049018059563122 1.316317289384625 0
1.129368376921753 1.316223973132841 0
1.009072613406045 1.276180669232027 0
1.008613188361568 1.356547225789007 0
0.887096774193546 1.879032258064516 0
0.8467741935483848 1.919354838709678 0
0.9677419354838683 1.879032258064516 0
0.9274193548387072 1.919354838709678 0
0.8870967741935457 1.959677419354839 0
0.9677419354838683 1.959677419354839 0
1.370862732513835 1.717895646644633 0
1.330523917955648 1.75820199337676 0
1.290063860062777 1.718000656066277 0
1.451661604964894 1.717790637222989 0
1.411271553353125 1.75813198709566 0
1.411290322580646 1.838709677419361 0
1.370932738794938 1.798438333827788 0
1.451629137138833 1.798403330687233 0
1.290236340451044 1.798473336968342 0
1.330645161290333 1.83870967741937 0
3.709593661757906 0.443444592052906 0
3.749908116892329 0.4031260950322481 0
3.790201653959189 0.4434114552770406 0
3.749929034959893 0.3225222377667977 0
3.790221138746276 0.362813192388834 0
3.709616013105946 0.3628351404102117 0
3.830514675813135 0.4030985526336265 0
3.830532727319746 0.3225058841226637 0
4.314575350030974 1.919414059708394 0
4.274371211383246 1.879209921060667 0
4.274252769385813 1.959736640353556 0
4.193666829094207 1.959795861352273 0
4.234048630738085 1.919532501705829 0
4.193903713089075 1.879387584056819 0
3.669423239934414 1.35520736657777 0
3.62914770455919 1.314938298833666 0
3.669456279102215 1.274748146307563 0
3.709731814477438 1.315017214051666 0
3.548563594640941 1.314859383615666 0
3.588857511597689 1.274630227216252 0
3.588853787602442 1.35516745523308 0
3.588861235592935 1.194092999199423 0
3.629166086140713 1.234440074690148 0
3.548552661049911 1.234283151725526 0
3.709779511231516 1.234596997654771 0
3.669489318270014 1.194288926037356 0
0.6854303741870783 0.08059166451023392 0
0.7256459612722612 0.1208072515954533 0
0.7257529548321637 0.04026908386515111 0
0.8063446193423403 0.04021558708521943 0
0.765968541917344 0.08048467095037054 0
0.8061306322226135 0.1206467612556583 0
0.1541742935760368 0.8842872448888652 0
0.1928870735281648 0.8453825984012722 0
0.2318753719513025 0.8830430237397086 0
0.1931625919991745 0.9219476702273016 0
0.1926115550571551 0.7688175265752428 0
0.2315430948287781 0.8066171971909115 0
0.1539555337565418 0.8075829277856037 0
0.2705313932519158 0.8442776225293478 0
0.2701423574778766 0.7679910412577831 0
0.2709204290259549 0.9205642038009126 0
3.548414754909653 1.637126456413904 0
3.588770357735982 1.596820736642601 0
3.629105690557379 1.637114642788615 0
3.588750087731051 1.677420362559918 0
3.588790627740912 1.516221110725285 0
3.629090914296258 1.556501187803553 0
3.548470071180636 1.556540659564333 0
3.70971175741188 1.556461716042774 0
3.669426247117656 1.596795093949567 0
3.669376424590483 1.51616780989676 0
3.669476069644829 1.677422378002375 0
3.709796626205105 1.637102829163327 0
1.24999761708531 0.4836831647663405 0
1.20960136286756 0.4433030923738593 0
1.249914610108372 0.4031011078337788 0
1.290310864326122 0.44348118022626 0
1.128891861408999 0.4431250045214587 0
1.16923233168155 0.4029644249950664 0
1.16926089259501 0.4834636719002517 0
1.169203770768089 0.322465178089881 0
1.209545578922362 0.3627624404549858 0
1.128890523527277 0.3626671626299615 0
1.290200634317446 0.3628577182800101 0
1.249831603131435 0.3225190509012171 0
3.427440902984328 1.516167815064448 0
3.467780866124852 1.556501184959481 0
3.427431624209594 1.596795080249662 0
3.387091661069069 1.556461710354629 0
3.508105483433294 1.596820732075967 0
3.508145453872194 1.516221112447848 0
3.508065512994395 1.677420351704085 0
3.467756241518035 1.637114627366148 0
3.387097728126417 1.637102798318391 0
3.427422345434858 1.677422345434877 0
3.709437818259692 0.6850374717778428 0
3.669138115485912 0.7253283840623647 0
3.628856737744501 0.6851618800307997 0
3.669156440518281 0.6448709677462778 0
3.669119790453543 0.8057858003784514 0
3.628833237734417 0.7656620258328353 0
3.709424668205038 0.7654521586079808 0
3.548241807263795 0.7658718930576895 0
3.588551859993006 0.7254955218012703 0
3.588523185005207 0.8060383970892545 0
3.588580534980804 0.6449526465132862 0
3.548275657229309 0.6852862882837567 0
1.008064516129029 1.838709677419355 0
1.048387096774191 1.879032258064516 0
1.008064516129029 1.919354838709678 0
1.129032258064513 1.879032258064516 0
1.088709677419352 1.919354838709678 0
1.088709677419352 1.838709677419355 0
1.048387096774191 1.959677419354839 0
1.129032258064513 1.959677419354839 0
3.750025573752823 1.516260797438179 0
3.790406919980181 1.556660370410932 0
3.750093103639238 1.596861289015526 0
3.871102082548481 1.55685902477909 0
3.830770927300729 1.59701932184048 0
3.830738075227933 1.516500073349542 0
3.830803779373524 1.677538570331417 0
3.790457110959786 1.637220240445074 0
3.871117595714467 1.637337651726822 0
3.750160633525653 1.677461780592874 0
1.774088400140393 0.5241738382191432 0
1.733643739466247 0.5644373945340717 0
1.693372733325103 0.5241045541396019 0
1.733817393999248 0.4838409978246733 0
1.733470084933247 0.64503379124347 0
1.693235720744903 0.6046916066015107 0
1.773878103654591 0.6047795791760309 0
1.612593337835214 0.6046036340269906 0
1.652964714603758 0.5643587662070408 0
1.652864343976359 0.6449364744214604 0
1.653065085231157 0.4837810579926214 0
1.612657066509812 0.5240352700600606 0
3.66921710039041 0.5643108001282211 0
3.62894689776828 0.5240419121420019 0
3.669277760262539 0.4837506325101641 0
3.628894624422455 0.6046218421338554 0
3.548310332358674 0.604683758527067 0
3.588624421800325 0.5643529541476362 0
3.588668308619845 0.4837532617819862 0
3.54834583265189 0.5240643037876205 0
1.613168596873551 1.072966914213928 0
1.572853100045308 1.113360149585824 0
1.532547561644376 1.073198248168825 0
1.57286305847262 1.03280501279693 0
1.572843141617996 1.193915286374718 0
1.532540662113967 1.153732525061021 0
1.613155579549337 1.153542910899521 0
1.451925744678597 1.153922139222521 0
1.492235123713035 1.113570623644022 0
1.492231283079528 1.194084040639519 0
1.492238964346543 1.033057206648525 0
1.451926526415201 1.073429582123722 0
0.2320578757847696 0.3497852783895669 0
0.1928588434330733 0.385648280777845 0
0.1538461538467946 0.3461538461552878 0
0.2708842226056307 0.3877140730995621 0
0.2703251943093778 0.4599402302852734 0
0.2316851902539344 0.4235770754878402 0
0.1538461538467946 0.4230769230786851 0
0.1926725006676556 0.4610057177886803 0
3.387165153273825 1.475847583632163 0
3.427564608099515 1.435589908256219 0
3.467840357810017 1.475910139688504 0
3.427688313214701 1.35501200144799 0
3.46793471657353 1.395341491553216 0
3.387318204740686 1.395260418150993 0
3.548551228406374 1.395422564955439 0
3.508210466284032 1.435661722985501 0
3.508275478695871 1.355102333523154 0
3.548515562346209 1.475972695744845 0
3.346877977325428 1.435552032527281 0
3.306539628695231 1.395247494941646 0
3.346776098540365 1.516148184489204 0
3.306488922591968 1.475852633384322 0
3.22581269191011 1.475857683136481 0
3.266150573961771 1.435548095798687 0
3.266151040540307 1.516162220722115 0
3.225761052649776 1.3952345717323 0
3.870867865608197 0.28219586112067 0
3.911229079713422 0.2418930774706068 0
3.951529050953076 0.2821930487102607 0
3.911290322578993 0.1612903225808897 0
3.951584952467169 0.20159123129068 0
3.870934449825246 0.2015921687608165 0
3.991884923706823 0.2418912025303339 0
3.991935483869439 0.1612903225808895 0
1.330512365290571 0.3225546517702607 0
1.370892812042381 0.3628610904789391 0
1.330581081069256 0.4031641569886886 0
1.451584989767315 0.362864462677868 0
1.411231744564199 0.4031535724597954 0
1.411246057245496 0.3225719806970115 0
1.411217431882902 0.4837351642225792 0
1.370920013591074 0.4434566389695449 0
1.451529162856027 0.4434320977128298 0
1.33064979684794 0.4837736622071164 0
1.008059594916313 0.2418514029087853 0
1.048346574692323 0.2821383826847949 0
1.008054673705205 0.322412483237396 0
1.008064516127422 0.1612903225801747 0
1.048373589412418 0.2015730092817147 0
1.128996657193519 0.2015773023561841 0
1.088660569188428 0.2418599890577242 0
1.088709677417509 0.1612903225801746 0
1.088611460959346 0.3224296555352739 0
1.128925455455451 0.2821512619082032 0
1.250000000000011 1.83870967741937 0
1.209637039666331 1.798499447693631 0
1.249873380117363 1.758263107242603 0
1.129037738881618 1.79852555841892 0
1.169319939838271 1.758315328693191 0
1.169354838709679 1.83870967741936 0
1.169285040966862 1.677920979967022 0
1.209556280289303 1.718078988242163 0
1.129048700515829 1.71815732041805 0
1.249746760234716 1.677816537065837 0
3.99195379223055 1.758144714245685 0
3.951670614175883 1.717861536191018 0
3.991972100590134 1.677579751072015 0
3.991935483870966 1.838709677419355 0
3.951632140209164 1.798426963676576 0
3.871007144525977 1.798426499364688 0
3.911348962154497 1.758143785621909 0
3.911290322580643 1.838709677419355 0
3.911407601728351 1.677577893824464 0
3.871085949706965 1.717860143255355 0
3.669299027044524 0.4031389595252461 0
3.629003307765086 0.3628311056553627 0
3.669320293826508 0.3225272865403283 0
3.628983125549157 0.4434449999825043 0
3.548372589340408 0.4434454079121027 0
3.588687406269719 0.4031371461126209 0
3.588706503919594 0.3225210304432555 0
3.548390602424227 0.3628270709005137 0
4.153403469447762 1.919532501705829 0
4.113080888802601 1.879209921060667 0
4.112962446805167 1.959736640353556 0
4.032258064516127 1.959677419354839 0
4.072639866160006 1.919414059708394 0
4.032258064516127 1.879032258064516 0
1.290208056621375 1.476686650632513 0
1.330803182120143 1.436291083760182 0
1.371044969360455 1.476396311081163 0
1.331156520378598 1.35579028956687 0
1.371291070156948 1.395878297175164 0
1.290668632341793 1.396203076151888 0
1.451913507972102 1.39555351819844 0
1.41153285739726 1.435983524496145 0
1.41167172073179 1.35544829087746 0
1.451881882099536 1.476105971529812 0
1.492062888923571 1.596901598601014 0
1.532322178084361 1.637160887761827 0
1.491984185610047 1.677468056577837 0
1.492141592237094 1.516335140624191 0
1.532385469568744 1.556579017955865 0
1.612951927545569 1.55650031464239 0
1.572644758729535 1.596838307116678 0
1.572692638384778 1.516241025481577 0
1.572596879074292 1.67743558875178 0
1.612919459719466 1.637113008106631 0
0.8466137032074522 0.08048467095035097 0
0.8869362838524959 0.1208072515953946 0
0.8870432774123593 0.04026908386513155 0
0.9677419354823784 0.04032258064504367 0
0.927365858057403 0.08059166451017521 0
0.9677419354823784 0.120967741935131 0
1.330603429213221 0.6446949164926478 0
1.370880510284135 0.6849642750103406 0
1.330607888627436 0.7251445125386954 0
1.290330807556522 0.6848751540210025 0
1.451430213011748 0.6850533959996785 0
1.411159749848772 0.7252695778698656 0
1.411150973447111 0.6447480931401536 0
1.370887128192074 0.7654498153982204 0
1.451441147907134 0.7656108250712228 0
1.290333108477013 0.7652888057252181 0
1.612903225806424 1.717741935483904 0
1.572588762117792 1.75807263308557 0
1.532282415385659 1.717766286353446 0
1.572580645161292 1.838709677419361 0
1.532266181472639 1.798395213730722 0
1.612903225806445 1.79838709677421 0
1.491959834740506 1.758088866998597 0
1.491935483870966 1.838709677419358 0
3.709277585355459 0.9264139023733028 0
3.749558886060316 0.8859317163502736 0
3.789773636232708 0.9258933491199057 0
3.74962543659278 0.8054878975576121 0
3.789813065416135 0.8455086451014182 0
3.709371257236961 0.8459109688064674 0
3.87025487359531 0.845106321396369 0
3.830027815588527 0.8854702778710504 0
3.830040123422918 0.8051446886267367 0
3.870269687109956 0.9253727958665088 0
1.209677419354843 1.879032258064524 0
1.169354838709677 1.91935483870968 0
1.290322580645172 1.879032258064531 0
1.250000000000004 1.919354838709685 0
1.209677419354838 1.959677419354841 0
1.290322580645162 1.959677419354844 0
1.451612903225802 1.879032258064517 0
1.411290322580644 1.91935483870968 0
1.370967741935487 1.879032258064524 0
1.370967741935483 1.959677419354841 0
1.451612903225802 1.959677419354839 0
1.330645161290326 1.919354838709685 0
1.774288885539122 1.395245708005277 0
1.73395040616819 1.435562327779306 0
1.693653298291062 1.395274176142082 0
1.733991777661994 1.354957556368052 0
1.733909034674385 1.51616709919056 0
1.693614706276441 1.475875429001003 0
1.774244734566134 1.475853997968863 0
1.612984677986747 1.475896860033142 0
1.653317598399313 1.435587277363778 0
1.653281785863875 1.516185011670367 0
1.653353410934751 1.35498954305719 0
1.613017711043002 1.395302644278887 0
3.507950719048582 0.7256023333489868 0
3.467657916661615 0.6853234504157322 0
3.507982854842343 0.6450074053505019 0
3.50791858325482 0.8061972613474717 0
3.467627495039606 0.7659277016387689 0
3.387013182815416 0.765983510219848 0
3.427334692652639 0.7256488187055141 0
3.427305985202382 0.8062623931531028 0
3.427363400102896 0.6450352442579255 0
3.387040176093921 0.6853606125477074 0
1.451926345584817 1.234445636212128 0
1.411670346239493 1.274926721941406 0
1.371412972401871 1.23488623873463 0
1.411668971747196 1.194405153005352 0
1.37141373783742 1.31537493972632 0
1.451928329133863 1.315000073092546 0
1.290899146540976 1.315749806360094 0
1.331156363999798 1.275334456519543 0
1.331156207620998 1.194878623472217 0
1.290899599218925 1.235326841257131 0
1.290338737654822 0.6044494739265174 0
1.330626613030581 0.5642342893498821 0
1.37089130458898 0.6044797319160125 0
1.370919511106607 0.523996186115236 0
1.290356898771914 0.5240117654417624 0
1.451482123441301 0.5239806067887096 0
1.411184202665006 0.5642416286813664 0
1.451443871523137 0.6045099899055075 0
3.830393344024687 1.35555725380331 0
3.790179557538806 1.315260779331006 0
3.830413514114292 1.27520787013804 0
3.870627300600173 1.315504344610345 0
3.749974946607749 1.274940693948159 0
3.749936425408496 1.355337299434513 0
3.790208903183235 1.234887784755194 0
3.870638295134954 1.235178571855616 0
3.225797794439984 0.4435394138907327 0
3.266131712526521 0.4032073942319766 0
3.306461093274544 0.4435099733259422 0
3.266127175188007 0.4838419929846983 0
3.266136249865036 0.3225727954792548 0
3.306464677426046 0.3628802358944387 0
3.225803284965511 0.3628999538167926 0
3.387126069886581 0.3628605179720847 0
3.346794058174069 0.4031828149884044 0
3.346796689138558 0.3225579388781191 0
3.346791427209578 0.4838076910986895 0
3.387124392109103 0.4434805327611517 0
3.709698305329117 1.39545578155821 0
3.669399832262449 1.435687588237265 0
3.629124766867745 1.395439173256824 0
3.62909727306638 1.475942697959623 0
3.709678983786551 1.475912700174401 0
3.588822207671677 1.435694282979183 0
1.613062938400154 1.314711879611898 0
1.65339806930592 1.274396514794476 0
1.693688541840517 1.314674178239768 0
1.65344272767709 1.193803486531762 0
1.693720436924806 1.23407543529406 0
1.613120360058204 1.234124566032178 0
1.774320513791407 1.234026304555943 0
1.734010909459402 1.274353098739352 0
1.73403004125681 1.193748641110651 0
1.774314145280879 1.314636476867637 0
1.129119963597294 1.557346404780193 0
1.0889067250541 1.597576996005213 0
1.048730149232507 1.557405901000725 0
1.088943387775701 1.517175309775705 0
1.0888700623325 1.67797868223472 0
1.048700678632212 1.637791409034792 0
1.129076108754388 1.637764269205141 0
1.008524102810619 1.597620314030304 0
1.008501824331629 1.677989643868931 0
1.008546381289608 1.517250984191678 0
1.733814826146876 0.8062420597854595 0
1.693338548149824 0.7658669447274383 0
1.733642455540062 0.7256379255144648 0
1.774118733537114 0.766013040572486 0
1.612558362762534 0.7657208488823906 0
1.652920418296239 0.7255080893437631 0
1.652976492616119 0.8060797042660658 0
1.693224325686477 0.6852790701307896 0
1.612560436586121 0.685165493634434 0
1.773888214786832 0.6853926466271452 0
3.830588944304147 0.2418981033517767 0
3.790299655767449 0.20159625717185 0
3.830645161288548 0.1612903225808897 0
3.790253806015696 0.2822081263537705 0
3.709639746423194 0.2822203915868709 0
3.749964517478998 0.2419062801738437 0
3.749999999998104 0.1612903225808897 0
3.709664861709652 0.2016003455828834 0
3.387071142854971 0.6047345078226491 0
3.427398480358897 0.5644083967395819 0
3.467690737606822 0.6047091331748581 0
3.427433560614898 0.4837815492212382 0
3.467725957875228 0.5240847499161468 0
3.387106083098566 0.5241051960446732 0
3.508018215123154 0.564385486351423 0
3.508053575403965 0.4837635673523443 0
1.774193548387099 1.717741935483879 0
1.733870967741931 1.758064516129043 0
1.693548387096762 1.717741935483891 0
1.73387096774193 1.677419354838728 0
1.733870967741932 1.838709677419357 0
1.693548387096769 1.798387096774203 0
1.774193548387094 1.798387096774197 0
1.6532258064516 1.758064516129052 0
1.653225806451614 1.838709677419361 0
1.653225806451586 1.677419354838743 0
1.491753548654793 0.5642638367712127 0
1.532018604679175 0.604556811966249 0
1.49170892754752 0.6448029651005438 0
1.491798169762065 0.4837247084418819 0
1.532069594975557 0.524007938424385 0
1.57233465099994 0.5643009136194213 0
1.572392010485429 0.4837422948650243 0
1.57227729151445 0.6448595323738183 0
1.653253796157731 1.596802183254555 0
1.693560142889851 1.637108529986667 0
1.693583654476037 1.556486880282531 0
1.774215381406506 1.556473445922672 0
1.733890001208157 1.596793227014644 0
1.774200826060236 1.637104051866704 0
3.951660626597737 1.63734338726587 0
3.991892183488611 1.597112758998772 0
3.911370620583853 1.597103145168228 0
3.951602177474726 1.556872516901131 0
1.048358472613797 0.3626496558616531 0
1.008130220608909 0.4028693217176019 0
1.088637535181729 0.4028871629563407 0
1.048409283176841 0.4431068288122895 0
1.774326248691801 1.072810543194926 0
1.734034570910429 1.113149304336668 0
1.693747422782676 1.072888728704427 0
1.734039100564048 1.032549967562685 0
1.693740063905525 1.153480285448947 0
1.774324548261714 1.153417659998373 0
1.653452915777772 1.113219709816706 0
1.653463103878455 1.03263593310165 0
3.870967741933771 0.1209677419356673 0
3.911290322578993 0.08064516129044483 0
3.951612903224216 0.1209677419356672 0
3.951612903224216 0.0403225806452224 0
3.870967741933771 0.04032258064522243 0
3.991935483869439 0.08064516129044477 0
1.290931308703905 1.074377695662359 0
1.250704766622206 1.114760179398467 0
1.210494648156297 1.074668772379974 0
1.250688343006418 1.195234070153067 0
1.210482789688723 1.155124778526981 0
1.290910319939901 1.154869471024552 0
1.170272671222813 1.115033371508489 0
1.170265377903455 1.195471493047902 0
3.870379034134174 0.7647723157735571 0
3.910703077859813 0.7245113020383764 0
3.950831924661952 0.7646158642858782 0
3.910507880936314 0.8048768780210589 0
3.910898274783311 0.6441457260556938 0
3.950959183916574 0.6842862490959969 0
3.870642168726549 0.6843707789980733 0
3.991088030718713 0.7243908113434987 0
3.991147352304459 0.6440971569464184 0
3.991028709132967 0.8046844657405787 0
3.427419354836316 0.1612903225808824 0
3.467747266328838 0.2016012935571974 0
3.42743221932967 0.2419163405563628 0
3.387104307837149 0.2016053695800477 0
3.548390224820527 0.2015972175343471 0
3.508072975022599 0.2419081885106572 0
3.508064516126766 0.1612903225808873 0
3.508081433918433 0.3225260544404271 0
3.467757928023431 0.2822232355098226 0
3.5483964809176 0.2822110074412618 0
3.387119375129263 0.2822354635783835 0
3.427445083823024 0.3225423585318432 0
1.814198411759502 0.6450984122893513 0
1.854682017624786 0.6854291633772348 0
1.814371820652116 0.7257233977150287 0
1.935475820462741 0.6854656801273243 0
1.895108513632402 0.7257645059454548 0
1.895049324455125 0.6451303375591043 0
1.895167702809678 0.8063986743318055 0
1.854798316659731 0.7660587402832487 0
1.935477899782348 0.7661044399940116 0
1.81454522954473 0.806348383140706 0
3.225764795141909 0.7660613351972352 0
3.266088444452618 0.7257275100917847 0
3.306388988978662 0.7660224227085417 0
3.266065339667953 0.8063562478139923 0
3.266111549237282 0.6450987723695771 0
3.30641338992794 0.6853956316696898 0
3.22578660376196 0.6854306507916721 0
3.346713934453985 0.7256905442864467 0
3.346739631567876 0.6450656999309504 0
3.346688237340094 0.806315388641943 0
1.935483870967707 1.556451612903288 0
1.895164929159125 1.596777832385001 0
1.854849626187106 1.55646252941298 0
1.895168567995688 1.516136309931267 0
1.895161290322563 1.677419354838735 0
1.854842348513975 1.637100413030147 0
1.935483870967713 1.637096774193589 0
1.814527045541956 1.596785110058126 0
1.814516129032255 1.677419354838725 0
1.814537962051656 1.516150865277527 0
3.346776641342451 1.59678526496204 0
3.306461078813747 1.556471739096615 0
3.346777184144536 1.677422345434877 0
3.30645609736057 1.637104812078525 0
3.225814466594723 1.637106825838659 0
3.266140534831866 1.5967912862131 0
3.266130029123426 1.677420351704085 0
3.225830496558426 1.5564817678386 0
3.790327589546932 1.476147145700123 0
3.830565709626311 1.436028663576426 0
3.749980999580659 1.435799048436346 0
3.790219119660038 1.395680566312649 0
1.612738194953491 0.4434541677149135 0
1.653138981390729 0.4031743871275594 0
1.693465871668394 0.4435012774052673 0
1.653212877550302 0.3225677162624973 0
1.693515135774778 0.3628817763985073 0
1.612836723166252 0.3628603269915494 0
1.774193548383304 0.3629032258054651 0
1.733842026052444 0.4032086666762152 0
1.733866658105639 0.3225763355277571 0
1.774193548383297 0.4435483870956212 0
3.709677419352881 0.1209677419356673 0
3.749999999998104 0.08064516129044486 0
3.790322580643326 0.1209677419356673 0
3.790322580643326 0.04032258064522243 0
3.709677419352881 0.04032258064522243 0
3.830645161288548 0.08064516129044486 0
1.814576534029533 1.435538816230392 0
1.854869761515055 1.475835683539055 0
1.814615106007409 1.354926767183257 0
1.85490275449782 1.395219875408372 0
1.935516623456517 1.395194042811467 0
1.895195981983342 1.435516742717035 0
1.895223395970995 1.354897175502803 0
1.935494788463975 1.475817369109247 0
1.209694928283 0.5237968128549464 0
1.169466993482077 0.5639150012228252 0
1.250054209969604 0.5641254135303684 0
1.250110802853899 0.6445676622943961 0
1.209826275168681 0.6042436018982471 0
1.169673094369144 0.6443663305453988 0
1.975824693926469 1.435502112584199 0
2.016136357075359 1.475813775733063 0
1.975806451612865 1.516129032258111 0
1.975842936240072 1.354875192910287 0
2.016151006710023 1.395183262683019 0
2.09678538996353 1.395172482554571 0
2.056462669858914 1.435494925831883 0
2.05647372681464 1.354860819405707 0
2.056451612903188 1.516129032258059 0
2.096777925686743 1.475810182356879 0
2.943550083492024 1.516132804490014 0
2.983874037568827 1.55645674603455 0
2.943549747987436 1.596776592357389 0
2.903225793910633 1.556452650812852 0
3.06452228122702 1.556460841256249 0
3.024197647780387 1.596780006095911 0
3.02419867101546 1.516137581194889 0
3.024196624545313 1.677422430996934 0
2.983873358198996 1.637099852418749 0
3.064520914126703 1.637102584674095 0
2.903225802271289 1.637097120163403 0
2.943549412482849 1.677420380224764 0
3.064497052845697 0.6048213055066917 0
3.104825257409129 0.564498654750011 0
3.145146973096995 0.6048112864651425 0
3.104818768533564 0.6451339372218232 0
3.104831746284694 0.4838633722781988 0
3.145150889198245 0.5241784040404032 0
3.064506114495579 0.5241836229878066 0
3.225795663900912 0.5241731850929996 0
3.185472604886112 0.5644910357555346 0
3.185473948213046 0.483860553377868 0
3.185471261559178 0.6451215181332013 0
3.225796893348294 0.6048012674235934 0
3.185509624849503 1.51616192151576 0
3.145163584022903 1.475840923781786 0
3.18546665108351 1.435536685402507 0
3.064514476135695 1.475824164427091 0
3.104826208690645 1.43551780133874 0
3.104851851467953 1.516147286870138 0
3.104800565913337 1.354888315807342 0
3.145129275751252 1.39521356295946 0
3.064497498852729 1.395192554186621 0
3.185423677317518 1.354911449289253 0
3.548387096771991 0.1209677419356673 0
3.588709677417214 0.08064516129044486 0
3.629032258062436 0.1209677419356673 0
3.588709677417214 0.1612903225808897 0
3.629032258062436 0.04032258064522243 0
3.548387096771991 0.04032258064522243 0
3.669354838707658 0.08064516129044486 0
3.669354838707658 0.1612903225808897 0
1.250113978585825 1.436530235283284 0
1.20990450409012 1.396406933151415 0
1.250459157846088 1.356079774020019 0
1.249768799325561 1.516980696546549 0
1.209674721290011 1.47682428119732 0
1.129141385958647 1.476961911762126 0
1.169465246794306 1.43670097906545 0
1.169350860454352 1.517085213893995 0
1.16957963313426 1.356316744236905 0
1.129140375838446 1.396610790150941 0
2.096774193548348 1.556451612903195 0
2.056451612903188 1.596774193548379 0
2.016129032258028 1.556451612903242 0
2.056451612903189 1.677419354838698 0
2.01612903225803 1.637096774193556 0
2.096774193548347 1.637096774193522 0
1.975806451612869 1.596774193548419 0
1.975806451612874 1.677419354838726 0
1.935542010052817 1.072700970769606 0
1.895238365313113 1.113038335841643 0
1.854934129372309 1.072755756982266 0
1.895238956514212 1.193658279773058 0
1.854933956696346 1.153371425204358 0
1.935543365130978 1.153325190410343 0
1.814629720755542 1.113088846344981 0
1.814628784202517 1.19370023885775 0
2.096789609371889 1.233897570219923 0
2.056476033164282 1.274227153259977 0
2.016164763306315 1.2339230701543 0
2.056478339513923 1.193593487114246 0
2.016160475453676 1.314553027490098 0
2.096789284525245 1.314534945175586 0
1.935531666382106 1.31457110980461 0
1.97584920559571 1.274248944384422 0
1.975855474951347 1.193622695858557 0
1.935539917240741 1.233948570088678 0
1.572725319645111 1.435657250333042 0
1.532465609507552 1.395428081238663 0
1.572758000905443 1.355073475184508 0
1.532433280043141 1.476001415781477 0
1.492173569905583 1.435772246687098 0
1.492205547574071 1.355209352750006 0
1.57280057126172 1.274494380779613 0
1.532523352821511 1.234285101122153 0
1.532495633767009 1.314855976352222 0
1.4922184153268 1.274646696694762 0
1.895231176242604 1.27427772763793 0
1.854930215516074 1.23398743732231 0
1.854922905831493 1.314603793336123 0
1.814621945104963 1.274313503020503 0
3.30646275535151 0.2822466060292365 0
3.346785441342215 0.2419241307295008 0
3.225806135573758 0.2822577484800894 0
3.266132641060233 0.241931559030071 0
3.266129032255431 0.1612903225808873 0
3.306455327050938 0.2016090837303354 0
3.225806346264727 0.2016127978806229 0
3.346774193545871 0.1612903225808823 0
3.024167028739607 1.193623723655751 0
2.983847569530538 1.153294051738671 0
3.024161348020271 1.112992235031201 0
3.064480807229339 1.153321906948281 0
2.903214331831737 1.15326619652906 0
2.94352949981291 1.112961960421519 0
2.943532401549365 1.193598287846212 0
2.943526598076456 1.032325632996825 0
2.983843278302643 1.072660143714049 0
2.903212819586723 1.072627449704295 0
3.064473737018563 1.072692837723802 0
3.024155667300935 1.03236074640665 0
3.387096774191094 0.1209677419356599 0
3.42741935483632 0.08064516129044118 0
3.467741935481542 0.1209677419356636 0
3.467741935481545 0.04032258064522121 0
3.387096774191098 0.04032258064521997 0
3.508064516126767 0.08064516129044363 0
3.185453955156921 0.7257534822741427 0
3.145138612954139 0.685444349615672 0
3.185436648754663 0.8063854464150841 0
3.145125808769675 0.7660775934919916 0
3.064486822397441 0.7660938517867479 0
3.104810466566893 0.7257684608335209 0
3.104802164600222 0.8064029844452186 0
3.064490622146318 0.6854580484396722 0
4.335053000334057 0.9345997517193492 0
4.297204897948681 0.8880397232418693 0
4.336990949086586 0.8620642373878483 0
4.374839051471962 0.9086242658653282 0
4.261089186351151 0.8479561435174046 0
4.255686456022929 0.9075387603428748 0
4.266491916679373 0.7883735266919343 0
4.300875237489056 0.8219806576633837 0
4.375044609436646 0.8296123027808121 0
4.338928897839116 0.7895287230563475 0
3.669337566267084 0.241908804560609 0
3.62902754326509 0.2015987815586152 0
3.629018113670397 0.2822156995140663 0
3.588708090668404 0.2419056765120726 0
3.185497260601646 1.596791150870266 0
3.145176388892723 1.556471304547425 0
3.185484896353789 1.677420380224771 0
3.145167690360712 1.637104705256377 0
3.104846818651789 1.596784858933537 0
3.104841785835626 1.677422430996936 0
1.290189784645518 0.2822320711252123 0
1.330578763289178 0.2419224871752247 0
1.370901343934231 0.2822450678202731 0
1.330645161287785 0.1612903225801888 0
1.370945609266627 0.2016085709935471 0
1.290278315310337 0.2016042387618664 0
1.451612903222916 0.2016129032252277 0
1.41126818991168 0.2419311516385955 0
1.411290322577863 0.1612903225801793 0
1.451612903222945 0.2822580645153339 0
2.137102373098295 1.435489467780921 0
2.177421221605064 1.475808317682075 0
2.137096774193513 1.516129032258033 0
2.137107972003077 1.354849903303809 0
2.177424955137842 1.395166888530158 0
2.258064520312154 1.395161294505745 0
2.217743803644612 1.435485738431313 0
2.217745671805385 1.354842444604591 0
2.217741935483838 1.516129032258035 0
2.258064517523386 1.475806453007272 0
2.096791014375428 1.153265530341505 0
2.137110379542479 1.112941301488839 0
2.177427804478093 1.153247203824628 0
2.137108439311041 1.193571432677294 0
2.137112319773918 1.032311170300383 0
2.177429199780535 1.072613646248888 0
2.096793499535862 1.072638825540334 0
2.258064900025208 1.072588466957442 0
2.217746624716148 1.112919548584677 0
2.217747475089595 1.032282564621653 0
2.217745774342702 1.193556532547702 0
2.258064594580757 1.153228877307751 0
2.056457806589345 0.8064322130845947 0
2.016127543152519 0.7661094298126393 0
2.056446923085862 0.7257916363593118 0
2.096777186522689 0.7661144196312671 0
1.97580021444365 0.7257872521602158 0
1.975805228491216 0.806426617646435 0
1.975795200396084 0.6451478866739968 0
2.016119594376994 0.6854694587068884 0
2.096763368291247 0.6854732372864524 0
2.056436039582379 0.6451510596340289 0
2.862902721587069 1.354859592242074 0
2.822579277985718 1.314531853476828 0
2.862898840003212 1.274218219780865 0
2.903222283604563 1.31454595854611 0
2.741936272366874 1.314517748407547 0
2.782256749900723 1.274203001320152 0
2.78225880045187 1.354846600564223 0
2.782254699349576 1.193559402076081 0
2.822576311918216 1.233889367624188 0
2.741935137332082 1.233873035772045 0
2.90321748650435 1.233905699476332 0
2.862894958419354 1.193576847319656 0
2.096769759951829 0.5241913873346031 0
2.056443088744805 0.5645102761918526 0
2.016123466700209 0.5241883816069257 0
2.056450137907232 0.4838694927496762 0
2.016118235559557 0.6048291093049838 0
2.096760892767627 0.6048322265208976 0
1.935475578351487 0.60482599208907 0
1.975798613514961 0.5645072147200569 0
1.975802026633837 0.4838665427661171 0
1.935477173448589 0.5241853758792483 0
3.185478751570793 0.4032204412515863 0
3.145159021533823 0.3629008165600981 0
3.185483554928541 0.3225803291253045 0
3.145154905343855 0.4435415807387216 0
3.064512016247725 0.4435437475867106 0
3.104835175306885 0.4032219560472334 0
3.104838604329074 0.3225805398162682 0
3.064514758102136 0.3629016793034036 0
3.064516129029334 0.2822580645165325 0
3.104838657001805 0.2419354311985752 0
3.145161132301546 0.282257906498311 0
3.104838709674536 0.1612903225808823 0
3.145161237647023 0.2016128505533602 0
3.064516129029319 0.2016129032260974 0
3.185483712946763 0.2419353258530959 0
3.185483870964986 0.1612903225808873 0
3.02418164597009 0.5645045887574988 0
2.983865142653377 0.5241870833101623 0
3.024189611178866 0.4838661175404702 0
3.024173680761314 0.6451430599745273 0
2.983858273885707 0.6048263432253344 0
2.903219494925716 0.6048313809439769 0
2.943541770568994 0.5645088377779979 0
2.943535998242429 0.6451488863913134 0
2.943547542895558 0.4838687891646824 0
2.903224170811175 0.524190543632518 0
2.137083272879413 0.6451544863878009 0
2.177413884433281 0.6854776972719314 0
2.137093979845115 0.7257964481705829 0
2.258064400575314 0.6854821572574104 0
2.217741384721409 0.7258016875940292 0
2.217736900287186 0.6451581669353126 0
2.217745869155632 0.8064452082527458 0
2.177421480133243 0.7661204384926807 0
2.258065773743797 0.7661264573540942 0
2.137104686810817 0.806438409953365 0
3.225806451610211 0.1209677419356673 0
3.266129032255432 0.08064516129044363 0
3.306451612900652 0.1209677419356636 0
3.306451612900655 0.0403225806452212 0
3.225806451610211 0.04032258064522243 0
3.346774193545875 0.08064516129044116 0
2.903214276117384 0.7661124125081509 0
2.943533607872409 0.7257881436823046 0
2.983850549257412 0.7661031321474494 0
2.943531217502389 0.8064274009732957 0
2.983853409420385 0.6854650261710967 0
2.903216196694452 0.6854720039025213 0
3.024170350805389 0.7257800146362416 0
3.024167020849464 0.8064169692979559 0
2.258064461820533 1.233871490675925 0
2.217745723074043 1.274199488576147 0
2.177427035596211 1.233884530447924 0
2.177426893134891 1.314525626118774 0
2.258064501744537 1.314516307061963 0
2.137108205657059 1.274210667990552 0
2.903226298062401 0.4435477199079294 0
2.943547912321904 0.403224664490567 0
2.983869157155063 0.44354573374732 0
2.94354828174825 0.3225805398164516 0
2.983870317390763 0.3629022945368074 0
2.903225876679391 0.3629029097702112 0
3.024191562223922 0.4032233637935604 0
3.024193513268978 0.3225806100466506 0
2.86290355505503 1.516130411957251 0
2.822581180539682 1.475811079933481 0
2.862903138321049 1.435495002099662 0
2.903225512836396 1.475814334123432 0
2.741936848242969 1.47580782574353 0
2.782258943078173 1.435488502080411 0
2.782259085704478 1.5161304035966 0
2.82258090085954 1.395172424246593 0
2.741936842670503 1.395162678398042 0
2.903224959048579 1.395182170095144 0
2.983851497904104 1.233926108956659 0
2.943536582859089 1.274233520586779 0
3.064485509303857 1.233946518436987 0
3.024169978468354 1.274248903737895 0
3.024172928197101 1.354874083820039 0
2.98385506342334 1.314556315368015 0
3.064487843242116 1.31456667218992 0
2.943540764168814 1.354868753327346 0
3.104782452880266 1.032396855572184 0
3.145097151907433 1.072727033269777 0
3.10478843604573 1.113023015421395 0
3.225720566796303 1.072761228815752 0
3.185410763889288 1.113054301592102 0
3.185406954814448 1.032433960493428 0
3.185414572964127 1.193674642690776 0
3.145102048027585 1.15335028374372 0
3.22572328882583 1.153378660539158 0
3.104794419211194 1.193649175270606 0
2.459671423352411 1.032267002753302 0
2.499997709915889 1.072586863131144 0
2.459674210307168 1.112908317893191 0
2.41934792374369 1.072588457515349 0
2.580647496088087 1.072585268746938 0
2.540322682842846 1.112907322854116 0
2.540322523161131 1.032264809023966 0
2.54032284252456 1.193549836684266 0
2.499999183234125 1.153228777616164 0
2.580646342133281 1.153228381922219 0
2.419352024334969 1.153229173310109 0
2.459676997261926 1.193549633033081 0
1.491933329051664 0.2419333290539682 0
1.532251600064097 0.2822516000663914 0
1.491931174235377 0.3225763355277571 0
1.49193548386795 0.1612903225801793 0
1.532255909696698 0.2016107484089198 0
1.61289891617048 0.201608593592612 0
1.572574180709131 0.241929019421343 0
1.572580645158047 0.1612903225801888 0
1.572567716260215 0.3225677162624973 0
1.612890296905249 0.2822451356174489 0
1.814356532898129 0.56448395251923 0
1.854676841003039 0.6048027856325504 0
1.814514654036755 0.4838694927491088 0
1.854782786794491 0.5241796070491958 0
1.895103094899402 0.5644984401625162 0
1.895156865343678 0.483866542765928 0
1.249915801564567 0.2419046867407029 0
1.209637486251928 0.2015907705590252 0
1.249999999997698 0.1612903225801887 0
1.209557620050484 0.2821916665167078 0
1.169279304737846 0.2418777503350301 0
1.169354838707601 0.1612903225801793 0
2.741931797002982 0.7661233309386057 0
2.782252832257369 0.7257992635147806 0
2.822573036560183 0.7661178717233783 0
2.78225366320894 0.6451565878823577 0
2.822574230720254 0.6854759517665533 0
2.741932264746055 0.6854798996305851 0
2.862894435023068 0.725794559975151 0
2.862895992391638 0.6451533956939236 0
2.862899872273542 0.564511847935112 0
2.822579453617812 0.5241916044788943 0
2.862903752155446 0.4838703001763004 0
2.822576369739464 0.6048338626850587 0
2.741933244553211 0.6048363444261402 0
2.782255951083734 0.5645136192288409 0
2.782258238958527 0.4838706505753242 0
2.741934736424449 0.5241926653252708 0
2.782253740428093 1.032273627968568 0
2.822573593301217 1.072605864231729 0
2.782254219888834 1.112916515022325 0
2.741934367015711 1.072584278759163 0
2.862893790435765 1.11293672041856 0
2.862892622452176 1.032296593517465 0
2.822574417023382 1.153247371209155 0
2.741934502215028 1.153228545889251 0
1.572479863372822 0.4031550055637608 0
1.532210856466784 0.3628623948347087 0
1.532133678904759 0.4434431327138716 0
1.491864671998721 0.4031505219848195 0
2.459677580495018 0.6451610313530411 0
2.499999771660245 0.6854830227793572 0
2.459676704044977 0.7258046399623181 0
2.41935451287975 0.6854826485360022 0
2.58064503044074 0.6854833970227123 0
2.540322181658745 0.7258054180015805 0
2.540322620442241 0.6451610018004892 0
2.540321742875248 0.8064498342026719 0
2.499999114043476 0.7661270351845414 0
2.580644810490516 0.766128217019711 0
2.419353417596436 0.7661258533493718 0
2.459675827594935 0.806448248571595 0
3.387099764789702 1.71774492608004 0
3.346775688846456 1.758066011427112 0
3.30645310820129 1.717743430781948 0
3.346774193548377 1.838709677419347 0
3.306452111335909 1.798387595206882 0
3.387097771058925 1.798388093639576 0
3.225806451612892 1.798387096774188 0
3.266129530690742 1.758065014561718 0
3.266129032258059 1.838709677419352 0
3.225806451612878 1.717741935483855 0
3.54838709677417 1.717741935483856 0
3.508065014561711 1.758065014561719 0
3.467743430781936 1.717743430781948 0
3.508064516129028 1.838709677419352 0
3.467742433916555 1.798387595206882 0
3.548387096774184 1.798387096774188 0
3.427420850136779 1.758066011427112 0
3.4274193548387 1.838709677419347 0
3.709798650289995 1.717744958647538 0
3.669415454177249 1.758066027710861 0
3.629092873532082 1.717743447065697 0
3.669354838709669 1.838709677419347 0
3.629052463220368 1.798387600634799 0
3.70971782966655 1.79838810449541 0
3.588729882575201 1.758065019989635 0
3.588709677419351 1.838709677419352 0
3.346765529388727 0.56443669551482 0
3.306450873499739 0.5241391905688364 0
3.306434018101633 0.6047678876231213 0
3.266119362212645 0.5644703826771377 0
2.379031666437589 1.193549419026343 0
2.338708309457863 1.15322902530893 0
2.379028667355243 1.112908779592696 0
2.298386053987069 1.11290870795263 0
2.298386850051551 1.193549194664052 0
2.298385257922588 1.032268221241208 0
2.338706411884449 1.072588462236396 0
2.379025668272896 1.032268140159049 0
2.822580890399654 0.4435480002647457 0
2.862903436306609 0.4032254199963747 0
2.741935482736908 0.4435482806215619 0
2.782258134178034 0.4032256303109835 0
2.78225802939754 0.3225806100466428 0
2.822580680084989 0.3629030500426125 0
2.741935483490586 0.3629031903150138 0
2.862903120457772 0.3225805398164491 0
1.814515391532569 0.403225068954761 0
1.854836497186027 0.4435461746082486 0
1.814516129028382 0.3225806451604132 0
1.854837972177647 0.3629024883097092 0
1.93548239597199 0.3629017508139533 0
1.895159077831105 0.4032235939631968 0
1.895161290318532 0.3225806451604656 0
1.935479445988756 0.4435439621208761 0
2.298386550623656 0.6451602669391308 0
2.338709456727532 0.6854824028967063 0
2.29838730667919 0.725804293214986 0
2.379031745718458 0.7258042650334533 0
2.379032223888824 0.645160786399255 0
2.379031267548093 0.8064477436676515 0
2.338709595670116 0.766126155351733 0
2.298388062734724 0.8064483194908413 0
2.701611798136976 0.5645148554450741 0
2.661289998919321 0.524193016271467 0
2.701612937206795 0.4838708261516637 0
2.701610659067157 0.6451588847384844 0
2.661289212650922 0.6048373957574182 0
2.580645180748633 0.6048384470886965 0
2.620967413433267 0.5645155565838111 0
2.620966979966287 0.6451602862623036 0
2.620967846900246 0.4838708269053189 0
2.580645261414192 0.5241933672176631 0
2.338709417419481 0.6048380766264942 0
2.379032234090159 0.564515816382945 0
2.419355040559501 0.6048385261557059 0
2.25806379427946 0.6048376270972826 0
2.298386661075285 0.5645154367846462 0
2.298386771526913 0.4838706066301618 0
2.338709477745963 0.524193176541097 0
2.258063954856235 0.524192866873711 0
2.419355000635691 0.5241934862084831 0
2.379032244291495 0.483870846366635 0
3.185484383660762 1.758065028822061 0
3.145162828401673 1.717743473562978 0
3.185483870967736 1.838709677419352 0
3.145161803015606 1.798387609467225 0
3.064517154418319 1.798388122160263 0
3.104840247756517 1.758066054208141 0
3.104838709677407 1.838709677419347 0
3.064519205190469 1.7177450116421 0
2.620966698067851 0.7258047590870575 0
2.661288303746749 0.7661257739791584 0
2.661288647593397 0.6854816483266488 0
2.701610253272296 0.7258026632187495 0
2.580645610002829 1.233872139674561 0
2.540322659195285 1.274194332546829 0
2.499999891717017 1.233872029556534 0
2.54032247586601 1.354838828409391 0
2.499999835364563 1.314516618952254 0
2.580645299696732 1.314516542003966 0
2.419354371032395 1.314516695900541 0
2.459677067886295 1.274194315961959 0
2.459677138510663 1.354838998890836 0
2.419354173431204 1.233871919438506 0
3.750080316762822 1.758085729006111 0
3.790362487096263 1.798407301930049 0
3.749999999999991 1.838709677419348 0
3.79044229999848 1.717802550951447 0
3.830724470331921 1.758124123875385 0
3.830645161290319 1.838709677419353 0
2.701612555739198 1.1129065155768 0
2.661290931551899 1.07258477375305 0
2.701612742828412 1.032262536935414 0
2.701612368649984 1.193550494218185 0
2.661290422174154 1.153228463905734 0
2.620968797986855 1.112906722081985 0
2.620967966320579 1.193550123745968 0
2.620969629653131 1.032263320418003 0
2.862903390430739 1.596774883397966 0
2.822581151575135 1.556452644542365 0
2.862903225806448 1.677419354838682 0
2.822580813965898 1.637097118073244 0
2.741935825660507 1.637097115983085 0
2.782258575110295 1.596774879217643 0
2.782258064516111 1.677419354838686 0
2.741936509239637 1.556452638271878 0
2.540323618572367 1.516129044816573 0
2.500000470760666 1.475806508885318 0
2.540323047219188 1.435483936612982 0
2.580646195030891 1.475806472544237 0
2.419354746490441 1.475806545226398 0
2.45967745192059 1.435484017667517 0
2.459677765330516 1.516129036444199 0
2.500000028379113 1.395161445395182 0
2.419354562052141 1.395161571163172 0
2.580645494706086 1.395161319627191 0
3.024195086466198 1.75806605420814 0
2.983872505821042 1.717743473562974 0
3.024193548387085 1.838709677419347 0
2.983871480434964 1.798387609467224 0
2.90322580645161 1.798387096774185 0
2.943548899789808 1.758065028822058 0
2.943548387096767 1.838709677419352 0
2.903225806451615 1.717741935483848 0
2.862903225806446 1.838709677419354 0
2.822580645161284 1.798387096774186 0
2.862903225806448 1.758064516129018 0
2.741935483870957 1.798387096774188 0
2.782258064516117 1.75806451612902 0
2.782258064516123 1.838709677419354 0
2.822580645161281 1.717741935483851 0
2.741935483870947 1.717741935483855 0
2.137089963411758 0.5645126669421869 0
2.177412343523543 0.6048349268090902 0
2.137096653944103 0.4838708474965732 0
2.177416857404032 0.5241921271041571 0
2.217739237515818 0.5645143869710603 0
2.217741574744449 0.4838706070068078 0
2.338709550285684 0.4435482061641635 0
2.379032251175971 0.4032257457641033 0
2.419354945181782 0.4435483859665749 0
2.258064155389587 0.443548026361752 0
2.298386934148358 0.4032256258957536 0
2.298387096769803 0.3225806451613453 0
2.338709635038645 0.3629031654956935 0
2.258064395879516 0.3629031055614055 0
2.419354874197774 0.3629032254299814 0
2.379032258060448 0.3225806451615716 0
2.701613916049123 1.35483976433614 0
2.661290786031803 1.314517145205756 0
2.701613142349554 1.274195129277163 0
2.620968017349705 1.274194603651897 0
2.62096806837883 1.354839083557826 0
2.661290373667455 1.233872587723303 0
2.338709317625869 1.233871705057215 0
2.298386929394851 1.274194001069089 0
2.379031824619483 1.274194205469379 0
2.379031982801378 1.354838991912415 0
2.338709436388466 1.314516501481252 0
2.298387008738151 1.354838807474126 0
1.975804239121262 0.4032235939633561 0
2.016126819766343 0.4435461746085971 0
1.975806451608688 0.322580645160595 0
2.01612829475796 0.3629024883099978 0
2.096774193543931 0.3629032258060424 0
2.056450875403041 0.4032250689552388 0
2.05645161289885 0.3225806451608014 0
2.09677419354393 0.4435483870963179 0
2.661291168688294 1.395161999012617 0
2.62096859501555 1.435484235081982 0
2.701614095309674 1.435484913074518 0
2.701614274570225 1.516130061812896 0
2.66129152163693 1.475807149143884 0
2.62096912165227 1.516129386606139 0
2.903225701103023 0.2822579591712366 0
2.943548334420951 0.2419354311986695 0
2.983870915066178 0.2822580118438845 0
2.943548387093652 0.1612903225808874 0
2.983870950181307 0.2016128856685515 0
2.903225771333295 0.2016128681110055 0
3.024193530826534 0.2419354663137665 0
3.024193548384091 0.1612903225808824 0
2.338709541182148 1.395161432834459 0
2.29838705275615 1.435483919866078 0
2.37903212043291 1.435484012085216 0
2.379032258064444 1.516129032258017 0
2.338709632006913 1.475806499116835 0
2.298387096774149 1.516129032258029 0
2.137096714066586 0.4032257463287798 0
2.177419174466758 0.4435482067290349 0
2.137096774189069 0.3225806451609865 0
2.177419294711723 0.3629031656837239 0
2.217741755111896 0.4032256260839791 0
2.217741935479343 0.3225806451611504 0
2.741935483867451 0.2822580645165248 0
2.782258046955148 0.2419354663137626 0
2.822580592485237 0.2822580118438807 0
2.782258064512756 0.1612903225808824 0
2.8225806276004 0.2016128856685502 0
2.741935483867504 0.2016129032260948 0
2.862903173130489 0.2419354311986682 0
2.862903225803206 0.1612903225808874 0
2.45967757071855 0.5645159814248657 0
2.500000110654067 0.6048384866222012 0
2.459677560942082 0.4838709314966904 0
2.500000131024942 0.524193426713073 0
2.540322670960458 0.5645159319104085 0
2.540322721478676 0.4838708620203278 0
2.459677419350969 0.3225806451616872 0
2.50000003529972 0.3629032080608945 0
2.459677490146526 0.4032257883291888 0
2.580645196401667 0.3629031906918074 0
2.540322651060021 0.4032257535910099 0
2.540322580641366 0.322580645161692 0
2.500000105906826 0.4435483338593042 0
2.58064526663187 0.4435482817520335 0
2.661290374684389 0.4435482811867977 0
2.701612920214502 0.403225735656696 0
2.620967794416013 0.4032257360335123 0
2.620967741931779 0.3225806451617058 0
2.661290339946126 0.3629031905034106 0
2.70161290322221 0.3225806451617284 0
2.70161290322226 0.2419354838713054 0
2.661290322577067 0.201612903226093 0
2.70161290322231 0.1612903225808824 0
2.661290322577019 0.282258064516509 0
2.580645161286586 0.2822580645164934 0
2.620967741931825 0.2419354838712967 0
2.62096774193187 0.1612903225808876 0
2.580645161286629 0.2016129032260912 0
2.338709677419307 1.55645161290319 0
2.298387096774161 1.59677419354836 0
2.258064516129003 1.556451612903199 0
2.419354838709611 1.556451612903181 0
2.379032258064475 1.596774193548353 0
2.379032258064507 1.677419354838689 0
2.338709677419329 1.637096774193523 0
2.419354838709653 1.637096774193519 0
2.258064516129005 1.637096774193527 0
2.298387096774174 1.67741935483869 0
2.580646199217536 1.556451625461738 0
2.540323099608743 1.596774199827624 0
2.500000518963574 1.556451619182459 0
2.540322580645119 1.677419354838674 0
2.500000172987838 1.637096776286606 0
2.580645507266023 1.637096778379693 0
2.459677592342669 1.596774195641441 0
2.459677419354822 1.677419354838684 0
2.620968431793853 1.596774370722407 0
2.661290666463266 1.637096947181389 0
2.620967741935436 1.677419354838675 0
2.661291354228587 1.556452131866808 0
2.701613588897999 1.59677470832579 0
2.701612903225774 1.677419354838684 0
2.298387096769795 0.1612903225807349 0
2.338709677415119 0.2016129032259548 0
2.298387096769799 0.2419354838710402 0
2.258064516124475 0.2016129032258203 0
2.419354838705763 0.2016129032260891 0
2.379032258060443 0.2419354838712052 0
2.379032258060438 0.1612903225808387 0
2.338709677415123 0.2822580645162905 0
2.419354838705768 0.2822580645164862 0
2.258064516124478 0.2822580645160949 0
2.258064516124771 0.04032258064517076 0
2.217741935479475 0.08064516129030155 0
2.177419354834351 0.0403225806451308 0
2.217741935479302 0.1612903225806031 0
2.177419354834204 0.1209677419353924 0
2.258064516124572 0.1209677419355123 0
2.096774193543837 0.1209677419352725 0
2.137096774189081 0.08064516129022165 0
2.137096774188961 0.1612903225804433 0
2.096774193543931 0.04032258064509084 0
2.016129032253613 0.04032258064506962 0
1.975806451608548 0.08064516129011801 0
1.935483870963431 0.04032258064504839 0
2.056451612898772 0.08064516129016046 0
2.056451612898703 0.1612903225803209 0
2.016129032253638 0.1209677419352089 0
1.93548387096344 0.1209677419351452 0
1.975806451608531 0.161290322580236 0
2.298387096769943 0.08064516129036747 0
2.338709677415166 0.1209677419355901 0
2.338709677415265 0.04032258064519671 0
2.41935483870576 0.04032258064522265 0
2.379032258060488 0.08064516129041935 0
2.41935483870576 0.1209677419356679 0
2.540322580641397 0.2419354838712912 0
2.499999999996196 0.2016129032260902 0
2.540322580641428 0.1612903225808903 0
2.499999999996177 0.2822580645164898 0
2.459677419350976 0.2419354838712888 0
2.459677419350982 0.1612903225808905 0
2.096774193548352 1.71774193548385 0
2.056451612903201 1.758064516129023 0
2.016129032258037 1.717741935483872 0
2.056451612903213 1.838709677419348 0
2.016129032258048 1.798387096774191 0
2.096774193548365 1.79838709677418 0
1.935483870967731 1.798387096774201 0
1.975806451612885 1.75806451612904 0
1.975806451612895 1.838709677419353 0
1.935483870967722 1.717741935483894 0
3.145161290319763 0.1209677419356636 0
3.185483870964988 0.08064516129044363 0
3.064516129029314 0.1209677419356599 0
3.10483870967454 0.08064516129044116 0
3.145161290319765 0.0403225806452212 0
3.064516129029319 0.04032258064521997 0
1.85483870967741 1.717741935483886 0
1.814516129032254 1.75806451612904 0
1.895161290322569 1.758064516129045 0
1.895161290322575 1.838709677419355 0
1.854838709677413 1.798387096774199 0
1.814516129032253 1.838709677419355 0
1.612903225806453 1.879032258064522 0
1.572580645161289 1.919354838709681 0
1.532258064516128 1.87903225806452 0
1.532258064516125 1.95967741935484 0
1.612903225806449 1.959677419354841 0
1.491935483870964 1.919354838709679 0
2.540322580645147 1.838709677419347 0
2.499999999999984 1.798387096774182 0
2.540322580645133 1.758064516129011 0
2.580645161290296 1.798387096774176 0
2.419354838709672 1.798387096774188 0
2.459677419354826 1.758064516129018 0
2.45967741935483 1.838709677419352 0
2.499999999999975 1.717741935483847 0
2.419354838709673 1.717741935483855 0
2.580645161290277 1.717741935483839 0
1.774193548387092 1.879032258064516 0
1.733870967741931 1.919354838709679 0
1.693548387096772 1.87903225806452 0
1.69354838709677 1.95967741935484 0
1.774193548387091 1.959677419354839 0
1.653225806451611 1.919354838709681 0
2.459677419350983 0.08064516129044524 0
2.499999999996206 0.1209677419356678 0
2.499999999996206 0.04032258064522259 0
2.580645161286651 0.04032258064522254 0
2.540322580641428 0.08064516129044513 0
2.580645161286651 0.1209677419356676 0
2.016129032258055 1.879032258064513 0
1.975806451612896 1.919354838709677 0
1.935483870967736 1.879032258064516 0
2.096774193548374 1.879032258064509 0
2.056451612903216 1.919354838709674 0
2.016129032258057 1.959677419354838 0
2.096774193548379 1.959677419354836 0
1.935483870967736 1.959677419354839 0
2.741935483867533 0.1209677419356599 0
2.78225806451276 0.08064516129044119 0
2.822580645157982 0.1209677419356637 0
2.822580645157985 0.04032258064522122 0
2.741935483867539 0.04032258064521996 0
2.903225806448432 0.04032258064522248 0
2.862903225803208 0.0806451612904437 0
2.903225806448432 0.1209677419356674 0
2.943548387093653 0.08064516129044372 0
2.983870967738873 0.1209677419356637 0
2.983870967738875 0.04032258064522123 0
3.024193548384095 0.08064516129044119 0
2.620967741931873 0.08064516129044379 0
2.661290322577092 0.1209677419356637 0
2.661290322577095 0.04032258064522125 0
2.701612903222315 0.08064516129044122 0
2.177419354838675 1.556451612903197 0
2.137096774193512 1.59677419354836 0
2.21774193548384 1.596774193548362 0
2.217741935483842 1.677419354838689 0
2.177419354838676 1.637096774193524 0
2.137096774193511 1.677419354838686 0
2.177419354838682 1.717741935483853 0
2.137096774193523 1.758064516129017 0
2.258064516129012 1.717741935483857 0
2.217741935483851 1.758064516129021 0
2.217741935483862 1.838709677419353 0
2.177419354838693 1.798387096774185 0
2.258064516129021 1.798387096774189 0
2.137096774193535 1.838709677419348 0
1.854838709677414 1.879032258064516 0
1.814516129032253 1.919354838709678 0
1.895161290322575 1.919354838709678 0
1.854838709677414 1.959677419354839 0
2.37903225806451 1.838709677419355 0
2.338709677419347 1.798387096774189 0
2.379032258064508 1.758064516129022 0
2.29838709677418 1.758064516129023 0
2.298387096774187 1.838709677419355 0
2.338709677419342 1.717741935483856 0
3.629032258064513 1.959677419354837 0
3.669354838709672 1.919354838709674 0
3.709677419354835 1.959677419354836 0
3.548387096774191 1.959677419354839 0
3.588709677419351 1.919354838709676 0
3.629032258064511 1.879032258064512 0
3.548387096774191 1.879032258064516 0
3.70967741935483 1.879032258064509 0
2.580645161290309 1.879032258064508 0
2.540322580645151 1.919354838709673 0
2.49999999999999 1.879032258064512 0
2.499999999999992 1.959677419354837 0
2.580645161290314 1.959677419354836 0
2.419354838709671 1.959677419354839 0
2.459677419354831 1.919354838709676 0
2.419354838709671 1.879032258064516 0
3.467741935483865 1.879032258064512 0
3.427419354838703 1.919354838709673 0
3.387096774193538 1.879032258064508 0
3.508064516129028 1.919354838709676 0
3.467741935483867 1.959677419354837 0
3.387096774193543 1.959677419354836 0
2.661290322580612 1.717741935483847 0
2.620967741935453 1.758064516129011 0
2.701612903225786 1.758064516129018 0
2.701612903225798 1.838709677419352 0
2.661290322580626 1.798387096774182 0
2.62096774193547 1.838709677419347 0
2.1774193548387 1.879032258064513 0
2.137096774193539 1.919354838709674 0
2.258064516129026 1.879032258064516 0
2.217741935483863 1.919354838709677 0
2.177419354838702 1.959677419354838 0
2.258064516129026 1.959677419354839 0
2.661290322580635 1.879032258064512 0
2.620967741935474 1.919354838709673 0
2.741935483870962 1.879032258064516 0
2.701612903225799 1.919354838709676 0
2.661290322580638 1.959677419354837 0
2.741935483870962 1.959677419354839 0
1.370967741932817 0.04032258064504601 0
1.330645161287778 0.08064516129009439 0
1.290322580642732 0.04032258064504837 0
1.451612903222902 0.04032258064504365 0
1.411290322577861 0.08064516129008967 0
1.370967741932822 0.120967741935138 0
1.451612903222902 0.120967741935131 0
1.290322580642742 0.1209677419351451 0
3.064516129032246 1.879032258064508 0
3.024193548387088 1.919354838709673 0
2.983870967741927 1.879032258064512 0
2.98387096774193 1.959677419354837 0
3.064516129032251 1.959677419354836 0
2.903225806451608 1.959677419354839 0
2.943548387096768 1.919354838709676 0
2.903225806451608 1.879032258064516 0
3.346774193548381 1.919354838709673 0
3.306451612903219 1.879032258064512 0
3.306451612903222 1.959677419354837 0
3.225806451612899 1.959677419354839 0
3.26612903225806 1.919354838709676 0
3.225806451612899 1.879032258064516 0
3.145161290322573 1.879032258064512 0
3.104838709677411 1.919354838709673 0
3.185483870967737 1.919354838709676 0
3.145161290322575 1.959677419354837 0
3.991935483870966 1.919354838709677 0
3.951612903225805 1.879032258064516 0
3.951612903225805 1.959677419354839 0
3.870967741935482 1.959677419354839 0
3.911290322580643 1.919354838709677 0
3.870967741935482 1.879032258064516 0
3.790322580645156 1.879032258064512 0
3.749999999999995 1.919354838709674 0
3.83064516129032 1.919354838709676 0
3.790322580645158 1.959677419354838 0
2.298387096774187 1.919354838709677 0
2.338709677419348 1.959677419354839 0
2.338709677419349 1.879032258064516 0
2.37903225806451 1.919354838709677 0
1.532258064512996 0.120967741935138 0
1.57258064515804 0.08064516129009439 0
1.612903225803091 0.1209677419351451 0
1.491935483867948 0.08064516129008967 0
1.532258064512992 0.04032258064504601 0
1.612903225803082 0.04032258064504837 0
1.008064516127422 0.08064516129008734 0
1.048387096772466 0.120967741935131 0
1.048387096772466 0.04032258064504365 0
1.129032258062553 0.04032258064504363 0
1.088709677417509 0.08064516129008728 0
1.129032258062553 0.1209677419351309 0
1.209677419352647 0.120967741935138 0
1.249999999997691 0.08064516129009437 0
1.169354838707599 0.08064516129008963 0
1.209677419352643 0.040322580645046 0
1.653225806448127 0.08064516129009437 0
1.693548387093171 0.120967741935138 0
1.653225806448134 0.1612903225801887 0
1.693548387093166 0.040322580645046 0
1.774193548383251 0.04032258064504363 0
1.73387096773821 0.08064516129008963 0
1.733870967738212 0.1612903225801793 0
1.774193548383251 0.1209677419351309 0
2.822580645161285 1.959677419354839 0
2.862903225806446 1.919354838709677 0
2.782258064516123 1.919354838709677 0
2.822580645161285 1.879032258064516 0
1.653219341999218 0.241929019421343 0
1.693541922644271 0.2822516000663914 0
1.693546232276873 0.2016107484089198 0
1.774193548383265 0.2016129032252276 0
1.733868812921926 0.2419333290539682 0
1.774193548383294 0.2822580645153339 0
2.17741935483415 0.2016129032256595 0
2.137096774189015 0.2419354838707149 0
2.096774193543825 0.2016129032254987 0
2.217741935479323 0.2419354838708767 0
2.177419354834187 0.2822580645159321 0
2.096774193543896 0.2822580645157693 0
1.854838709673341 0.04032258064504601 0
1.814516129028297 0.08064516129008964 0
1.89516129031839 0.08064516129009441 0
1.895161290318397 0.1612903225801888 0
1.854838709673346 0.120967741935138 0
1.8145161290283 0.1612903225801793 0
2.016129032253731 0.2822580645155933 0
2.056451612898777 0.2419354838705611 0
1.935483870963566 0.2822580645154172 0
1.97580645160861 0.2419354838704155 0
2.016129032253655 0.2016129032253834 0
1.935483870963485 0.2016129032252681 0
1.85483870967343 0.2822580645153756 0
1.895161290318464 0.2419354838703272 0
1.814516129028341 0.2419354838702962 0
1.854838709673375 0.2016129032252479 0
0.8878514590998579 0.5225541299942581 0
0.8478112924177931 0.5621939988610325 0
0.9279154054098837 0.562989902161145 0
0.9279226028933961 0.6430631970295722 0
0.8878752387278189 0.6026297710279194 0
0.8478516541902029 0.642271986059928 0
3.145110215233486 1.314590389156396 0
3.185419125140823 1.274293045990015 0
3.104797492562265 1.274268745538974 0
3.145106402469602 1.233971402372593 0
2.983869994486046 1.475819249275262 0
3.024185799606281 1.435505832507464 0
2.943545423830419 1.43550077890868 0
2.983861228950654 1.395187362140883 0
1.975855079932835 1.112997854927711 0
2.016167189753203 1.153295360375924 0
2.01616775479434 1.07266989815497 0
2.056479864614708 1.112967403603183 0
3.508067504661199 0.4031448108963857 0
3.467758336155404 0.3628437944362992 0
3.467748490724755 0.4434629703366272 0
3.427439322218961 0.4031619538765407 0
3.467979651630007 1.314769540612981 0
3.508267767575077 1.274526590705493 0
3.42768704703438 1.274437236775287 0
3.46797516297945 1.234194286867799 0
1.531995324798935 0.6851094448170563 0
1.491716610263162 0.7253598757161911 0
1.572278469870606 0.7254154060776719 0
1.572279648226762 0.8059712797815255 0
1.531999755334834 0.7656658369768068 0
1.491724292978805 0.8059167863318384 0
3.95116308223215 1.315625683274237 0
3.991331465876905 1.275519343278276 0
3.91086568720401 1.275400753248079 0
3.951034070848765 1.235294413252118 0
0.1543499600244175 0.5764192707478566 0
0.1930526657480726 0.5375099436948365 0
0.2321355365521447 0.5751048425479728 0
0.1934328308284896 0.6140141696009929 0
0.2317110771763927 0.4986835968739755 0
0.1540140892393355 0.4998320646095413 0
0.3094080651134499 0.4975351291384096 0
0.2707939479804649 0.5362784957271117 0
0.2712627016515518 0.6126167611689501 0
0.3099211130798719 0.573790414348089 0
1.008283170230329 1.758349660644143 0
1.048461808413659 1.798528298827473 0
1.048611231692596 1.718165541643708 0
1.088789869875926 1.758344179827038 0
1.169922505518857 1.275894118642404 0
1.210133761731365 1.315986889746467 0
1.210362494213745 1.235564150982479 0
1.250573750426253 1.275656922086543 0
1.169317950710607 1.597503096930509 0
1.209526882923081 1.63765980769239 0
1.209548847567665 1.557241906044311 0
1.249757779780138 1.597398616806193 0
1.008579784825588 1.436899104990342 0
1.048755850691281 1.477037333648049 0
1.048777783008534 1.396685706976763 0
1.088953848874227 1.43682393563447 0
3.830240761880863 0.7247398643375893 0
3.790039993493121 0.684704125387958 0
3.789901851169606 0.7651122371907689 0
3.749701082781864 0.7250764982411376 0
1.331172144628152 1.114386652675872 0
1.371418032309249 1.154395805123537 0
1.371428917559553 1.073903638893041 0
1.41167480524065 1.113912791340705 0
1.209899113266902 0.6846732470418825 0
1.16969343787504 0.7247782565592461 0
1.250119117969525 0.7249807387684889 0
1.209913442577663 0.7650857482858525 0
3.990852757352728 0.8849620503467033 0
3.950712113360336 0.8449176124945503 0
3.950599750011725 0.9251914937220134 0
3.910459106019331 0.8851470558698604 0
3.669048969099756 0.8862893013879478 0
3.628797502316338 0.8461641329599318 0
3.668978147745969 0.9667928023974444 0
3.628749531490265 0.9266682014120895 0
3.548221477625072 0.9269225004508762 0
3.588498064706848 0.8865430329840733 0
3.588472944408489 0.9670476688788923 0
3.548223747395716 0.8464172971133961 0
3.991403849908524 0.5638584298095202 0
3.951286211404117 0.5237581756035836 0
3.951110612830629 0.6040003528685653 0
3.910992974326222 0.5639000986626288 0
4.767685650627971 1.649848563226679 0
4.806990421151093 1.614091299010043 0
4.846153846153441 1.653846153845242 0
4.7286635711464 1.611504666262926 0
4.729087607708728 1.538814462953983 0
4.767968341669523 1.57574740204629 0
4.846153846153441 1.576923076921962 0
4.807131766671869 1.538579179958209 0
0.528648396867178 1.44159754840133 0
0.568210531976701 1.480578359126564 0
0.5688640230346064 1.401464698155159 0
0.6084261581441293 1.440445508880393 0
0.3881922011581979 0.5059944326902122 0
0.349024662706841 0.5401845340643887 0
0.4669763372029459 0.5144537362420147 0
0.4277448099272011 0.5492280587066676 0
0.3885772714758442 0.5834181600808441 0
0.4672334298718165 0.5930459058135991 0
0.5064621160303173 0.4752985463505859 0
0.5461622906605791 0.5148519493527687 0
0.5066765118332077 0.5540071392441974 0
0.5858197684248607 0.5545217756769785 0
0.5856907663539306 0.4755803361393128 0
0.5463339895974894 0.5936769655684072 0
4.493465055365884 0.8490399282939531 0
4.454061852805967 0.8179617611843235 0
4.493675893615372 0.775233052478205 0
4.453852774651414 0.8935036660896609 0
4.414449572091497 0.8624254989800312 0
4.414656890151116 0.7851485649851044 0
4.768168507939242 1.499955012484491 0
4.807190587420813 1.461375832524964 0
4.846153846153441 1.499999999998682 0
4.729264069955558 1.461050574500807 0
4.729440532202389 1.383286686047631 0
4.768286149437129 1.42247139454128 0
4.846153846153441 1.423076923075403 0
4.807249408169756 1.384172485091719 0
4.845967941160952 0.807878212683576 0
4.806815585769386 0.8468030310526982 0
4.768017883661244 0.808282037392186 0
4.807170239052811 0.7693572190230638 0
4.767680387081081 0.8858787745419163 0
4.845596131174266 0.8851730995931144 0
4.72888268497294 0.8473577808814041 0
4.72920302484984 0.769610118611578 0
4.76820815598827 1.345111228326415 0
4.806978297187168 1.307226886171658 0
4.846019549368656 1.346288142936962 0
4.690396762607884 1.343934313715867 0
4.729164386393765 1.305758855994651 0
4.767934527592663 1.267874513839894 0
4.690118099386241 1.266115368096429 0
4.845750955799085 1.26963365958336 0
0.2712902511927335 1.607288506638758 0
0.2325263792432413 1.570990343848903 0
0.2320071165116022 1.648735016991306 0
0.1540329475459422 1.653659360144925 0
0.19324324456211 1.612436854201451 0
0.1544065349476542 1.57636269582067 0
4.768249856848453 0.7307610960358653 0
4.807233463949938 0.6921731077801819 0
4.846153846154295 0.7307692307673804 0
4.690345867542613 0.7307529613043502 0
4.729392699541226 0.6919039387286375 0
4.729582374232612 0.6141977588456971 0
4.768376306642711 0.6533159504729542 0
4.690598767131126 0.6527857471013805 0
4.846153846154295 0.6538461538445278 0
4.807296688847067 0.6149889965373001 0
0.1541742935757165 0.9612103218119422 0
0.1155486852492365 0.9998359301384756 0
0.07708714678785825 0.9613743916770974 0
0.1157127551143382 0.9227487833505639 0
0.1153846153841349 1.076923076926387 0
0.07697776687779048 1.038406848510029 0
0.153955533755581 1.038352158554834 0
0.03851622841641218 0.999945310048842 0
0.03846153846137829 1.076923076926601 0
0.03857091837144606 0.9229675431706996 0
0.1158289891405693 1.230324857015039 0
0.07714526380097378 1.192085505432091 0
0.1156068022623521 1.153623966970713 0
0.03853560075411736 1.153772091556405 0
0.03860966304685642 1.230621106186209 0
0.07699713921549564 1.115310553095027 0
0.4659863127583254 0.9584916373850219 0
0.4264755596327535 0.9976409699416047 0
0.3877472544106281 0.9586215132430651 0
0.4256931117293071 1.075809759196727 0
0.387031521490721 1.036653318422074 0
0.4651371498713396 1.036797410716258 0
0.3089258931101024 1.036509226127889 0
0.3483032162685956 0.997633861723534 0
0.3476541983322278 1.075528682826429 0
0.3095081960629309 0.9587513891011084 0
4.884057669635691 0.9236346380545408 0
4.922798065587052 0.961817319026086 0
4.884336527125466 1.000278857487672 0
4.961445509041821 1.00009295249418 0
4.961352556545231 0.9232628280678548 0
4.961538461538414 1.076923076920697 0
4.922983970580235 1.038554490955863 0
4.884615384615241 1.076923076920804 0
4.884413939437982 1.154047599021262 0
4.922875477899569 1.192509137482848 0
4.884212494260725 1.23117212112172 0
4.923009774684408 1.115451763774783 0
4.961471313145994 1.15391330223637 0
4.961404164753575 1.230903527552042 0
4.533446527096487 0.7310167906245415 0
4.572898823468323 0.691761052318962 0
4.61189619731955 0.7308848759644458 0
4.612283778862794 0.6526427632627471 0
4.533968790594461 0.6524997794241136 0
4.65128115271402 0.6917665869082309 0
0.907096751224835 0.7207863335675351 0
0.8776260260868307 0.6809625472483634 0
0.886270899556274 0.798509470105498 0
0.8571038211768931 0.7575524586555897 0
0.7779438127495704 0.7533615722937361 0
0.8276330960388888 0.717728672336418 0
0.8074145378875747 0.793185358612908 0
0.797858724142261 0.6790381111479826 0
0.1542905276018408 1.268786395476311 0
0.1156068022621919 1.307470120815959 0
0.07714526380092039 1.269008582354688 0
0.1153846153838145 1.38461538461688 0
0.07699713921533548 1.346079783862816 0
0.153994278430671 1.346005721570023 0
0.03853560075406397 1.307618245401544 0
0.03846153846127151 1.38461538461688 0
0.1159449964863826 1.537901157359398 0
0.07720326747382707 1.49971980944941 0
0.1156648059350986 1.461258270988139 0
0.03855493531169953 1.461445064688995 0
0.03864833216212754 1.53827474476111 0
0.07701647377297104 1.422983526227724 0
0.2707025295647142 0.6903039012133665 0
0.2321050637468945 0.6520876700178568 0
0.2316196587606421 0.7296320792836275 0
0.1540140892393354 0.7306012953797332 0
0.1930221929428224 0.6914158480881178 0
0.1543499600244174 0.6533423476712539 0
0.0770871467880184 0.884451314753967 0
0.115548685249717 0.8459897762922683 0
0.03851622841657232 0.8460991562023362 0
0.03846153846169859 0.7692307692339728 0
0.0769777668782709 0.8076376177406376 0
0.1153846153850958 0.7692307692339728 0
0.1156365184739073 0.692055789221764 0
0.07717498001220872 0.6535942507600655 0
0.1158884215627189 0.6148808092095555 0
0.07700704461966769 0.7306852630760037 0
0.0385455061579691 0.692223724614305 0
0.03862947385423962 0.6152166799946375 0
0.2704290118562996 0.9981680407567211 0
0.2318412448193237 0.9599808554565253 0
0.2314407134328417 1.037430692341362 0
0.1928529463958657 0.9992435070411659 0
4.611785800687468 1.266517660565138 0
4.572871815562349 1.305570977301078 0
4.533453501988694 1.266919953033849 0
4.651128892518825 1.305206886371125 0
4.612214907393707 1.344260203107064 0
4.53403305217953 1.34458609249826 0
4.922875477899543 1.269432214406101 0
4.884413939437903 1.307893752867741 0
4.961471313145967 1.307759456082902 0
4.96153846153836 1.384615384613763 0
4.923009774684328 1.346220994544542 0
4.884615384615081 1.384615384613763 0
0.2706244536811099 1.307327185398496 0
0.2320330955754799 1.26858770270728 0
0.2315611113435039 1.346112583506158 0
0.1929697532378739 1.307373100814943 0
4.452532037665526 1.562820628388431 0
4.413082571868406 1.602405068677469 0
4.492018298263218 1.602474993674574 0
4.491821289091792 1.681631534867942 0
4.452568832466099 1.642059433963612 0
4.413353170640978 1.681726138634463 0
4.884336527125707 0.8464327036416737 0
4.922798065587132 0.8848942421031001 0
4.884615384615721 0.7692307692288067 0
4.922983970580476 0.8077852601869044 0
4.961445509041902 0.8462467986483306 0
4.961538461538574 0.7692307692288067 0
0.07828330350787818 1.806332081106973 0
0.1167448419691497 1.767870542645434 0
0.03891494732304991 1.768777360368404 0
0.03846153846127154 1.692307692307052 0
0.07737648578432145 1.730315821907026 0
0.1153846153838146 1.692307692307052 0
0.1156648059350986 1.615104424833225 0
0.07720326747382708 1.576642886371953 0
0.07701647377297108 1.653752756995353 0
0.03855493531169954 1.615291218534081 0
0.07717498001220875 0.5766711738366683 0
0.1156365184739074 0.5382096353749695 0
0.03854550615796913 0.5383775707675105 0
0.03846153846169864 0.4615384615403837 0
0.07700704461966777 0.4999160323058119 0
0.1153846153850959 0.4615384615403837 0
0.5459937002279671 0.4359202474467621 0
0.5852148228204784 0.3964468171793189 0
0.5066070957071421 0.3963552901178307 0
0.5067520753839672 0.3174120338850756 0
0.5458282182996534 0.3568818598503876 0
0.5847388792870263 0.317313298219325 0
4.883535890308128 0.4626179558449893 0
4.922537175923351 0.5005397471526192 0
4.884075637461924 0.5390012856140454 0
4.845074351846701 0.5010794943064156 0
4.961358545820641 0.5386414541781811 0
4.961178630102709 0.4618982929732607 0
4.961538461538574 0.6153846153831015 0
4.922897007359214 0.5771029926396074 0
4.845794014718431 0.5772829083575395 0
4.884615384615721 0.6153846153831015 0
4.845794014718431 0.3465136775889819 0
4.806335288577261 0.3859096862045923 0
4.767574382540529 0.3496085575021971 0
4.807033108681699 0.3102125488865867 0
4.80563746847282 0.4616068235225979 0
4.76689840520338 0.423360092343627 0
4.845074351846701 0.424156417383563 0
4.728137499166648 0.3870589636412319 0
4.727483364596788 0.4588648960060862 0
4.728791633736508 0.3152530312763775 0
4.767030195286063 0.4988252392461311 0
4.7285328694147 0.5365313274258916 0
4.806467078659944 0.538297910029949 0
4.767969752788581 0.5760039982097094 0
4.611684912241218 0.9587447037375514 0
4.573084836251366 0.9951792285460059 0
4.651281562653774 0.9998468535414473 0
4.612681486663922 1.036281378349902 0
0.1062392806522248 0.2216238960373207 0
0.06777774219052615 0.1831623575756221 0
0.09709394591935369 0.1355554843810523 0
0.1153846153850959 0.3076923076935891 0
0.07387463201244024 0.2661823243209335 0
0.0354130935507416 0.2277207858592348 0
0.03846153846169864 0.3076923076935891 0
0.03236464863978456 0.1477492640248805 0
4.761258445716118 0.198418973638694 0
4.723998750427318 0.2375397111112898 0
4.840570719602906 0.1978908188585901 0
4.802954091333575 0.2355074471279569 0
4.765694396044776 0.2746281846005527 0
4.844292803970498 0.2710918114139909 0
4.289389110334366 0.6753591364061413 0
4.252346769069129 0.7142910399560629 0
4.377618940475084 0.6715778160421698 0
4.335312316216188 0.7121552251682195 0
4.298269974950951 0.7510871287181411 0
4.375971239104353 0.750596819506426 0
0.8583965328436944 0.9149740346833823 0
0.8941291356923136 0.8779579111576263 0
0.7790730910104167 0.9095578406827656 0
0.8149613872472286 0.872572411326352 0
0.8506939900958477 0.835556287800596 0
0.7716819350389555 0.8302014821386638 0
4.883255158030217 1.767870542645298 0
4.921716696491858 1.806332081106938 0
4.884615384615081 1.692307692306882 0
4.9226235142151 1.7303158219069 0
4.961085052676739 1.76877736036854 0
4.96153846153836 1.692307692306881 0
4.416023232053657 0.7062550595868053 0
4.45470888310042 0.7408068050654837 0
4.417389573956198 0.6273615541885063 0
4.455793865534773 0.6620387977331417 0
4.494479516581535 0.6965905432118201 0
4.495283139547698 0.6179480339454352 0
0.5792269563721767 0.999642843463375 0
0.5432859855373048 0.965433828473056 0
0.5846446874814124 0.9381670045707713 0
0.5393911105021525 1.032519645511871 0
0.5034501396672806 0.9983106305215517 0
0.5058221586283496 0.9256148353365261 0
4.129172375465894 0.959435504440882 0
4.093041933783431 0.9972497836713518 0
4.040977886390047 0.9851794720715622 0
4.21736686454174 0.9336915368102019 0
4.17683434140522 0.981333133867628 0
4.140703899722757 1.019147413098098 0
4.220094225890488 1.01305808112133 0
4.061313573555026 1.025236745074865 0
4.920285359801452 0.1950992555829513 0
4.881823821340027 0.2335607940444109 0
4.960607940446676 0.2316997518606718 0
4.961538461538574 0.3076923076916913 0
4.922146401985249 0.2701612903221113 0
4.884615384615721 0.3076923076916913 0
4.884075637461924 0.3851551317683403 0
4.922537175923351 0.4236166702297666 0
4.922897007359215 0.3463337618710497 0
4.961358545820642 0.3847953003324759 0
0.7009749568159018 0.9072948327220641 0
0.7369575581022222 0.8688148861417438 0
0.6228768226213872 0.9050318247613627 0
0.6601176482572946 0.8666853356038021 0
0.6565011653345947 0.7877293493279796 0
0.6961002495436148 0.8282053890234818 0
0.6205185640482743 0.8262092959082998 0
0.7308246264803482 0.7895919850204018 0
4.961538461538574 0.6923076923059541 0
4.923076923077147 0.6538461538445278 0
4.923076923077147 0.7307692307673804 0
4.884615384615721 0.6923076923059541 0
4.520426089754656 1.799993794792494 0
4.563771146819085 1.760417989735695 0
4.600362148449463 1.799699350844363 0
4.606784086942538 1.720924726385303 0
4.527512262129685 1.721054086920619 0
4.643375088572915 1.760206087493972 0
4.96153846153836 1.461538461537042 0
4.923076923076721 1.423076923075403 0
4.96153846153836 1.538461538460322 0
4.923076923076721 1.499999999998682 0
4.884615384615081 1.461538461537042 0
4.884615384615081 1.538461538460322 0
0.03846153846169864 0.3846153846169865 0
0.07692307692339728 0.4230769230786851 0
0.07692307692339728 0.3461538461552878 0
0.1153846153850959 0.3846153846169864 0
0.4791339108831858 0.1996241090838076 0
0.4356594898515259 0.2390995017923611 0
0.3993649827836687 0.2000567320079949 0
0.3925886464898954 0.2785348619044056 0
0.4715504192493536 0.2781823041732364 0
0.3562941394220381 0.2394920921200394 0
0.1090308439273729 0.06777774219052615 0
0.07666619528758969 0.0354130935507416 0
0.06870826328224219 0.1062392806522248 0
0.03634361464245764 0.07387463201244024 0
4.454662890608006 1.25774072848517 0
4.415855014815524 1.292480276612252 0
4.494447189661249 1.30132877404812 0
4.455639313868767 1.336068322175202 0
0.7187223954730095 1.170046373050876 0
0.7482437801311133 1.146211628114449 0
0.7980376523088142 1.174821278585978 0
0.6691899388916412 1.134674486196422 0
0.6987113235497451 1.110839741259995 0
0.7775037491928843 1.129139119560946 0
4.404351476895412 1.760312154440544 0
4.440042449933306 1.799734706493221 0
4.448405636555359 1.721030793331875 0
4.484096609593252 1.760453345384552 0
4.96153846153836 1.615384615383602 0
4.923076923076721 1.576923076921962 0
4.923076923076721 1.653846153845242 0
4.884615384615081 1.615384615383602 0
0.8781179023570412 1.175570338797445 0
0.9072213391830863 1.155557586730515 0
0.8275875802282616 1.153172661625813 0
0.8566910170543068 1.133159909558883 0
3.991929350366735 1.088250245554205 0
4.031528260546663 1.090411579758699 0
3.991808026590675 1.030727486695717 0
4.031406936770603 1.032888820900211 0
0.5946706306017282 0.2391836465196733 0
0.5594689744671146 0.1999539168078342 0
0.5503199763793694 0.2782264163040782 0
0.5151183202447558 0.2389966865922391 0
0.7465280934203562 0.7147292548199983 0
0.7109009296384592 0.6755576682916105 0
0.699408907151134 0.7509596675466639 0
0.663781743369237 0.7117880810182762 0
0.544452920871293 0.8927550483250344 0
0.582685056011268 0.8596198685156258 0
0.5046597813641422 0.8476184848772146 0
0.5428919165041172 0.814483305067806 0
4.296432476112806 0.9563756366644591 0
4.258112884631617 0.9825284131317862 0
4.336877563462624 1.000835621463827 0
4.298557971981435 1.026988397931154 0
4.41725253736128 0.5514110826102403 0
4.456194074919557 0.585924629316144 0
4.417115500766362 0.4754606110319745 0
4.455909511254776 0.5124642998144906 0
4.494851048813053 0.5469778465203944 0
4.494418958078409 0.4760076590953536 0
0.4235686594871866 1.147060248325396 0
0.3860875694135457 1.112259854683213 0
0.3849153981791024 1.185441122026485 0
0.3474343081054615 1.150640728384301 0
1.169036148427953 0.9117623766640263 0
1.129501857300339 0.9091506265676161 0
1.169174247469311 0.9691777177623588 0
1.129639956341697 0.9665659676659488 0
4.252795116083091 1.445188459745289 0
4.288196678899551 1.482921347575151 0
4.299210985761164 1.407333881301927 0
4.334612548577624 1.44506676913179 0
4.440078571906049 0.3595056823580016 0
4.406071028859071 0.3980660648073968 0
4.484545219963919 0.3984309350457147 0
4.45053767691694 0.4369913174951099 0
1.572399723708931 0.8627947207733575 0
1.486607609771362 0.9108834782421065 0
1.486487534289192 0.8540600372502745 0
1.39545866166201 0.9502920456374594 0
1.492084519425313 0.9763871093073344 0
1.395338586179841 0.8934686046456274 0
3.669059860624631 1.023497785812654 0
3.588559561753556 1.060222116337539 0
3.588477848874895 1.003517132922329 0
3.507982454470226 1.076710927490651 0
3.588718083044474 1.137162619124522 0
3.427246825895977 1.016259235856779 0
3.507900741591564 1.020005944075441 0
3.507895837125159 0.9835364800320039 0
3.346679566077507 0.862834347530451 0
3.266047596077271 0.9193746745676852 0
3.266056267339857 0.8628557156791772 0
3.185415225011524 0.9758955105815963 0
3.266039325880196 0.9759131244795165 0
3.104791124142852 0.9758778966836761 0
3.185423896274109 0.9193765516930881 0
3.185432968602206 0.8628770838279032 0
2.862892478965241 0.9193505144709317 0
2.862892165874082 0.9758193793411685 0
2.943530134741978 0.8628879165374734 0
3.024166707758306 0.8628858341681926 0
2.94352982165082 0.9193567814077102 0
2.943530278228913 0.9758339955840063 0
2.298385416819112 0.9758115878008604 0
2.298385768714264 0.9193566742058974 0
2.379026020168048 0.9758132265640862 0
2.217744813470177 0.9758099490376345 0
2.217744972366702 0.9193533155972866 0
2.217745324261854 0.8628984020023237 0
2.137104334915666 0.8628933235483278 0
2.298386313608042 0.8629034804563196 0
2.620968085989352 0.9758094568543145 0
2.62096724285183 0.9193561855690429 0
2.540324272287813 0.9758096480584872 0
2.540322728624033 0.9193557844947989 0
2.540321885486511 0.8629025132095272 0
2.459676670732456 0.8629015198568668 0
1.814603401686863 0.9194743209472453 0
1.814580125188216 0.8629283841352337 0
1.73402744321024 0.9760380949331896 0
1.653439827379808 0.9760899962896381 0
1.734004166711593 0.9194921581211779 0
1.733969271068106 0.8629121571266503 0
3.674527870879209 1.089123518628299 0
3.67467102342767 1.1460538987032 0
3.76566251642006 1.04977977087282 0
3.765805668968522 1.106710150947721 0
1.653338942309748 0.9195235362911947 0
1.653184497388519 0.8628534389500039 0
1.572762173402561 0.9762385527984863 0
1.572607728481331 0.9195684554572956 0
2.05645611251315 0.8628962783893905 0
2.056458774132567 0.919368893973409 0
2.13710264083947 0.9193573888531238 0
2.137105302458887 0.9758300044371422 0
3.104796158027799 0.9193730964108671 0
3.104799838180256 0.8628814589980479 0
3.024160701185882 0.9758559461338412 0
3.024164381338339 0.9193643087210219 0
2.379031492170249 0.8629025001565931 0
2.379029743043567 0.9193576611220714 0
2.459676895354612 0.9193562763458085 0
2.45967514622793 0.9758114373112867 0
3.507907210189989 0.8948668706897378 0
3.467602046049093 0.8546468349238133 0
3.467581569690076 0.9514808502708656 0
3.38694166175508 0.9760392000908549 0
3.42727640554918 0.911260814504941 0
3.38698034470247 0.8628763727342306 0
3.266031696665494 1.064666905111227 0
3.306332475290455 1.064708930315006 0
3.306350455749386 0.9678188007749913 0
3.346651234374348 0.9678608259787707 0
$EndNodes
$Elements
5 1742 1 1742
1 1 8 26
1 4 5 30 
2 5 6 31 
3 6 7 32 
4 7 8 33 
5 8 9 34 
6 9 10 35 
7 10 11 36 
8 11 12 37 
9 12 13 38 
10 13 14 39 
11 14 15 40 
12 15 16 41 
13 16 17 42 
14 17 18 43 
15 18 19 44 
16 19 20 45 
17 20 21 46 
18 21 22 47 
19 22 23 48 
20 23 24 49 
21 24 25 50 
22 25 26 51 
23 26 27 52 
24 27 28 53 
25 28 29 54 
26 29 1 55 
1 2 8 62
27 1 56 117 
28 56 57 118 
29 57 58 119 
30 58 59 120 
31 59 60 121 
32 60 61 122 
33 61 62 123 
34 62 63 124 
35 63 64 125 
36 64 65 126 
37 65 66 127 
38 66 67 128 
39 67 68 129 
40 68 69 130 
41 69 70 131 
42 70 71 132 
43 71 72 133 
44 72 73 134 
45 73 74 135 
46 74 75 136 
47 75 76 137 
48 76 77 138 
49 77 78 139 
50 78 79 140 
51 79 80 141 
52 80 81 142 
53 81 82 143 
54 82 83 144 
55 83 84 145 
56 84 85 146 
57 85 86 147 
58 86 87 148 
59 87 88 149 
60 88 89 150 
61 89 90 151 
62 90 91 152 
63 91 92 153 
64 92 93 154 
65 93 94 155 
66 94 95 156 
67 95 96 157 
68 96 97 158 
69 97 98 159 
70 98 99 160 
71 99 100 161 
72 100 101 162 
73 101 102 163 
74 102 103 164 
75 103 104 165 
76 104 105 166 
77 105 106 167 
78 106 107 168 
79 107 108 169 
80 108 109 170 
81 109 110 171 
82 110 111 172 
83 111 112 173 
84 112 113 174 
85 113 114 175 
86 114 115 176 
87 115 116 177 
88 116 2 178 
1 3 8 26
89 2 179 204 
90 179 180 205 
91 180 181 206 
92 181 182 207 
93 182 183 208 
94 183 184 209 
95 184 185 210 
96 185 186 211 
97 186 187 212 
98 187 188 213 
99 188 189 214 
100 189 190 215 
101 190 191 216 
102 191 192 217 
103 192 193 218 
104 193 194 219 
105 194 195 220 
106 195 196 221 
107 196 197 222 
108 197 198 223 
109 198 199 224 
110 199 200 225 
111 200 201 226 
112 201 202 227 
113 202 203 228 
114 203 3 229 
1 4 8 62
115 3 230 291 
116 230 231 292 
117 231 232 293 
118 232 233 294 
119 233 234 295 
120 234 235 296 
121 235 236 297 
122 236 237 298 
123 237 238 299 
124 238 239 300 
125 239 240 301 
126 240 241 302 
127 241 242 303 
128 242 243 304 
129 243 244 305 
130 244 245 306 
131 245 246 307 
132 246 247 308 
133 247 248 309 
134 248 249 310 
135 249 250 311 
136 250 251 312 
137 251 252 313 
138 252 253 314 
139 253 254 315 
140 254 255 316 
141 255 256 317 
142 256 257 318 
143 257 258 319 
144 258 259 320 
145 259 260 321 
146 260 261 322 
147 261 262 323 
148 262 263 324 
149 263 264 325 
150 264 265 326 
151 265 266 327 
152 266 267 328 
153 267 268 329 
154 268 269 330 
155 269 270 331 
156 270 271 332 
157 271 272 333 
158 272 273 334 
159 273 274 335 
160 274 275 336 
161 275 276 337 
162 276 277 338 
163 277 278 339 
164 278 279 340 
165 279 280 341 
166 280 281 342 
167 281 282 343 
168 282 283 344 
169 283 284 345 
170 284 285 346 
171 285 286 347 
172 286 287 348 
173 287 288 349 
174 288 289 350 
175 289 290 351 
176 290 4 352 
2 1 16 1566
177 689 698 701 700 1832 1833 1834 1835 
178 636 699 701 698 1836 1837 1833 1838 
179 675 700 701 699 1839 1834 1837 1840 
180 675 702 704 700 1841 1842 1843 1839 
181 637 703 704 702 1844 1845 1842 1846 
182 689 700 704 703 1835 1843 1845 1847 
183 666 705 708 707 1848 1849 1850 1851 
184 665 706 708 705 1852 1853 1849 1854 
185 697 707 708 706 1855 1850 1853 1856 
186 697 709 711 707 1857 1858 1859 1855 
187 687 710 711 709 1860 1861 1858 1862 
188 666 707 711 710 1851 1859 1861 1863 
189 686 712 715 714 1864 1865 1866 1867 
190 605 713 715 712 1868 1869 1865 1870 
191 653 714 715 713 1871 1866 1869 1872 
192 653 716 718 714 1873 1874 1875 1871 
193 676 717 718 716 1876 1877 1874 1878 
194 686 714 718 717 1867 1875 1877 1879 
195 697 719 722 721 1880 1881 1882 1883 
196 652 720 722 719 1884 1885 1881 1886 
197 678 721 722 720 1887 1882 1885 1888 
198 678 723 725 721 1889 1890 1891 1887 
199 635 724 725 723 1892 1893 1890 1894 
200 697 721 725 724 1883 1891 1893 1895 
201 664 726 729 728 1896 1897 1898 1899 
202 661 727 729 726 1900 1901 1897 1902 
203 686 728 729 727 1903 1898 1901 1904 
204 686 730 732 728 1905 1906 1907 1903 
205 667 731 732 730 1908 1909 1906 1910 
206 664 728 732 731 1899 1907 1909 1911 
207 670 733 736 735 1912 1913 1914 1915 
208 671 734 736 733 1916 1917 1913 1918 
209 642 735 736 734 1919 1914 1917 1920 
210 642 737 739 735 1921 1922 1923 1919 
211 662 738 739 737 1924 1925 1922 1926 
212 670 735 739 738 1915 1923 1925 1927 
213 674 740 743 742 1928 1929 1930 1931 
214 657 741 743 740 1932 1933 1929 1934 
215 684 742 743 741 1935 1930 1933 1936 
216 684 744 746 742 1937 1938 1939 1935 
217 643 745 746 744 1940 1941 1938 1942 
218 674 742 746 745 1931 1939 1941 1943 
219 695 747 751 750 1944 1945 1946 1947 
220 663 748 751 747 1948 1949 1945 1950 
221 696 749 751 748 1951 1952 1949 1953 
222 665 750 751 749 1954 1946 1952 1955 
223 581 752 756 755 1956 1957 1958 1959 
224 500 753 756 752 1960 1961 1957 1962 
225 564 754 756 753 1963 1964 1961 1965 
226 545 755 756 754 1966 1958 1964 1967 
227 610 757 761 760 1968 1969 1970 1971 
228 659 758 761 757 1972 1973 1969 1974 
229 661 759 761 758 1975 1976 1973 1977 
230 611 760 761 759 1978 1970 1976 1979 
231 582 762 766 765 1980 1981 1982 1983 
232 574 763 766 762 1984 1985 1981 1986 
233 605 764 766 763 1987 1988 1985 1989 
234 617 765 766 764 1990 1982 1988 1991 
235 485 767 771 770 1992 1993 1994 1995 
236 523 768 771 767 1996 1997 1993 1998 
237 601 769 771 768 1999 2000 1997 2001 
238 543 770 771 769 2002 1994 2000 2003 
239 546 772 776 775 2004 2005 2006 2007 
240 536 773 776 772 2008 2009 2005 2010 
241 573 774 776 773 2011 2012 2009 2013 
242 599 775 776 774 2014 2006 2012 2015 
243 536 772 780 779 2010 2016 2017 2018 
244 546 777 780 772 2019 2020 2016 2004 
245 506 778 780 777 2021 2022 2020 2023 
246 455 779 780 778 2024 2017 2022 2025 
247 543 781 784 770 2026 2027 2028 2002 
248 505 782 784 781 2029 2030 2027 2031 
249 487 783 784 782 2032 2033 2030 2034 
250 485 770 784 783 1995 2028 2033 2035 
251 535 785 789 788 2036 2037 2038 2039 
252 562 786 789 785 2040 2041 2037 2042 
253 507 787 789 786 2043 2044 2041 2045 
254 456 788 789 787 2046 2038 2044 2047 
255 416 790 793 792 2048 2049 2050 2051 
256 487 782 793 790 2034 2052 2049 2053 
257 505 791 793 782 2054 2055 2052 2029 
258 467 792 793 791 2056 2050 2055 2057 
259 418 794 798 797 2058 2059 2060 2061 
260 490 795 798 794 2062 2063 2059 2064 
261 528 796 798 795 2065 2066 2063 2067 
262 417 797 798 796 2068 2060 2066 2069 
263 616 799 803 802 2070 2071 2072 2073 
264 647 800 803 799 2074 2075 2071 2076 
265 685 801 803 800 2077 2078 2075 2079 
266 660 802 803 801 2080 2072 2078 2081 
267 402 804 808 807 2082 2083 2084 2085 
268 375 805 808 804 2086 2087 2083 2088 
269 448 806 808 805 2089 2090 2087 2091 
270 376 807 808 806 2092 2084 2090 2093 
271 685 800 811 810 2079 2094 2095 2096 
272 647 809 811 800 2097 2098 2094 2074 
273 663 747 811 809 1950 2099 2098 2100 
274 695 810 811 747 2101 2095 2099 1944 
275 605 812 815 764 2102 2103 2104 1987 
276 648 813 815 812 2105 2106 2103 2107 
277 614 814 815 813 2108 2109 2106 2110 
278 617 764 815 814 1991 2104 2109 2111 
279 418 797 819 818 2061 2112 2113 2114 
280 417 816 819 797 2115 2116 2112 2068 
281 369 817 819 816 2117 2118 2116 2119 
282 427 818 819 817 2120 2113 2118 2121 
283 416 792 823 822 2051 2122 2123 2124 
284 467 820 823 792 2125 2126 2122 2056 
285 419 821 823 820 2127 2128 2126 2129 
286 381 822 823 821 2130 2123 2128 2131 
287 652 824 827 826 2132 2133 2134 2135 
288 696 748 827 824 1953 2136 2133 2137 
289 663 825 827 748 2138 2139 2136 1948 
290 638 826 827 825 2140 2134 2139 2141 
291 544 828 831 830 2142 2143 2144 2145 
292 582 765 831 828 1983 2146 2143 2147 
293 617 829 831 765 2148 2149 2146 1990 
294 600 830 831 829 2150 2144 2149 2151 
295 2 179 834 116 204 2152 2153 178 
296 180 832 834 179 2154 2155 2152 205 
297 377 833 834 832 2156 2157 2155 2158 
298 115 116 834 833 177 2153 2157 2159 
299 601 835 838 769 2160 2161 2162 1999 
300 615 836 838 835 2163 2164 2161 2165 
301 585 837 838 836 2166 2167 2164 2168 
302 543 769 838 837 2003 2162 2167 2169 
303 378 839 843 842 2170 2171 2172 2173 
304 449 840 843 839 2174 2175 2171 2176 
305 380 841 843 840 2177 2178 2175 2179 
306 403 842 843 841 2180 2172 2178 2181 
307 527 844 848 847 2182 2183 2184 2185 
308 562 845 848 844 2186 2187 2183 2188 
309 544 846 848 845 2189 2190 2187 2191 
310 522 847 848 846 2192 2184 2190 2193 
311 381 849 852 822 2194 2195 2196 2130 
312 401 850 852 849 2197 2198 2195 2199 
313 367 851 852 850 2200 2201 2198 2202 
314 416 822 852 851 2124 2196 2201 2203 
315 566 853 857 856 2204 2205 2206 2207 
316 599 854 857 853 2208 2209 2205 2210 
317 583 855 857 854 2211 2212 2209 2213 
318 563 856 857 855 2214 2206 2212 2215 
319 564 753 861 860 1965 2216 2217 2218 
320 500 858 861 753 2219 2220 2216 1960 
321 459 859 861 858 2221 2222 2220 2223 
322 468 860 861 859 2224 2217 2222 2225 
323 565 862 866 865 2226 2227 2228 2229 
324 499 863 866 862 2230 2231 2227 2232 
325 579 864 866 863 2233 2234 2231 2235 
326 634 865 866 864 2236 2228 2234 2237 
327 600 829 869 868 2151 2238 2239 2240 
328 617 814 869 829 2111 2241 2238 2148 
329 614 867 869 814 2242 2243 2241 2108 
330 579 868 869 867 2244 2239 2243 2245 
331 582 870 873 762 2246 2247 2248 1980 
332 535 871 873 870 2249 2250 2247 2251 
333 492 872 873 871 2252 2253 2250 2254 
334 574 762 873 872 1986 2248 2253 2255 
335 289 290 876 875 351 2256 2257 2258 
336 4 5 876 290 30 2259 2256 352 
337 6 874 876 5 2260 2261 2259 31 
338 401 875 876 874 2262 2257 2261 2263 
339 231 877 879 230 2264 2265 2266 292 
340 403 878 879 877 2267 2268 2265 2269 
341 202 203 879 878 228 2270 2268 2271 
342 3 230 879 203 291 2266 2270 229 
343 561 880 882 881 2272 2273 2274 2275 
344 600 868 882 880 2240 2276 2273 2277 
345 579 863 882 868 2235 2278 2276 2244 
346 499 881 882 863 2279 2274 2278 2230 
347 459 883 886 859 2280 2281 2282 2221 
348 423 884 886 883 2283 2284 2281 2285 
349 386 885 886 884 2286 2287 2284 2288 
350 468 859 886 885 2225 2282 2287 2289 
351 470 887 891 890 2290 2291 2292 2293 
352 456 888 891 887 2294 2295 2291 2296 
353 424 889 891 888 2297 2298 2295 2299 
354 383 890 891 889 2300 2292 2298 2301 
355 610 760 895 894 1971 2302 2303 2304 
356 611 892 895 760 2305 2306 2302 1978 
357 530 893 895 892 2307 2308 2306 2309 
358 581 894 895 893 2310 2303 2308 2311 
359 526 896 899 898 2312 2313 2314 2315 
360 566 856 899 896 2207 2316 2313 2317 
361 563 897 899 856 2318 2319 2316 2214 
362 453 898 899 897 2320 2314 2319 2321 
363 471 900 904 903 2322 2323 2324 2325 
364 455 901 904 900 2326 2327 2323 2328 
365 425 902 904 901 2329 2330 2327 2331 
366 397 903 904 902 2332 2324 2330 2333 
367 469 905 909 908 2334 2335 2336 2337 
368 382 906 909 905 2338 2339 2335 2340 
369 365 907 909 906 2341 2342 2339 2343 
370 420 908 909 907 2344 2336 2342 2345 
371 488 910 913 912 2346 2347 2348 2349 
372 527 847 913 910 2185 2350 2347 2351 
373 522 911 913 847 2352 2353 2350 2192 
374 414 912 913 911 2354 2348 2353 2355 
375 638 914 917 826 2356 2357 2358 2140 
376 618 915 917 914 2359 2360 2357 2361 
377 575 916 917 915 2362 2363 2360 2364 
378 652 826 917 916 2135 2358 2363 2365 
379 419 820 920 919 2129 2366 2367 2368 
380 467 918 920 820 2369 2370 2366 2125 
381 420 907 920 918 2345 2371 2370 2372 
382 365 919 920 907 2373 2367 2371 2341 
383 585 836 924 923 2168 2374 2375 2376 
384 615 921 924 836 2377 2378 2374 2163 
385 622 922 924 921 2379 2380 2378 2381 
386 580 923 924 922 2382 2375 2380 2383 
387 445 925 928 927 2384 2385 2386 2387 
388 399 926 928 925 2388 2389 2385 2390 
389 485 783 928 926 2035 2391 2389 2392 
390 487 927 928 783 2393 2386 2391 2032 
391 486 929 932 931 2394 2395 2396 2397 
392 561 881 932 929 2275 2398 2395 2399 
393 499 930 932 881 2400 2401 2398 2279 
394 466 931 932 930 2402 2396 2401 2403 
395 419 933 935 821 2404 2405 2406 2127 
396 285 286 935 933 347 2407 2405 2408 
397 287 934 935 286 2409 2410 2407 348 
398 381 821 935 934 2131 2406 2410 2411 
399 401 849 936 875 2199 2412 2413 2262 
400 381 934 936 849 2411 2414 2412 2194 
401 287 288 936 934 349 2415 2414 2409 
402 289 875 936 288 2258 2413 2415 350 
403 448 937 941 940 2416 2417 2418 2419 
404 457 938 941 937 2420 2421 2417 2422 
405 504 939 941 938 2423 2424 2421 2425 
406 489 940 941 939 2426 2418 2424 2427 
407 615 835 945 944 2165 2428 2429 2430 
408 601 942 945 835 2431 2432 2428 2160 
409 534 943 945 942 2433 2434 2432 2435 
410 660 944 945 943 2436 2429 2434 2437 
411 420 946 949 908 2438 2439 2440 2344 
412 508 947 949 946 2441 2442 2439 2443 
413 549 948 949 947 2444 2445 2442 2446 
414 469 908 949 948 2337 2440 2445 2447 
415 508 946 951 950 2443 2448 2449 2450 
416 420 918 951 946 2372 2451 2448 2438 
417 467 791 951 918 2057 2452 2451 2369 
418 505 950 951 791 2453 2449 2452 2054 
419 580 952 954 923 2454 2455 2456 2382 
420 549 947 954 952 2446 2457 2455 2458 
421 508 953 954 947 2459 2460 2457 2441 
422 585 923 954 953 2376 2456 2460 2461 
423 527 910 958 957 2351 2462 2463 2464 
424 488 955 958 910 2465 2466 2462 2346 
425 449 956 958 955 2467 2468 2466 2469 
426 458 957 958 956 2470 2463 2468 2471 
427 537 959 963 962 2472 2473 2474 2475 
428 509 960 963 959 2476 2477 2473 2478 
429 472 961 963 960 2479 2480 2477 2481 
430 547 962 963 961 2482 2474 2480 2483 
431 444 964 968 967 2484 2485 2486 2487 
432 364 965 968 964 2488 2489 2485 2490 
433 466 966 968 965 2491 2492 2489 2493 
434 524 967 968 966 2494 2486 2492 2495 
435 525 969 972 971 2496 2497 2498 2499 
436 453 897 972 969 2321 2500 2497 2501 
437 563 970 972 897 2502 2503 2500 2318 
438 598 971 972 970 2504 2498 2503 2505 
439 386 973 976 975 2506 2507 2508 2509 
440 109 110 976 973 171 2510 2507 2511 
441 111 974 976 110 2512 2513 2510 172 
442 369 975 976 974 2514 2508 2513 2515 
443 427 817 978 977 2121 2516 2517 2518 
444 369 974 978 817 2515 2519 2516 2117 
445 111 112 978 974 173 2520 2519 2512 
446 113 977 978 112 2521 2517 2520 174 
447 365 979 980 919 2522 2523 2524 2373 
448 283 284 980 979 345 2525 2523 2526 
449 285 933 980 284 2408 2527 2525 346 
450 419 919 980 933 2368 2524 2527 2404 
451 695 750 984 983 1947 2528 2529 2530 
452 665 981 984 750 2531 2532 2528 1954 
453 606 982 984 981 2533 2534 2532 2535 
454 649 983 984 982 2536 2529 2534 2537 
455 402 985 987 804 2538 2539 2540 2082 
456 57 58 987 985 119 2541 2539 2542 
457 59 986 987 58 2543 2544 2541 120 
458 375 804 987 986 2088 2540 2544 2545 
459 456 887 989 788 2296 2546 2547 2046 
460 470 988 989 887 2548 2549 2546 2290 
461 492 871 989 988 2254 2550 2549 2551 
462 535 788 989 871 2039 2547 2550 2249 
463 377 990 991 833 2552 2553 2554 2156 
464 427 977 991 990 2518 2555 2553 2556 
465 113 114 991 977 175 2557 2555 2521 
466 115 833 991 114 2159 2554 2557 176 
467 455 900 994 779 2328 2558 2559 2024 
468 471 992 994 900 2560 2561 2558 2322 
469 491 993 994 992 2562 2563 2561 2564 
470 536 779 994 993 2018 2559 2563 2565 
471 441 995 999 998 2566 2567 2568 2569 
472 363 996 999 995 2570 2571 2567 2572 
473 454 997 999 996 2573 2574 2571 2575 
474 523 998 999 997 2576 2568 2574 2577 
475 507 1000 1002 787 2578 2579 2580 2043 
476 366 1001 1002 1000 2581 2582 2579 2583 
477 424 888 1002 1001 2299 2584 2582 2585 
478 456 787 1002 888 2047 2580 2584 2294 
479 403 877 1004 842 2269 2586 2587 2180 
480 231 232 1004 877 293 2588 2586 2264 
481 233 1003 1004 232 2589 2590 2588 294 
482 378 842 1004 1003 2173 2587 2590 2591 
483 506 1005 1007 778 2592 2593 2594 2021 
484 370 1006 1007 1005 2595 2596 2593 2597 
485 425 901 1007 1006 2331 2598 2596 2599 
486 455 778 1007 901 2025 2594 2598 2326 
487 568 1008 1012 1011 2600 2601 2602 2603 
488 551 1009 1012 1008 2604 2605 2601 2606 
489 511 1010 1012 1009 2607 2608 2605 2609 
490 586 1011 1012 1010 2610 2602 2608 2611 
491 411 1013 1017 1016 2612 2613 2614 2615 
492 510 1014 1017 1013 2616 2617 2613 2618 
493 511 1015 1017 1014 2619 2620 2617 2621 
494 473 1016 1017 1015 2622 2614 2620 2623 
495 612 1018 1021 1020 2624 2625 2626 2627 
496 620 1019 1021 1018 2628 2629 2625 2630 
497 637 702 1021 1019 1846 2631 2629 2632 
498 675 1020 1021 702 2633 2626 2631 1841 
499 375 986 1024 1023 2545 2634 2635 2636 
500 59 60 1024 986 121 2637 2634 2543 
501 61 1022 1024 60 2638 2639 2637 122 
502 421 1023 1024 1022 2640 2635 2639 2641 
503 423 1025 1026 884 2642 2643 2644 2283 
504 107 108 1026 1025 169 2645 2643 2646 
505 109 973 1026 108 2511 2647 2645 170 
506 386 884 1026 973 2288 2644 2647 2506 
507 378 1003 1029 1028 2591 2648 2649 2650 
508 233 234 1029 1003 295 2651 2648 2589 
509 235 1027 1029 234 2652 2653 2651 296 
510 422 1028 1029 1027 2654 2649 2653 2655 
511 575 915 1033 1032 2364 2656 2657 2658 
512 618 1030 1033 915 2659 2660 2656 2359 
513 491 1031 1033 1030 2661 2662 2660 2663 
514 548 1032 1033 1031 2664 2657 2662 2665 
515 382 1034 1035 906 2666 2667 2668 2338 
516 281 282 1035 1034 343 2669 2667 2670 
517 283 979 1035 282 2526 2671 2669 344 
518 365 906 1035 979 2343 2668 2671 2522 
519 469 948 1039 1038 2447 2672 2673 2674 
520 549 1036 1039 948 2675 2676 2672 2444 
521 497 1037 1039 1036 2677 2678 2676 2679 
522 405 1038 1039 1037 2680 2673 2678 2681 
523 500 752 1042 1041 1962 2682 2683 2684 
524 581 893 1042 752 2311 2685 2682 1956 
525 530 1040 1042 893 2686 2687 2685 2307 
526 510 1041 1042 1040 2688 2683 2687 2689 
527 510 1013 1044 1041 2618 2690 2691 2688 
528 411 1043 1044 1013 2692 2693 2690 2612 
529 459 858 1044 1043 2223 2694 2693 2695 
530 500 1041 1044 858 2684 2691 2694 2219 
531 423 883 1047 1046 2285 2696 2697 2698 
532 459 1043 1047 883 2695 2699 2696 2280 
533 411 1045 1047 1043 2700 2701 2699 2692 
534 360 1046 1047 1045 2702 2697 2701 2703 
535 443 1048 1050 1049 2704 2705 2706 2707 
536 486 931 1050 1048 2397 2708 2705 2709 
537 466 965 1050 931 2493 2710 2708 2402 
538 364 1049 1050 965 2711 2706 2710 2488 
539 382 905 1053 1052 2340 2712 2713 2714 
540 469 1038 1053 905 2674 2715 2712 2334 
541 405 1051 1053 1038 2716 2717 2715 2680 
542 384 1052 1053 1051 2718 2713 2717 2719 
543 649 1054 1057 1056 2720 2721 2722 2723 
544 531 1055 1057 1054 2724 2725 2721 2726 
545 580 922 1057 1055 2383 2727 2725 2728 
546 622 1056 1057 922 2729 2722 2727 2379 
547 369 816 1059 975 2119 2730 2731 2514 
548 417 1058 1059 816 2732 2733 2730 2115 
549 468 885 1059 1058 2289 2734 2733 2735 
550 386 975 1059 885 2509 2731 2734 2286 
551 422 1027 1062 1061 2655 2736 2737 2738 
552 235 236 1062 1027 297 2739 2736 2652 
553 237 1060 1062 236 2740 2741 2739 298 
554 366 1061 1062 1060 2742 2737 2741 2743 
555 524 1063 1067 1066 2744 2745 2746 2747 
556 565 1064 1067 1063 2748 2749 2745 2750 
557 542 1065 1067 1064 2751 2752 2749 2753 
558 484 1066 1067 1065 2754 2746 2752 2755 
559 421 1022 1070 1069 2641 2756 2757 2758 
560 61 62 1070 1022 123 2759 2756 2638 
561 63 1068 1070 62 2760 2761 2759 124 
562 370 1069 1070 1068 2762 2757 2761 2763 
563 531 1071 1072 1055 2764 2765 2766 2724 
564 497 1036 1072 1071 2679 2767 2765 2768 
565 549 952 1072 1036 2458 2769 2767 2675 
566 580 1055 1072 952 2728 2766 2769 2454 
567 490 1073 1076 795 2770 2771 2772 2062 
568 413 1074 1076 1073 2773 2774 2771 2775 
569 501 1075 1076 1074 2776 2777 2774 2778 
570 528 795 1076 1075 2067 2772 2777 2779 
571 587 1077 1080 1079 2780 2781 2782 2783 
572 574 872 1080 1077 2255 2784 2781 2785 
573 492 1078 1080 872 2786 2787 2784 2252 
574 550 1079 1080 1078 2788 2782 2787 2789 
575 360 1081 1082 1046 2790 2791 2792 2702 
576 105 106 1082 1081 167 2793 2791 2794 
577 107 1025 1082 106 2646 2795 2793 168 
578 423 1046 1082 1025 2698 2792 2795 2642 
579 606 1083 1085 982 2796 2797 2798 2533 
580 584 1084 1085 1083 2799 2800 2797 2801 
581 531 1054 1085 1084 2726 2802 2800 2803 
582 649 982 1085 1054 2537 2798 2802 2720 
583 382 1052 1087 1034 2714 2804 2805 2666 
584 384 1086 1087 1052 2806 2807 2804 2718 
585 279 280 1087 1086 341 2808 2807 2809 
586 281 1034 1087 280 2670 2805 2808 342 
587 472 960 1091 1090 2481 2810 2811 2812 
588 509 1088 1091 960 2813 2814 2810 2476 
589 359 1089 1091 1088 2815 2816 2814 2817 
590 426 1090 1091 1089 2818 2811 2816 2819 
591 551 1092 1094 1009 2820 2821 2822 2604 
592 415 1093 1094 1092 2823 2824 2821 2825 
593 473 1015 1094 1093 2623 2826 2824 2827 
594 511 1009 1094 1015 2609 2822 2826 2619 
595 366 1060 1096 1001 2743 2828 2829 2581 
596 237 238 1096 1060 299 2830 2828 2740 
597 239 1095 1096 238 2831 2832 2830 300 
598 424 1001 1096 1095 2585 2829 2832 2833 
599 626 1097 1101 1100 2834 2835 2836 2837 
600 576 1098 1101 1097 2838 2839 2835 2840 
601 636 1099 1101 1098 2841 2842 2839 2843 
602 676 1100 1101 1099 2844 2836 2842 2845 
603 370 1068 1103 1006 2763 2846 2847 2595 
604 63 64 1103 1068 125 2848 2846 2760 
605 65 1102 1103 64 2849 2850 2848 126 
606 425 1006 1103 1102 2599 2847 2850 2851 
607 442 1104 1107 1106 2852 2853 2854 2855 
608 371 1105 1107 1104 2856 2857 2853 2858 
609 453 969 1107 1105 2501 2859 2857 2860 
610 525 1106 1107 969 2861 2854 2859 2496 
611 476 1108 1112 1111 2862 2863 2864 2865 
612 552 1109 1112 1108 2866 2867 2863 2868 
613 503 1110 1112 1109 2869 2870 2867 2871 
614 477 1111 1112 1110 2872 2864 2870 2873 
615 502 1113 1117 1116 2874 2875 2876 2877 
616 548 1114 1117 1113 2878 2879 2875 2880 
617 410 1115 1117 1114 2881 2882 2879 2883 
618 475 1116 1117 1115 2884 2876 2882 2885 
619 539 1118 1121 1120 2886 2887 2888 2889 
620 552 1108 1121 1118 2868 2890 2887 2891 
621 476 1119 1121 1108 2892 2893 2890 2862 
622 516 1120 1121 1119 2894 2888 2893 2895 
623 568 1122 1126 1125 2896 2897 2898 2899 
624 651 1123 1126 1122 2900 2901 2897 2902 
625 640 1124 1126 1123 2903 2904 2901 2905 
626 623 1125 1126 1124 2906 2898 2904 2907 
627 384 1127 1129 1086 2908 2909 2910 2806 
628 390 1128 1129 1127 2911 2912 2909 2913 
629 277 278 1129 1128 339 2914 2912 2915 
630 279 1086 1129 278 2809 2910 2914 340 
631 503 1130 1133 1110 2916 2917 2918 2869 
632 550 1131 1133 1130 2919 2920 2917 2921 
633 406 1132 1133 1131 2922 2923 2920 2924 
634 477 1110 1133 1132 2873 2918 2923 2925 
635 529 1134 1138 1137 2926 2927 2928 2929 
636 650 1135 1138 1134 2930 2931 2927 2932 
637 621 1136 1138 1135 2933 2934 2931 2935 
638 588 1137 1138 1136 2936 2928 2934 2937 
639 551 1008 1141 1140 2606 2938 2939 2940 
640 568 1125 1141 1008 2899 2941 2938 2600 
641 623 1139 1141 1125 2942 2943 2941 2906 
642 493 1140 1141 1139 2944 2939 2943 2945 
643 691 1142 1146 1145 2946 2947 2948 2949 
644 677 1143 1146 1142 2950 2951 2947 2952 
645 639 1144 1146 1143 2953 2954 2951 2955 
646 687 1145 1146 1144 2956 2948 2954 2957 
647 376 806 1149 1148 2093 2958 2959 2960 
648 448 940 1149 806 2419 2961 2958 2089 
649 489 1147 1149 940 2962 2963 2961 2426 
650 372 1148 1149 1147 2964 2959 2963 2965 
651 539 1150 1153 1118 2966 2967 2968 2886 
652 612 1151 1153 1150 2969 2970 2967 2971 
653 576 1152 1153 1151 2972 2973 2970 2974 
654 552 1118 1153 1152 2891 2968 2973 2975 
655 612 1150 1156 1018 2971 2976 2977 2624 
656 539 1154 1156 1150 2978 2979 2976 2966 
657 590 1155 1156 1154 2980 2981 2979 2982 
658 620 1018 1156 1155 2630 2977 2981 2983 
659 473 1157 1159 1016 2984 2985 2986 2622 
660 385 1158 1159 1157 2987 2988 2985 2989 
661 360 1045 1159 1158 2703 2990 2988 2991 
662 411 1016 1159 1045 2615 2986 2990 2700 
663 475 1160 1163 1116 2992 2993 2994 2884 
664 474 1161 1163 1160 2995 2996 2993 2997 
665 538 1162 1163 1161 2998 2999 2996 3000 
666 502 1116 1163 1162 2877 2994 2999 3001 
667 471 903 1167 1166 2325 3002 3003 3004 
668 397 1164 1167 903 3005 3006 3002 2332 
669 354 1165 1167 1164 3007 3008 3006 3009 
670 410 1166 1167 1165 3010 3003 3008 3011 
671 426 1168 1171 1090 3012 3013 3014 2818 
672 390 1169 1171 1168 3015 3016 3013 3017 
673 478 1170 1171 1169 3018 3019 3016 3020 
674 472 1090 1171 1170 2812 3014 3019 3021 
675 470 890 1175 1174 2293 3022 3023 3024 
676 383 1172 1175 890 3025 3026 3022 2300 
677 355 1173 1175 1172 3027 3028 3026 3029 
678 406 1174 1175 1173 3030 3023 3028 3031 
679 415 1092 1178 1177 2825 3032 3033 3034 
680 551 1140 1178 1092 2940 3035 3032 2820 
681 493 1176 1178 1140 3036 3037 3035 2944 
682 480 1177 1178 1176 3038 3033 3037 3039 
683 424 1095 1180 889 2833 3040 3041 2297 
684 239 240 1180 1095 301 3042 3040 2831 
685 241 1179 1180 240 3043 3044 3042 302 
686 383 889 1180 1179 2301 3041 3044 3045 
687 547 1181 1184 962 3046 3047 3048 2482 
688 567 1182 1184 1181 3049 3050 3047 3051 
689 627 1183 1184 1182 3052 3053 3050 3054 
690 537 962 1184 1183 2475 3048 3053 3055 
691 509 959 1188 1187 2478 3056 3057 3058 
692 537 1185 1188 959 3059 3060 3056 2472 
693 494 1186 1188 1185 3061 3062 3060 3063 
694 481 1187 1188 1186 3064 3057 3062 3065 
695 425 1102 1190 902 2851 3066 3067 2329 
696 65 66 1190 1102 127 3068 3066 2849 
697 67 1189 1190 66 3069 3070 3068 128 
698 397 902 1190 1189 2333 3067 3070 3071 
699 625 1191 1194 1193 3072 3073 3074 3075 
700 589 1192 1194 1191 3076 3077 3073 3078 
701 635 723 1194 1192 1894 3079 3077 3080 
702 678 1193 1194 723 3081 3074 3079 1889 
703 481 1195 1197 1187 3082 3083 3084 3064 
704 430 1196 1197 1195 3085 3086 3083 3087 
705 359 1088 1197 1196 2817 3088 3086 3089 
706 509 1187 1197 1088 3058 3084 3088 2813 
707 667 1198 1201 731 3090 3091 3092 1908 
708 651 1199 1201 1198 3093 3094 3091 3095 
709 619 1200 1201 1199 3096 3097 3094 3098 
710 664 731 1201 1200 1911 3092 3097 3099 
711 390 1168 1203 1128 3017 3100 3101 2911 
712 426 1202 1203 1168 3102 3103 3100 3012 
713 275 276 1203 1202 337 3104 3103 3105 
714 277 1128 1203 276 2915 3101 3104 338 
715 359 1204 1205 1089 3106 3107 3108 2815 
716 273 274 1205 1204 335 3109 3107 3110 
717 275 1202 1205 274 3105 3111 3109 336 
718 426 1089 1205 1202 2819 3108 3111 3102 
719 624 1206 1210 1209 3112 3113 3114 3115 
720 554 1207 1210 1206 3116 3117 3113 3118 
721 494 1208 1210 1207 3119 3120 3117 3121 
722 569 1209 1210 1208 3122 3114 3120 3123 
723 623 1124 1214 1213 2907 3124 3125 3126 
724 640 1211 1214 1124 3127 3128 3124 2903 
725 679 1212 1214 1211 3129 3130 3128 3131 
726 570 1213 1214 1212 3132 3125 3130 3133 
727 639 1215 1218 1217 3134 3135 3136 3137 
728 627 1182 1218 1215 3054 3138 3135 3139 
729 567 1216 1218 1182 3140 3141 3138 3049 
730 654 1217 1218 1216 3142 3136 3141 3143 
731 625 1219 1221 1191 3144 3145 3146 3072 
732 502 1162 1221 1219 3001 3147 3145 3148 
733 538 1220 1221 1162 3149 3150 3147 2998 
734 589 1191 1221 1220 3078 3146 3150 3151 
735 587 1222 1224 1223 3152 3153 3154 3155 
736 626 1100 1224 1222 2837 3156 3153 3157 
737 676 716 1224 1100 1878 3158 3156 2844 
738 653 1223 1224 716 3159 3154 3158 1873 
739 540 1225 1229 1228 3160 3161 3162 3163 
740 513 1226 1229 1225 3164 3165 3161 3166 
741 479 1227 1229 1226 3167 3168 3165 3169 
742 553 1228 1229 1227 3170 3162 3168 3171 
743 626 1230 1231 1097 3172 3173 3174 2834 
744 503 1109 1231 1230 2871 3175 3173 3176 
745 552 1152 1231 1109 2975 3177 3175 2866 
746 576 1097 1231 1152 2840 3174 3177 2972 
747 569 1232 1235 1209 3178 3179 3180 3122 
748 677 1233 1235 1232 3181 3182 3179 3183 
749 645 1234 1235 1233 3184 3185 3182 3186 
750 624 1209 1235 1234 3115 3180 3185 3187 
751 512 1236 1239 1238 3188 3189 3190 3191 
752 478 1237 1239 1236 3192 3193 3189 3194 
753 405 1037 1239 1237 2681 3195 3193 3196 
754 497 1238 1239 1037 3197 3190 3195 2677 
755 669 1240 1243 1242 3198 3199 3200 3201 
756 668 1241 1243 1240 3202 3203 3199 3204 
757 621 1135 1243 1241 2935 3205 3203 3206 
758 650 1242 1243 1135 3207 3200 3205 2930 
759 385 1157 1246 1245 2989 3208 3209 3210 
760 473 1093 1246 1157 2827 3211 3208 2984 
761 415 1244 1246 1093 3212 3213 3211 2823 
762 387 1245 1246 1244 3214 3209 3213 3215 
763 570 1247 1249 1213 3216 3217 3218 3132 
764 553 1248 1249 1247 3219 3220 3217 3221 
765 493 1139 1249 1248 2945 3222 3220 3223 
766 623 1213 1249 1139 3126 3218 3222 2942 
767 407 1250 1253 1252 3224 3225 3226 3227 
768 374 1251 1253 1250 3228 3229 3225 3230 
769 430 1195 1253 1251 3087 3231 3229 3232 
770 481 1252 1253 1195 3233 3226 3231 3082 
771 589 1220 1256 1255 3151 3234 3235 3236 
772 538 1254 1256 1220 3237 3238 3234 3149 
773 588 1136 1256 1254 2937 3239 3238 3240 
774 621 1255 1256 1136 3241 3235 3239 2933 
775 481 1186 1258 1252 3065 3242 3243 3233 
776 494 1207 1258 1186 3121 3244 3242 3061 
777 554 1257 1258 1207 3245 3246 3244 3116 
778 407 1252 1258 1257 3227 3243 3246 3247 
779 470 1174 1259 988 3024 3248 3249 2548 
780 406 1131 1259 1174 2924 3250 3248 3030 
781 550 1078 1259 1131 2789 3251 3250 2919 
782 492 988 1259 1078 2551 3249 3251 2786 
783 471 1166 1260 992 3004 3252 3253 2560 
784 410 1114 1260 1166 2883 3254 3252 3010 
785 548 1031 1260 1114 2665 3255 3254 2878 
786 491 992 1260 1031 2564 3253 3255 2661 
787 662 1261 1263 1262 3256 3257 3258 3259 
788 645 1233 1263 1261 3186 3260 3257 3261 
789 677 1142 1263 1233 2952 3262 3260 3181 
790 691 1262 1263 1142 3263 3258 3262 2946 
791 385 1264 1265 1158 3264 3265 3266 2987 
792 103 104 1265 1264 165 3267 3265 3268 
793 105 1081 1265 104 2794 3269 3267 166 
794 360 1158 1265 1081 2991 3266 3269 2790 
795 666 1266 1268 705 3270 3271 3272 1848 
796 654 1267 1268 1266 3273 3274 3271 3275 
797 606 981 1268 1267 2535 3276 3274 3277 
798 665 705 1268 981 1854 3272 3276 2531 
799 619 1269 1272 1271 3278 3279 3280 3281 
800 586 1270 1272 1269 3282 3283 3279 3284 
801 530 892 1272 1270 2309 3285 3283 3286 
802 611 1271 1272 892 3287 3280 3285 2305 
803 428 1273 1277 1276 3288 3289 3290 3291 
804 388 1274 1277 1273 3292 3293 3289 3294 
805 480 1275 1277 1274 3295 3296 3293 3297 
806 479 1276 1277 1275 3298 3290 3296 3299 
807 650 1278 1281 1242 3300 3301 3302 3207 
808 607 1279 1281 1278 3303 3304 3301 3305 
809 670 1280 1281 1279 3306 3307 3304 3308 
810 669 1242 1281 1280 3201 3302 3307 3309 
811 641 1282 1285 1284 3310 3311 3312 3313 
812 628 1283 1285 1282 3314 3315 3311 3316 
813 570 1212 1285 1283 3133 3317 3315 3318 
814 679 1284 1285 1212 3319 3312 3317 3129 
815 515 1286 1289 1288 3320 3321 3322 3323 
816 482 1287 1289 1286 3324 3325 3321 3326 
817 407 1257 1289 1287 3247 3327 3325 3328 
818 554 1288 1289 1257 3329 3322 3327 3245 
819 539 1120 1292 1154 2889 3330 3331 2978 
820 516 1290 1292 1120 3332 3333 3330 2894 
821 450 1291 1292 1290 3334 3335 3333 3336 
822 590 1154 1292 1291 2982 3331 3335 3337 
823 550 1130 1293 1079 2921 3338 3339 2788 
824 503 1230 1293 1130 3176 3340 3338 2916 
825 626 1222 1293 1230 3157 3341 3340 3172 
826 587 1079 1293 1222 2783 3339 3341 3152 
827 588 1294 1297 1137 3342 3343 3344 2936 
828 514 1295 1297 1294 3345 3346 3343 3347 
829 452 1296 1297 1295 3348 3349 3346 3350 
830 529 1137 1297 1296 2929 3344 3349 3351 
831 387 1298 1299 1245 3352 3353 3354 3214 
832 101 102 1299 1298 163 3355 3353 3356 
833 103 1264 1299 102 3268 3357 3355 164 
834 385 1245 1299 1264 3210 3354 3357 3264 
835 554 1206 1302 1288 3118 3358 3359 3329 
836 624 1300 1302 1206 3360 3361 3358 3112 
837 591 1301 1302 1300 3362 3363 3361 3364 
838 515 1288 1302 1301 3323 3359 3363 3365 
839 548 1113 1304 1032 2880 3366 3367 2664 
840 502 1219 1304 1113 3148 3368 3366 2874 
841 625 1303 1304 1219 3369 3370 3368 3144 
842 575 1032 1304 1303 2658 3367 3370 3371 
843 515 1301 1308 1307 3365 3372 3373 3374 
844 591 1305 1308 1301 3375 3376 3372 3362 
845 592 1306 1308 1305 3377 3378 3376 3379 
846 556 1307 1308 1306 3380 3373 3378 3381 
847 557 1309 1313 1312 3382 3383 3384 3385 
848 555 1310 1313 1309 3386 3387 3383 3388 
849 517 1311 1313 1310 3389 3390 3387 3391 
850 460 1312 1313 1311 3392 3384 3390 3393 
851 613 1314 1318 1317 3394 3395 3396 3397 
852 593 1315 1318 1314 3398 3399 3395 3400 
853 540 1316 1318 1315 3401 3402 3399 3403 
854 628 1317 1318 1316 3404 3396 3402 3405 
855 590 1319 1322 1155 3406 3407 3408 2980 
856 555 1320 1322 1319 3409 3410 3407 3411 
857 571 1321 1322 1320 3412 3413 3410 3414 
858 620 1155 1322 1321 2983 3408 3413 3415 
859 388 1323 1325 1324 3416 3417 3418 3419 
860 99 100 1325 1323 161 3420 3417 3421 
861 101 1298 1325 100 3356 3422 3420 162 
862 387 1324 1325 1298 3423 3418 3422 3352 
863 567 1181 1329 1328 3051 3424 3425 3426 
864 547 1326 1329 1181 3427 3428 3424 3046 
865 512 1327 1329 1326 3429 3430 3428 3431 
866 584 1328 1329 1327 3432 3425 3430 3433 
867 556 1330 1332 1307 3434 3435 3436 3380 
868 462 1331 1332 1330 3437 3438 3435 3439 
869 482 1286 1332 1331 3326 3440 3438 3441 
870 515 1307 1332 1286 3374 3436 3440 3320 
871 642 1333 1335 737 3442 3443 3444 1921 
872 603 1334 1335 1333 3445 3446 3443 3447 
873 645 1261 1335 1334 3261 3448 3446 3449 
874 662 737 1335 1261 1926 3444 3448 3256 
875 633 1336 1339 1338 3450 3451 3452 3453 
876 592 1305 1339 1336 3379 3454 3451 3455 
877 591 1337 1339 1305 3456 3457 3454 3375 
878 603 1338 1339 1337 3458 3452 3457 3459 
879 569 1208 1341 1340 3123 3460 3461 3462 
880 494 1185 1341 1208 3063 3463 3460 3119 
881 537 1183 1341 1185 3055 3464 3463 3059 
882 627 1340 1341 1183 3465 3461 3464 3052 
883 677 1232 1342 1143 3183 3466 3467 2950 
884 569 1340 1342 1232 3462 3468 3466 3178 
885 627 1215 1342 1340 3139 3469 3468 3465 
886 639 1143 1342 1215 2955 3467 3469 3134 
887 603 1337 1343 1334 3459 3470 3471 3445 
888 591 1300 1343 1337 3364 3472 3470 3456 
889 624 1234 1343 1300 3187 3473 3472 3360 
890 645 1334 1343 1234 3449 3471 3473 3184 
891 479 1226 1346 1276 3169 3474 3475 3298 
892 513 1344 1346 1226 3476 3477 3474 3164 
893 362 1345 1346 1344 3478 3479 3477 3480 
894 428 1276 1346 1345 3291 3475 3479 3481 
895 682 1347 1351 1350 3482 3483 3484 3485 
896 646 1348 1351 1347 3486 3487 3483 3488 
897 672 1349 1351 1348 3489 3490 3487 3491 
898 693 1350 1351 1349 3492 3484 3490 3493 
899 428 1352 1353 1273 3494 3495 3496 3288 
900 97 98 1353 1352 159 3497 3495 3498 
901 99 1323 1353 98 3421 3499 3497 160 
902 388 1273 1353 1323 3294 3496 3499 3416 
903 628 1282 1356 1317 3316 3500 3501 3404 
904 641 1354 1356 1282 3502 3503 3500 3310 
905 681 1355 1356 1354 3504 3505 3503 3506 
906 613 1317 1356 1355 3397 3501 3505 3507 
907 634 1357 1360 1359 3508 3509 3510 3511 
908 659 757 1360 1357 1974 3512 3509 3513 
909 610 1358 1360 757 3514 3515 3512 1968 
910 602 1359 1360 1358 3516 3510 3515 3517 
911 387 1244 1361 1324 3215 3518 3519 3423 
912 415 1177 1361 1244 3034 3520 3518 3212 
913 480 1274 1361 1177 3297 3521 3520 3038 
914 388 1324 1361 1274 3419 3519 3521 3292 
915 590 1291 1363 1319 3337 3522 3523 3406 
916 450 1362 1363 1291 3524 3525 3522 3334 
917 517 1310 1363 1362 3391 3526 3525 3527 
918 555 1319 1363 1310 3411 3523 3526 3386 
919 475 1364 1367 1160 3528 3529 3530 2992 
920 439 1365 1367 1364 3531 3532 3529 3533 
921 398 1366 1367 1365 3534 3535 3532 3536 
922 474 1160 1367 1366 2997 3530 3535 3537 
923 556 1306 1371 1370 3381 3538 3539 3540 
924 592 1368 1371 1306 3541 3542 3538 3377 
925 532 1369 1371 1368 3543 3544 3542 3545 
926 496 1370 1371 1369 3546 3539 3544 3547 
927 633 1372 1376 1375 3548 3549 3550 3551 
928 671 1373 1376 1372 3552 3553 3549 3554 
929 694 1374 1376 1373 3555 3556 3553 3557 
930 656 1375 1376 1374 3558 3550 3556 3559 
931 680 1377 1380 1379 3560 3561 3562 3563 
932 670 1279 1380 1377 3308 3564 3561 3565 
933 607 1378 1380 1279 3566 3567 3564 3303 
934 655 1379 1380 1378 3568 3562 3567 3569 
935 630 1381 1385 1384 3570 3571 3572 3573 
936 572 1382 1385 1381 3574 3575 3571 3576 
937 608 1383 1385 1382 3577 3578 3575 3579 
938 646 1384 1385 1383 3580 3572 3578 3581 
939 533 1386 1389 1388 3582 3583 3584 3585 
940 655 1378 1389 1386 3569 3586 3583 3587 
941 607 1387 1389 1378 3588 3589 3586 3566 
942 594 1388 1389 1387 3590 3584 3589 3591 
943 513 1225 1392 1391 3166 3592 3593 3594 
944 540 1315 1392 1225 3403 3595 3592 3160 
945 593 1390 1392 1315 3596 3597 3595 3398 
946 451 1391 1392 1390 3598 3593 3597 3599 
947 451 1393 1395 1391 3600 3601 3602 3598 
948 432 1394 1395 1393 3603 3604 3601 3605 
949 362 1344 1395 1394 3480 3606 3604 3607 
950 513 1391 1395 1344 3594 3602 3606 3476 
951 593 1314 1399 1398 3400 3608 3609 3610 
952 613 1396 1399 1314 3611 3612 3608 3394 
953 577 1397 1399 1396 3613 3614 3612 3615 
954 558 1398 1399 1397 3616 3609 3614 3617 
955 655 1400 1403 1379 3618 3619 3620 3568 
956 629 1401 1403 1400 3621 3622 3619 3623 
957 644 1402 1403 1401 3624 3625 3622 3626 
958 680 1379 1403 1402 3563 3620 3625 3627 
959 362 1404 1405 1345 3628 3629 3630 3478 
960 95 96 1405 1404 157 3631 3629 3632 
961 97 1352 1405 96 3498 3633 3631 158 
962 428 1345 1405 1352 3481 3630 3633 3494 
963 643 1406 1408 1407 3634 3635 3636 3637 
964 577 1396 1408 1406 3615 3638 3635 3639 
965 613 1355 1408 1396 3507 3640 3638 3611 
966 681 1407 1408 1355 3641 3636 3640 3504 
967 656 1409 1410 1375 3642 3643 3644 3558 
968 532 1368 1410 1409 3545 3645 3643 3646 
969 592 1336 1410 1368 3455 3647 3645 3541 
970 633 1375 1410 1336 3551 3644 3647 3450 
971 558 1411 1413 1398 3648 3649 3650 3616 
972 518 1412 1413 1411 3651 3652 3649 3653 
973 451 1390 1413 1412 3599 3654 3652 3655 
974 593 1398 1413 1390 3610 3650 3654 3596 
975 557 1414 1417 1416 3656 3657 3658 3659 
976 495 1415 1417 1414 3660 3661 3657 3662 
977 572 1381 1417 1415 3576 3663 3661 3664 
978 630 1416 1417 1381 3665 3658 3663 3570 
979 646 1347 1420 1384 3488 3666 3667 3580 
980 682 1418 1420 1347 3668 3669 3666 3482 
981 571 1419 1420 1418 3670 3671 3669 3672 
982 630 1384 1420 1419 3573 3667 3671 3673 
983 693 1421 1424 1350 3674 3675 3676 3492 
984 690 1422 1424 1421 3677 3678 3675 3679 
985 637 1423 1424 1422 3680 3681 3678 3682 
986 682 1350 1424 1423 3485 3676 3681 3683 
987 673 1425 1429 1428 3684 3685 3686 3687 
988 692 1426 1429 1425 3688 3689 3685 3690 
989 658 1427 1429 1426 3691 3692 3689 3693 
990 609 1428 1429 1427 3694 3686 3692 3695 
991 474 1366 1433 1432 3537 3696 3697 3698 
992 398 1430 1433 1366 3699 3700 3696 3534 
993 440 1431 1433 1430 3701 3702 3700 3703 
994 514 1432 1433 1431 3704 3697 3702 3705 
995 650 1134 1435 1278 2932 3706 3707 3300 
996 529 1434 1435 1134 3708 3709 3706 2926 
997 594 1387 1435 1434 3591 3710 3709 3711 
998 607 1278 1435 1387 3305 3707 3710 3588 
999 439 1364 1437 1436 3533 3712 3713 3714 
1000 475 1115 1437 1364 2885 3715 3712 3528 
1001 410 1165 1437 1115 3011 3716 3715 2881 
1002 354 1436 1437 1165 3717 3713 3716 3007 
1003 684 1438 1440 744 3718 3719 3720 1937 
1004 631 1439 1440 1438 3721 3722 3719 3723 
1005 577 1406 1440 1439 3639 3724 3722 3725 
1006 643 744 1440 1406 1942 3720 3724 3634 
1007 558 1397 1443 1442 3617 3726 3727 3728 
1008 577 1439 1443 1397 3725 3729 3726 3613 
1009 631 1441 1443 1439 3730 3731 3729 3721 
1010 559 1442 1443 1441 3732 3727 3731 3733 
1011 674 1444 1446 1445 3734 3735 3736 3737 
1012 672 1348 1446 1444 3491 3738 3735 3739 
1013 646 1383 1446 1348 3581 3740 3738 3486 
1014 608 1445 1446 1383 3741 3736 3740 3577 
1015 514 1294 1447 1432 3347 3742 3743 3704 
1016 588 1254 1447 1294 3240 3744 3742 3342 
1017 538 1161 1447 1254 3000 3745 3744 3237 
1018 474 1432 1447 1161 3698 3743 3745 2995 
1019 632 1448 1452 1451 3746 3747 3748 3749 
1020 578 1449 1452 1448 3750 3751 3747 3752 
1021 657 1450 1452 1449 3753 3754 3751 3755 
1022 683 1451 1452 1450 3756 3748 3754 3757 
1023 516 1453 1456 1290 3758 3759 3760 3332 
1024 434 1454 1456 1453 3761 3762 3759 3763 
1025 358 1455 1456 1454 3764 3765 3762 3766 
1026 450 1290 1456 1455 3336 3760 3765 3767 
1027 476 1457 1459 1119 3768 3769 3770 2892 
1028 396 1458 1459 1457 3771 3772 3769 3773 
1029 434 1453 1459 1458 3763 3774 3772 3775 
1030 516 1119 1459 1453 2895 3770 3774 3758 
1031 477 1460 1462 1111 3776 3777 3778 2872 
1032 436 1461 1462 1460 3779 3780 3777 3781 
1033 396 1457 1462 1461 3773 3782 3780 3783 
1034 476 1111 1462 1457 2865 3778 3782 3768 
1035 553 1247 1463 1228 3221 3784 3785 3170 
1036 570 1283 1463 1247 3318 3786 3784 3216 
1037 628 1316 1463 1283 3405 3787 3786 3314 
1038 540 1228 1463 1316 3163 3785 3787 3401 
1039 609 1464 1466 1428 3788 3789 3790 3694 
1040 656 1374 1466 1464 3559 3791 3789 3792 
1041 694 1465 1466 1374 3793 3794 3791 3555 
1042 673 1428 1466 1465 3687 3790 3794 3795 
1043 558 1442 1469 1411 3728 3796 3797 3648 
1044 559 1467 1469 1442 3798 3799 3796 3732 
1045 461 1468 1469 1467 3800 3801 3799 3802 
1046 518 1411 1469 1468 3653 3797 3801 3803 
1047 529 1296 1472 1434 3351 3804 3805 3708 
1048 452 1470 1472 1296 3806 3807 3804 3348 
1049 521 1471 1472 1470 3808 3809 3807 3810 
1050 594 1434 1472 1471 3711 3805 3809 3811 
1051 629 1473 1475 1401 3812 3813 3814 3621 
1052 632 1451 1475 1473 3749 3815 3813 3816 
1053 683 1474 1475 1451 3817 3818 3815 3756 
1054 644 1401 1475 1474 3626 3814 3818 3819 
1055 559 1441 1479 1478 3733 3820 3821 3822 
1056 631 1476 1479 1441 3823 3824 3820 3730 
1057 578 1477 1479 1476 3825 3826 3824 3827 
1058 498 1478 1479 1477 3828 3821 3826 3829 
1059 632 1473 1483 1482 3816 3830 3831 3832 
1060 629 1480 1483 1473 3833 3834 3830 3812 
1061 597 1481 1483 1480 3835 3836 3834 3837 
1062 541 1482 1483 1481 3838 3831 3836 3839 
1063 450 1455 1486 1362 3767 3840 3841 3524 
1064 358 1484 1486 1455 3842 3843 3840 3764 
1065 435 1485 1486 1484 3844 3845 3843 3846 
1066 517 1362 1486 1485 3527 3841 3845 3847 
1067 657 1449 1487 741 3755 3848 3849 1932 
1068 578 1476 1487 1449 3827 3850 3848 3750 
1069 631 1438 1487 1476 3723 3851 3850 3823 
1070 684 741 1487 1438 1936 3849 3851 3718 
1071 658 1488 1491 1427 3852 3853 3854 3691 
1072 595 1489 1491 1488 3855 3856 3853 3857 
1073 596 1490 1491 1489 3858 3859 3856 3860 
1074 609 1427 1491 1490 3695 3854 3859 3861 
1075 436 1460 1493 1492 3781 3862 3863 3864 
1076 477 1132 1493 1460 2925 3865 3862 3776 
1077 406 1173 1493 1132 3031 3866 3865 2922 
1078 355 1492 1493 1173 3867 3863 3866 3027 
1079 674 1445 1496 1495 3737 3868 3869 3870 
1080 608 1494 1496 1445 3871 3872 3868 3741 
1081 658 1426 1496 1494 3693 3873 3872 3874 
1082 692 1495 1496 1426 3875 3869 3873 3688 
1083 557 1312 1499 1414 3385 3876 3877 3656 
1084 460 1497 1499 1312 3878 3879 3876 3392 
1085 409 1498 1499 1497 3880 3881 3879 3882 
1086 495 1414 1499 1498 3662 3877 3881 3883 
1087 560 1500 1503 1502 3884 3885 3886 3887 
1088 520 1501 1503 1500 3888 3889 3885 3890 
1089 596 1489 1503 1501 3860 3891 3889 3892 
1090 595 1502 1503 1489 3893 3886 3891 3855 
1091 517 1485 1506 1311 3847 3894 3895 3389 
1092 435 1504 1506 1485 3896 3897 3894 3844 
1093 395 1505 1506 1504 3898 3899 3897 3900 
1094 460 1311 1506 1505 3393 3895 3899 3901 
1095 395 1507 1509 1505 3902 3903 3904 3898 
1096 357 1508 1509 1507 3905 3906 3903 3907 
1097 409 1497 1509 1508 3882 3908 3906 3909 
1098 460 1505 1509 1497 3901 3904 3908 3878 
1099 655 1386 1511 1400 3587 3910 3911 3618 
1100 533 1510 1511 1386 3912 3913 3910 3582 
1101 597 1480 1511 1510 3837 3914 3913 3915 
1102 629 1400 1511 1480 3623 3911 3914 3833 
1103 541 1481 1515 1514 3839 3916 3917 3918 
1104 597 1512 1515 1481 3919 3920 3916 3835 
1105 519 1513 1515 1512 3921 3922 3920 3923 
1106 465 1514 1515 1513 3924 3917 3922 3925 
1107 572 1516 1517 1382 3926 3927 3928 3574 
1108 595 1488 1517 1516 3857 3929 3927 3930 
1109 658 1494 1517 1488 3874 3931 3929 3852 
1110 608 1382 1517 1494 3579 3928 3931 3871 
1111 656 1464 1519 1409 3792 3932 3933 3642 
1112 609 1490 1519 1464 3861 3934 3932 3788 
1113 596 1518 1519 1490 3935 3936 3934 3858 
1114 532 1409 1519 1518 3646 3933 3936 3937 
1115 594 1471 1522 1388 3811 3938 3939 3590 
1116 521 1520 1522 1471 3940 3941 3938 3808 
1117 464 1521 1522 1520 3942 3943 3941 3944 
1118 533 1388 1522 1521 3585 3939 3943 3945 
1119 595 1516 1524 1502 3930 3946 3947 3893 
1120 572 1415 1524 1516 3664 3948 3946 3926 
1121 495 1523 1524 1415 3949 3950 3948 3660 
1122 560 1502 1524 1523 3887 3947 3950 3951 
1123 518 1525 1527 1412 3952 3953 3954 3651 
1124 391 1526 1527 1525 3955 3956 3953 3957 
1125 432 1393 1527 1526 3605 3958 3956 3959 
1126 451 1412 1527 1393 3655 3954 3958 3600 
1127 532 1518 1529 1369 3937 3960 3961 3543 
1128 596 1501 1529 1518 3892 3962 3960 3935 
1129 520 1528 1529 1501 3963 3964 3962 3888 
1130 496 1369 1529 1528 3547 3961 3964 3965 
1131 533 1521 1531 1510 3945 3966 3967 3912 
1132 464 1530 1531 1521 3968 3969 3966 3942 
1133 519 1512 1531 1530 3923 3970 3969 3971 
1134 597 1510 1531 1512 3915 3967 3970 3919 
1135 461 1532 1534 1468 3972 3973 3974 3800 
1136 431 1533 1534 1532 3975 3976 3973 3977 
1137 391 1525 1534 1533 3957 3978 3976 3979 
1138 518 1468 1534 1525 3803 3974 3978 3952 
1139 632 1482 1536 1448 3832 3980 3981 3746 
1140 541 1535 1536 1482 3982 3983 3980 3838 
1141 498 1477 1536 1535 3829 3984 3983 3985 
1142 578 1448 1536 1477 3752 3981 3984 3825 
1143 465 1537 1539 1514 3986 3987 3988 3924 
1144 412 1538 1539 1537 3989 3990 3987 3991 
1145 498 1535 1539 1538 3985 3992 3990 3993 
1146 541 1514 1539 1535 3918 3988 3992 3982 
1147 559 1478 1541 1467 3822 3994 3995 3798 
1148 498 1538 1541 1478 3993 3996 3994 3828 
1149 412 1540 1541 1538 3997 3998 3996 3989 
1150 461 1467 1541 1540 3802 3995 3998 3999 
1151 431 1532 1544 1543 3977 4000 4001 4002 
1152 461 1540 1544 1532 3999 4003 4000 3972 
1153 412 1542 1544 1540 4004 4005 4003 3997 
1154 361 1543 1544 1542 4006 4001 4005 4007 
1155 496 1528 1548 1547 3965 4008 4009 4010 
1156 520 1545 1548 1528 4011 4012 4008 3963 
1157 483 1546 1548 1545 4013 4014 4012 4015 
1158 408 1547 1548 1546 4016 4009 4014 4017 
1159 560 1549 1551 1500 4018 4019 4020 3884 
1160 463 1550 1551 1549 4021 4022 4019 4023 
1161 483 1545 1551 1550 4015 4024 4022 4025 
1162 520 1500 1551 1545 3890 4020 4024 4011 
1163 463 1549 1553 1552 4023 4026 4027 4028 
1164 560 1523 1553 1549 3951 4029 4026 4018 
1165 495 1498 1553 1523 3883 4030 4029 3949 
1166 409 1552 1553 1498 4031 4027 4030 3880 
1167 429 1554 1557 1556 4032 4033 4034 4035 
1168 392 1555 1557 1554 4036 4037 4033 4038 
1169 465 1513 1557 1555 3925 4039 4037 4040 
1170 519 1556 1557 1513 4041 4034 4039 3921 
1171 83 1558 1561 82 4042 4043 4044 144 
1172 429 1559 1561 1558 4045 4046 4043 4047 
1173 389 1560 1561 1559 4048 4049 4046 4050 
1174 81 82 1561 1560 143 4044 4049 4051 
1175 79 80 1564 1563 141 4052 4053 4054 
1176 81 1560 1564 80 4051 4055 4052 142 
1177 389 1562 1564 1560 4056 4057 4055 4048 
1178 438 1563 1564 1562 4058 4053 4057 4059 
1179 429 1558 1566 1554 4047 4060 4061 4032 
1180 83 84 1566 1558 145 4062 4060 4042 
1181 85 1565 1566 84 4063 4064 4062 146 
1182 392 1554 1566 1565 4038 4061 4064 4065 
1183 361 1542 1568 1567 4007 4066 4067 4068 
1184 412 1537 1568 1542 3991 4069 4066 4004 
1185 465 1555 1568 1537 4040 4070 4069 3986 
1186 392 1567 1568 1555 4071 4067 4070 4036 
1187 462 1569 1572 1331 4072 4073 4074 3437 
1188 433 1570 1572 1569 4075 4076 4073 4077 
1189 394 1571 1572 1570 4078 4079 4076 4080 
1190 482 1331 1572 1571 3441 4074 4079 4081 
1191 362 1394 1574 1404 3607 4082 4083 3628 
1192 432 1573 1574 1394 4084 4085 4082 3603 
1193 93 94 1574 1573 155 4086 4085 4087 
1194 95 1404 1574 94 3632 4083 4086 156 
1195 407 1287 1576 1250 3328 4088 4089 3224 
1196 482 1571 1576 1287 4081 4090 4088 3324 
1197 394 1575 1576 1571 4091 4092 4090 4078 
1198 374 1250 1576 1575 3230 4089 4092 4093 
1199 430 1577 1578 1196 4094 4095 4096 3085 
1200 271 272 1578 1577 333 4097 4095 4098 
1201 273 1204 1578 272 3110 4099 4097 334 
1202 359 1196 1578 1204 3089 4096 4099 3106 
1203 437 1579 1582 1581 4100 4101 4102 4103 
1204 393 1580 1582 1579 4104 4105 4101 4106 
1205 483 1550 1582 1580 4025 4107 4105 4108 
1206 463 1581 1582 1550 4109 4102 4107 4021 
1207 374 1583 1584 1251 4110 4111 4112 3228 
1208 269 270 1584 1583 331 4113 4111 4114 
1209 271 1577 1584 270 4098 4115 4113 332 
1210 430 1251 1584 1577 3232 4112 4115 4094 
1211 392 1565 1586 1567 4065 4116 4117 4071 
1212 85 86 1586 1565 147 4118 4116 4063 
1213 87 1585 1586 86 4119 4120 4118 148 
1214 361 1567 1586 1585 4068 4117 4120 4121 
1215 394 1570 1589 1588 4080 4122 4123 4124 
1216 433 1587 1589 1570 4125 4126 4122 4075 
1217 265 266 1589 1587 327 4127 4126 4128 
1218 267 1588 1589 266 4129 4123 4127 328 
1219 431 1590 1592 1533 4130 4131 4132 3975 
1220 89 90 1592 1590 151 4133 4131 4134 
1221 91 1591 1592 90 4135 4136 4133 152 
1222 391 1533 1592 1591 3979 4132 4136 4137 
1223 391 1591 1593 1526 4137 4138 4139 3955 
1224 91 92 1593 1591 153 4140 4138 4135 
1225 93 1573 1593 92 4087 4141 4140 154 
1226 432 1526 1593 1573 3959 4139 4141 4084 
1227 361 1585 1594 1543 4121 4142 4143 4006 
1228 87 88 1594 1585 149 4144 4142 4119 
1229 89 1590 1594 88 4134 4145 4144 150 
1230 431 1543 1594 1590 4002 4143 4145 4130 
1231 556 1370 1596 1330 3540 4146 4147 3434 
1232 496 1547 1596 1370 4010 4148 4146 3546 
1233 408 1595 1596 1547 4149 4150 4148 4016 
1234 462 1330 1596 1595 3439 4147 4150 4151 
1235 462 1595 1599 1569 4151 4152 4153 4072 
1236 408 1597 1599 1595 4154 4155 4152 4149 
1237 356 1598 1599 1597 4156 4157 4155 4158 
1238 433 1569 1599 1598 4077 4153 4157 4159 
1239 374 1575 1600 1583 4093 4160 4161 4110 
1240 394 1588 1600 1575 4124 4162 4160 4091 
1241 267 268 1600 1588 329 4163 4162 4129 
1242 269 1583 1600 268 4114 4161 4163 330 
1243 393 1601 1602 1580 4164 4165 4166 4104 
1244 356 1597 1602 1601 4158 4167 4165 4168 
1245 408 1546 1602 1597 4017 4169 4167 4154 
1246 483 1580 1602 1546 4108 4166 4169 4013 
1247 245 246 1605 1604 307 4170 4171 4172 
1248 247 1603 1605 246 4173 4174 4170 308 
1249 396 1461 1605 1603 3783 4175 4174 4176 
1250 436 1604 1605 1461 4177 4171 4175 3779 
1251 437 1606 1608 1579 4178 4179 4180 4100 
1252 259 260 1608 1606 321 4181 4179 4182 
1253 261 1607 1608 260 4183 4184 4181 322 
1254 393 1579 1608 1607 4106 4180 4184 4185 
1255 434 1458 1610 1609 3775 4186 4187 4188 
1256 396 1603 1610 1458 4176 4189 4186 3771 
1257 247 248 1610 1603 309 4190 4189 4173 
1258 249 1609 1610 248 4191 4187 4190 310 
1259 463 1552 1612 1581 4028 4192 4193 4109 
1260 409 1508 1612 1552 3909 4194 4192 4031 
1261 357 1611 1612 1508 4195 4196 4194 3905 
1262 437 1581 1612 1611 4103 4193 4196 4197 
1263 433 1598 1614 1587 4159 4198 4199 4125 
1264 356 1613 1614 1598 4200 4201 4198 4156 
1265 263 264 1614 1613 325 4202 4201 4203 
1266 265 1587 1614 264 4128 4199 4202 326 
1267 437 1611 1616 1606 4197 4204 4205 4178 
1268 357 1615 1616 1611 4206 4207 4204 4195 
1269 257 258 1616 1615 319 4208 4207 4209 
1270 259 1606 1616 258 4182 4205 4208 320 
1271 71 72 1619 1618 133 4210 4211 4212 
1272 73 1617 1619 72 4213 4214 4210 134 
1273 398 1365 1619 1617 3536 4215 4214 4216 
1274 439 1618 1619 1365 4217 4211 4215 3531 
1275 435 1620 1622 1504 4218 4219 4220 3896 
1276 253 254 1622 1620 315 4221 4219 4222 
1277 255 1621 1622 254 4223 4224 4221 316 
1278 395 1504 1622 1621 3900 4220 4224 4225 
1279 434 1609 1624 1454 4188 4226 4227 3761 
1280 249 250 1624 1609 311 4228 4226 4191 
1281 251 1623 1624 250 4229 4230 4228 312 
1282 358 1454 1624 1623 3766 4227 4230 4231 
1283 435 1484 1625 1620 3846 4232 4233 4218 
1284 358 1623 1625 1484 4231 4234 4232 3842 
1285 251 252 1625 1623 313 4235 4234 4229 
1286 253 1620 1625 252 4222 4233 4235 314 
1287 383 1179 1627 1172 3045 4236 4237 3025 
1288 241 242 1627 1179 303 4238 4236 3043 
1289 243 1626 1627 242 4239 4240 4238 304 
1290 355 1172 1627 1626 3029 4237 4240 4241 
1291 436 1492 1628 1604 3864 4242 4243 4177 
1292 355 1626 1628 1492 4241 4244 4242 3867 
1293 243 244 1628 1626 305 4245 4244 4239 
1294 245 1604 1628 244 4172 4243 4245 306 
1295 263 1613 1629 262 4203 4246 4247 324 
1296 356 1601 1629 1613 4168 4248 4246 4200 
1297 393 1607 1629 1601 4185 4249 4248 4164 
1298 261 262 1629 1607 323 4247 4249 4183 
1299 440 1430 1631 1630 3703 4250 4251 4252 
1300 398 1617 1631 1430 4216 4253 4250 3699 
1301 73 74 1631 1617 135 4254 4253 4213 
1302 75 1630 1631 74 4255 4251 4254 136 
1303 397 1189 1633 1164 3071 4256 4257 3005 
1304 67 68 1633 1189 129 4258 4256 3069 
1305 69 1632 1633 68 4259 4260 4258 130 
1306 354 1164 1633 1632 3009 4257 4260 4261 
1307 439 1436 1634 1618 3714 4262 4263 4217 
1308 354 1632 1634 1436 4261 4264 4262 3717 
1309 69 70 1634 1632 131 4265 4264 4259 
1310 71 1618 1634 70 4212 4263 4265 132 
1311 440 1630 1637 1636 4252 4266 4267 4268 
1312 75 76 1637 1630 137 4269 4266 4255 
1313 77 1635 1637 76 4270 4271 4269 138 
1314 353 1636 1637 1635 4272 4267 4271 4273 
1315 255 256 1638 1621 317 4274 4275 4223 
1316 257 1615 1638 256 4209 4276 4274 318 
1317 357 1507 1638 1615 3907 4277 4276 4206 
1318 395 1621 1638 1507 4225 4275 4277 3902 
1319 514 1431 1640 1295 3705 4278 4279 3345 
1320 440 1636 1640 1431 4268 4280 4278 3701 
1321 353 1639 1640 1636 4281 4282 4280 4272 
1322 452 1295 1640 1639 3350 4279 4282 4283 
1323 389 1559 1642 1641 4050 4284 4285 4286 
1324 429 1556 1642 1559 4035 4287 4284 4045 
1325 519 1530 1642 1556 3971 4288 4287 4041 
1326 464 1641 1642 1530 4289 4285 4288 3968 
1327 77 78 1644 1635 139 4290 4291 4270 
1328 79 1563 1644 78 4054 4292 4290 140 
1329 438 1643 1644 1563 4293 4294 4292 4058 
1330 353 1635 1644 1643 4273 4291 4294 4295 
1331 464 1520 1646 1641 3944 4296 4297 4289 
1332 521 1645 1646 1520 4298 4299 4296 3940 
1333 438 1562 1646 1645 4059 4300 4299 4301 
1334 389 1641 1646 1562 4286 4297 4300 4056 
1335 521 1470 1647 1645 3810 4302 4303 4298 
1336 452 1639 1647 1470 4283 4304 4302 3806 
1337 353 1643 1647 1639 4295 4305 4304 4281 
1338 438 1645 1647 1643 4301 4303 4305 4293 
1339 536 993 1649 773 2565 4306 4307 2008 
1340 491 1030 1649 993 2663 4308 4306 2562 
1341 618 1648 1649 1030 4309 4310 4308 2659 
1342 573 773 1649 1648 2013 4307 4310 4311 
1343 620 1321 1650 1019 3415 4312 4313 2628 
1344 571 1418 1650 1321 3672 4314 4312 3412 
1345 682 1423 1650 1418 3683 4315 4314 3668 
1346 637 1019 1650 1423 2632 4313 4315 3680 
1347 555 1309 1651 1320 3388 4316 4317 3409 
1348 557 1416 1651 1309 3659 4318 4316 3382 
1349 630 1419 1651 1416 3673 4319 4318 3665 
1350 571 1320 1651 1419 3414 4317 4319 3670 
1351 603 1333 1652 1338 3447 4320 4321 3458 
1352 642 734 1652 1333 1920 4322 4320 3442 
1353 671 1372 1652 734 3554 4323 4322 1916 
1354 633 1338 1652 1372 3453 4321 4323 3548 
1355 480 1176 1653 1275 3039 4324 4325 3295 
1356 493 1248 1653 1176 3223 4326 4324 3036 
1357 553 1227 1653 1248 3171 4327 4326 3219 
1358 479 1275 1653 1227 3299 4325 4327 3167 
1359 576 1151 1654 1098 2974 4328 4329 2838 
1360 612 1020 1654 1151 2627 4330 4328 2969 
1361 675 699 1654 1020 1840 4331 4330 2633 
1362 636 1098 1654 699 2843 4329 4331 1836 
1363 589 1255 1656 1192 3236 4332 4333 3076 
1364 621 1241 1656 1255 3206 4334 4332 3241 
1365 668 1655 1656 1241 4335 4336 4334 3202 
1366 635 1192 1656 1655 3080 4333 4336 4337 
1367 574 1077 1657 763 2785 4338 4339 1984 
1368 587 1223 1657 1077 3155 4340 4338 2780 
1369 653 713 1657 1223 1872 4341 4340 3159 
1370 605 763 1657 713 1989 4339 4341 1868 
1371 446 1658 1661 1660 4342 4343 4344 4345 
1372 372 1147 1661 1658 2965 4346 4343 4347 
1373 489 1659 1661 1147 4348 4349 4346 2962 
1374 526 1660 1661 1659 4350 4344 4349 4351 
1375 384 1051 1662 1127 2719 4352 4353 2908 
1376 405 1237 1662 1051 3196 4354 4352 2716 
1377 478 1169 1662 1237 3020 4355 4354 3192 
1378 390 1127 1662 1169 2913 4353 4355 3015 
1379 584 1083 1663 1328 2801 4356 4357 3432 
1380 606 1267 1663 1083 3277 4358 4356 2796 
1381 654 1216 1663 1267 3143 4359 4358 3273 
1382 567 1328 1663 1216 3426 4357 4359 3140 
1383 478 1236 1664 1170 3194 4360 4361 3018 
1384 512 1326 1664 1236 3431 4362 4360 3188 
1385 547 961 1664 1326 2483 4363 4362 3427 
1386 472 1170 1664 961 3021 4361 4363 2479 
1387 497 1071 1665 1238 2768 4364 4365 3197 
1388 531 1084 1665 1071 2803 4366 4364 2764 
1389 584 1327 1665 1084 3433 4367 4366 2799 
1390 512 1238 1665 1327 3191 4365 4367 3429 
1391 586 1269 1666 1011 3284 4368 4369 2610 
1392 619 1199 1666 1269 3098 4370 4368 3278 
1393 651 1122 1666 1199 2902 4371 4370 3093 
1394 568 1011 1666 1122 2603 4369 4371 2896 
1395 654 1266 1667 1217 3275 4372 4373 3142 
1396 666 710 1667 1266 1863 4374 4372 3270 
1397 687 1144 1667 710 2957 4375 4374 1860 
1398 639 1217 1667 1144 3137 4373 4375 2953 
1399 575 1303 1668 916 3371 4376 4377 2362 
1400 625 1193 1668 1303 3075 4378 4376 3369 
1401 678 720 1668 1193 1888 4379 4378 3081 
1402 652 916 1668 720 2365 4377 4379 1884 
1403 611 759 1669 1271 1979 4380 4381 3287 
1404 661 726 1669 759 1902 4382 4380 1975 
1405 664 1200 1669 726 3099 4383 4382 1896 
1406 619 1271 1669 1200 3281 4381 4383 3096 
1407 651 1198 1672 1123 3095 4384 4385 2900 
1408 667 1670 1672 1198 4386 4387 4384 3090 
1409 688 1671 1672 1670 4388 4389 4387 4390 
1410 640 1123 1672 1671 2905 4385 4389 4391 
1411 510 1040 1673 1014 2689 4392 4393 2616 
1412 530 1270 1673 1040 3286 4394 4392 2686 
1413 586 1010 1673 1270 2611 4395 4394 3282 
1414 511 1014 1673 1010 2621 4393 4395 2607 
1415 380 840 1676 1675 2179 4396 4397 4398 
1416 449 955 1676 840 2469 4399 4396 2174 
1417 488 1674 1676 955 4400 4401 4399 2465 
1418 379 1675 1676 1674 4402 4397 4401 4403 
1419 505 781 1677 950 2031 4404 4405 2453 
1420 543 837 1677 781 2169 4406 4404 2026 
1421 585 953 1677 837 2461 4407 4406 2166 
1422 508 950 1677 953 2450 4405 4407 2459 
1423 489 939 1679 1659 2427 4408 4409 4348 
1424 504 1678 1679 939 4410 4411 4408 2423 
1425 566 896 1679 1678 2317 4412 4411 4413 
1426 526 1659 1679 896 4351 4409 4412 2312 
1427 504 1680 1681 1678 4414 4415 4416 4410 
1428 546 775 1681 1680 2007 4417 4415 4418 
1429 599 853 1681 775 2210 4419 4417 2014 
1430 566 1678 1681 853 4413 4416 4419 2204 
1431 542 1064 1683 1682 2753 4420 4421 4422 
1432 565 865 1683 1064 2229 4423 4420 2748 
1433 634 1359 1683 865 3511 4424 4423 2236 
1434 602 1682 1683 1359 4425 4421 4424 3516 
1435 379 1674 1686 1685 4403 4426 4427 4428 
1436 488 912 1686 1674 2349 4429 4426 4400 
1437 414 1684 1686 912 4430 4431 4429 2354 
1438 368 1685 1686 1684 4432 4427 4431 4433 
1439 400 1687 1689 1688 4434 4435 4436 4437 
1440 444 967 1689 1687 2487 4438 4435 4439 
1441 524 1066 1689 967 2747 4440 4438 2494 
1442 484 1688 1689 1066 4441 4436 4440 2754 
1443 368 1684 1692 1691 4433 4442 4443 4444 
1444 414 1690 1692 1684 4445 4446 4442 4430 
1445 486 1048 1692 1690 2709 4447 4446 4448 
1446 443 1691 1692 1048 4449 4443 4447 2704 
1447 487 790 1694 927 2053 4450 4451 2393 
1448 416 851 1694 790 2203 4452 4450 2048 
1449 367 1693 1694 851 4453 4454 4452 2200 
1450 445 927 1694 1693 2387 4451 4454 4455 
1451 400 1688 1698 1697 4437 4456 4457 4458 
1452 484 1695 1698 1688 4459 4460 4456 4441 
1453 413 1696 1698 1695 4461 4462 4460 4463 
1454 373 1697 1698 1696 4464 4457 4462 4465 
1455 442 1699 1702 1701 4466 4467 4468 4469 
1456 363 1700 1702 1699 4470 4471 4467 4472 
1457 16 17 1702 1700 42 4473 4471 4474 
1458 18 1701 1702 17 4475 4468 4473 43 
1459 441 1703 1704 995 4476 4477 4478 2566 
1460 14 15 1704 1703 40 4479 4477 4480 
1461 16 1700 1704 15 4474 4481 4479 41 
1462 363 995 1704 1700 2572 4478 4481 4470 
1463 598 1705 1708 971 4482 4483 4484 2504 
1464 534 1706 1708 1705 4485 4486 4483 4487 
1465 454 1707 1708 1706 4488 4489 4486 4490 
1466 525 971 1708 1707 2499 4484 4489 4491 
1467 444 1709 1711 964 4492 4493 4494 2484 
1468 190 191 1711 1709 216 4495 4493 4496 
1469 192 1710 1711 191 4497 4498 4495 217 
1470 364 964 1711 1710 2490 4494 4498 4499 
1471 443 1049 1713 1712 2707 4500 4501 4502 
1472 364 1710 1713 1049 4499 4503 4500 2711 
1473 192 193 1713 1710 218 4504 4503 4497 
1474 194 1712 1713 193 4505 4501 4504 219 
1475 542 1714 1715 1065 4506 4507 4508 2751 
1476 501 1074 1715 1714 2778 4509 4507 4510 
1477 413 1695 1715 1074 4463 4511 4509 2773 
1478 484 1065 1715 1695 2755 4508 4511 4459 
1479 618 914 1718 1648 2361 4512 4513 4309 
1480 638 1716 1718 914 4514 4515 4512 2356 
1481 604 1717 1718 1716 4516 4517 4515 4518 
1482 573 1648 1718 1717 4311 4513 4517 4519 
1483 441 1719 1721 1703 4520 4521 4522 4476 
1484 399 1720 1721 1719 4523 4524 4521 4525 
1485 12 13 1721 1720 38 4526 4524 4527 
1486 14 1703 1721 13 4480 4522 4526 39 
1487 445 1722 1723 925 4528 4529 4530 2384 
1488 10 11 1723 1722 36 4531 4529 4532 
1489 12 1720 1723 11 4527 4533 4531 37 
1490 399 925 1723 1720 2390 4530 4533 4523 
1491 526 898 1725 1660 2315 4534 4535 4350 
1492 453 1105 1725 898 2860 4536 4534 2320 
1493 371 1724 1725 1105 4537 4538 4536 2856 
1494 446 1660 1725 1724 4345 4535 4538 4539 
1495 442 1701 1727 1104 4469 4540 4541 2852 
1496 18 19 1727 1701 44 4542 4540 4475 
1497 20 1726 1727 19 4543 4544 4542 45 
1498 371 1104 1727 1726 2858 4541 4544 4545 
1499 446 1724 1729 1728 4539 4546 4547 4548 
1500 371 1726 1729 1724 4545 4549 4546 4537 
1501 20 21 1729 1726 46 4550 4549 4543 
1502 22 1728 1729 21 4551 4547 4550 47 
1503 525 1707 1730 1106 4491 4552 4553 2861 
1504 454 996 1730 1707 2575 4554 4552 4488 
1505 363 1699 1730 996 4472 4555 4554 2570 
1506 442 1106 1730 1699 2855 4553 4555 4466 
1507 561 929 1732 1731 2399 4556 4557 4558 
1508 486 1690 1732 929 4448 4559 4556 2394 
1509 414 911 1732 1690 2355 4560 4559 4445 
1510 522 1731 1732 911 4561 4557 4560 2352 
1511 443 1712 1734 1691 4502 4562 4563 4449 
1512 194 195 1734 1712 220 4564 4562 4505 
1513 196 1733 1734 195 4565 4566 4564 221 
1514 368 1691 1734 1733 4444 4563 4566 4567 
1515 523 767 1735 998 1998 4568 4569 2576 
1516 485 926 1735 767 2392 4570 4568 1992 
1517 399 1719 1735 926 4525 4571 4570 2388 
1518 441 998 1735 1719 2569 4569 4571 4520 
1519 562 844 1737 786 2188 4572 4573 2040 
1520 527 957 1737 844 2464 4574 4572 2182 
1521 458 1736 1737 957 4575 4576 4574 2470 
1522 507 786 1737 1736 2045 4573 4576 4577 
1523 444 1687 1739 1709 4439 4578 4579 4492 
1524 400 1738 1739 1687 4580 4581 4578 4434 
1525 188 189 1739 1738 214 4582 4581 4583 
1526 190 1709 1739 189 4496 4579 4582 215 
1527 401 874 1741 850 2263 4584 4585 2197 
1528 6 7 1741 874 32 4586 4584 2260 
1529 8 1740 1741 7 4587 4588 4586 33 
1530 367 850 1741 1740 2202 4585 4588 4589 
1531 445 1693 1742 1722 4455 4590 4591 4528 
1532 367 1740 1742 1693 4589 4592 4590 4453 
1533 8 9 1742 1740 34 4593 4592 4587 
1534 10 1722 1742 9 4532 4591 4593 35 
1535 446 1728 1744 1658 4548 4594 4595 4342 
1536 22 23 1744 1728 48 4596 4594 4551 
1537 24 1743 1744 23 4597 4598 4596 49 
1538 372 1658 1744 1743 4347 4595 4598 4599 
1539 546 1680 1746 777 4418 4600 4601 2019 
1540 504 938 1746 1680 2425 4602 4600 4414 
1541 457 1745 1746 938 4603 4604 4602 2420 
1542 506 777 1746 1745 2023 4601 4604 4605 
1543 447 1747 1750 1749 4606 4607 4608 4609 
1544 184 185 1750 1747 210 4610 4607 4611 
1545 186 1748 1750 185 4612 4613 4610 211 
1546 373 1749 1750 1748 4614 4608 4613 4615 
1547 404 1751 1754 1753 4616 4617 4618 4619 
1548 447 1752 1754 1751 4620 4621 4617 4622 
1549 490 794 1754 1752 2064 4623 4621 4624 
1550 418 1753 1754 794 4625 4618 4623 2058 
1551 490 1752 1755 1073 4624 4626 4627 2770 
1552 447 1749 1755 1752 4609 4628 4626 4620 
1553 373 1696 1755 1749 4465 4629 4628 4614 
1554 413 1073 1755 1696 2775 4627 4629 4461 
1555 565 1063 1756 862 2750 4630 4631 2226 
1556 524 966 1756 1063 2495 4632 4630 2744 
1557 466 930 1756 966 2403 4633 4632 2491 
1558 499 862 1756 930 2232 4631 4633 2400 
1559 402 807 1759 1758 2085 4634 4635 4636 
1560 376 1757 1759 807 4637 4638 4634 2092 
1561 26 27 1759 1757 52 4639 4638 4640 
1562 28 1758 1759 27 4641 4635 4639 53 
1563 427 990 1761 818 2556 4642 4643 2120 
1564 377 1760 1761 990 4644 4645 4642 2552 
1565 404 1753 1761 1760 4619 4646 4645 4647 
1566 418 818 1761 1753 2114 4643 4646 4625 
1567 581 755 1763 894 1959 4648 4649 2310 
1568 545 1762 1763 755 4650 4651 4648 1966 
1569 602 1358 1763 1762 3517 4652 4651 4653 
1570 610 894 1763 1358 2304 4649 4652 3514 
1571 663 809 1765 825 2100 4654 4655 2138 
1572 647 1764 1765 809 4656 4657 4654 2097 
1573 604 1716 1765 1764 4518 4658 4657 4659 
1574 638 825 1765 1716 2141 4655 4658 4514 
1575 403 841 1767 878 2181 4660 4661 2267 
1576 380 1766 1767 841 4662 4663 4660 2177 
1577 200 201 1767 1766 226 4664 4663 4665 
1578 202 878 1767 201 2271 4661 4664 227 
1579 602 1762 1769 1682 4653 4666 4667 4425 
1580 545 1768 1769 1762 4668 4669 4666 4650 
1581 501 1714 1769 1768 4510 4670 4669 4671 
1582 542 1682 1769 1714 4422 4667 4670 4506 
1583 616 802 1771 1770 2073 4672 4673 4674 
1584 660 943 1771 802 2437 4675 4672 2080 
1585 534 1705 1771 943 4487 4676 4675 2433 
1586 598 1770 1771 1705 4677 4673 4676 4482 
1587 661 758 1774 1773 1977 4678 4679 4680 
1588 659 1772 1774 758 4681 4682 4678 1972 
1589 614 813 1774 1772 2110 4683 4682 4684 
1590 648 1773 1774 813 4685 4679 4683 2105 
1591 377 832 1776 1760 2158 4686 4687 4644 
1592 180 181 1776 832 206 4688 4686 2154 
1593 182 1775 1776 181 4689 4690 4688 207 
1594 404 1760 1776 1775 4647 4687 4690 4691 
1595 447 1751 1777 1747 4622 4692 4693 4606 
1596 404 1775 1777 1751 4691 4694 4692 4616 
1597 182 183 1777 1775 208 4695 4694 4689 
1598 184 1747 1777 183 4611 4693 4695 209 
1599 647 799 1780 1764 2076 4696 4697 4656 
1600 616 1778 1780 799 4698 4699 4696 2070 
1601 583 1779 1780 1778 4700 4701 4699 4702 
1602 604 1764 1780 1779 4659 4697 4701 4703 
1603 186 187 1781 1748 212 4704 4705 4612 
1604 188 1738 1781 187 4583 4706 4704 213 
1605 400 1697 1781 1738 4458 4707 4706 4580 
1606 373 1748 1781 1697 4615 4705 4707 4464 
1607 422 1782 1783 1028 4708 4709 4710 2654 
1608 458 956 1783 1782 2471 4711 4709 4712 
1609 449 839 1783 956 2176 4713 4711 2467 
1610 378 1028 1783 839 2650 4710 4713 2170 
1611 196 197 1785 1733 222 4714 4715 4565 
1612 198 1784 1785 197 4716 4717 4714 223 
1613 379 1685 1785 1784 4428 4718 4717 4719 
1614 368 1733 1785 1685 4567 4715 4718 4432 
1615 24 25 1786 1743 50 4720 4721 4597 
1616 26 1757 1786 25 4640 4722 4720 51 
1617 376 1148 1786 1757 2960 4723 4722 4637 
1618 372 1743 1786 1148 4599 4721 4723 2964 
1619 421 1787 1788 1023 4724 4725 4726 2640 
1620 457 937 1788 1787 2422 4727 4725 4728 
1621 448 805 1788 937 2091 4729 4727 2416 
1622 375 1023 1788 805 2636 4726 4729 2086 
1623 57 985 1789 56 2542 4730 4731 118 
1624 402 1758 1789 985 4636 4732 4730 2538 
1625 28 29 1789 1758 54 4733 4732 4641 
1626 1 56 1789 29 117 4731 4733 55 
1627 600 880 1790 830 2277 4734 4735 2150 
1628 561 1731 1790 880 4558 4736 4734 2272 
1629 522 846 1790 1731 2193 4737 4736 4561 
1630 544 830 1790 846 2145 4735 4737 2189 
1631 622 921 1792 1791 2381 4738 4739 4740 
1632 615 944 1792 921 2430 4741 4738 2377 
1633 660 801 1792 944 2081 4742 4741 2436 
1634 685 1791 1792 801 4743 4739 4742 2077 
1635 366 1000 1793 1061 2583 4744 4745 2742 
1636 507 1736 1793 1000 4577 4746 4744 2578 
1637 458 1782 1793 1736 4712 4747 4746 4575 
1638 422 1061 1793 1782 2738 4745 4747 4708 
1639 198 199 1794 1784 224 4748 4749 4716 
1640 200 1766 1794 199 4665 4750 4748 225 
1641 380 1675 1794 1766 4398 4751 4750 4662 
1642 379 1784 1794 1675 4719 4749 4751 4402 
1643 649 1056 1795 983 2723 4752 4753 2536 
1644 622 1791 1795 1056 4740 4754 4752 2729 
1645 685 810 1795 1791 2096 4755 4754 4743 
1646 695 983 1795 810 2530 4753 4755 2101 
1647 605 712 1796 812 1870 4756 4757 2102 
1648 686 727 1796 712 1904 4758 4756 1864 
1649 661 1773 1796 727 4680 4759 4758 1900 
1650 648 812 1796 1773 2107 4757 4759 4685 
1651 370 1005 1797 1069 2597 4760 4761 2762 
1652 506 1745 1797 1005 4605 4762 4760 2592 
1653 457 1787 1797 1745 4728 4763 4762 4603 
1654 421 1069 1797 1787 2758 4761 4763 4724 
1655 573 1717 1798 774 4519 4764 4765 2011 
1656 604 1779 1798 1717 4703 4766 4764 4516 
1657 583 854 1798 1779 2213 4767 4766 4700 
1658 599 774 1798 854 2015 4765 4767 2208 
1659 616 1770 1799 1778 4674 4768 4769 4698 
1660 598 970 1799 1770 2505 4770 4768 4677 
1661 563 855 1799 970 2215 4771 4770 2502 
1662 583 1778 1799 855 4702 4769 4771 2211 
1663 659 1357 1800 1772 3513 4772 4773 4681 
1664 634 864 1800 1357 2237 4774 4772 3508 
1665 579 867 1800 864 2245 4775 4774 2233 
1666 614 1772 1800 867 4684 4773 4775 2242 
1667 545 754 1802 1768 1967 4776 4777 4668 
1668 564 1801 1802 754 4778 4779 4776 1963 
1669 528 1075 1802 1801 2779 4780 4779 4781 
1670 501 1768 1802 1075 4671 4777 4780 2776 
1671 534 942 1803 1706 2435 4782 4783 4485 
1672 601 768 1803 942 2001 4784 4782 2431 
1673 523 997 1803 768 2577 4785 4784 1996 
1674 454 1706 1803 997 4490 4783 4785 2573 
1675 652 719 1804 824 1886 4786 4787 2132 
1676 697 706 1804 719 1856 4788 4786 1880 
1677 665 749 1804 706 1955 4789 4788 1852 
1678 696 824 1804 749 2137 4787 4789 1951 
1679 535 870 1805 785 2251 4790 4791 2036 
1680 582 828 1805 870 2147 4792 4790 2246 
1681 544 845 1805 828 2191 4793 4792 2142 
1682 562 785 1805 845 2042 4791 4793 2186 
1683 468 1058 1806 860 2735 4794 4795 2224 
1684 417 796 1806 1058 2069 4796 4794 2732 
1685 528 1801 1806 796 4781 4797 4796 2065 
1686 564 860 1806 1801 2218 4795 4797 4778 
1687 668 1807 1808 1655 4798 4799 4800 4335 
1688 687 709 1808 1807 1862 4801 4799 4802 
1689 697 724 1808 709 1895 4803 4801 1857 
1690 635 1655 1808 724 4337 4800 4803 1892 
1691 667 1809 1811 1670 4804 4805 4806 4386 
1692 636 698 1811 1809 1838 4807 4805 4808 
1693 689 1810 1811 698 4809 4810 4807 1832 
1694 688 1670 1811 1810 4390 4806 4810 4811 
1695 679 1812 1814 1284 4812 4813 4814 3319 
1696 690 1421 1814 1812 3679 4815 4813 4816 
1697 693 1813 1814 1421 4817 4818 4815 3674 
1698 641 1284 1814 1813 3313 4814 4818 4819 
1699 674 745 1816 1444 1943 4820 4821 3734 
1700 643 1407 1816 745 3637 4822 4820 1940 
1701 681 1815 1816 1407 4823 4824 4822 3641 
1702 672 1444 1816 1815 3739 4821 4824 4825 
1703 673 1465 1819 1818 3795 4826 4827 4828 
1704 694 1817 1819 1465 4829 4830 4826 3793 
1705 680 1402 1819 1817 3627 4831 4830 4832 
1706 644 1818 1819 1402 4833 4827 4831 3624 
1707 674 1495 1821 740 3870 4834 4835 1928 
1708 692 1820 1821 1495 4836 4837 4834 3875 
1709 683 1450 1821 1820 3757 4838 4837 4839 
1710 657 740 1821 1450 1934 4835 4838 3753 
1711 670 738 1823 1280 1927 4840 4841 3306 
1712 662 1262 1823 738 3259 4842 4840 1924 
1713 691 1822 1823 1262 4843 4844 4842 3263 
1714 669 1280 1823 1822 3309 4841 4844 4845 
1715 636 1809 1824 1099 4808 4846 4847 2841 
1716 667 730 1824 1809 1910 4848 4846 4804 
1717 686 717 1824 730 1879 4849 4848 1905 
1718 676 1099 1824 717 2845 4847 4849 1876 
1719 669 1822 1825 1240 4845 4850 4851 3198 
1720 691 1145 1825 1822 2949 4852 4850 4843 
1721 687 1807 1825 1145 4802 4853 4852 2956 
1722 668 1240 1825 1807 3204 4851 4853 4798 
1723 670 1377 1826 733 3565 4854 4855 1912 
1724 680 1817 1826 1377 4832 4856 4854 3560 
1725 694 1373 1826 1817 3557 4857 4856 4829 
1726 671 733 1826 1373 1918 4855 4857 3552 
1727 641 1813 1827 1354 4819 4858 4859 3502 
1728 693 1349 1827 1813 3493 4860 4858 4817 
1729 672 1815 1827 1349 4825 4861 4860 3489 
1730 681 1354 1827 1815 3506 4859 4861 4823 
1731 644 1474 1828 1818 3819 4862 4863 4833 
1732 683 1820 1828 1474 4839 4864 4862 3817 
1733 692 1425 1828 1820 3690 4865 4864 4836 
1734 673 1818 1828 1425 4828 4863 4865 3684 
1735 640 1671 1830 1211 4391 4866 4867 3127 
1736 688 1810 1830 1671 4811 4868 4866 4388 
1737 689 1829 1830 1810 4869 4870 4868 4809 
1738 679 1211 1830 1829 3131 4867 4870 4871 
1739 637 1422 1831 703 3682 4872 4873 1844 
1740 690 1812 1831 1422 4816 4874 4872 3677 
1741 679 1829 1831 1812 4871 4875 4874 4812 
1742 689 703 1831 1829 1847 4873 4875 4869 
$EndElements
