<?xml version="1.0"?>
<VTKFile type="UnstructuredGrid" version="0.1" byte_order="LittleEndian">
  <UnstructuredGrid>
    <Piece NumberOfPoints="4005" NumberOfCells="4808">
      <PointData>
        <DataArray type="Int32" Name="global_node_id" format="ascii">
          0 1 2 3 4 5 6 7 8 9 10 11 12 13 14 15
          16 17 18 19 20 21 22 23 24 25 26 27 28 29 30 31
          32 33 34 35 36 37 38 39 40 41 42 43 44 45 46 47
          48 49 50 51 52 53 54 55 56 57 58 59 60 61 62 63
          64 65 66 67 68 69 70 71 72 73 74 75 76 77 78 79
          80 81 82 83 84 85 86 87 88 89 90 91 92 93 94 95
          96 97 98 99 100 101 102 103 104 105 106 107 108 109 110 111
          112 113 114 115 116 117 118 119 120 121 122 123 124 125 126 127
          128 129 130 131 132 133 134 135 136 137 138 139 140 141 142 143
          144 145 146 147 148 149 150 151 152 153 154 155 156 157 158 159
          160 161 162 163 164 165 166 167 168 169 170 171 172 173 174 175
          176 177 178 179 180 181 182 183 184 185 186 187 188 189 190 191
          192 193 194 195 196 197 198 199 200 201 202 203 204 205 206 207
          208 209 210 211 212 213 214 215 216 217 218 219 220 221 222 223
          224 225 226 227 228 229 230 231 232 233 234 235 236 237 238 239
          240 241 242 243 244 245 246 247 248 249 250 251 252 253 254 255
          256 257 258 259 260 261 262 263 264 265 266 267 268 269 270 271
          272 273 274 275 276 277 278 279 280 281 282 283 284 285 286 287
          288 289 290 291 292 293 294 295 296 297 298 299 300 301 302 303
          304 305 306 307 308 309 310 311 312 313 314 315 316 317 318 319
          320 321 322 323 324 325 326 327 328 329 330 331 332 333 334 335
          336 337 338 339 340 341 342 343 344 345 346 347 348 349 350 351
          352 353 354 355 356 357 358 359 360 361 362 363 364 365 366 367
          368 369 370 371 372 373 374 375 376 377 378 379 380 381 382 383
          384 385 386 387 388 389 390 391 392 393 394 395 396 397 398 399
          400 401 402 403 404 405 406 407 408 409 410 411 412 413 414 415
          416 417 418 419 420 421 422 423 424 425 426 427 428 429 430 431
          432 433 434 435 436 437 438 439 440 441 442 443 444 445 446 447
          448 449 450 451 452 453 454 455 456 457 458 459 460 461 462 463
          464 465 466 467 468 469 470 471 472 473 474 475 476 477 478 479
          480 481 482 483 484 485 486 487 488 489 490 491 492 493 494 495
          496 497 498 499 500 501 502 503 504 505 506 507 508 509 510 511
          512 513 514 515 516 517 518 519 520 521 522 523 524 525 526 527
          528 529 530 531 532 533 534 535 536 537 538 539 540 541 542 543
          544 545 546 547 548 549 550 551 552 553 554 555 556 557 558 559
          560 561 562 563 564 565 566 567 568 569 570 571 572 573 574 575
          576 577 578 579 580 581 582 583 584 585 586 587 588 589 590 591
          592 593 594 595 596 597 598 599 600 601 602 603 604 605 606 607
          608 609 610 611 612 613 614 615 616 617 618 619 620 621 622 623
          624 625 626 627 628 629 630 631 632 633 634 635 636 637 638 639
          640 641 642 643 644 645 646 647 648 649 650 651 652 653 654 655
          656 657 658 659 660 661 662 663 664 665 666 667 668 669 670 671
          672 673 674 675 676 677 678 679 680 681 682 683 684 685 686 687
          688 689 690 691 692 693 694 695 696 697 698 699 700 701 702 703
          704 705 706 707 708 709 710 711 712 713 714 715 716 717 718 719
          720 721 722 723 724 725 726 727 728 729 730 731 732 733 734 735
          736 737 738 739 740 741 742 743 744 745 746 747 748 749 750 751
          752 753 754 755 756 757 758 759 760 761 762 763 764 765 766 767
          768 769 770 771 772 773 774 775 776 777 778 779 780 781 782 783
          784 785 786 787 788 789 790 791 792 793 794 795 796 797 798 799
          800 801 802 803 804 805 806 807 808 809 810 811 812 813 814 815
          816 817 818 819 820 821 822 823 824 825 826 827 828 829 830 831
          832 833 834 835 836 837 838 839 840 841 842 843 844 845 846 847
          848 849 850 851 852 853 854 855 856 857 858 859 860 861 862 863
          864 865 866 867 868 869 870 871 872 873 874 875 876 877 878 879
          880 881 882 883 884 885 886 887 888 889 890 891 892 893 894 895
          896 897 898 899 900 901 902 903 904 905 906 907 908 909 910 911
          912 913 914 915 916 917 918 919 920 921 922 923 924 925 926 927
          928 929 930 931 932 933 934 935 936 937 938 939 940 941 942 943
          944 945 946 947 948 949 950 951 952 953 954 955 956 957 958 959
          960 961 962 963 964 965 966 967 968 969 970 971 972 973 974 975
          976 977 978 979 980 981 982 983 984 985 986 987 988 989 990 991
          992 993 994 995 996 997 998 999 1000 1001 1002 1003 1004 1005 1006 1007
          1008 1009 1010 1011 1012 1013 1014 1015 1016 1017 1018 1019 1020 1021 1022 1023
          1024 1025 1026 1027 1028 1029 1030 1031 1032 1033 1034 1035 1036 1037 1038 1039
          1040 1041 1042 1043 1044 1045 1046 1047 1048 1049 1050 1051 1052 1053 1054 1055
          1056 1057 1058 1059 1060 1061 1062 1063 1064 1065 1066 1067 1068 1069 1070 1071
          1072 1073 1074 1075 1076 1077 1078 1079 1080 1081 1082 1083 1084 1085 1086 1087
          1088 1089 1090 1091 1092 1093 1094 1095 1096 1097 1098 1099 1100 1101 1102 1103
          1104 1105 1106 1107 1108 1109 1110 1111 1112 1113 1114 1115 1116 1117 1118 1119
          1120 1121 1122 1123 1124 1125 1126 1127 1128 1129 1130 1131 1132 1133 1134 1135
          1136 1137 1138 1139 1140 1141 1142 1143 1144 1145 1146 1147 1148 1149 1150 1151
          1152 1153 1154 1155 1156 1157 1158 1159 1160 1161 1162 1163 1164 1165 1166 1167
          1168 1169 1170 1171 1172 1173 1174 1175 1176 1177 1178 1179 1180 1181 1182 1183
          1184 1185 1186 1187 1188 1189 1190 1191 1192 1193 1194 1195 1196 1197 1198 1199
          1200 1201 1202 1203 1204 1205 1206 1207 1208 1209 1210 1211 1212 1213 1214 1215
          1216 1217 1218 1219 1220 1221 1222 1223 1224 1225 1226 1227 1228 1229 1230 1231
          1232 1233 1234 1235 1236 1237 1238 1239 1240 1241 1242 1243 1244 1245 1246 1247
          1248 1249 1250 1251 1252 1253 1254 1255 1256 1257 1258 1259 1260 1261 1262 1263
          1264 1265 1266 1267 1268 1269 1270 1271 1272 1273 1274 1275 1276 1277 1278 1279
          1280 1281 1282 1283 1284 1285 1286 1287 1288 1289 1290 1291 1292 1293 1294 1295
          1296 1297 1298 1299 1300 1301 1302 1303 1304 1305 1306 1307 1308 1309 1310 1311
          1312 1313 1314 1315 1316 1317 1318 1319 1320 1321 1322 1323 1324 1325 1326 1327
          1328 1329 1330 1331 1332 1333 1334 1335 1336 1337 1338 1339 1340 1341 1342 1343
          1344 1345 1346 1347 1348 1349 1350 1351 1352 1353 1354 1355 1356 1357 1358 1359
          1360 1361 1362 1363 1364 1365 1366 1367 1368 1369 1370 1371 1372 1373 1374 1375
          1376 1377 1378 1379 1380 1381 1382 1383 1384 1385 1386 1387 1388 1389 1390 1391
          1392 1393 1394 1395 1396 1397 1398 1399 1400 1401 1402 1403 1404 1405 1406 1407
          1408 1409 1410 1411 1412 1413 1414 1415 1416 1417 1418 1419 1420 1421 1422 1423
          1424 1425 1426 1427 1428 1429 1430 1431 1432 1433 1434 1435 1436 1437 1438 1439
          1440 1441 1442 1443 1444 1445 1446 1447 1448 1449 1450 1451 1452 1453 1454 1455
          1456 1457 1458 1459 1460 1461 1462 1463 1464 1465 1466 1467 1468 1469 1470 1471
          1472 1473 1474 1475 1476 1477 1478 1479 1480 1481 1482 1483 1484 1485 1486 1487
          1488 1489 1490 1491 1492 1493 1494 1495 1496 1497 1498 1499 1500 1501 1502 1503
          1504 1505 1506 1507 1508 1509 1510 1511 1512 1513 1514 1515 1516 1517 1518 1519
          1520 1521 1522 1523 1524 1525 1526 1527 1528 1529 1530 1531 1532 1533 1534 1535
          1536 1537 1538 1539 1540 1541 1542 1543 1544 1545 1546 1547 1548 1549 1550 1551
          1552 1553 1554 1555 1556 1557 1558 1559 1560 1561 1562 1563 1564 1565 1566 1567
          1568 1569 1570 1571 1572 1573 1574 1575 1576 1577 1578 1579 1580 1581 1582 1583
          1584 1585 1586 1587 1588 1589 1590 1591 1592 1593 1594 1595 1596 1597 1598 1599
          1600 1601 1602 1603 1604 1605 1606 1607 1608 1609 1610 1611 1612 1613 1614 1615
          1616 1617 1618 1619 1620 1621 1622 1623 1624 1625 1626 1627 1628 1629 1630 1631
          1632 1633 1634 1635 1636 1637 1638 1639 1640 1641 1642 1643 1644 1645 1646 1647
          1648 1649 1650 1651 1652 1653 1654 1655 1656 1657 1658 1659 1660 1661 1662 1663
          1664 1665 1666 1667 1668 1669 1670 1671 1672 1673 1674 1675 1676 1677 1678 1679
          1680 1681 1682 1683 1684 1685 1686 1687 1688 1689 1690 1691 1692 1693 1694 1695
          1696 1697 1698 1699 1700 1701 1702 1703 1704 1705 1706 1707 1708 1709 1710 1711
          1712 1713 1714 1715 1716 1717 1718 1719 1720 1721 1722 1723 1724 1725 1726 1727
          1728 1729 1730 1731 1732 1733 1734 1735 1736 1737 1738 1739 1740 1741 1742 1743
          1744 1745 1746 1747 1748 1749 1750 1751 1752 1753 1754 1755 1756 1757 1758 1759
          1760 1761 1762 1763 1764 1765 1766 1767 1768 1769 1770 1771 1772 1773 1774 1775
          1776 1777 1778 1779 1780 1781 1782 1783 1784 1785 1786 1787 1788 1789 1790 1791
          1792 1793 1794 1795 1796 1797 1798 1799 1800 1801 1802 1803 1804 1805 1806 1807
          1808 1809 1810 1811 1812 1813 1814 1815 1816 1817 1818 1819 1820 1821 1822 1823
          1824 1825 1826 1827 1828 1829 1830 1831 1832 1833 1834 1835 1836 1837 1838 1839
          1840 1841 1842 1843 1844 1845 1846 1847 1848 1849 1850 1851 1852 1853 1854 1855
          1856 1857 1858 1859 1860 1861 1862 1863 1864 1865 1866 1867 1868 1869 1870 1871
          1872 1873 1874 1875 1876 1877 1878 1879 1880 1881 1882 1883 1884 1885 1886 1887
          1888 1889 1890 1891 1892 1893 1894 1895 1896 1897 1898 1899 1900 1901 1902 1903
          1904 1905 1906 1907 1908 1909 1910 1911 1912 1913 1914 1915 1916 1917 1918 1919
          1920 1921 1922 1923 1924 1925 1926 1927 1928 1929 1930 1931 1932 1933 1934 1935
          1936 1937 1938 1939 1940 1941 1942 1943 1944 1945 1946 1947 1948 1949 1950 1951
          1952 1953 1954 1955 1956 1957 1958 1959 1960 1961 1962 1963 1964 1965 1966 1967
          1968 1969 1970 1971 1972 1973 1974 1975 1976 1977 1978 1979 1980 1981 1982 1983
          1984 1985 1986 1987 1988 1989 1990 1991 1992 1993 1994 1995 1996 1997 1998 1999
          2000 2001 2002 2003 2004 2005 2006 2007 2008 2009 2010 2011 2012 2013 2014 2015
          2016 2017 2018 2019 2020 2021 2022 2023 2024 2025 2026 2027 2028 2029 2030 2031
          2032 2033 2034 2035 2036 2037 2038 2039 2040 2041 2042 2043 2044 2045 2046 2047
          2048 2049 2050 2051 2052 2053 2054 2055 2056 2057 2058 2059 2060 2061 2062 2063
          2064 2065 2066 2067 2068 2069 2070 2071 2072 2073 2074 2075 2076 2077 2078 2079
          2080 2081 2082 2083 2084 2085 2086 2087 2088 2089 2090 2091 2092 2093 2094 2095
          2096 2097 2098 2099 2100 2101 2102 2103 2104 2105 2106 2107 2108 2109 2110 2111
          2112 2113 2114 2115 2116 2117 2118 2119 2120 2121 2122 2123 2124 2125 2126 2127
          2128 2129 2130 2131 2132 2133 2134 2135 2136 2137 2138 2139 2140 2141 2142 2143
          2144 2145 2146 2147 2148 2149 2150 2151 2152 2153 2154 2155 2156 2157 2158 2159
          2160 2161 2162 2163 2164 2165 2166 2167 2168 2169 2170 2171 2172 2173 2174 2175
          2176 2177 2178 2179 2180 2181 2182 2183 2184 2185 2186 2187 2188 2189 2190 2191
          2192 2193 2194 2195 2196 2197 2198 2199 2200 2201 2202 2203 2204 2205 2206 2207
          2208 2209 2210 2211 2212 2213 2214 2215 2216 2217 2218 2219 2220 2221 2222 2223
          2224 2225 2226 2227 2228 2229 2230 2231 2232 2233 2234 2235 2236 2237 2238 2239
          2240 2241 2242 2243 2244 2245 2246 2247 2248 2249 2250 2251 2252 2253 2254 2255
          2256 2257 2258 2259 2260 2261 2262 2263 2264 2265 2266 2267 2268 2269 2270 2271
          2272 2273 2274 2275 2276 2277 2278 2279 2280 2281 2282 2283 2284 2285 2286 2287
          2288 2289 2290 2291 2292 2293 2294 2295 2296 2297 2298 2299 2300 2301 2302 2303
          2304 2305 2306 2307 2308 2309 2310 2311 2312 2313 2314 2315 2316 2317 2318 2319
          2320 2321 2322 2323 2324 2325 2326 2327 2328 2329 2330 2331 2332 2333 2334 2335
          2336 2337 2338 2339 2340 2341 2342 2343 2344 2345 2346 2347 2348 2349 2350 2351
          2352 2353 2354 2355 2356 2357 2358 2359 2360 2361 2362 2363 2364 2365 2366 2367
          2368 2369 2370 2371 2372 2373 2374 2375 2376 2377 2378 2379 2380 2381 2382 2383
          2384 2385 2386 2387 2388 2389 2390 2391 2392 2393 2394 2395 2396 2397 2398 2399
          2400 2401 2402 2403 2404 2405 2406 2407 2408 2409 2410 2411 2412 2413 2414 2415
          2416 2417 2418 2419 2420 2421 2422 2423 2424 2425 2426 2427 2428 2429 2430 2431
          2432 2433 2434 2435 2436 2437 2438 2439 2440 2441 2442 2443 2444 2445 2446 2447
          2448 2449 2450 2451 2452 2453 2454 2455 2456 2457 2458 2459 2460 2461 2462 2463
          2464 2465 2466 2467 2468 2469 2470 2471 2472 2473 2474 2475 2476 2477 2478 2479
          2480 2481 2482 2483 2484 2485 2486 2487 2488 2489 2490 2491 2492 2493 2494 2495
          2496 2497 2498 2499 2500 2501 2502 2503 2504 2505 2506 2507 2508 2509 2510 2511
          2512 2513 2514 2515 2516 2517 2518 2519 2520 2521 2522 2523 2524 2525 2526 2527
          2528 2529 2530 2531 2532 2533 2534 2535 2536 2537 2538 2539 2540 2541 2542 2543
          2544 2545 2546 2547 2548 2549 2550 2551 2552 2553 2554 2555 2556 2557 2558 2559
          2560 2561 2562 2563 2564 2565 2566 2567 2568 2569 2570 2571 2572 2573 2574 2575
          2576 2577 2578 2579 2580 2581 2582 2583 2584 2585 2586 2587 2588 2589 2590 2591
          2592 2593 2594 2595 2596 2597 2598 2599 2600 2601 2602 2603 2604 2605 2606 2607
          2608 2609 2610 2611 2612 2613 2614 2615 2616 2617 2618 2619 2620 2621 2622 2623
          2624 2625 2626 2627 2628 2629 2630 2631 2632 2633 2634 2635 2636 2637 2638 2639
          2640 2641 2642 2643 2644 2645 2646 2647 2648 2649 2650 2651 2652 2653 2654 2655
          2656 2657 2658 2659 2660 2661 2662 2663 2664 2665 2666 2667 2668 2669 2670 2671
          2672 2673 2674 2675 2676 2677 2678 2679 2680 2681 2682 2683 2684 2685 2686 2687
          2688 2689 2690 2691 2692 2693 2694 2695 2696 2697 2698 2699 2700 2701 2702 2703
          2704 2705 2706 2707 2708 2709 2710 2711 2712 2713 2714 2715 2716 2717 2718 2719
          2720 2721 2722 2723 2724 2725 2726 2727 2728 2729 2730 2731 2732 2733 2734 2735
          2736 2737 2738 2739 2740 2741 2742 2743 2744 2745 2746 2747 2748 2749 2750 2751
          2752 2753 2754 2755 2756 2757 2758 2759 2760 2761 2762 2763 2764 2765 2766 2767
          2768 2769 2770 2771 2772 2773 2774 2775 2776 2777 2778 2779 2780 2781 2782 2783
          2784 2785 2786 2787 2788 2789 2790 2791 2792 2793 2794 2795 2796 2797 2798 2799
          2800 2801 2802 2803 2804 2805 2806 2807 2808 2809 2810 2811 2812 2813 2814 2815
          2816 2817 2818 2819 2820 2821 2822 2823 2824 2825 2826 2827 2828 2829 2830 2831
          2832 2833 2834 2835 2836 2837 2838 2839 2840 2841 2842 2843 2844 2845 2846 2847
          2848 2849 2850 2851 2852 2853 2854 2855 2856 2857 2858 2859 2860 2861 2862 2863
          2864 2865 2866 2867 2868 2869 2870 2871 2872 2873 2874 2875 2876 2877 2878 2879
          2880 2881 2882 2883 2884 2885 2886 2887 2888 2889 2890 2891 2892 2893 2894 2895
          2896 2897 2898 2899 2900 2901 2902 2903 2904 2905 2906 2907 2908 2909 2910 2911
          2912 2913 2914 2915 2916 2917 2918 2919 2920 2921 2922 2923 2924 2925 2926 2927
          2928 2929 2930 2931 2932 2933 2934 2935 2936 2937 2938 2939 2940 2941 2942 2943
          2944 2945 2946 2947 2948 2949 2950 2951 2952 2953 2954 2955 2956 2957 2958 2959
          2960 2961 2962 2963 2964 2965 2966 2967 2968 2969 2970 2971 2972 2973 2974 2975
          2976 2977 2978 2979 2980 2981 2982 2983 2984 2985 2986 2987 2988 2989 2990 2991
          2992 2993 2994 2995 2996 2997 2998 2999 3000 3001 3002 3003 3004 3005 3006 3007
          3008 3009 3010 3011 3012 3013 3014 3015 3016 3017 3018 3019 3020 3021 3022 3023
          3024 3025 3026 3027 3028 3029 3030 3031 3032 3033 3034 3035 3036 3037 3038 3039
          3040 3041 3042 3043 3044 3045 3046 3047 3048 3049 3050 3051 3052 3053 3054 3055
          3056 3057 3058 3059 3060 3061 3062 3063 3064 3065 3066 3067 3068 3069 3070 3071
          3072 3073 3074 3075 3076 3077 3078 3079 3080 3081 3082 3083 3084 3085 3086 3087
          3088 3089 3090 3091 3092 3093 3094 3095 3096 3097 3098 3099 3100 3101 3102 3103
          3104 3105 3106 3107 3108 3109 3110 3111 3112 3113 3114 3115 3116 3117 3118 3119
          3120 3121 3122 3123 3124 3125 3126 3127 3128 3129 3130 3131 3132 3133 3134 3135
          3136 3137 3138 3139 3140 3141 3142 3143 3144 3145 3146 3147 3148 3149 3150 3151
          3152 3153 3154 3155 3156 3157 3158 3159 3160 3161 3162 3163 3164 3165 3166 3167
          3168 3169 3170 3171 3172 3173 3174 3175 3176 3177 3178 3179 3180 3181 3182 3183
          3184 3185 3186 3187 3188 3189 3190 3191 3192 3193 3194 3195 3196 3197 3198 3199
          3200 3201 3202 3203 3204 3205 3206 3207 3208 3209 3210 3211 3212 3213 3214 3215
          3216 3217 3218 3219 3220 3221 3222 3223 3224 3225 3226 3227 3228 3229 3230 3231
          3232 3233 3234 3235 3236 3237 3238 3239 3240 3241 3242 3243 3244 3245 3246 3247
          3248 3249 3250 3251 3252 3253 3254 3255 3256 3257 3258 3259 3260 3261 3262 3263
          3264 3265 3266 3267 3268 3269 3270 3271 3272 3273 3274 3275 3276 3277 3278 3279
          3280 3281 3282 3283 3284 3285 3286 3287 3288 3289 3290 3291 3292 3293 3294 3295
          3296 3297 3298 3299 3300 3301 3302 3303 3304 3305 3306 3307 3308 3309 3310 3311
          3312 3313 3314 3315 3316 3317 3318 3319 3320 3321 3322 3323 3324 3325 3326 3327
          3328 3329 3330 3331 3332 3333 3334 3335 3336 3337 3338 3339 3340 3341 3342 3343
          3344 3345 3346 3347 3348 3349 3350 3351 3352 3353 3354 3355 3356 3357 3358 3359
          3360 3361 3362 3363 3364 3365 3366 3367 3368 3369 3370 3371 3372 3373 3374 3375
          3376 3377 3378 3379 3380 3381 3382 3383 3384 3385 3386 3387 3388 3389 3390 3391
          3392 3393 3394 3395 3396 3397 3398 3399 3400 3401 3402 3403 3404 3405 3406 3407
          3408 3409 3410 3411 3412 3413 3414 3415 3416 3417 3418 3419 3420 3421 3422 3423
          3424 3425 3426 3427 3428 3429 3430 3431 3432 3433 3434 3435 3436 3437 3438 3439
          3440 3441 3442 3443 3444 3445 3446 3447 3448 3449 3450 3451 3452 3453 3454 3455
          3456 3457 3458 3459 3460 3461 3462 3463 3464 3465 3466 3467 3468 3469 3470 3471
          3472 3473 3474 3475 3476 3477 3478 3479 3480 3481 3482 3483 3484 3485 3486 3487
          3488 3489 3490 3491 3492 3493 3494 3495 3496 3497 3498 3499 3500 3501 3502 3503
          3504 3505 3506 3507 3508 3509 3510 3511 3512 3513 3514 3515 3516 3517 3518 3519
          3520 3521 3522 3523 3524 3525 3526 3527 3528 3529 3530 3531 3532 3533 3534 3535
          3536 3537 3538 3539 3540 3541 3542 3543 3544 3545 3546 3547 3548 3549 3550 3551
          3552 3553 3554 3555 3556 3557 3558 3559 3560 3561 3562 3563 3564 3565 3566 3567
          3568 3569 3570 3571 3572 3573 3574 3575 3576 3577 3578 3579 3580 3581 3582 3583
          3584 3585 3586 3587 3588 3589 3590 3591 3592 3593 3594 3595 3596 3597 3598 3599
          3600 3601 3602 3603 3604 3605 3606 3607 3608 3609 3610 3611 3612 3613 3614 3615
          3616 3617 3618 3619 3620 3621 3622 3623 3624 3625 3626 3627 3628 3629 3630 3631
          3632 3633 3634 3635 3636 3637 3638 3639 3640 3641 3642 3643 3644 3645 3646 3647
          3648 3649 3650 3651 3652 3653 3654 3655 3656 3657 3658 3659 3660 3661 3662 3663
          3664 3665 3666 3667 3668 3669 3670 3671 3672 3673 3674 3675 3676 3677 3678 3679
          3680 3681 3682 3683 3684 3685 3686 3687 3688 3689 3690 3691 3692 3693 3694 3695
          3696 3697 3698 3699 3700 3701 3702 3703 3704 3705 3706 3707 3708 3709 3710 3711
          3712 3713 3714 3715 3716 3717 3718 3719 3720 3721 3722 3723 3724 3725 3726 3727
          3728 3729 3730 3731 3732 3733 3734 3735 3736 3737 3738 3739 3740 3741 3742 3743
          3744 3745 3746 3747 3748 3749 3750 3751 3752 3753 3754 3755 3756 3757 3758 3759
          3760 3761 3762 3763 3764 3765 3766 3767 3768 3769 3770 3771 3772 3773 3774 3775
          3776 3777 3778 3779 3780 3781 3782 3783 3784 3785 3786 3787 3788 3789 3790 3791
          3792 3793 3794 3795 3796 3797 3798 3799 3800 3801 3802 3803 3804 3805 3806 3807
          3808 3809 3810 3811 3812 3813 3814 3815 3816 3817 3818 3819 3820 3821 3822 3823
          3824 3825 3826 3827 3828 3829 3830 3831 3832 3833 3834 3835 3836 3837 3838 3839
          3840 3841 3842 3843 3844 3845 3846 3847 3848 3849 3850 3851 3852 3853 3854 3855
          3856 3857 3858 3859 3860 3861 3862 3863 3864 3865 3866 3867 3868 3869 3870 3871
          3872 3873 3874 3875 3876 3877 3878 3879 3880 3881 3882 3883 3884 3885 3886 3887
          3888 3889 3890 3891 3892 3893 3894 3895 3896 3897 3898 3899 3900 3901 3902 3903
          3904 3905 3906 3907 3908 3909 3910 3911 3912 3913 3914 3915 3916 3917 3918 3919
          3920 3921 3922 3923 3924 3925 3926 3927 3928 3929 3930 3931 3932 3933 3934 3935
          3936 3937 3938 3939 3940 3941 3942 3943 3944 3945 3946 3947 3948 3949 3950 3951
          3952 3953 3954 3955 3956 3957 3958 3959 3960 3961 3962 3963 3964 3965 3966 3967
          3968 3969 3970 3971 3972 3973 3974 3975 3976 3977 3978 3979 3980 3981 3982 3983
          3984 3985 3986 3987 3988 3989 3990 3991 3992 3993 3994 3995 3996 3997 3998 3999
          4000 4001 4002 4003 4004
        </DataArray>
        <DataArray type="Int32" Name="node_type" format="ascii">
          1 1 1 1 1 1 1 1 1 1 1 1 1 1 1 1
          1 1 1 1 1 1 1 1 1 1 1 1 1 1 1 1
          1 1 1 1 1 1 1 1 1 1 1 1 1 1 1 1
          1 1 1 1 1 1 1 1 1 1 1 1 1 1 1 1
          1 1 1 1 1 1 1 1 1 1 1 1 1 1 1 1
          1 1 1 1 1 1 1 1 1 1 1 1 1 1 1 1
          1 1 1 1 1 1 1 1 1 1 1 1 1 1 1 1
          1 1 1 1 1 1 1 1 1 1 1 1 1 1 1 1
          1 1 1 1 1 1 1 1 1 1 1 1 1 1 1 1
          1 1 1 1 1 1 1 1 1 1 1 1 1 1 1 1
          1 1 1 1 1 1 1 1 1 1 1 1 1 1 1 1
          1 1 1 1 1 1 1 1 1 1 1 1 1 1 1 1
          1 1 1 1 1 1 1 1 1 1 1 1 1 1 1 1
          1 1 1 1 1 1 1 1 1 1 1 1 1 1 1 1
          1 1 1 1 1 1 1 1 1 1 1 1 1 1 1 1
          1 1 1 1 1 1 1 1 1 1 1 1 1 1 1 1
          1 1 1 1 1 1 1 1 1 1 1 1 1 1 1 1
          1 1 1 1 1 1 1 1 1 1 1 1 1 1 1 1
          1 1 1 1 1 1 1 1 1 1 1 1 1 1 1 1
          1 1 1 1 1 1 1 1 1 1 1 1 1 1 1 1
          1 1 1 1 1 1 1 1 1 1 1 1 1 1 1 1
          1 1 1 1 1 1 1 1 1 1 1 1 1 1 1 1
          1 1 1 1 1 1 1 1 1 1 1 1 1 1 1 1
          1 1 1 1 1 1 1 1 1 1 1 1 1 1 1 1
          1 1 1 1 1 1 1 1 1 1 1 1 1 1 1 1
          1 1 1 1 1 1 1 1 1 1 1 1 1 1 1 1
          1 1 1 1 1 1 1 1 1 1 1 1 1 1 1 1
          1 1 1 1 1 1 1 1 1 1 1 1 1 1 1 1
          1 1 1 1 1 1 1 1 1 1 1 1 1 1 1 1
          1 1 1 1 1 1 1 1 1 1 1 1 1 1 1 1
          1 1 1 1 1 1 1 1 1 1 1 1 1 1 1 1
          1 1 1 1 1 1 1 1 1 1 1 1 1 1 1 1
          1 1 1 1 1 1 1 1 1 1 1 1 1 1 1 1
          1 1 1 1 1 1 1 1 1 1 1 1 1 1 1 1
          1 1 1 1 1 1 1 1 1 1 1 1 1 1 1 1
          1 1 1 1 1 1 1 1 1 1 1 1 1 1 1 1
          1 1 1 1 1 1 1 1 1 1 1 1 1 1 1 1
          1 1 1 1 1 1 1 1 1 1 1 1 1 1 1 1
          1 1 1 1 1 1 1 1 1 1 1 1 1 1 1 1
          1 1 1 1 1 1 1 1 1 1 1 1 1 1 1 1
          1 1 1 1 1 1 1 1 1 1 1 1 1 1 1 1
          1 1 1 1 1 1 1 1 1 1 1 1 1 1 1 1
          1 1 1 1 1 1 1 1 1 1 1 1 1 1 1 1
          1 1 1 1 1 1 1 1 1 1 1 1 1 1 1 1
          1 1 1 1 1 1 1 1 1 1 1 1 1 1 1 1
          1 1 1 1 1 1 1 1 1 1 1 1 1 1 1 1
          1 1 1 1 1 1 1 1 1 1 1 1 1 1 1 1
          1 1 1 1 1 1 1 1 1 1 1 1 1 1 1 1
          1 1 1 1 1 1 1 1 1 1 1 1 1 1 1 1
          1 1 1 1 1 1 1 1 1 1 1 1 1 1 1 1
          1 1 1 1 1 1 1 1 1 1 1 1 1 1 1 1
          1 1 1 1 1 1 1 1 1 1 1 1 1 1 1 1
          1 1 1 1 1 1 1 1 1 1 1 1 1 1 1 1
          1 1 1 1 1 1 1 1 1 1 1 1 1 1 1 1
          1 1 1 1 1 1 1 1 1 1 1 1 1 1 1 1
          1 1 1 1 1 1 1 1 1 1 1 1 1 1 1 1
          1 1 1 1 1 1 1 1 1 1 1 1 1 1 1 1
          1 1 1 1 1 1 1 1 1 1 1 1 1 1 1 1
          1 1 1 1 1 1 1 1 1 1 1 1 1 1 1 1
          1 1 1 1 1 1 1 1 1 1 1 1 1 1 1 1
          1 1 1 1 1 1 1 1 1 1 1 1 1 1 1 1
          1 1 1 1 1 1 1 1 1 1 1 1 1 1 1 1
          1 1 1 1 1 1 1 1 1 1 1 1 1 1 1 1
          1 1 1 1 1 1 1 1 1 1 1 1 1 1 1 1
          1 1 1 1 1 1 1 1 1 1 1 1 1 1 1 1
          1 1 1 1 1 1 1 1 1 1 1 1 1 1 1 1
          1 1 1 1 1 1 1 1 1 1 1 1 1 1 1 1
          1 1 1 1 1 1 1 1 1 1 1 1 1 1 1 1
          1 1 1 1 1 1 1 1 1 1 1 1 1 1 1 1
          1 1 1 1 1 1 1 1 1 1 1 1 1 1 1 1
          1 1 1 1 1 1 1 1 1 1 1 1 1 1 1 1
          1 1 1 1 1 1 1 1 1 1 1 1 1 1 1 1
          1 1 1 1 1 1 1 1 1 1 1 1 1 1 1 1
          1 1 1 1 1 1 1 1 1 1 1 1 1 1 1 1
          1 1 1 1 1 1 1 1 1 1 1 1 1 1 1 1
          1 1 1 1 1 1 1 1 1 1 1 1 1 1 1 1
          1 1 1 1 1 1 1 1 1 1 1 1 1 1 1 1
          1 1 1 1 1 1 1 1 1 1 1 1 1 1 1 1
          1 1 1 1 1 1 1 1 1 1 1 1 1 1 1 1
          1 1 1 1 1 1 1 1 1 1 1 1 1 1 1 1
          1 1 1 1 1 1 1 1 1 1 1 1 1 1 1 1
          1 1 1 1 1 1 1 1 1 1 1 1 1 1 1 1
          1 1 1 1 1 1 1 1 1 1 1 1 1 1 1 1
          1 1 1 1 1 1 1 1 1 1 1 1 1 1 1 1
          1 1 1 1 1 1 1 1 1 1 1 1 1 1 1 1
          1 1 1 1 1 1 1 1 1 1 1 1 1 1 1 1
          1 1 1 1 1 1 1 1 1 1 1 1 1 1 1 1
          1 1 1 1 1 1 1 1 1 1 1 1 1 1 1 1
          1 1 1 1 1 1 1 1 1 1 1 1 1 1 1 1
          1 1 1 1 1 1 1 1 1 1 1 1 1 1 1 1
          1 1 1 1 1 1 1 1 1 1 1 1 1 1 1 1
          1 1 1 1 1 1 1 1 1 1 1 1 1 1 1 1
          1 1 1 1 1 1 1 1 1 1 1 1 1 1 1 1
          1 1 1 1 1 1 1 1 1 1 1 1 1 1 1 1
          1 1 1 1 1 1 1 1 1 1 1 1 1 1 1 1
          1 1 1 1 1 1 1 1 1 1 1 1 1 1 1 1
          1 1 1 1 1 1 1 1 1 1 1 1 1 1 1 1
          1 1 1 1 1 1 1 1 1 1 1 1 1 1 1 1
          1 1 1 1 1 1 1 1 1 1 1 1 1 1 1 1
          1 1 1 1 1 1 1 1 1 1 1 1 1 1 1 1
          1 1 1 1 1 1 1 1 1 1 1 1 1 1 1 1
          1 1 1 1 1 1 1 1 1 1 1 1 1 1 1 1
          1 1 1 1 1 1 1 1 1 1 1 1 1 1 1 1
          1 1 1 1 1 1 1 1 1 1 1 1 1 1 1 1
          1 1 1 1 1 1 1 1 1 1 1 1 1 1 1 1
          1 1 1 1 1 1 1 1 1 1 1 1 1 1 1 1
          1 1 1 1 1 1 1 1 1 1 1 1 1 1 1 1
          1 1 1 1 1 1 1 1 1 1 1 1 1 1 1 1
          1 1 1 1 1 1 1 1 1 1 1 1 1 1 1 1
          1 1 1 1 1 1 1 1 1 1 1 1 1 1 1 1
          1 1 1 1 1 1 1 1 1 1 1 1 1 1 1 1
          1 1 1 1 1 1 1 1 1 1 1 1 1 1 1 1
          1 1 1 1 1 1 1 1 1 1 1 1 1 1 1 1
          1 1 1 1 1 1 1 1 1 1 1 1 1 1 1 1
          1 1 1 1 1 1 1 1 1 1 1 1 1 1 1 1
          1 1 1 1 1 1 1 1 1 1 1 1 1 1 1 1
          1 1 1 1 1 1 1 1 1 1 1 1 1 1 1 1
          1 1 1 1 1 1 1 1 1 1 1 1 1 1 1 1
          1 1 1 1 1 1 1 1 1 1 1 1 1 1 1 1
          1 1 1 1 1 1 1 1 1 1 1 1 1 1 1 1
          1 1 1 1 1 1 1 1 1 1 1 1 1 1 1 1
          1 1 1 1 1 1 1 1 1 1 1 1 1 1 1 1
          1 1 1 1 1 1 1 1 1 1 1 1 1 1 1 1
          1 1 1 1 1 1 1 1 1 1 1 1 1 1 1 1
          1 1 1 1 1 1 1 1 1 1 1 1 1 1 1 1
          1 1 1 1 1 1 1 1 1 1 1 1 1 1 1 1
          1 1 1 1 1 1 1 1 1 1 1 1 1 1 1 1
          1 1 1 1 1 1 1 1 1 1 1 1 1 1 1 1
          1 1 1 1 1 1 1 1 1 1 1 1 1 1 1 1
          1 1 1 1 1 1 1 1 1 1 1 1 1 1 1 1
          1 1 1 1 1 1 1 1 1 1 1 1 1 1 1 1
          1 1 1 1 1 1 1 1 1 1 1 1 1 1 1 1
          1 1 1 1 1 1 1 1 1 1 1 1 1 1 1 1
          1 1 1 1 1 1 1 1 1 1 1 1 1 1 1 1
          1 1 1 1 1 1 1 1 1 1 1 1 1 1 1 1
          1 1 1 1 1 1 1 1 1 1 1 1 1 1 1 1
          1 1 1 1 1 1 1 1 1 1 1 1 1 1 1 1
          1 1 1 1 1 1 1 1 1 1 1 1 1 1 1 1
          1 1 1 1 1 1 1 1 1 1 1 1 1 1 1 1
          1 1 1 1 1 1 1 1 1 1 1 1 1 1 1 1
          1 1 1 1 1 1 1 1 1 1 1 1 1 1 1 1
          1 1 1 1 1 1 1 1 1 1 1 1 1 1 1 1
          1 1 1 1 1 1 1 1 1 1 1 1 1 1 1 1
          1 1 1 1 1 1 1 1 1 1 1 1 1 1 1 1
          1 1 1 1 1 1 1 1 1 1 1 1 1 1 1 1
          1 1 1 1 1 1 1 1 1 1 1 1 1 1 1 1
          1 1 1 1 1 1 1 1 1 1 1 1 1 1 1 1
          1 1 1 1 1 1 1 1 1 1 1 1 1 1 1 1
          1 1 1 1 1 1 1 1 1 1 1 1 1 1 1 1
          1 1 1 1 1 1 1 1 1 1 1 1 1 1 1 1
          1 1 1 1 1 1 1 1 1 1 1 1 1 1 1 1
          1 1 1 1 1 1 1 1 1 1 1 1 1 1 1 1
          1 1 1 1 1 1 1 1 1 1 1 1 1 1 1 1
          1 1 1 1 1 1 1 1 1 1 1 1 1 1 1 1
          1 1 1 1 1 1 1 1 1 1 1 1 1 1 1 1
          1 1 1 1 1 1 1 1 1 1 1 1 1 1 1 1
          1 1 1 1 1 1 1 1 1 1 1 1 1 1 1 1
          1 1 1 1 1 1 1 1 1 1 1 1 1 1 1 1
          1 1 1 1 1 1 1 1 1 1 1 1 1 1 1 1
          1 1 1 1 1 1 1 1 1 1 1 1 1 1 1 1
          1 1 1 1 1 1 1 1 1 1 1 1 1 1 1 1
          1 1 1 1 1 1 1 1 1 1 1 1 1 1 1 1
          1 1 1 1 1 1 1 1 1 1 1 1 1 1 1 1
          1 1 1 1 1 1 1 1 1 1 1 1 1 1 1 1
          1 1 1 1 1 1 1 1 1 1 1 1 1 1 1 1
          1 1 1 1 1 1 1 1 1 1 1 1 1 1 1 1
          1 1 1 1 1 1 1 1 1 1 1 1 1 1 1 1
          1 1 1 1 1 1 1 1 1 1 1 1 1 1 1 1
          1 1 1 1 1 1 1 1 1 1 1 1 1 1 1 1
          1 1 1 1 1 1 1 1 1 1 1 1 1 1 1 1
          1 1 1 1 1 1 1 1 1 1 1 1 1 1 1 1
          1 1 1 1 1 1 1 1 1 1 1 1 1 1 1 1
          1 1 1 1 1 1 1 1 1 1 1 1 1 1 1 1
          1 1 1 1 1 1 1 1 1 1 1 1 1 1 1 1
          1 1 1 1 1 1 1 1 1 1 1 1 1 1 1 1
          1 1 1 1 1 1 1 1 1 1 1 1 1 1 1 1
          1 1 1 1 1 1 1 1 1 1 1 1 1 1 1 1
          1 1 1 1 1 1 1 1 1 1 1 1 1 1 1 1
          1 1 1 1 1 1 1 1 1 1 1 1 1 1 1 1
          1 1 1 1 1 1 1 1 1 1 1 1 1 1 1 1
          1 1 1 1 1 1 1 1 1 1 1 1 1 1 1 1
          1 1 1 1 1 1 1 1 1 1 1 1 1 1 1 1
          1 1 1 1 1 1 1 1 1 1 1 1 1 1 1 1
          1 1 1 1 1 1 1 1 1 1 1 1 1 1 1 1
          1 1 1 1 1 1 1 1 1 1 1 1 1 1 1 1
          1 1 1 1 1 1 1 1 1 1 1 1 1 1 1 1
          1 1 1 1 1 1 1 1 1 1 1 1 1 1 1 1
          1 1 1 1 1 1 1 1 1 1 1 1 1 1 1 1
          1 1 1 1 1 1 1 1 1 1 1 1 1 1 1 1
          1 1 1 1 1 1 1 1 1 1 1 1 1 1 1 1
          1 1 1 1 1 1 1 1 1 1 1 1 1 1 1 1
          1 1 1 1 1 1 1 1 1 1 1 1 1 1 1 1
          1 1 1 1 1 1 1 1 1 1 1 1 1 1 1 1
          1 1 1 1 1 1 1 1 1 1 1 1 1 1 1 1
          1 1 1 1 1 1 1 1 1 1 1 1 1 1 1 1
          1 1 1 1 1 1 1 1 1 1 1 1 1 1 1 1
          1 1 1 1 1 1 1 1 1 1 1 1 1 1 1 1
          1 1 1 1 1 1 1 1 1 1 1 1 1 1 1 1
          1 1 1 1 1 1 1 1 1 1 1 1 1 1 1 1
          1 1 1 1 1 1 1 1 1 1 1 1 1 1 1 1
          1 1 1 1 1 1 1 1 1 1 1 1 1 1 1 1
          1 1 1 1 1 1 1 1 1 1 1 1 1 1 1 1
          1 1 1 1 1 1 1 1 1 1 1 1 1 1 1 1
          1 1 1 1 1 1 1 1 1 1 1 1 1 1 1 1
          1 1 1 1 1 1 1 1 1 1 1 1 1 1 1 1
          1 1 1 1 1 1 1 1 1 1 1 1 1 1 1 1
          1 1 1 1 1 1 1 1 1 1 1 1 1 1 1 1
          1 1 1 1 1 1 1 1 1 1 1 1 1 1 1 1
          1 1 1 1 1 1 1 1 1 1 1 1 1 1 1 1
          1 1 1 1 1 1 1 1 1 1 1 1 1 1 1 1
          1 1 1 1 1 1 1 1 1 1 1 1 1 1 1 1
          1 1 1 1 1 1 1 1 1 1 1 1 1 1 1 1
          1 1 1 1 1 1 1 1 1 1 1 1 1 1 1 1
          1 1 1 1 1 1 1 1 1 1 1 1 1 1 1 1
          1 1 1 1 1 1 1 1 1 1 1 1 1 1 1 1
          1 1 1 1 1 1 1 1 1 1 1 1 1 1 1 1
          1 1 1 1 1 1 1 1 1 1 1 1 1 1 1 1
          1 1 1 1 1 1 1 1 1 1 1 1 1 1 1 1
          1 1 1 1 1 1 1 1 1 1 1 1 1 1 1 1
          1 1 1 1 1 1 1 1 1 1 1 1 1 1 1 1
          1 1 1 1 1 1 1 1 1 1 1 1 1 1 1 1
          1 1 1 1 1 1 1 1 1 1 1 1 1 1 1 1
          1 1 1 1 1 1 1 1 1 1 1 1 1 1 1 1
          1 1 1 1 1 1 1 1 1 1 1 1 1 1 1 1
          1 1 1 1 1 1 1 1 1 1 1 1 1 1 1 1
          1 1 1 1 1 1 1 1 1 1 1 1 1 1 1 1
          1 1 1 1 1 1 1 1 1 1 1 1 1 1 1 1
          1 1 1 1 1 1 1 1 1 1 1 1 1 1 1 1
          1 1 1 1 1 1 1 1 1 1 1 1 1 1 1 1
          1 1 1 1 1 1 1 1 1 1 1 1 1 1 1 1
          1 1 1 1 1 1 1 1 1 1 1 1 1 1 1 1
          1 1 1 1 1 1 1 1 1 1 1 1 1 1 1 1
          1 1 1 1 1 1 1 1 1 1 1 1 1 1 1 1
          1 1 1 1 1 1 1 1 1 1 1 1 1 1 1 1
          1 1 1 1 1 1 1 1 1 1 1 1 1 1 1 1
          1 1 1 1 1 1 1 1 1 1 1 1 1 1 1 1
          1 1 1 1 1 1 1 1 1 1 1 1 1 1 1 1
          1 1 1 1 1 1 1 1 1 1 1 1 1 1 1 1
          1 1 1 1 1 1 1 1 1 1 1 1 1 1 1 1
          1 1 1 1 1 1 1 1 1 1 1 1 1 1 1 1
          1 1 1 1 1 1 1 1 1 1 1 1 1 1 1 1
          1 1 1 1 1 1 1 1 1 1 1 1 1 1 1 1
          1 1 1 1 1 1 1 1 1 1 1 1 1 1 1 1
          1 1 1 1 1 1 1 1 1 1 1 1 1 1 1 1
          1 1 1 1 1 1 1 1 1 1 1 1 1 1 1 1
          1 1 1 1 1 1 1 1 1 1 1 1 1 1 1 1
          1 1 1 1 1 1 1 1 1 1 1 1 1 1 1 1
          1 1 1 1 1 1 1 1 1 1 1 1 1 1 1 1
          1 1 1 1 1 1 1 1 1 1 1 1 1 1 1 1
          1 1 1 1 1 1 1 1 1 1 1 1 1 1 1 1
          1 1 1 1 1
        </DataArray>
        <DataArray type="Int32" Name="num_sharing_ranks" format="ascii">
          1 1 1 1 1 1 1 1 1 1 1 1 1 1 1 1
          1 1 1 1 1 1 1 1 1 1 1 1 1 1 1 1
          1 1 1 1 1 1 1 1 1 1 1 1 1 1 1 1
          1 1 1 1 1 1 1 1 1 1 1 1 1 1 1 1
          1 1 1 1 1 1 1 1 1 1 1 1 1 1 1 1
          1 1 1 1 1 1 1 1 1 1 1 1 1 1 1 1
          1 1 1 1 1 1 1 1 1 1 1 1 1 1 1 1
          1 1 1 1 1 1 1 1 1 1 1 1 1 1 1 1
          1 1 1 1 1 1 1 1 1 1 1 1 1 1 1 1
          1 1 1 1 1 1 1 1 1 1 1 1 1 1 1 1
          1 1 1 1 1 1 1 1 1 1 1 1 1 1 1 1
          1 1 1 1 1 1 1 1 1 1 1 1 1 1 1 1
          1 1 1 1 1 1 1 1 1 1 1 1 1 1 1 1
          1 1 1 1 1 1 1 1 1 1 1 1 1 1 1 1
          1 1 1 1 1 1 1 1 1 1 1 1 1 1 1 1
          1 1 1 1 1 1 1 1 1 1 1 1 1 1 1 1
          1 1 1 1 1 1 1 1 1 1 1 1 1 1 1 1
          1 1 1 1 1 1 1 1 1 1 1 1 1 1 1 1
          1 1 1 1 1 1 1 1 1 1 1 1 1 1 1 1
          1 1 1 1 1 1 1 1 1 1 1 1 1 1 1 1
          1 1 1 1 1 1 1 1 1 1 1 1 1 1 1 1
          1 1 1 1 1 1 1 1 1 1 1 1 1 1 1 1
          1 1 1 1 1 1 1 1 1 1 1 1 1 1 1 1
          1 1 1 1 1 1 1 1 1 1 1 1 1 1 1 1
          1 1 1 1 1 1 1 1 1 1 1 1 1 1 1 1
          1 1 1 1 1 1 1 1 1 1 1 1 1 1 1 1
          1 1 1 1 1 1 1 1 1 1 1 1 1 1 1 1
          1 1 1 1 1 1 1 1 1 1 1 1 1 1 1 1
          1 1 1 1 1 1 1 1 1 1 1 1 1 1 1 1
          1 1 1 1 1 1 1 1 1 1 1 1 1 1 1 1
          1 1 1 1 1 1 1 1 1 1 1 1 1 1 1 1
          1 1 1 1 1 1 1 1 1 1 1 1 1 1 1 1
          1 1 1 1 1 1 1 1 1 1 1 1 1 1 1 1
          1 1 1 1 1 1 1 1 1 1 1 1 1 1 1 1
          1 1 1 1 1 1 1 1 1 1 1 1 1 1 1 1
          1 1 1 1 1 1 1 1 1 1 1 1 1 1 1 1
          1 1 1 1 1 1 1 1 1 1 1 1 1 1 1 1
          1 1 1 1 1 1 1 1 1 1 1 1 1 1 1 1
          1 1 1 1 1 1 1 1 1 1 1 1 1 1 1 1
          1 1 1 1 1 1 1 1 1 1 1 1 1 1 1 1
          1 1 1 1 1 1 1 1 1 1 1 1 1 1 1 1
          1 1 1 1 1 1 1 1 1 1 1 1 1 1 1 1
          1 1 1 1 1 1 1 1 1 1 1 1 1 1 1 1
          1 1 1 1 1 1 1 1 1 1 1 1 1 1 1 1
          1 1 1 1 1 1 1 1 1 1 1 1 1 1 1 1
          1 1 1 1 1 1 1 1 1 1 1 1 1 1 1 1
          1 1 1 1 1 1 1 1 1 1 1 1 1 1 1 1
          1 1 1 1 1 1 1 1 1 1 1 1 1 1 1 1
          1 1 1 1 1 1 1 1 1 1 1 1 1 1 1 1
          1 1 1 1 1 1 1 1 1 1 1 1 1 1 1 1
          1 1 1 1 1 1 1 1 1 1 1 1 1 1 1 1
          1 1 1 1 1 1 1 1 1 1 1 1 1 1 1 1
          1 1 1 1 1 1 1 1 1 1 1 1 1 1 1 1
          1 1 1 1 1 1 1 1 1 1 1 1 1 1 1 1
          1 1 1 1 1 1 1 1 1 1 1 1 1 1 1 1
          1 1 1 1 1 1 1 1 1 1 1 1 1 1 1 1
          1 1 1 1 1 1 1 1 1 1 1 1 1 1 1 1
          1 1 1 1 1 1 1 1 1 1 1 1 1 1 1 1
          1 1 1 1 1 1 1 1 1 1 1 1 1 1 1 1
          1 1 1 1 1 1 1 1 1 1 1 1 1 1 1 1
          1 1 1 1 1 1 1 1 1 1 1 1 1 1 1 1
          1 1 1 1 1 1 1 1 1 1 1 1 1 1 1 1
          1 1 1 1 1 1 1 1 1 1 1 1 1 1 1 1
          1 1 1 1 1 1 1 1 1 1 1 1 1 1 1 1
          1 1 1 1 1 1 1 1 1 1 1 1 1 1 1 1
          1 1 1 1 1 1 1 1 1 1 1 1 1 1 1 1
          1 1 1 1 1 1 1 1 1 1 1 1 1 1 1 1
          1 1 1 1 1 1 1 1 1 1 1 1 1 1 1 1
          1 1 1 1 1 1 1 1 1 1 1 1 1 1 1 1
          1 1 1 1 1 1 1 1 1 1 1 1 1 1 1 1
          1 1 1 1 1 1 1 1 1 1 1 1 1 1 1 1
          1 1 1 1 1 1 1 1 1 1 1 1 1 1 1 1
          1 1 1 1 1 1 1 1 1 1 1 1 1 1 1 1
          1 1 1 1 1 1 1 1 1 1 1 1 1 1 1 1
          1 1 1 1 1 1 1 1 1 1 1 1 1 1 1 1
          1 1 1 1 1 1 1 1 1 1 1 1 1 1 1 1
          1 1 1 1 1 1 1 1 1 1 1 1 1 1 1 1
          1 1 1 1 1 1 1 1 1 1 1 1 1 1 1 1
          1 1 1 1 1 1 1 1 1 1 1 1 1 1 1 1
          1 1 1 1 1 1 1 1 1 1 1 1 1 1 1 1
          1 1 1 1 1 1 1 1 1 1 1 1 1 1 1 1
          1 1 1 1 1 1 1 1 1 1 1 1 1 1 1 1
          1 1 1 1 1 1 1 1 1 1 1 1 1 1 1 1
          1 1 1 1 1 1 1 1 1 1 1 1 1 1 1 1
          1 1 1 1 1 1 1 1 1 1 1 1 1 1 1 1
          1 1 1 1 1 1 1 1 1 1 1 1 1 1 1 1
          1 1 1 1 1 1 1 1 1 1 1 1 1 1 1 1
          1 1 1 1 1 1 1 1 1 1 1 1 1 1 1 1
          1 1 1 1 1 1 1 1 1 1 1 1 1 1 1 1
          1 1 1 1 1 1 1 1 1 1 1 1 1 1 1 1
          1 1 1 1 1 1 1 1 1 1 1 1 1 1 1 1
          1 1 1 1 1 1 1 1 1 1 1 1 1 1 1 1
          1 1 1 1 1 1 1 1 1 1 1 1 1 1 1 1
          1 1 1 1 1 1 1 1 1 1 1 1 1 1 1 1
          1 1 1 1 1 1 1 1 1 1 1 1 1 1 1 1
          1 1 1 1 1 1 1 1 1 1 1 1 1 1 1 1
          1 1 1 1 1 1 1 1 1 1 1 1 1 1 1 1
          1 1 1 1 1 1 1 1 1 1 1 1 1 1 1 1
          1 1 1 1 1 1 1 1 1 1 1 1 1 1 1 1
          1 1 1 1 1 1 1 1 1 1 1 1 1 1 1 1
          1 1 1 1 1 1 1 1 1 1 1 1 1 1 1 1
          1 1 1 1 1 1 1 1 1 1 1 1 1 1 1 1
          1 1 1 1 1 1 1 1 1 1 1 1 1 1 1 1
          1 1 1 1 1 1 1 1 1 1 1 1 1 1 1 1
          1 1 1 1 1 1 1 1 1 1 1 1 1 1 1 1
          1 1 1 1 1 1 1 1 1 1 1 1 1 1 1 1
          1 1 1 1 1 1 1 1 1 1 1 1 1 1 1 1
          1 1 1 1 1 1 1 1 1 1 1 1 1 1 1 1
          1 1 1 1 1 1 1 1 1 1 1 1 1 1 1 1
          1 1 1 1 1 1 1 1 1 1 1 1 1 1 1 1
          1 1 1 1 1 1 1 1 1 1 1 1 1 1 1 1
          1 1 1 1 1 1 1 1 1 1 1 1 1 1 1 1
          1 1 1 1 1 1 1 1 1 1 1 1 1 1 1 1
          1 1 1 1 1 1 1 1 1 1 1 1 1 1 1 1
          1 1 1 1 1 1 1 1 1 1 1 1 1 1 1 1
          1 1 1 1 1 1 1 1 1 1 1 1 1 1 1 1
          1 1 1 1 1 1 1 1 1 1 1 1 1 1 1 1
          1 1 1 1 1 1 1 1 1 1 1 1 1 1 1 1
          1 1 1 1 1 1 1 1 1 1 1 1 1 1 1 1
          1 1 1 1 1 1 1 1 1 1 1 1 1 1 1 1
          1 1 1 1 1 1 1 1 1 1 1 1 1 1 1 1
          1 1 1 1 1 1 1 1 1 1 1 1 1 1 1 1
          1 1 1 1 1 1 1 1 1 1 1 1 1 1 1 1
          1 1 1 1 1 1 1 1 1 1 1 1 1 1 1 1
          1 1 1 1 1 1 1 1 1 1 1 1 1 1 1 1
          1 1 1 1 1 1 1 1 1 1 1 1 1 1 1 1
          1 1 1 1 1 1 1 1 1 1 1 1 1 1 1 1
          1 1 1 1 1 1 1 1 1 1 1 1 1 1 1 1
          1 1 1 1 1 1 1 1 1 1 1 1 1 1 1 1
          1 1 1 1 1 1 1 1 1 1 1 1 1 1 1 1
          1 1 1 1 1 1 1 1 1 1 1 1 1 1 1 1
          1 1 1 1 1 1 1 1 1 1 1 1 1 1 1 1
          1 1 1 1 1 1 1 1 1 1 1 1 1 1 1 1
          1 1 1 1 1 1 1 1 1 1 1 1 1 1 1 1
          1 1 1 1 1 1 1 1 1 1 1 1 1 1 1 1
          1 1 1 1 1 1 1 1 1 1 1 1 1 1 1 1
          1 1 1 1 1 1 1 1 1 1 1 1 1 1 1 1
          1 1 1 1 1 1 1 1 1 1 1 1 1 1 1 1
          1 1 1 1 1 1 1 1 1 1 1 1 1 1 1 1
          1 1 1 1 1 1 1 1 1 1 1 1 1 1 1 1
          1 1 1 1 1 1 1 1 1 1 1 1 1 1 1 1
          1 1 1 1 1 1 1 1 1 1 1 1 1 1 1 1
          1 1 1 1 1 1 1 1 1 1 1 1 1 1 1 1
          1 1 1 1 1 1 1 1 1 1 1 1 1 1 1 1
          1 1 1 1 1 1 1 1 1 1 1 1 1 1 1 1
          1 1 1 1 1 1 1 1 1 1 1 1 1 1 1 1
          1 1 1 1 1 1 1 1 1 1 1 1 1 1 1 1
          1 1 1 1 1 1 1 1 1 1 1 1 1 1 1 1
          1 1 1 1 1 1 1 1 1 1 1 1 1 1 1 1
          1 1 1 1 1 1 1 1 1 1 1 1 1 1 1 1
          1 1 1 1 1 1 1 1 1 1 1 1 1 1 1 1
          1 1 1 1 1 1 1 1 1 1 1 1 1 1 1 1
          1 1 1 1 1 1 1 1 1 1 1 1 1 1 1 1
          1 1 1 1 1 1 1 1 1 1 1 1 1 1 1 1
          1 1 1 1 1 1 1 1 1 1 1 1 1 1 1 1
          1 1 1 1 1 1 1 1 1 1 1 1 1 1 1 1
          1 1 1 1 1 1 1 1 1 1 1 1 1 1 1 1
          1 1 1 1 1 1 1 1 1 1 1 1 1 1 1 1
          1 1 1 1 1 1 1 1 1 1 1 1 1 1 1 1
          1 1 1 1 1 1 1 1 1 1 1 1 1 1 1 1
          1 1 1 1 1 1 1 1 1 1 1 1 1 1 1 1
          1 1 1 1 1 1 1 1 1 1 1 1 1 1 1 1
          1 1 1 1 1 1 1 1 1 1 1 1 1 1 1 1
          1 1 1 1 1 1 1 1 1 1 1 1 1 1 1 1
          1 1 1 1 1 1 1 1 1 1 1 1 1 1 1 1
          1 1 1 1 1 1 1 1 1 1 1 1 1 1 1 1
          1 1 1 1 1 1 1 1 1 1 1 1 1 1 1 1
          1 1 1 1 1 1 1 1 1 1 1 1 1 1 1 1
          1 1 1 1 1 1 1 1 1 1 1 1 1 1 1 1
          1 1 1 1 1 1 1 1 1 1 1 1 1 1 1 1
          1 1 1 1 1 1 1 1 1 1 1 1 1 1 1 1
          1 1 1 1 1 1 1 1 1 1 1 1 1 1 1 1
          1 1 1 1 1 1 1 1 1 1 1 1 1 1 1 1
          1 1 1 1 1 1 1 1 1 1 1 1 1 1 1 1
          1 1 1 1 1 1 1 1 1 1 1 1 1 1 1 1
          1 1 1 1 1 1 1 1 1 1 1 1 1 1 1 1
          1 1 1 1 1 1 1 1 1 1 1 1 1 1 1 1
          1 1 1 1 1 1 1 1 1 1 1 1 1 1 1 1
          1 1 1 1 1 1 1 1 1 1 1 1 1 1 1 1
          1 1 1 1 1 1 1 1 1 1 1 1 1 1 1 1
          1 1 1 1 1 1 1 1 1 1 1 1 1 1 1 1
          1 1 1 1 1 1 1 1 1 1 1 1 1 1 1 1
          1 1 1 1 1 1 1 1 1 1 1 1 1 1 1 1
          1 1 1 1 1 1 1 1 1 1 1 1 1 1 1 1
          1 1 1 1 1 1 1 1 1 1 1 1 1 1 1 1
          1 1 1 1 1 1 1 1 1 1 1 1 1 1 1 1
          1 1 1 1 1 1 1 1 1 1 1 1 1 1 1 1
          1 1 1 1 1 1 1 1 1 1 1 1 1 1 1 1
          1 1 1 1 1 1 1 1 1 1 1 1 1 1 1 1
          1 1 1 1 1 1 1 1 1 1 1 1 1 1 1 1
          1 1 1 1 1 1 1 1 1 1 1 1 1 1 1 1
          1 1 1 1 1 1 1 1 1 1 1 1 1 1 1 1
          1 1 1 1 1 1 1 1 1 1 1 1 1 1 1 1
          1 1 1 1 1 1 1 1 1 1 1 1 1 1 1 1
          1 1 1 1 1 1 1 1 1 1 1 1 1 1 1 1
          1 1 1 1 1 1 1 1 1 1 1 1 1 1 1 1
          1 1 1 1 1 1 1 1 1 1 1 1 1 1 1 1
          1 1 1 1 1 1 1 1 1 1 1 1 1 1 1 1
          1 1 1 1 1 1 1 1 1 1 1 1 1 1 1 1
          1 1 1 1 1 1 1 1 1 1 1 1 1 1 1 1
          1 1 1 1 1 1 1 1 1 1 1 1 1 1 1 1
          1 1 1 1 1 1 1 1 1 1 1 1 1 1 1 1
          1 1 1 1 1 1 1 1 1 1 1 1 1 1 1 1
          1 1 1 1 1 1 1 1 1 1 1 1 1 1 1 1
          1 1 1 1 1 1 1 1 1 1 1 1 1 1 1 1
          1 1 1 1 1 1 1 1 1 1 1 1 1 1 1 1
          1 1 1 1 1 1 1 1 1 1 1 1 1 1 1 1
          1 1 1 1 1 1 1 1 1 1 1 1 1 1 1 1
          1 1 1 1 1 1 1 1 1 1 1 1 1 1 1 1
          1 1 1 1 1 1 1 1 1 1 1 1 1 1 1 1
          1 1 1 1 1 1 1 1 1 1 1 1 1 1 1 1
          1 1 1 1 1 1 1 1 1 1 1 1 1 1 1 1
          1 1 1 1 1 1 1 1 1 1 1 1 1 1 1 1
          1 1 1 1 1 1 1 1 1 1 1 1 1 1 1 1
          1 1 1 1 1 1 1 1 1 1 1 1 1 1 1 1
          1 1 1 1 1 1 1 1 1 1 1 1 1 1 1 1
          1 1 1 1 1 1 1 1 1 1 1 1 1 1 1 1
          1 1 1 1 1 1 1 1 1 1 1 1 1 1 1 1
          1 1 1 1 1 1 1 1 1 1 1 1 1 1 1 1
          1 1 1 1 1 1 1 1 1 1 1 1 1 1 1 1
          1 1 1 1 1 1 1 1 1 1 1 1 1 1 1 1
          1 1 1 1 1 1 1 1 1 1 1 1 1 1 1 1
          1 1 1 1 1 1 1 1 1 1 1 1 1 1 1 1
          1 1 1 1 1 1 1 1 1 1 1 1 1 1 1 1
          1 1 1 1 1 1 1 1 1 1 1 1 1 1 1 1
          1 1 1 1 1 1 1 1 1 1 1 1 1 1 1 1
          1 1 1 1 1 1 1 1 1 1 1 1 1 1 1 1
          1 1 1 1 1 1 1 1 1 1 1 1 1 1 1 1
          1 1 1 1 1 1 1 1 1 1 1 1 1 1 1 1
          1 1 1 1 1 1 1 1 1 1 1 1 1 1 1 1
          1 1 1 1 1 1 1 1 1 1 1 1 1 1 1 1
          1 1 1 1 1 1 1 1 1 1 1 1 1 1 1 1
          1 1 1 1 1 1 1 1 1 1 1 1 1 1 1 1
          1 1 1 1 1 1 1 1 1 1 1 1 1 1 1 1
          1 1 1 1 1 1 1 1 1 1 1 1 1 1 1 1
          1 1 1 1 1 1 1 1 1 1 1 1 1 1 1 1
          1 1 1 1 1 1 1 1 1 1 1 1 1 1 1 1
          1 1 1 1 1 1 1 1 1 1 1 1 1 1 1 1
          1 1 1 1 1 1 1 1 1 1 1 1 1 1 1 1
          1 1 1 1 1 1 1 1 1 1 1 1 1 1 1 1
          1 1 1 1 1 1 1 1 1 1 1 1 1 1 1 1
          1 1 1 1 1 1 1 1 1 1 1 1 1 1 1 1
          1 1 1 1 1 1 1 1 1 1 1 1 1 1 1 1
          1 1 1 1 1 1 1 1 1 1 1 1 1 1 1 1
          1 1 1 1 1 1 1 1 1 1 1 1 1 1 1 1
          1 1 1 1 1 1 1 1 1 1 1 1 1 1 1 1
          1 1 1 1 1 1 1 1 1 1 1 1 1 1 1 1
          1 1 1 1 1 1 1 1 1 1 1 1 1 1 1 1
          1 1 1 1 1 1 1 1 1 1 1 1 1 1 1 1
          1 1 1 1 1 1 1 1 1 1 1 1 1 1 1 1
          1 1 1 1 1
        </DataArray>
        <DataArray type="Int32" Name="owner_ranks" format="ascii">
          1 1 1 1 1 1 1 1 1 1 1 1 1 1 1 1
          1 1 1 1 1 1 1 1 1 1 1 1 1 1 1 1
          1 1 1 1 1 1 1 1 1 1 1 1 1 1 1 1
          1 1 1 1 1 1 1 1 1 1 1 1 1 1 1 1
          1 1 1 1 1 1 1 1 1 1 1 1 1 1 1 1
          1 1 1 1 1 1 1 1 1 1 1 1 1 1 1 1
          1 1 1 1 1 1 1 1 1 1 1 1 1 1 1 1
          1 1 1 1 1 1 1 1 1 1 1 1 1 1 1 1
          1 1 1 1 1 1 1 1 1 1 1 1 1 1 1 1
          1 1 1 1 1 1 1 1 1 1 1 1 1 1 1 1
          1 1 1 1 1 1 1 1 1 1 1 1 1 1 1 1
          1 1 1 1 1 1 1 1 1 1 1 1 1 1 1 1
          1 1 1 1 1 1 1 1 1 1 1 1 1 1 1 1
          1 1 1 1 1 1 1 1 1 1 1 1 1 1 1 1
          1 1 1 1 1 1 1 1 1 1 1 1 1 1 1 1
          1 1 1 1 1 1 1 1 1 1 1 1 1 1 1 1
          1 1 1 1 1 1 1 1 1 1 1 1 1 1 1 1
          1 1 1 1 1 1 1 1 1 1 1 1 1 1 1 1
          1 1 1 1 1 1 1 1 1 1 1 1 1 1 1 1
          1 1 1 1 1 1 1 1 1 1 1 1 1 1 1 1
          1 1 1 1 1 1 1 1 1 1 1 1 1 1 1 1
          1 1 1 1 1 1 1 1 1 1 1 1 1 1 1 1
          1 1 1 1 1 1 1 1 1 1 1 1 1 1 1 1
          1 1 1 1 1 1 1 1 1 1 1 1 1 1 1 1
          1 1 1 1 1 1 1 1 1 1 1 1 1 1 1 1
          1 1 1 1 1 1 1 1 1 1 1 1 1 1 1 1
          1 1 1 1 1 1 1 1 1 1 1 1 1 1 1 1
          1 1 1 1 1 1 1 1 1 1 1 1 1 1 1 1
          1 1 1 1 1 1 1 1 1 1 1 1 1 1 1 1
          1 1 1 1 1 1 1 1 1 1 1 1 1 1 1 1
          1 1 1 1 1 1 1 1 1 1 1 1 1 1 1 1
          1 1 1 1 1 1 1 1 1 1 1 1 1 1 1 1
          1 1 1 1 1 1 1 1 1 1 1 1 1 1 1 1
          1 1 1 1 1 1 1 1 1 1 1 1 1 1 1 1
          1 1 1 1 1 1 1 1 1 1 1 1 1 1 1 1
          1 1 1 1 1 1 1 1 1 1 1 1 1 1 1 1
          1 1 1 1 1 1 1 1 1 1 1 1 1 1 1 1
          1 1 1 1 1 1 1 1 1 1 1 1 1 1 1 1
          1 1 1 1 1 1 1 1 1 1 1 1 1 1 1 1
          1 1 1 1 1 1 1 1 1 1 1 1 1 1 1 1
          1 1 1 1 1 1 1 1 1 1 1 1 1 1 1 1
          1 1 1 1 1 1 1 1 1 1 1 1 1 1 1 1
          1 1 1 1 1 1 1 1 1 1 1 1 1 1 1 1
          1 1 1 1 1 1 1 1 1 1 1 1 1 1 1 1
          1 1 1 1 1 1 1 1 1 1 1 1 1 1 1 1
          1 1 1 1 1 1 1 1 1 1 1 1 1 1 1 1
          1 1 1 1 1 1 1 1 1 1 1 1 1 1 1 1
          1 1 1 1 1 1 1 1 1 1 1 1 1 1 1 1
          1 1 1 1 1 1 1 1 1 1 1 1 1 1 1 1
          1 1 1 1 1 1 1 1 1 1 1 1 1 1 1 1
          1 1 1 1 1 1 1 1 1 1 1 1 1 1 1 1
          1 1 1 1 1 1 1 1 1 1 1 1 1 1 1 1
          1 1 1 1 1 1 1 1 1 1 1 1 1 1 1 1
          1 1 1 1 1 1 1 1 1 1 1 1 1 1 1 1
          1 1 1 1 1 1 1 1 1 1 1 1 1 1 1 1
          1 1 1 1 1 1 1 1 1 1 1 1 1 1 1 1
          1 1 1 1 1 1 1 1 1 1 1 1 1 1 1 1
          1 1 1 1 1 1 1 1 1 1 1 1 1 1 1 1
          1 1 1 1 1 1 1 1 1 1 1 1 1 1 1 1
          1 1 1 1 1 1 1 1 1 1 1 1 1 1 1 1
          1 1 1 1 1 1 1 1 1 1 1 1 1 1 1 1
          1 1 1 1 1 1 1 1 1 1 1 1 1 1 1 1
          1 1 1 1 1 1 1 1 1 1 1 1 1 1 1 1
          1 1 1 1 1 1 1 1 1 1 1 1 1 1 1 1
          1 1 1 1 1 1 1 1 1 1 1 1 1 1 1 1
          1 1 1 1 1 1 1 1 1 1 1 1 1 1 1 1
          1 1 1 1 1 1 1 1 1 1 1 1 1 1 1 1
          1 1 1 1 1 1 1 1 1 1 1 1 1 1 1 1
          1 1 1 1 1 1 1 1 1 1 1 1 1 1 1 1
          1 1 1 1 1 1 1 1 1 1 1 1 1 1 1 1
          1 1 1 1 1 1 1 1 1 1 1 1 1 1 1 1
          1 1 1 1 1 1 1 1 1 1 1 1 1 1 1 1
          1 1 1 1 1 1 1 1 1 1 1 1 1 1 1 1
          1 1 1 1 1 1 1 1 1 1 1 1 1 1 1 1
          1 1 1 1 1 1 1 1 1 1 1 1 1 1 1 1
          1 1 1 1 1 1 1 1 1 1 1 1 1 1 1 1
          1 1 1 1 1 1 1 1 1 1 1 1 1 1 1 1
          1 1 1 1 1 1 1 1 1 1 1 1 1 1 1 1
          1 1 1 1 1 1 1 1 1 1 1 1 1 1 1 1
          1 1 1 1 1 1 1 1 1 1 1 1 1 1 1 1
          1 1 1 1 1 1 1 1 1 1 1 1 1 1 1 1
          1 1 1 1 1 1 1 1 1 1 1 1 1 1 1 1
          1 1 1 1 1 1 1 1 1 1 1 1 1 1 1 1
          1 1 1 1 1 1 1 1 1 1 1 1 1 1 1 1
          1 1 1 1 1 1 1 1 1 1 1 1 1 1 1 1
          1 1 1 1 1 1 1 1 1 1 1 1 1 1 1 1
          1 1 1 1 1 1 1 1 1 1 1 1 1 1 1 1
          1 1 1 1 1 1 1 1 1 1 1 1 1 1 1 1
          1 1 1 1 1 1 1 1 1 1 1 1 1 1 1 1
          1 1 1 1 1 1 1 1 1 1 1 1 1 1 1 1
          1 1 1 1 1 1 1 1 1 1 1 1 1 1 1 1
          1 1 1 1 1 1 1 1 1 1 1 1 1 1 1 1
          1 1 1 1 1 1 1 1 1 1 1 1 1 1 1 1
          1 1 1 1 1 1 1 1 1 1 1 1 1 1 1 1
          1 1 1 1 1 1 1 1 1 1 1 1 1 1 1 1
          1 1 1 1 1 1 1 1 1 1 1 1 1 1 1 1
          1 1 1 1 1 1 1 1 1 1 1 1 1 1 1 1
          1 1 1 1 1 1 1 1 1 1 1 1 1 1 1 1
          1 1 1 1 1 1 1 1 1 1 1 1 1 1 1 1
          1 1 1 1 1 1 1 1 1 1 1 1 1 1 1 1
          1 1 1 1 1 1 1 1 1 1 1 1 1 1 1 1
          1 1 1 1 1 1 1 1 1 1 1 1 1 1 1 1
          1 1 1 1 1 1 1 1 1 1 1 1 1 1 1 1
          1 1 1 1 1 1 1 1 1 1 1 1 1 1 1 1
          1 1 1 1 1 1 1 1 1 1 1 1 1 1 1 1
          1 1 1 1 1 1 1 1 1 1 1 1 1 1 1 1
          1 1 1 1 1 1 1 1 1 1 1 1 1 1 1 1
          1 1 1 1 1 1 1 1 1 1 1 1 1 1 1 1
          1 1 1 1 1 1 1 1 1 1 1 1 1 1 1 1
          1 1 1 1 1 1 1 1 1 1 1 1 1 1 1 1
          1 1 1 1 1 1 1 1 1 1 1 1 1 1 1 1
          1 1 1 1 1 1 1 1 1 1 1 1 1 1 1 1
          1 1 1 1 1 1 1 1 1 1 1 1 1 1 1 1
          1 1 1 1 1 1 1 1 1 1 1 1 1 1 1 1
          1 1 1 1 1 1 1 1 1 1 1 1 1 1 1 1
          1 1 1 1 1 1 1 1 1 1 1 1 1 1 1 1
          1 1 1 1 1 1 1 1 1 1 1 1 1 1 1 1
          1 1 1 1 1 1 1 1 1 1 1 1 1 1 1 1
          1 1 1 1 1 1 1 1 1 1 1 1 1 1 1 1
          1 1 1 1 1 1 1 1 1 1 1 1 1 1 1 1
          1 1 1 1 1 1 1 1 1 1 1 1 1 1 1 1
          1 1 1 1 1 1 1 1 1 1 1 1 1 1 1 1
          1 1 1 1 1 1 1 1 1 1 1 1 1 1 1 1
          1 1 1 1 1 1 1 1 1 1 1 1 1 1 1 1
          1 1 1 1 1 1 1 1 1 1 1 1 1 1 1 1
          1 1 1 1 1 1 1 1 1 1 1 1 1 1 1 1
          1 1 1 1 1 1 1 1 1 1 1 1 1 1 1 1
          1 1 1 1 1 1 1 1 1 1 1 1 1 1 1 1
          1 1 1 1 1 1 1 1 1 1 1 1 1 1 1 1
          1 1 1 1 1 1 1 1 1 1 1 1 1 1 1 1
          1 1 1 1 1 1 1 1 1 1 1 1 1 1 1 1
          1 1 1 1 1 1 1 1 1 1 1 1 1 1 1 1
          1 1 1 1 1 1 1 1 1 1 1 1 1 1 1 1
          1 1 1 1 1 1 1 1 1 1 1 1 1 1 1 1
          1 1 1 1 1 1 1 1 1 1 1 1 1 1 1 1
          1 1 1 1 1 1 1 1 1 1 1 1 1 1 1 1
          1 1 1 1 1 1 1 1 1 1 1 1 1 1 1 1
          1 1 1 1 1 1 1 1 1 1 1 1 1 1 1 1
          1 1 1 1 1 1 1 1 1 1 1 1 1 1 1 1
          1 1 1 1 1 1 1 1 1 1 1 1 1 1 1 1
          1 1 1 1 1 1 1 1 1 1 1 1 1 1 1 1
          1 1 1 1 1 1 1 1 1 1 1 1 1 1 1 1
          1 1 1 1 1 1 1 1 1 1 1 1 1 1 1 1
          1 1 1 1 1 1 1 1 1 1 1 1 1 1 1 1
          1 1 1 1 1 1 1 1 1 1 1 1 1 1 1 1
          1 1 1 1 1 1 1 1 1 1 1 1 1 1 1 1
          1 1 1 1 1 1 1 1 1 1 1 1 1 1 1 1
          1 1 1 1 1 1 1 1 1 1 1 1 1 1 1 1
          1 1 1 1 1 1 1 1 1 1 1 1 1 1 1 1
          1 1 1 1 1 1 1 1 1 1 1 1 1 1 1 1
          1 1 1 1 1 1 1 1 1 1 1 1 1 1 1 1
          1 1 1 1 1 1 1 1 1 1 1 1 1 1 1 1
          1 1 1 1 1 1 1 1 1 1 1 1 1 1 1 1
          1 1 1 1 1 1 1 1 1 1 1 1 1 1 1 1
          1 1 1 1 1 1 1 1 1 1 1 1 1 1 1 1
          1 1 1 1 1 1 1 1 1 1 1 1 1 1 1 1
          1 1 1 1 1 1 1 1 1 1 1 1 1 1 1 1
          1 1 1 1 1 1 1 1 1 1 1 1 1 1 1 1
          1 1 1 1 1 1 1 1 1 1 1 1 1 1 1 1
          1 1 1 1 1 1 1 1 1 1 1 1 1 1 1 1
          1 1 1 1 1 1 1 1 1 1 1 1 1 1 1 1
          1 1 1 1 1 1 1 1 1 1 1 1 1 1 1 1
          1 1 1 1 1 1 1 1 1 1 1 1 1 1 1 1
          1 1 1 1 1 1 1 1 1 1 1 1 1 1 1 1
          1 1 1 1 1 1 1 1 1 1 1 1 1 1 1 1
          1 1 1 1 1 1 1 1 1 1 1 1 1 1 1 1
          1 1 1 1 1 1 1 1 1 1 1 1 1 1 1 1
          1 1 1 1 1 1 1 1 1 1 1 1 1 1 1 1
          1 1 1 1 1 1 1 1 1 1 1 1 1 1 1 1
          1 1 1 1 1 1 1 1 1 1 1 1 1 1 1 1
          1 1 1 1 1 1 1 1 1 1 1 1 1 1 1 1
          1 1 1 1 1 1 1 1 1 1 1 1 1 1 1 1
          1 1 1 1 1 1 1 1 1 1 1 1 1 1 1 1
          1 1 1 1 1 1 1 1 1 1 1 1 1 1 1 1
          1 1 1 1 1 1 1 1 1 1 1 1 1 1 1 1
          1 1 1 1 1 1 1 1 1 1 1 1 1 1 1 1
          1 1 1 1 1 1 1 1 1 1 1 1 1 1 1 1
          1 1 1 1 1 1 1 1 1 1 1 1 1 1 1 1
          1 1 1 1 1 1 1 1 1 1 1 1 1 1 1 1
          1 1 1 1 1 1 1 1 1 1 1 1 1 1 1 1
          1 1 1 1 1 1 1 1 1 1 1 1 1 1 1 1
          1 1 1 1 1 1 1 1 1 1 1 1 1 1 1 1
          1 1 1 1 1 1 1 1 1 1 1 1 1 1 1 1
          1 1 1 1 1 1 1 1 1 1 1 1 1 1 1 1
          1 1 1 1 1 1 1 1 1 1 1 1 1 1 1 1
          1 1 1 1 1 1 1 1 1 1 1 1 1 1 1 1
          1 1 1 1 1 1 1 1 1 1 1 1 1 1 1 1
          1 1 1 1 1 1 1 1 1 1 1 1 1 1 1 1
          1 1 1 1 1 1 1 1 1 1 1 1 1 1 1 1
          1 1 1 1 1 1 1 1 1 1 1 1 1 1 1 1
          1 1 1 1 1 1 1 1 1 1 1 1 1 1 1 1
          1 1 1 1 1 1 1 1 1 1 1 1 1 1 1 1
          1 1 1 1 1 1 1 1 1 1 1 1 1 1 1 1
          1 1 1 1 1 1 1 1 1 1 1 1 1 1 1 1
          1 1 1 1 1 1 1 1 1 1 1 1 1 1 1 1
          1 1 1 1 1 1 1 1 1 1 1 1 1 1 1 1
          1 1 1 1 1 1 1 1 1 1 1 1 1 1 1 1
          1 1 1 1 1 1 1 1 1 1 1 1 1 1 1 1
          1 1 1 1 1 1 1 1 1 1 1 1 1 1 1 1
          1 1 1 1 1 1 1 1 1 1 1 1 1 1 1 1
          1 1 1 1 1 1 1 1 1 1 1 1 1 1 1 1
          1 1 1 1 1 1 1 1 1 1 1 1 1 1 1 1
          1 1 1 1 1 1 1 1 1 1 1 1 1 1 1 1
          1 1 1 1 1 1 1 1 1 1 1 1 1 1 1 1
          1 1 1 1 1 1 1 1 1 1 1 1 1 1 1 1
          1 1 1 1 1 1 1 1 1 1 1 1 1 1 1 1
          1 1 1 1 1 1 1 1 1 1 1 1 1 1 1 1
          1 1 1 1 1 1 1 1 1 1 1 1 1 1 1 1
          1 1 1 1 1 1 1 1 1 1 1 1 1 1 1 1
          1 1 1 1 1 1 1 1 1 1 1 1 1 1 1 1
          1 1 1 1 1 1 1 1 1 1 1 1 1 1 1 1
          1 1 1 1 1 1 1 1 1 1 1 1 1 1 1 1
          1 1 1 1 1 1 1 1 1 1 1 1 1 1 1 1
          1 1 1 1 1 1 1 1 1 1 1 1 1 1 1 1
          1 1 1 1 1 1 1 1 1 1 1 1 1 1 1 1
          1 1 1 1 1 1 1 1 1 1 1 1 1 1 1 1
          1 1 1 1 1 1 1 1 1 1 1 1 1 1 1 1
          1 1 1 1 1 1 1 1 1 1 1 1 1 1 1 1
          1 1 1 1 1 1 1 1 1 1 1 1 1 1 1 1
          1 1 1 1 1 1 1 1 1 1 1 1 1 1 1 1
          1 1 1 1 1 1 1 1 1 1 1 1 1 1 1 1
          1 1 1 1 1 1 1 1 1 1 1 1 1 1 1 1
          1 1 1 1 1 1 1 1 1 1 1 1 1 1 1 1
          1 1 1 1 1 1 1 1 1 1 1 1 1 1 1 1
          1 1 1 1 1 1 1 1 1 1 1 1 1 1 1 1
          1 1 1 1 1 1 1 1 1 1 1 1 1 1 1 1
          1 1 1 1 1 1 1 1 1 1 1 1 1 1 1 1
          1 1 1 1 1 1 1 1 1 1 1 1 1 1 1 1
          1 1 1 1 1 1 1 1 1 1 1 1 1 1 1 1
          1 1 1 1 1 1 1 1 1 1 1 1 1 1 1 1
          1 1 1 1 1 1 1 1 1 1 1 1 1 1 1 1
          1 1 1 1 1 1 1 1 1 1 1 1 1 1 1 1
          1 1 1 1 1 1 1 1 1 1 1 1 1 1 1 1
          1 1 1 1 1 1 1 1 1 1 1 1 1 1 1 1
          1 1 1 1 1 1 1 1 1 1 1 1 1 1 1 1
          1 1 1 1 1 1 1 1 1 1 1 1 1 1 1 1
          1 1 1 1 1 1 1 1 1 1 1 1 1 1 1 1
          1 1 1 1 1 1 1 1 1 1 1 1 1 1 1 1
          1 1 1 1 1 1 1 1 1 1 1 1 1 1 1 1
          1 1 1 1 1 1 1 1 1 1 1 1 1 1 1 1
          1 1 1 1 1 1 1 1 1 1 1 1 1 1 1 1
          1 1 1 1 1 1 1 1 1 1 1 1 1 1 1 1
          1 1 1 1 1 1 1 1 1 1 1 1 1 1 1 1
          1 1 1 1 1 1 1 1 1 1 1 1 1 1 1 1
          1 1 1 1 1 1 1 1 1 1 1 1 1 1 1 1
          1 1 1 1 1 1 1 1 1 1 1 1 1 1 1 1
          1 1 1 1 1 1 1 1 1 1 1 1 1 1 1 1
          1 1 1 1 1 1 1 1 1 1 1 1 1 1 1 1
          1 1 1 1 1 1 1 1 1 1 1 1 1 1 1 1
          1 1 1 1 1 1 1 1 1 1 1 1 1 1 1 1
          1 1 1 1 1
        </DataArray>
        <DataArray type="Int32" Name="communication_partners" format="ascii">
          -1 -1 -1 -1 -1 -1 -1 -1 -1 -1 -1 -1 -1 -1 -1 -1
          -1 -1 -1 -1 -1 -1 -1 -1 -1 -1 -1 -1 -1 -1 -1 -1
          -1 -1 -1 -1 -1 -1 -1 -1 -1 -1 -1 -1 -1 -1 -1 -1
          -1 -1 -1 -1 -1 -1 -1 -1 -1 -1 -1 -1 -1 -1 -1 -1
          -1 -1 -1 -1 -1 -1 -1 -1 -1 -1 -1 -1 -1 -1 -1 -1
          -1 -1 -1 -1 -1 -1 -1 -1 -1 -1 -1 -1 -1 -1 -1 -1
          -1 -1 -1 -1 -1 -1 -1 -1 -1 -1 -1 -1 -1 -1 -1 -1
          -1 -1 -1 -1 -1 -1 -1 -1 -1 -1 -1 -1 -1 -1 -1 -1
          -1 -1 -1 -1 -1 -1 -1 -1 -1 -1 -1 -1 -1 -1 -1 -1
          -1 -1 -1 -1 -1 -1 -1 -1 -1 -1 -1 -1 -1 -1 -1 -1
          -1 -1 -1 -1 -1 -1 -1 -1 -1 -1 -1 -1 -1 -1 -1 -1
          -1 -1 -1 -1 -1 -1 -1 -1 -1 -1 -1 -1 -1 -1 -1 -1
          -1 -1 -1 -1 -1 -1 -1 -1 -1 -1 -1 -1 -1 -1 -1 -1
          -1 -1 -1 -1 -1 -1 -1 -1 -1 -1 -1 -1 -1 -1 -1 -1
          -1 -1 -1 -1 -1 -1 -1 -1 -1 -1 -1 -1 -1 -1 -1 -1
          -1 -1 -1 -1 -1 -1 -1 -1 -1 -1 -1 -1 -1 -1 -1 -1
          -1 -1 -1 -1 -1 -1 -1 -1 -1 -1 -1 -1 -1 -1 -1 -1
          -1 -1 -1 -1 -1 -1 -1 -1 -1 -1 -1 -1 -1 -1 -1 -1
          -1 -1 -1 -1 -1 -1 -1 -1 -1 -1 -1 -1 -1 -1 -1 -1
          -1 -1 -1 -1 -1 -1 -1 -1 -1 -1 -1 -1 -1 -1 -1 -1
          -1 -1 -1 -1 -1 -1 -1 -1 -1 -1 -1 -1 -1 -1 -1 -1
          -1 -1 -1 -1 -1 -1 -1 -1 -1 -1 -1 -1 -1 -1 -1 -1
          -1 -1 -1 -1 -1 -1 -1 -1 -1 -1 -1 -1 -1 -1 -1 -1
          -1 -1 -1 -1 -1 -1 -1 -1 -1 -1 -1 -1 -1 -1 -1 -1
          -1 -1 -1 -1 -1 -1 -1 -1 -1 -1 -1 -1 -1 -1 -1 -1
          -1 -1 -1 -1 -1 -1 -1 -1 -1 -1 -1 -1 -1 -1 -1 -1
          -1 -1 -1 -1 -1 -1 -1 -1 -1 -1 -1 -1 -1 -1 -1 -1
          -1 -1 -1 -1 -1 -1 -1 -1 -1 -1 -1 -1 -1 -1 -1 -1
          -1 -1 -1 -1 -1 -1 -1 -1 -1 -1 -1 -1 -1 -1 -1 -1
          -1 -1 -1 -1 -1 -1 -1 -1 -1 -1 -1 -1 -1 -1 -1 -1
          -1 -1 -1 -1 -1 -1 -1 -1 -1 -1 -1 -1 -1 -1 -1 -1
          -1 -1 -1 -1 -1 -1 -1 -1 -1 -1 -1 -1 -1 -1 -1 -1
          -1 -1 -1 -1 -1 -1 -1 -1 -1 -1 -1 -1 -1 -1 -1 -1
          -1 -1 -1 -1 -1 -1 -1 -1 -1 -1 -1 -1 -1 -1 -1 -1
          -1 -1 -1 -1 -1 -1 -1 -1 -1 -1 -1 -1 -1 -1 -1 -1
          -1 -1 -1 -1 -1 -1 -1 -1 -1 -1 -1 -1 -1 -1 -1 -1
          -1 -1 -1 -1 -1 -1 -1 -1 -1 -1 -1 -1 -1 -1 -1 -1
          -1 -1 -1 -1 -1 -1 -1 -1 -1 -1 -1 -1 -1 -1 -1 -1
          -1 -1 -1 -1 -1 -1 -1 -1 -1 -1 -1 -1 -1 -1 -1 -1
          -1 -1 -1 -1 -1 -1 -1 -1 -1 -1 -1 -1 -1 -1 -1 -1
          -1 -1 -1 -1 -1 -1 -1 -1 -1 -1 -1 -1 -1 -1 -1 -1
          -1 -1 -1 -1 -1 -1 -1 -1 -1 -1 -1 -1 -1 -1 -1 -1
          -1 -1 -1 -1 -1 -1 -1 -1 -1 -1 -1 -1 -1 -1 -1 -1
          -1 -1 -1 -1 -1 -1 -1 -1 -1 -1 -1 -1 -1 -1 -1 -1
          -1 -1 -1 -1 -1 -1 -1 -1 -1 -1 -1 -1 -1 -1 -1 -1
          -1 -1 -1 -1 -1 -1 -1 -1 -1 -1 -1 -1 -1 -1 -1 -1
          -1 -1 -1 -1 -1 -1 -1 -1 -1 -1 -1 -1 -1 -1 -1 -1
          -1 -1 -1 -1 -1 -1 -1 -1 -1 -1 -1 -1 -1 -1 -1 -1
          -1 -1 -1 -1 -1 -1 -1 -1 -1 -1 -1 -1 -1 -1 -1 -1
          -1 -1 -1 -1 -1 -1 -1 -1 -1 -1 -1 -1 -1 -1 -1 -1
          -1 -1 -1 -1 -1 -1 -1 -1 -1 -1 -1 -1 -1 -1 -1 -1
          -1 -1 -1 -1 -1 -1 -1 -1 -1 -1 -1 -1 -1 -1 -1 -1
          -1 -1 -1 -1 -1 -1 -1 -1 -1 -1 -1 -1 -1 -1 -1 -1
          -1 -1 -1 -1 -1 -1 -1 -1 -1 -1 -1 -1 -1 -1 -1 -1
          -1 -1 -1 -1 -1 -1 -1 -1 -1 -1 -1 -1 -1 -1 -1 -1
          -1 -1 -1 -1 -1 -1 -1 -1 -1 -1 -1 -1 -1 -1 -1 -1
          -1 -1 -1 -1 -1 -1 -1 -1 -1 -1 -1 -1 -1 -1 -1 -1
          -1 -1 -1 -1 -1 -1 -1 -1 -1 -1 -1 -1 -1 -1 -1 -1
          -1 -1 -1 -1 -1 -1 -1 -1 -1 -1 -1 -1 -1 -1 -1 -1
          -1 -1 -1 -1 -1 -1 -1 -1 -1 -1 -1 -1 -1 -1 -1 -1
          -1 -1 -1 -1 -1 -1 -1 -1 -1 -1 -1 -1 -1 -1 -1 -1
          -1 -1 -1 -1 -1 -1 -1 -1 -1 -1 -1 -1 -1 -1 -1 -1
          -1 -1 -1 -1 -1 -1 -1 -1 -1 -1 -1 -1 -1 -1 -1 -1
          -1 -1 -1 -1 -1 -1 -1 -1 -1 -1 -1 -1 -1 -1 -1 -1
          -1 -1 -1 -1 -1 -1 -1 -1 -1 -1 -1 -1 -1 -1 -1 -1
          -1 -1 -1 -1 -1 -1 -1 -1 -1 -1 -1 -1 -1 -1 -1 -1
          -1 -1 -1 -1 -1 -1 -1 -1 -1 -1 -1 -1 -1 -1 -1 -1
          -1 -1 -1 -1 -1 -1 -1 -1 -1 -1 -1 -1 -1 -1 -1 -1
          -1 -1 -1 -1 -1 -1 -1 -1 -1 -1 -1 -1 -1 -1 -1 -1
          -1 -1 -1 -1 -1 -1 -1 -1 -1 -1 -1 -1 -1 -1 -1 -1
          -1 -1 -1 -1 -1 -1 -1 -1 -1 -1 -1 -1 -1 -1 -1 -1
          -1 -1 -1 -1 -1 -1 -1 -1 -1 -1 -1 -1 -1 -1 -1 -1
          -1 -1 -1 -1 -1 -1 -1 -1 -1 -1 -1 -1 -1 -1 -1 -1
          -1 -1 -1 -1 -1 -1 -1 -1 -1 -1 -1 -1 -1 -1 -1 -1
          -1 -1 -1 -1 -1 -1 -1 -1 -1 -1 -1 -1 -1 -1 -1 -1
          -1 -1 -1 -1 -1 -1 -1 -1 -1 -1 -1 -1 -1 -1 -1 -1
          -1 -1 -1 -1 -1 -1 -1 -1 -1 -1 -1 -1 -1 -1 -1 -1
          -1 -1 -1 -1 -1 -1 -1 -1 -1 -1 -1 -1 -1 -1 -1 -1
          -1 -1 -1 -1 -1 -1 -1 -1 -1 -1 -1 -1 -1 -1 -1 -1
          -1 -1 -1 -1 -1 -1 -1 -1 -1 -1 -1 -1 -1 -1 -1 -1
          -1 -1 -1 -1 -1 -1 -1 -1 -1 -1 -1 -1 -1 -1 -1 -1
          -1 -1 -1 -1 -1 -1 -1 -1 -1 -1 -1 -1 -1 -1 -1 -1
          -1 -1 -1 -1 -1 -1 -1 -1 -1 -1 -1 -1 -1 -1 -1 -1
          -1 -1 -1 -1 -1 -1 -1 -1 -1 -1 -1 -1 -1 -1 -1 -1
          -1 -1 -1 -1 -1 -1 -1 -1 -1 -1 -1 -1 -1 -1 -1 -1
          -1 -1 -1 -1 -1 -1 -1 -1 -1 -1 -1 -1 -1 -1 -1 -1
          -1 -1 -1 -1 -1 -1 -1 -1 -1 -1 -1 -1 -1 -1 -1 -1
          -1 -1 -1 -1 -1 -1 -1 -1 -1 -1 -1 -1 -1 -1 -1 -1
          -1 -1 -1 -1 -1 -1 -1 -1 -1 -1 -1 -1 -1 -1 -1 -1
          -1 -1 -1 -1 -1 -1 -1 -1 -1 -1 -1 -1 -1 -1 -1 -1
          -1 -1 -1 -1 -1 -1 -1 -1 -1 -1 -1 -1 -1 -1 -1 -1
          -1 -1 -1 -1 -1 -1 -1 -1 -1 -1 -1 -1 -1 -1 -1 -1
          -1 -1 -1 -1 -1 -1 -1 -1 -1 -1 -1 -1 -1 -1 -1 -1
          -1 -1 -1 -1 -1 -1 -1 -1 -1 -1 -1 -1 -1 -1 -1 -1
          -1 -1 -1 -1 -1 -1 -1 -1 -1 -1 -1 -1 -1 -1 -1 -1
          -1 -1 -1 -1 -1 -1 -1 -1 -1 -1 -1 -1 -1 -1 -1 -1
          -1 -1 -1 -1 -1 -1 -1 -1 -1 -1 -1 -1 -1 -1 -1 -1
          -1 -1 -1 -1 -1 -1 -1 -1 -1 -1 -1 -1 -1 -1 -1 -1
          -1 -1 -1 -1 -1 -1 -1 -1 -1 -1 -1 -1 -1 -1 -1 -1
          -1 -1 -1 -1 -1 -1 -1 -1 -1 -1 -1 -1 -1 -1 -1 -1
          -1 -1 -1 -1 -1 -1 -1 -1 -1 -1 -1 -1 -1 -1 -1 -1
          -1 -1 -1 -1 -1 -1 -1 -1 -1 -1 -1 -1 -1 -1 -1 -1
          -1 -1 -1 -1 -1 -1 -1 -1 -1 -1 -1 -1 -1 -1 -1 -1
          -1 -1 -1 -1 -1 -1 -1 -1 -1 -1 -1 -1 -1 -1 -1 -1
          -1 -1 -1 -1 -1 -1 -1 -1 -1 -1 -1 -1 -1 -1 -1 -1
          -1 -1 -1 -1 -1 -1 -1 -1 -1 -1 -1 -1 -1 -1 -1 -1
          -1 -1 -1 -1 -1 -1 -1 -1 -1 -1 -1 -1 -1 -1 -1 -1
          -1 -1 -1 -1 -1 -1 -1 -1 -1 -1 -1 -1 -1 -1 -1 -1
          -1 -1 -1 -1 -1 -1 -1 -1 -1 -1 -1 -1 -1 -1 -1 -1
          -1 -1 -1 -1 -1 -1 -1 -1 -1 -1 -1 -1 -1 -1 -1 -1
          -1 -1 -1 -1 -1 -1 -1 -1 -1 -1 -1 -1 -1 -1 -1 -1
          -1 -1 -1 -1 -1 -1 -1 -1 -1 -1 -1 -1 -1 -1 -1 -1
          -1 -1 -1 -1 -1 -1 -1 -1 -1 -1 -1 -1 -1 -1 -1 -1
          -1 -1 -1 -1 -1 -1 -1 -1 -1 -1 -1 -1 -1 -1 -1 -1
          -1 -1 -1 -1 -1 -1 -1 -1 -1 -1 -1 -1 -1 -1 -1 -1
          -1 -1 -1 -1 -1 -1 -1 -1 -1 -1 -1 -1 -1 -1 -1 -1
          -1 -1 -1 -1 -1 -1 -1 -1 -1 -1 -1 -1 -1 -1 -1 -1
          -1 -1 -1 -1 -1 -1 -1 -1 -1 -1 -1 -1 -1 -1 -1 -1
          -1 -1 -1 -1 -1 -1 -1 -1 -1 -1 -1 -1 -1 -1 -1 -1
          -1 -1 -1 -1 -1 -1 -1 -1 -1 -1 -1 -1 -1 -1 -1 -1
          -1 -1 -1 -1 -1 -1 -1 -1 -1 -1 -1 -1 -1 -1 -1 -1
          -1 -1 -1 -1 -1 -1 -1 -1 -1 -1 -1 -1 -1 -1 -1 -1
          -1 -1 -1 -1 -1 -1 -1 -1 -1 -1 -1 -1 -1 -1 -1 -1
          -1 -1 -1 -1 -1 -1 -1 -1 -1 -1 -1 -1 -1 -1 -1 -1
          -1 -1 -1 -1 -1 -1 -1 -1 -1 -1 -1 -1 -1 -1 -1 -1
          -1 -1 -1 -1 -1 -1 -1 -1 -1 -1 -1 -1 -1 -1 -1 -1
          -1 -1 -1 -1 -1 -1 -1 -1 -1 -1 -1 -1 -1 -1 -1 -1
          -1 -1 -1 -1 -1 -1 -1 -1 -1 -1 -1 -1 -1 -1 -1 -1
          -1 -1 -1 -1 -1 -1 -1 -1 -1 -1 -1 -1 -1 -1 -1 -1
          -1 -1 -1 -1 -1 -1 -1 -1 -1 -1 -1 -1 -1 -1 -1 -1
          -1 -1 -1 -1 -1 -1 -1 -1 -1 -1 -1 -1 -1 -1 -1 -1
          -1 -1 -1 -1 -1 -1 -1 -1 -1 -1 -1 -1 -1 -1 -1 -1
          -1 -1 -1 -1 -1 -1 -1 -1 -1 -1 -1 -1 -1 -1 -1 -1
          -1 -1 -1 -1 -1 -1 -1 -1 -1 -1 -1 -1 -1 -1 -1 -1
          -1 -1 -1 -1 -1 -1 -1 -1 -1 -1 -1 -1 -1 -1 -1 -1
          -1 -1 -1 -1 -1 -1 -1 -1 -1 -1 -1 -1 -1 -1 -1 -1
          -1 -1 -1 -1 -1 -1 -1 -1 -1 -1 -1 -1 -1 -1 -1 -1
          -1 -1 -1 -1 -1 -1 -1 -1 -1 -1 -1 -1 -1 -1 -1 -1
          -1 -1 -1 -1 -1 -1 -1 -1 -1 -1 -1 -1 -1 -1 -1 -1
          -1 -1 -1 -1 -1 -1 -1 -1 -1 -1 -1 -1 -1 -1 -1 -1
          -1 -1 -1 -1 -1 -1 -1 -1 -1 -1 -1 -1 -1 -1 -1 -1
          -1 -1 -1 -1 -1 -1 -1 -1 -1 -1 -1 -1 -1 -1 -1 -1
          -1 -1 -1 -1 -1 -1 -1 -1 -1 -1 -1 -1 -1 -1 -1 -1
          -1 -1 -1 -1 -1 -1 -1 -1 -1 -1 -1 -1 -1 -1 -1 -1
          -1 -1 -1 -1 -1 -1 -1 -1 -1 -1 -1 -1 -1 -1 -1 -1
          -1 -1 -1 -1 -1 -1 -1 -1 -1 -1 -1 -1 -1 -1 -1 -1
          -1 -1 -1 -1 -1 -1 -1 -1 -1 -1 -1 -1 -1 -1 -1 -1
          -1 -1 -1 -1 -1 -1 -1 -1 -1 -1 -1 -1 -1 -1 -1 -1
          -1 -1 -1 -1 -1 -1 -1 -1 -1 -1 -1 -1 -1 -1 -1 -1
          -1 -1 -1 -1 -1 -1 -1 -1 -1 -1 -1 -1 -1 -1 -1 -1
          -1 -1 -1 -1 -1 -1 -1 -1 -1 -1 -1 -1 -1 -1 -1 -1
          -1 -1 -1 -1 -1 -1 -1 -1 -1 -1 -1 -1 -1 -1 -1 -1
          -1 -1 -1 -1 -1 -1 -1 -1 -1 -1 -1 -1 -1 -1 -1 -1
          -1 -1 -1 -1 -1 -1 -1 -1 -1 -1 -1 -1 -1 -1 -1 -1
          -1 -1 -1 -1 -1 -1 -1 -1 -1 -1 -1 -1 -1 -1 -1 -1
          -1 -1 -1 -1 -1 -1 -1 -1 -1 -1 -1 -1 -1 -1 -1 -1
          -1 -1 -1 -1 -1 -1 -1 -1 -1 -1 -1 -1 -1 -1 -1 -1
          -1 -1 -1 -1 -1 -1 -1 -1 -1 -1 -1 -1 -1 -1 -1 -1
          -1 -1 -1 -1 -1 -1 -1 -1 -1 -1 -1 -1 -1 -1 -1 -1
          -1 -1 -1 -1 -1 -1 -1 -1 -1 -1 -1 -1 -1 -1 -1 -1
          -1 -1 -1 -1 -1 -1 -1 -1 -1 -1 -1 -1 -1 -1 -1 -1
          -1 -1 -1 -1 -1 -1 -1 -1 -1 -1 -1 -1 -1 -1 -1 -1
          -1 -1 -1 -1 -1 -1 -1 -1 -1 -1 -1 -1 -1 -1 -1 -1
          -1 -1 -1 -1 -1 -1 -1 -1 -1 -1 -1 -1 -1 -1 -1 -1
          -1 -1 -1 -1 -1 -1 -1 -1 -1 -1 -1 -1 -1 -1 -1 -1
          -1 -1 -1 -1 -1 -1 -1 -1 -1 -1 -1 -1 -1 -1 -1 -1
          -1 -1 -1 -1 -1 -1 -1 -1 -1 -1 -1 -1 -1 -1 -1 -1
          -1 -1 -1 -1 -1 -1 -1 -1 -1 -1 -1 -1 -1 -1 -1 -1
          -1 -1 -1 -1 -1 -1 -1 -1 -1 -1 -1 -1 -1 -1 -1 -1
          -1 -1 -1 -1 -1 -1 -1 -1 -1 -1 -1 -1 -1 -1 -1 -1
          -1 -1 -1 -1 -1 -1 -1 -1 -1 -1 -1 -1 -1 -1 -1 -1
          -1 -1 -1 -1 -1 -1 -1 -1 -1 -1 -1 -1 -1 -1 -1 -1
          -1 -1 -1 -1 -1 -1 -1 -1 -1 -1 -1 -1 -1 -1 -1 -1
          -1 -1 -1 -1 -1 -1 -1 -1 -1 -1 -1 -1 -1 -1 -1 -1
          -1 -1 -1 -1 -1 -1 -1 -1 -1 -1 -1 -1 -1 -1 -1 -1
          -1 -1 -1 -1 -1 -1 -1 -1 -1 -1 -1 -1 -1 -1 -1 -1
          -1 -1 -1 -1 -1 -1 -1 -1 -1 -1 -1 -1 -1 -1 -1 -1
          -1 -1 -1 -1 -1 -1 -1 -1 -1 -1 -1 -1 -1 -1 -1 -1
          -1 -1 -1 -1 -1 -1 -1 -1 -1 -1 -1 -1 -1 -1 -1 -1
          -1 -1 -1 -1 -1 -1 -1 -1 -1 -1 -1 -1 -1 -1 -1 -1
          -1 -1 -1 -1 -1 -1 -1 -1 -1 -1 -1 -1 -1 -1 -1 -1
          -1 -1 -1 -1 -1 -1 -1 -1 -1 -1 -1 -1 -1 -1 -1 -1
          -1 -1 -1 -1 -1 -1 -1 -1 -1 -1 -1 -1 -1 -1 -1 -1
          -1 -1 -1 -1 -1 -1 -1 -1 -1 -1 -1 -1 -1 -1 -1 -1
          -1 -1 -1 -1 -1 -1 -1 -1 -1 -1 -1 -1 -1 -1 -1 -1
          -1 -1 -1 -1 -1 -1 -1 -1 -1 -1 -1 -1 -1 -1 -1 -1
          -1 -1 -1 -1 -1 -1 -1 -1 -1 -1 -1 -1 -1 -1 -1 -1
          -1 -1 -1 -1 -1 -1 -1 -1 -1 -1 -1 -1 -1 -1 -1 -1
          -1 -1 -1 -1 -1 -1 -1 -1 -1 -1 -1 -1 -1 -1 -1 -1
          -1 -1 -1 -1 -1 -1 -1 -1 -1 -1 -1 -1 -1 -1 -1 -1
          -1 -1 -1 -1 -1 -1 -1 -1 -1 -1 -1 -1 -1 -1 -1 -1
          -1 -1 -1 -1 -1 -1 -1 -1 -1 -1 -1 -1 -1 -1 -1 -1
          -1 -1 -1 -1 -1 -1 -1 -1 -1 -1 -1 -1 -1 -1 -1 -1
          -1 -1 -1 -1 -1 -1 -1 -1 -1 -1 -1 -1 -1 -1 -1 -1
          -1 -1 -1 -1 -1 -1 -1 -1 -1 -1 -1 -1 -1 -1 -1 -1
          -1 -1 -1 -1 -1 -1 -1 -1 -1 -1 -1 -1 -1 -1 -1 -1
          -1 -1 -1 -1 -1 -1 -1 -1 -1 -1 -1 -1 -1 -1 -1 -1
          -1 -1 -1 -1 -1 -1 -1 -1 -1 -1 -1 -1 -1 -1 -1 -1
          -1 -1 -1 -1 -1 -1 -1 -1 -1 -1 -1 -1 -1 -1 -1 -1
          -1 -1 -1 -1 -1 -1 -1 -1 -1 -1 -1 -1 -1 -1 -1 -1
          -1 -1 -1 -1 -1 -1 -1 -1 -1 -1 -1 -1 -1 -1 -1 -1
          -1 -1 -1 -1 -1 -1 -1 -1 -1 -1 -1 -1 -1 -1 -1 -1
          -1 -1 -1 -1 -1 -1 -1 -1 -1 -1 -1 -1 -1 -1 -1 -1
          -1 -1 -1 -1 -1 -1 -1 -1 -1 -1 -1 -1 -1 -1 -1 -1
          -1 -1 -1 -1 -1 -1 -1 -1 -1 -1 -1 -1 -1 -1 -1 -1
          -1 -1 -1 -1 -1 -1 -1 -1 -1 -1 -1 -1 -1 -1 -1 -1
          -1 -1 -1 -1 -1 -1 -1 -1 -1 -1 -1 -1 -1 -1 -1 -1
          -1 -1 -1 -1 -1 -1 -1 -1 -1 -1 -1 -1 -1 -1 -1 -1
          -1 -1 -1 -1 -1 -1 -1 -1 -1 -1 -1 -1 -1 -1 -1 -1
          -1 -1 -1 -1 -1 -1 -1 -1 -1 -1 -1 -1 -1 -1 -1 -1
          -1 -1 -1 -1 -1 -1 -1 -1 -1 -1 -1 -1 -1 -1 -1 -1
          -1 -1 -1 -1 -1 -1 -1 -1 -1 -1 -1 -1 -1 -1 -1 -1
          -1 -1 -1 -1 -1 -1 -1 -1 -1 -1 -1 -1 -1 -1 -1 -1
          -1 -1 -1 -1 -1 -1 -1 -1 -1 -1 -1 -1 -1 -1 -1 -1
          -1 -1 -1 -1 -1 -1 -1 -1 -1 -1 -1 -1 -1 -1 -1 -1
          -1 -1 -1 -1 -1 -1 -1 -1 -1 -1 -1 -1 -1 -1 -1 -1
          -1 -1 -1 -1 -1 -1 -1 -1 -1 -1 -1 -1 -1 -1 -1 -1
          -1 -1 -1 -1 -1 -1 -1 -1 -1 -1 -1 -1 -1 -1 -1 -1
          -1 -1 -1 -1 -1 -1 -1 -1 -1 -1 -1 -1 -1 -1 -1 -1
          -1 -1 -1 -1 -1 -1 -1 -1 -1 -1 -1 -1 -1 -1 -1 -1
          -1 -1 -1 -1 -1 -1 -1 -1 -1 -1 -1 -1 -1 -1 -1 -1
          -1 -1 -1 -1 -1 -1 -1 -1 -1 -1 -1 -1 -1 -1 -1 -1
          -1 -1 -1 -1 -1 -1 -1 -1 -1 -1 -1 -1 -1 -1 -1 -1
          -1 -1 -1 -1 -1 -1 -1 -1 -1 -1 -1 -1 -1 -1 -1 -1
          -1 -1 -1 -1 -1 -1 -1 -1 -1 -1 -1 -1 -1 -1 -1 -1
          -1 -1 -1 -1 -1 -1 -1 -1 -1 -1 -1 -1 -1 -1 -1 -1
          -1 -1 -1 -1 -1 -1 -1 -1 -1 -1 -1 -1 -1 -1 -1 -1
          -1 -1 -1 -1 -1 -1 -1 -1 -1 -1 -1 -1 -1 -1 -1 -1
          -1 -1 -1 -1 -1 -1 -1 -1 -1 -1 -1 -1 -1 -1 -1 -1
          -1 -1 -1 -1 -1 -1 -1 -1 -1 -1 -1 -1 -1 -1 -1 -1
          -1 -1 -1 -1 -1 -1 -1 -1 -1 -1 -1 -1 -1 -1 -1 -1
          -1 -1 -1 -1 -1 -1 -1 -1 -1 -1 -1 -1 -1 -1 -1 -1
          -1 -1 -1 -1 -1 -1 -1 -1 -1 -1 -1 -1 -1 -1 -1 -1
          -1 -1 -1 -1 -1 -1 -1 -1 -1 -1 -1 -1 -1 -1 -1 -1
          -1 -1 -1 -1 -1 -1 -1 -1 -1 -1 -1 -1 -1 -1 -1 -1
          -1 -1 -1 -1 -1 -1 -1 -1 -1 -1 -1 -1 -1 -1 -1 -1
          -1 -1 -1 -1 -1 -1 -1 -1 -1 -1 -1 -1 -1 -1 -1 -1
          -1 -1 -1 -1 -1 -1 -1 -1 -1 -1 -1 -1 -1 -1 -1 -1
          -1 -1 -1 -1 -1 -1 -1 -1 -1 -1 -1 -1 -1 -1 -1 -1
          -1 -1 -1 -1 -1 -1 -1 -1 -1 -1 -1 -1 -1 -1 -1 -1
          -1 -1 -1 -1 -1 -1 -1 -1 -1 -1 -1 -1 -1 -1 -1 -1
          -1 -1 -1 -1 -1 -1 -1 -1 -1 -1 -1 -1 -1 -1 -1 -1
          -1 -1 -1 -1 -1 -1 -1 -1 -1 -1 -1 -1 -1 -1 -1 -1
          -1 -1 -1 -1 -1 -1 -1 -1 -1 -1 -1 -1 -1 -1 -1 -1
          -1 -1 -1 -1 -1 -1 -1 -1 -1 -1 -1 -1 -1 -1 -1 -1
          -1 -1 -1 -1 -1 -1 -1 -1 -1 -1 -1 -1 -1 -1 -1 -1
          -1 -1 -1 -1 -1 -1 -1 -1 -1 -1 -1 -1 -1 -1 -1 -1
          -1 -1 -1 -1 -1 -1 -1 -1 -1 -1 -1 -1 -1 -1 -1 -1
          -1 -1 -1 -1 -1 -1 -1 -1 -1 -1 -1 -1 -1 -1 -1 -1
          -1 -1 -1 -1 -1 -1 -1 -1 -1 -1 -1 -1 -1 -1 -1 -1
          -1 -1 -1 -1 -1
        </DataArray>
      </PointData>
      <CellData>
        <DataArray type="Int32" Name="CellEntityIds" format="ascii">
          1 1 1 1 1 1 1 1 1 1 1 1 1 1 1 1
          1 1 1 1 1 1 1 1 1 1 1 1 1 1 1 1
          1 1 1 1 1 1 1 1 1 1 1 1 1 1 1 1
          1 1 1 1 1 1 1 1 1 1 1 1 1 1 1 1
          1 1 1 1 1 1 1 1 1 1 1 1 1 1 1 1
          1 1 1 1 1 1 1 1 1 1 1 1 1 1 1 1
          1 1 1 1 1 1 1 1 1 1 1 1 1 1 1 1
          1 1 1 1 1 1 1 1 1 1 1 1 1 1 1 1
          1 1 1 1 1 1 1 1 1 1 1 1 1 1 1 1
          1 1 1 1 1 1 1 1 1 1 1 1 1 1 1 1
          1 1 1 1 1 1 1 1 1 1 1 1 1 1 1 1
          1 1 1 1 1 1 1 1 1 1 1 1 1 1 1 1
          1 1 1 1 1 1 1 1 1 1 1 1 1 1 1 1
          1 1 1 1 1 1 1 1 1 1 1 1 1 1 1 1
          1 1 1 1 1 1 1 1 1 1 1 1 1 1 1 1
          1 1 1 1 1 1 1 1 1 1 1 1 1 1 1 1
          1 1 1 1 1 1 1 1 1 1 1 1 1 1 1 1
          1 1 1 1 1 1 1 1 1 1 1 1 1 1 1 1
          1 1 1 1 1 1 1 1 1 1 1 1 1 1 1 1
          1 1 1 1 1 1 1 1 1 1 1 1 1 1 1 1
          1 1 1 1 1 1 1 1 1 1 1 1 1 1 1 1
          1 1 1 1 1 1 1 1 1 1 1 1 1 1 1 1
          1 1 1 1 1 1 1 1 1 1 1 1 1 1 1 1
          1 1 1 1 1 1 1 1 1 1 1 1 1 1 1 1
          1 1 1 1 1 1 1 1 1 1 1 1 1 1 1 1
          1 1 1 1 1 1 1 1 1 1 1 1 1 1 1 1
          1 1 1 1 1 1 1 1 1 1 1 1 1 1 1 1
          1 1 1 1 1 1 1 1 1 1 1 1 1 1 1 1
          1 1 1 1 1 1 1 1 1 1 1 1 1 1 1 1
          1 1 1 1 1 1 1 1 1 1 1 1 1 1 1 1
          1 1 1 1 1 1 1 1 1 1 1 1 1 1 1 1
          1 1 1 1 1 1 1 1 1 1 1 1 1 1 1 1
          1 1 1 1 1 1 1 1 1 1 1 1 1 1 1 1
          1 1 1 1 1 1 1 1 1 1 1 1 1 1 1 1
          1 1 1 1 1 1 1 1 1 1 1 1 1 1 1 1
          1 1 1 1 1 1 1 1 1 1 1 1 1 1 1 1
          1 1 1 1 1 1 1 1 1 1 1 1 1 1 1 1
          1 1 1 1 1 1 1 1 1 1 1 1 1 1 1 1
          1 1 1 1 1 1 1 1 1 1 1 1 1 1 1 1
          1 1 1 1 1 1 1 1 1 1 1 1 1 1 1 1
          1 1 1 1 1 1 1 1 1 1 1 1 1 1 1 1
          1 1 1 1 1 1 1 1 1 1 1 1 1 1 1 1
          1 1 1 1 1 1 1 1 1 1 1 1 1 1 1 1
          1 1 1 1 1 1 1 1 1 1 1 1 1 1 1 1
          1 1 1 1 1 1 1 1 1 1 1 1 1 1 1 1
          1 1 1 1 1 1 1 1 1 1 1 1 1 1 1 1
          1 1 1 1 1 1 1 1 1 1 1 1 1 1 1 1
          1 1 1 1 1 1 1 1 1 1 1 1 1 1 1 1
          1 1 1 1 1 1 1 1 1 1 1 1 1 1 1 1
          1 1 1 1 1 1 1 1 1 1 1 1 1 1 1 1
          1 1 1 1 1 1 1 1 1 1 1 1 1 1 1 1
          1 1 1 1 1 1 1 1 1 1 1 1 1 1 1 1
          1 1 1 1 1 1 1 1 1 1 1 1 1 1 1 1
          1 1 1 1 1 1 1 1 1 1 1 1 1 1 1 1
          1 1 1 1 1 1 1 1 1 1 1 1 1 1 1 1
          1 1 1 1 1 1 1 1 1 1 1 1 1 1 1 1
          1 1 1 1 1 1 1 1 1 1 1 1 1 1 1 1
          1 1 1 1 1 1 1 1 1 1 1 1 1 1 1 1
          1 1 1 1 1 1 1 1 1 1 1 1 1 1 1 1
          1 1 1 1 1 1 1 1 1 1 1 1 1 1 1 1
          1 1 1 1 1 1 1 1 1 1 1 1 1 1 1 1
          1 1 1 1 1 1 1 1 1 1 1 1 1 1 1 1
          1 1 1 1 1 1 1 1 1 1 1 1 1 1 1 1
          1 1 1 1 1 1 1 1 1 1 1 1 1 1 1 1
          1 1 1 1 1 1 1 1 1 1 1 1 1 1 1 1
          1 1 1 1 1 1 1 1 1 1 1 1 1 1 1 1
          1 1 1 1 1 1 1 1 1 1 1 1 1 1 1 1
          1 1 1 1 1 1 1 1 1 1 1 1 1 1 1 1
          1 1 1 1 1 1 1 1 1 1 1 1 1 1 1 1
          1 1 1 1 1 1 1 1 1 1 1 1 1 1 1 1
          1 1 1 1 1 1 1 1 1 1 1 1 1 1 1 1
          1 1 1 1 1 1 1 1 1 1 1 1 1 1 1 1
          1 1 1 1 1 1 1 1 1 1 1 1 1 1 1 1
          1 1 1 1 1 1 1 1 1 1 1 1 1 1 1 1
          1 1 1 1 1 1 1 1 1 1 1 1 1 1 1 1
          1 1 1 1 1 1 1 1 1 1 1 1 1 1 1 1
          1 1 1 1 1 1 1 1 1 1 1 1 1 1 1 1
          1 1 1 1 1 1 1 1 1 1 1 1 1 1 1 1
          1 1 1 1 1 1 1 1 1 1 1 1 1 1 1 1
          1 1 1 1 1 1 1 1 1 1 1 1 1 1 1 1
          1 1 1 1 1 1 1 1 1 1 1 1 1 1 1 1
          1 1 1 1 1 1 1 1 1 1 1 1 1 1 1 1
          1 1 1 1 1 1 1 1 1 1 1 1 1 1 1 1
          1 1 1 1 1 1 1 1 1 1 1 1 1 1 1 1
          1 1 1 1 1 1 1 1 1 1 1 1 1 1 1 1
          1 1 1 1 1 1 1 1 1 1 1 1 1 1 1 1
          1 1 1 1 1 1 1 1 1 1 1 1 1 1 1 1
          1 1 1 1 1 1 1 1 1 1 1 1 1 1 1 1
          1 1 1 1 1 1 1 1 1 1 1 1 1 1 1 1
          1 1 1 1 1 1 1 1 1 1 1 1 1 1 1 1
          1 1 1 1 1 1 1 1 1 1 1 1 1 1 1 1
          1 1 1 1 1 1 1 1 1 1 1 1 1 1 1 1
          1 1 1 1 1 1 1 1 1 1 1 1 1 1 1 1
          1 1 1 1 1 1 1 1 1 1 1 1 1 1 1 1
          1 1 1 1 1 1 1 1 1 1 1 1 1 1 1 1
          1 1 1 1 1 1 1 1 1 1 1 1 1 1 1 1
          1 1 1 1 1 1 1 1 1 1 1 1 1 1 1 1
          1 1 1 1 1 1 1 1 1 1 1 1 1 1 1 1
          1 1 1 1 1 1 1 1 1 1 1 1 1 1 1 1
          1 1 1 1 1 1 1 1 1 1 1 1 1 1 1 1
          1 1 1 1 1 1 1 1 1 1 1 1 1 1 1 1
          1 1 1 1 1 1 1 1 1 1 1 1 1 1 1 1
          1 1 1 1 1 1 1 1 1 1 1 1 1 1 1 1
          1 1 1 1 1 1 1 1 1 1 1 1 1 1 1 1
          1 1 1 1 1 1 1 1 1 1 1 1 1 1 1 1
          1 1 1 1 1 1 1 1 1 1 1 1 1 1 1 1
          1 1 1 1 1 1 1 1 1 1 1 1 1 1 1 1
          1 1 1 1 1 1 1 1 1 1 1 1 1 1 1 1
          1 1 1 1 1 1 1 1 1 1 1 1 1 1 1 1
          1 1 1 1 1 1 1 1 1 1 1 1 1 1 1 1
          1 1 1 1 1 1 1 1 1 1 1 1 1 1 1 1
          1 1 1 1 1 1 1 1 1 1 1 1 1 1 1 1
          1 1 1 1 1 1 1 1 1 1 1 1 1 1 1 1
          1 1 1 1 1 1 1 1 1 1 1 1 1 1 1 1
          1 1 1 1 1 1 1 1 1 1 1 1 1 1 1 1
          1 1 1 1 1 1 1 1 1 1 1 1 1 1 1 1
          1 1 1 1 1 1 1 1 1 1 1 1 1 1 1 1
          1 1 1 1 1 1 1 1 1 1 1 1 1 1 1 1
          1 1 1 1 1 1 1 1 1 1 1 1 1 1 1 1
          1 1 1 1 1 1 1 1 1 1 1 1 1 1 1 1
          1 1 1 1 1 1 1 1 1 1 1 1 1 1 1 1
          1 1 1 1 1 1 1 1 1 1 1 1 1 1 1 1
          1 1 1 1 1 1 1 1 1 1 1 1 1 1 1 1
          1 1 1 1 1 1 1 1 1 1 1 1 1 1 1 1
          1 1 1 1 1 1 1 1 1 1 1 1 1 1 1 1
          1 1 1 1 1 1 1 1 1 1 1 1 1 1 1 1
          1 1 1 1 1 1 1 1 1 1 1 1 1 1 1 1
          1 1 1 1 1 1 1 1 1 1 1 1 1 1 1 1
          1 1 1 1 1 1 1 1 1 1 1 1 1 1 1 1
          1 1 1 1 1 1 1 1 1 1 1 1 1 1 1 1
          1 1 1 1 1 1 1 1 1 1 1 1 1 1 1 1
          1 1 1 1 1 1 1 1 1 1 1 1 1 1 1 1
          1 1 1 1 1 1 1 1 1 1 1 1 1 1 1 1
          1 1 1 1 1 1 1 1 1 1 1 1 1 1 1 1
          1 1 1 1 1 1 1 1 1 1 1 1 1 1 1 1
          1 1 1 1 1 1 1 1 1 1 1 1 1 1 1 1
          1 1 1 1 1 1 1 1 1 1 1 1 1 1 1 1
          1 1 1 1 1 1 1 1 1 1 1 1 1 1 1 1
          1 1 1 1 1 1 1 1 1 1 1 1 1 1 1 1
          1 1 1 1 1 1 1 1 1 1 1 1 1 1 1 1
          1 1 1 1 1 1 1 1 1 1 1 1 1 1 1 1
          1 1 1 1 1 1 1 1 1 1 1 1 1 1 1 1
          1 1 1 1 1 1 1 1 1 1 1 1 1 1 1 1
          1 1 1 1 1 1 1 1 1 1 1 1 1 1 1 1
          1 1 1 1 1 1 1 1 1 1 1 1 1 1 1 1
          1 1 1 1 1 1 1 1 1 1 1 1 1 1 1 1
          1 1 1 1 1 1 1 1 1 1 1 1 1 1 1 1
          1 1 1 1 1 1 1 1 1 1 1 1 1 1 1 1
          1 1 1 1 1 1 1 1 1 1 1 1 1 1 1 1
          1 1 1 1 1 1 1 1 1 1 1 1 1 1 1 1
          1 1 1 1 1 1 1 1 1 1 1 1 1 1 1 1
          1 1 1 1 1 1 1 1 1 1 1 1 1 1 1 1
          1 1 1 1 1 1 1 1 1 1 1 1 1 1 1 1
          1 1 1 1 1 1 1 1 1 1 1 1 1 1 1 1
          1 1 1 1 1 1 1 1 1 1 1 1 1 1 1 1
          1 1 1 1 1 1 1 1 1 1 1 1 1 1 1 1
          1 1 1 1 1 1 1 1 1 1 1 1 1 1 1 1
          1 1 1 1 1 1 1 1 1 1 1 1 1 1 1 1
          1 1 1 1 1 1 1 1 1 1 1 1 1 1 1 1
          1 1 1 1 1 1 1 1 1 1 1 1 1 1 1 1
          1 1 1 1 1 1 1 1 1 1 1 1 1 1 1 1
          1 1 1 1 1 1 1 1 1 1 1 1 1 1 1 1
          1 1 1 1 1 1 1 1 1 1 1 1 1 1 1 1
          1 1 1 1 1 1 1 1 1 1 1 1 1 1 1 1
          1 1 1 1 1 1 1 1 1 1 1 1 1 1 1 1
          1 1 1 1 1 1 1 1 1 1 1 1 1 1 1 1
          1 1 1 1 1 1 1 1 1 1 1 1 1 1 1 1
          1 1 1 1 1 1 1 1 1 1 1 1 1 1 1 1
          1 1 1 1 1 1 1 1 1 1 1 1 1 1 1 1
          1 1 1 1 1 1 1 1 1 1 1 1 1 1 1 1
          1 1 1 1 1 1 1 1 1 1 1 1 1 1 1 1
          1 1 1 1 1 1 1 1 1 1 1 1 1 1 1 1
          1 1 1 1 1 1 1 1 1 1 1 1 1 1 1 1
          1 1 1 1 1 1 1 1 1 1 1 1 1 1 1 1
          1 1 1 1 1 1 1 1 1 1 1 1 1 1 1 1
          1 1 1 1 1 1 1 1 1 1 1 1 1 1 1 1
          1 1 1 1 1 1 1 1 1 1 1 1 1 1 1 1
          1 1 1 1 1 1 1 1 1 1 1 1 1 1 1 1
          1 1 1 1 1 1 1 1 1 1 1 1 1 1 1 1
          1 1 1 1 1 1 1 1 1 1 1 1 1 1 1 1
          1 1 1 1 1 1 1 1 1 1 1 1 1 1 1 1
          1 1 1 1 1 1 1 1 1 1 1 1 1 1 1 1
          1 1 1 1 1 1 1 1 1 1 1 1 1 1 1 1
          1 1 1 1 1 1 1 1 1 1 1 1 1 1 1 1
          1 1 1 1 1 1 1 1 1 1 1 1 1 1 1 1
          1 1 1 1 1 1 1 1 1 1 1 1 1 1 1 1
          1 1 1 1 1 1 1 1 1 1 1 1 1 1 1 1
          1 1 1 1 1 1 1 1 1 1 1 1 1 1 1 1
          1 1 1 1 1 1 1 1 1 1 1 1 1 1 1 1
          1 1 1 1 1 1 1 1 1 1 1 1 1 1 1 1
          1 1 1 1 1 1 1 1 1 1 1 1 1 1 1 1
          1 1 1 1 1 1 1 1 1 1 1 1 1 1 1 1
          1 1 1 1 1 1 1 1 1 1 1 1 1 1 1 1
          1 1 1 1 1 1 1 1 1 1 1 1 1 1 1 1
          1 1 1 1 1 1 1 1 1 1 1 1 1 1 1 1
          1 1 1 1 1 1 1 1 1 1 1 1 1 1 1 1
          1 1 1 1 1 1 1 1 1 1 1 1 1 1 1 1
          1 1 1 1 1 1 1 1 1 1 1 1 1 1 1 1
          1 1 1 1 1 1 1 1 1 1 1 1 1 1 1 1
          1 1 1 1 1 1 1 1 1 1 1 1 1 1 1 1
          2 2 2 2 2 2 2 2 2 2 2 2 2 2 2 2
          2 2 2 2 2 2 2 2 2 2 2 2 2 2 2 2
          2 2 2 2 2 2 2 2 2 2 2 2 2 2 2 2
          2 2 2 2 2 2 2 2 2 2 2 2 2 2 2 2
          2 2 2 2 2 2 2 2 2 2 2 2 2 2 2 2
          2 2 2 2 2 2 2 2 2 2 2 2 2 2 2 2
          2 2 2 2 2 2 2 2 2 2 2 2 2 2 2 2
          2 2 2 2 2 2 2 2 2 2 2 2 2 2 2 2
          2 2 2 2 2 2 2 2 2 2 2 2 2 2 2 2
          2 2 2 2 2 2 2 2 2 2 2 2 2 2 2 2
          2 2 2 2 2 2 2 2 2 2 2 2 2 2 2 2
          2 2 2 2 2 2 2 2 2 2 2 2 2 2 2 2
          2 2 2 2 2 2 2 2 2 2 2 2 2 2 2 2
          2 2 2 2 2 2 2 2 2 2 2 2 2 2 2 2
          2 2 2 2 2 2 2 2 2 2 2 2 2 2 2 2
          2 2 2 2 2 2 2 2 2 2 2 2 2 2 2 2
          2 2 2 2 2 2 2 2 2 2 2 2 2 2 2 2
          2 2 2 2 2 2 2 2 2 2 2 2 2 2 2 2
          2 2 2 2 2 2 2 2 2 2 2 2 2 2 2 2
          2 2 2 2 2 2 2 2 2 2 2 2 2 2 2 2
          2 2 2 2 2 2 2 2 2 2 2 2 2 2 2 2
          2 2 2 2 2 2 2 2 2 2 2 2 2 2 2 2
          2 2 2 2 2 2 2 2 2 2 2 2 2 2 2 2
          2 2 2 2 2 2 2 2 2 2 2 2 2 2 2 2
          2 2 2 2 2 2 2 2 2 2 2 2 2 2 2 2
          2 2 2 2 2 2 2 2 2 2 2 2 2 2 2 2
          2 2 2 2 2 2 2 2 2 2 2 2 2 2 2 2
          2 2 2 2 2 2 2 2 2 2 2 2 2 2 2 2
          2 2 2 2 2 2 2 2 2 2 2 2 2 2 2 2
          2 2 2 2 2 2 2 2 2 2 2 2 2 2 2 2
          2 2 2 2 2 2 2 2 2 2 2 2 2 2 2 2
          2 2 2 2 2 2 2 2 2 2 2 2 2 2 2 2
          2 2 2 2 2 2 2 2 2 2 2 2 2 2 2 2
          2 2 2 2 2 2 2 2 2 2 2 2 2 2 2 2
          2 2 2 2 2 2 2 2 2 2 2 2 2 2 2 2
          2 2 2 2 2 2 2 2 2 2 2 2 2 2 2 2
          2 2 2 2 2 2 2 2 2 2 2 2 2 2 2 2
          2 2 2 2 2 2 2 2 2 2 2 2 2 2 2 2
          2 2 2 2 2 2 2 2 2 2 2 2 2 2 2 2
          2 2 2 2 2 2 2 2 2 2 2 2 2 2 2 2
          2 2 2 2 2 2 2 2 2 2 2 2 2 2 2 2
          2 2 2 2 2 2 2 2 2 2 2 2 2 2 2 2
          2 2 2 2 2 2 2 2 2 2 2 2 2 2 2 2
          2 2 2 2 2 2 2 2 2 2 2 2 2 2 2 2
          2 2 2 2 2 2 2 2 2 2 2 2 2 2 2 2
          2 2 2 2 2 2 2 2 2 2 2 2 2 2 2 2
          2 2 2 2 2 2 2 2 2 2 2 2 2 2 2 2
          2 2 2 2 2 2 2 2 2 2 2 2 2 2 2 2
          2 2 2 2 2 2 2 2 2 2 2 2 2 2 2 2
          2 2 2 2 2 2 2 2 2 2 2 2 2 2 2 2
          3 3 3 3 4 4 4 4 4 4 4 4 4 4 4 4
          4 4 4 4 4 4 4 4 4 4 4 4 4 4 4 4
          4 4 4 4 4 4 4 4 4 4 4 4 4 4 4 4
          4 4 4 4 4 4 4 4 4 4 4 4 4 4 4 4
          4 4 4 4 4 4 4 4 4 4 4 4 4 4 4 4
          4 4 4 4 4 4 4 4 4 4 4 4 4 4 4 4
          4 4 4 4 4 4 4 4 4 4 4 4 4 4 4 4
          4 4 4 4 4 4 4 4 4 4 4 4 4 4 4 4
          4 4 4 4 4 4 4 4 4 4 4 4 4 4 4 4
          4 4 4 4 4 4 4 4 4 4 4 4 4 4 4 4
          4 4 4 4 4 4 4 4 4 4 4 4 4 4 4 4
          4 4 4 4 4 4 4 4 4 4 4 4 4 4 4 4
          4 4 4 4 4 4 4 4 4 4 4 4 4 4 4 4
          4 4 4 4 4 4 4 4 4 4 4 4 4 4 4 4
          4 4 4 4 4 4 4 4 4 4 4 4 4 4 4 4
          4 4 4 4 4 4 4 4 4 4 4 4 4 4 4 4
          4 4 4 4 4 4 4 4 4 4 4 4 4 4 4 4
          4 4 4 4 4 4 4 4 4 4 4 4 4 4 4 4
          4 4 4 4 4 4 4 4 4 4 4 4 4 4 4 4
          4 4 4 4 4 4 4 4 4 4 4 4 4 4 4 4
          4 4 4 4 4 4 4 4 4 4 4 4 4 4 4 4
          4 4 4 4 4 4 4 4 4 4 4 4 4 4 4 4
          4 4 4 4 4 4 4 4 4 4 4 4 4 4 4 4
          4 4 4 4 4 4 4 4 4 4 4 4 4 4 4 4
          4 4 4 4 4 4 4 4 4 4 4 4 4 4 4 4
          4 4 4 4 4 4 4 4 4 4 4 4 4 4 4 4
          4 4 4 4 4 4 4 4 4 4 4 4 4 4 4 4
          4 4 4 4 4 4 4 4 4 4 4 4 4 4 4 4
          4 4 4 4 4 4 4 4 4 4 4 4 4 4 4 4
          4 4 4 4 4 4 4 4 4 4 4 4 4 4 4 4
          4 4 4 4 4 4 4 4 4 4 4 4 4 4 4 4
          4 4 4 4 4 4 4 4 4 4 4 4 4 4 4 4
          4 4 4 4 4 4 4 4 4 4 4 4 4 4 4 4
          4 4 4 4 4 4 4 4 4 4 4 4 4 4 4 4
          4 4 4 4 4 4 4 4 4 4 4 4 4 4 4 4
          4 4 4 4 4 4 4 4 4 4 4 4 4 4 4 4
          4 4 4 4 4 4 4 4 4 4 4 4 4 4 4 4
          4 4 4 4 4 4 4 4 4 4 4 4 4 4 4 4
          4 4 4 4 4 4 4 4 4 4 4 4 4 4 4 4
          4 4 4 4 4 4 4 4 4 4 4 4 4 4 4 4
          4 4 4 4 4 4 4 4 4 4 4 4 4 4 4 4
          4 4 4 4 4 4 4 4 4 4 4 4 4 4 4 4
          4 4 4 4 4 4 4 4 4 4 4 4 4 4 4 4
          4 4 4 4 4 4 4 4 4 4 4 4 4 4 4 4
          4 4 4 4 4 4 4 4 4 4 4 4 4 4 4 4
          4 4 4 4 4 4 4 4 4 4 4 4 4 4 4 4
          4 4 4 4 4 4 4 4 4 4 4 4 4 4 4 4
          4 4 4 4 4 4 4 4 4 4 4 4 4 4 4 4
          4 4 4 4 4 4 4 4 4 4 4 4 4 4 4 4
          4 4 4 4 4 4 4 4 4 4 4 4 4 4 4 4
          4 4 4 4 5 5 5 5
        </DataArray>
        <DataArray type="Int32" Name="rank" format="ascii">
          0 0 0 0 0 0 0 0 0 0 0 0 0 0 0 0
          0 0 0 0 0 0 0 0 0 0 0 0 0 0 0 0
          0 0 0 0 0 0 0 0 0 0 0 0 0 0 0 0
          0 0 0 0 0 0 0 0 0 0 0 0 0 0 0 0
          0 0 0 0 0 0 0 0 0 0 0 0 0 0 0 0
          0 0 0 0 0 0 0 0 0 0 0 0 0 0 0 0
          0 0 0 0 0 0 0 0 0 0 0 0 0 0 0 0
          0 0 0 0 0 0 0 0 0 0 0 0 0 0 0 0
          0 0 0 0 0 0 0 0 0 0 0 0 0 0 0 0
          0 0 0 0 0 0 0 0 0 0 0 0 0 0 0 0
          0 0 0 0 0 0 0 0 0 0 0 0 0 0 0 0
          0 0 0 0 0 0 0 0 0 0 0 0 0 0 0 0
          0 0 0 0 0 0 0 0 0 0 0 0 0 0 0 0
          0 0 0 0 0 0 0 0 0 0 0 0 0 0 0 0
          0 0 0 0 0 0 0 0 0 0 0 0 0 0 0 0
          0 0 0 0 0 0 0 0 0 0 0 0 0 0 0 0
          0 0 0 0 0 0 0 0 0 0 0 0 0 0 0 0
          0 0 0 0 0 0 0 0 0 0 0 0 0 0 0 0
          0 0 0 0 0 0 0 0 0 0 0 0 0 0 0 0
          0 0 0 0 0 0 0 0 0 0 0 0 0 0 0 0
          0 0 0 0 0 0 0 0 0 0 0 0 0 0 0 0
          0 0 0 0 0 0 0 0 0 0 0 0 0 0 0 0
          0 0 0 0 0 0 0 0 0 0 0 0 0 0 0 0
          0 0 0 0 0 0 0 0 0 0 0 0 0 0 0 0
          0 0 0 0 0 0 0 0 0 0 0 0 0 0 0 0
          0 0 0 0 0 0 0 0 0 0 0 0 0 0 0 0
          0 0 0 0 0 0 0 0 0 0 0 0 0 0 0 0
          0 0 0 0 0 0 0 0 0 0 0 0 0 0 0 0
          0 0 0 0 0 0 0 0 0 0 0 0 0 0 0 0
          0 0 0 0 0 0 0 0 0 0 0 0 0 0 0 0
          0 0 0 0 0 0 0 0 0 0 0 0 0 0 0 0
          0 0 0 0 0 0 0 0 0 0 0 0 0 0 0 0
          0 0 0 0 0 0 0 0 0 0 0 0 0 0 0 0
          0 0 0 0 0 0 0 0 0 0 0 0 0 0 0 0
          0 0 0 0 0 0 0 0 0 0 0 0 0 0 0 0
          0 0 0 0 0 0 0 0 0 0 0 0 0 0 0 0
          0 0 0 0 0 0 0 0 0 0 0 0 0 0 0 0
          0 0 0 0 0 0 0 0 0 0 0 0 0 0 0 0
          0 0 0 0 0 0 0 0 0 0 0 0 0 0 0 0
          0 0 0 0 0 0 0 0 0 0 0 0 0 0 0 0
          0 0 0 0 0 0 0 0 0 0 0 0 0 0 0 0
          0 0 0 0 0 0 0 0 0 0 0 0 0 0 0 0
          0 0 0 0 0 0 0 0 0 0 0 0 0 0 0 0
          0 0 0 0 0 0 0 0 0 0 0 0 0 0 0 0
          0 0 0 0 0 0 0 0 0 0 0 0 0 0 0 0
          0 0 0 0 0 0 0 0 0 0 0 0 0 0 0 0
          0 0 0 0 0 0 0 0 0 0 0 0 0 0 0 0
          0 0 0 0 0 0 0 0 0 0 0 0 0 0 0 0
          0 0 0 0 0 0 0 0 0 0 0 0 0 0 0 0
          0 0 0 0 0 0 0 0 0 0 0 0 0 0 0 0
          0 0 0 0 0 0 0 0 0 0 0 0 0 0 0 0
          0 0 0 0 0 0 0 0 0 0 0 0 0 0 0 0
          0 0 0 0 0 0 0 0 0 0 0 0 0 0 0 0
          0 0 0 0 0 0 0 0 0 0 0 0 0 0 0 0
          0 0 0 0 0 0 0 0 0 0 0 0 0 0 0 0
          0 0 0 0 0 0 0 0 0 0 0 0 0 0 0 0
          0 0 0 0 0 0 0 0 0 0 0 0 0 0 0 0
          0 0 0 0 0 0 0 0 0 0 0 0 0 0 0 0
          0 0 0 0 0 0 0 0 0 0 0 0 0 0 0 0
          0 0 0 0 0 0 0 0 0 0 0 0 0 0 0 0
          0 0 0 0 0 0 0 0 0 0 0 0 0 0 0 0
          0 0 0 0 0 0 0 0 0 0 0 0 0 0 0 0
          0 0 0 0 0 0 0 0 0 0 0 0 0 0 0 0
          0 0 0 0 0 0 0 0 0 0 0 0 0 0 0 0
          0 0 0 0 0 0 0 0 0 0 0 0 0 0 0 0
          0 0 0 0 0 0 0 0 0 0 0 0 0 0 0 0
          0 0 0 0 0 0 0 0 0 0 0 0 0 0 0 0
          0 0 0 0 0 0 0 0 0 0 0 0 0 0 0 0
          0 0 0 0 0 0 0 0 0 0 0 0 0 0 0 0
          0 0 0 0 0 0 0 0 0 0 0 0 0 0 0 0
          0 0 0 0 0 0 0 0 0 0 0 0 0 0 0 0
          0 0 0 0 0 0 0 0 0 0 0 0 0 0 0 0
          0 0 0 0 0 0 0 0 0 0 0 0 0 0 0 0
          0 0 0 0 0 0 0 0 0 0 0 0 0 0 0 0
          0 0 0 0 0 0 0 0 0 0 0 0 0 0 0 0
          0 0 0 0 0 0 0 0 0 0 0 0 0 0 0 0
          0 0 0 0 0 0 0 0 0 0 0 0 0 0 0 0
          0 0 0 0 0 0 0 0 0 0 0 0 0 0 0 0
          0 0 0 0 0 0 0 0 0 0 0 0 0 0 0 0
          0 0 0 0 0 0 0 0 0 0 0 0 0 0 0 0
          0 0 0 0 0 0 0 0 0 0 0 0 0 0 0 0
          0 0 0 0 0 0 0 0 0 0 0 0 0 0 0 0
          0 0 0 0 0 0 0 0 0 0 0 0 0 0 0 0
          0 0 0 0 0 0 0 0 0 0 0 0 0 0 0 0
          0 0 0 0 0 0 0 0 0 0 0 0 0 0 0 0
          0 0 0 0 0 0 0 0 0 0 0 0 0 0 0 0
          0 0 0 0 0 0 0 0 0 0 0 0 0 0 0 0
          0 0 0 0 0 0 0 0 0 0 0 0 0 0 0 0
          0 0 0 0 0 0 0 0 0 0 0 0 0 0 0 0
          0 0 0 0 0 0 0 0 0 0 0 0 0 0 0 0
          0 0 0 0 0 0 0 0 0 0 0 0 0 0 0 0
          0 0 0 0 0 0 0 0 0 0 0 0 0 0 0 0
          0 0 0 0 0 0 0 0 0 0 0 0 0 0 0 0
          0 0 0 0 0 0 0 0 0 0 0 0 0 0 0 0
          0 0 0 0 0 0 0 0 0 0 0 0 0 0 0 0
          0 0 0 0 0 0 0 0 0 0 0 0 0 0 0 0
          0 0 0 0 0 0 0 0 0 0 0 0 0 0 0 0
          0 0 0 0 0 0 0 0 0 0 0 0 0 0 0 0
          0 0 0 0 0 0 0 0 0 0 0 0 0 0 0 0
          0 0 0 0 0 0 0 0 0 0 0 0 0 0 0 0
          0 0 0 0 0 0 0 0 0 0 0 0 0 0 0 0
          0 0 0 0 0 0 0 0 0 0 0 0 0 0 0 0
          0 0 0 0 0 0 0 0 0 0 0 0 0 0 0 0
          0 0 0 0 0 0 0 0 0 0 0 0 0 0 0 0
          0 0 0 0 0 0 0 0 0 0 0 0 0 0 0 0
          0 0 0 0 0 0 0 0 0 0 0 0 0 0 0 0
          0 0 0 0 0 0 0 0 0 0 0 0 0 0 0 0
          0 0 0 0 0 0 0 0 0 0 0 0 0 0 0 0
          0 0 0 0 0 0 0 0 0 0 0 0 0 0 0 0
          0 0 0 0 0 0 0 0 0 0 0 0 0 0 0 0
          0 0 0 0 0 0 0 0 0 0 0 0 0 0 0 0
          0 0 0 0 0 0 0 0 0 0 0 0 0 0 0 0
          0 0 0 0 0 0 0 0 0 0 0 0 0 0 0 0
          0 0 0 0 0 0 0 0 0 0 0 0 0 0 0 0
          0 0 0 0 0 0 0 0 0 0 0 0 0 0 0 0
          0 0 0 0 0 0 0 0 0 0 0 0 0 0 0 0
          0 0 0 0 0 0 0 0 0 0 0 0 0 0 0 0
          0 0 0 0 0 0 0 0 0 0 0 0 0 0 0 0
          0 0 0 0 0 0 0 0 0 0 0 0 0 0 0 0
          0 0 0 0 0 0 0 0 0 0 0 0 0 0 0 0
          0 0 0 0 0 0 0 0 0 0 0 0 0 0 0 0
          0 0 0 0 0 0 0 0 0 0 0 0 0 0 0 0
          0 0 0 0 0 0 0 0 0 0 0 0 0 0 0 0
          0 0 0 0 0 0 0 0 0 0 0 0 0 0 0 0
          0 0 0 0 0 0 0 0 0 0 0 0 0 0 0 0
          0 0 0 0 0 0 0 0 0 0 0 0 0 0 0 0
          0 0 0 0 0 0 0 0 0 0 0 0 0 0 0 0
          0 0 0 0 0 0 0 0 0 0 0 0 0 0 0 0
          0 0 0 0 0 0 0 0 0 0 0 0 0 0 0 0
          0 0 0 0 0 0 0 0 0 0 0 0 0 0 0 0
          0 0 0 0 0 0 0 0 0 0 0 0 0 0 0 0
          0 0 0 0 0 0 0 0 0 0 0 0 0 0 0 0
          0 0 0 0 0 0 0 0 0 0 0 0 0 0 0 0
          0 0 0 0 0 0 0 0 0 0 0 0 0 0 0 0
          0 0 0 0 0 0 0 0 0 0 0 0 0 0 0 0
          0 0 0 0 0 0 0 0 0 0 0 0 0 0 0 0
          0 0 0 0 0 0 0 0 0 0 0 0 0 0 0 0
          0 0 0 0 0 0 0 0 0 0 0 0 0 0 0 0
          0 0 0 0 0 0 0 0 0 0 0 0 0 0 0 0
          0 0 0 0 0 0 0 0 0 0 0 0 0 0 0 0
          0 0 0 0 0 0 0 0 0 0 0 0 0 0 0 0
          0 0 0 0 0 0 0 0 0 0 0 0 0 0 0 0
          0 0 0 0 0 0 0 0 0 0 0 0 0 0 0 0
          0 0 0 0 0 0 0 0 0 0 0 0 0 0 0 0
          0 0 0 0 0 0 0 0 0 0 0 0 0 0 0 0
          0 0 0 0 0 0 0 0 0 0 0 0 0 0 0 0
          0 0 0 0 0 0 0 0 0 0 0 0 0 0 0 0
          0 0 0 0 0 0 0 0 0 0 0 0 0 0 0 0
          0 0 0 0 0 0 0 0 0 0 0 0 0 0 0 0
          0 0 0 0 0 0 0 0 0 0 0 0 0 0 0 0
          0 0 0 0 0 0 0 0 0 0 0 0 0 0 0 0
          0 0 0 0 0 0 0 0 0 0 0 0 0 0 0 0
          0 0 0 0 0 0 0 0 0 0 0 0 0 0 0 0
          0 0 0 0 0 0 0 0 0 0 0 0 0 0 0 0
          0 0 0 0 0 0 0 0 0 0 0 0 0 0 0 0
          0 0 0 0 0 0 0 0 0 0 0 0 0 0 0 0
          0 0 0 0 0 0 0 0 0 0 0 0 0 0 0 0
          0 0 0 0 0 0 0 0 0 0 0 0 0 0 0 0
          0 0 0 0 0 0 0 0 0 0 0 0 0 0 0 0
          0 0 0 0 0 0 0 0 0 0 0 0 0 0 0 0
          0 0 0 0 0 0 0 0 0 0 0 0 0 0 0 0
          0 0 0 0 0 0 0 0 0 0 0 0 0 0 0 0
          0 0 0 0 0 0 0 0 0 0 0 0 0 0 0 0
          0 0 0 0 0 0 0 0 0 0 0 0 0 0 0 0
          0 0 0 0 0 0 0 0 0 0 0 0 0 0 0 0
          0 0 0 0 0 0 0 0 0 0 0 0 0 0 0 0
          0 0 0 0 0 0 0 0 0 0 0 0 0 0 0 0
          0 0 0 0 0 0 0 0 0 0 0 0 0 0 0 0
          0 0 0 0 0 0 0 0 0 0 0 0 0 0 0 0
          0 0 0 0 0 0 0 0 0 0 0 0 0 0 0 0
          0 0 0 0 0 0 0 0 0 0 0 0 0 0 0 0
          0 0 0 0 0 0 0 0 0 0 0 0 0 0 0 0
          0 0 0 0 0 0 0 0 0 0 0 0 0 0 0 0
          0 0 0 0 0 0 0 0 0 0 0 0 0 0 0 0
          0 0 0 0 0 0 0 0 0 0 0 0 0 0 0 0
          0 0 0 0 0 0 0 0 0 0 0 0 0 0 0 0
          0 0 0 0 0 0 0 0 0 0 0 0 0 0 0 0
          0 0 0 0 0 0 0 0 0 0 0 0 0 0 0 0
          0 0 0 0 0 0 0 0 0 0 0 0 0 0 0 0
          0 0 0 0 0 0 0 0 0 0 0 0 0 0 0 0
          0 0 0 0 0 0 0 0 0 0 0 0 0 0 0 0
          0 0 0 0 0 0 0 0 0 0 0 0 0 0 0 0
          0 0 0 0 0 0 0 0 0 0 0 0 0 0 0 0
          0 0 0 0 0 0 0 0 0 0 0 0 0 0 0 0
          0 0 0 0 0 0 0 0 0 0 0 0 0 0 0 0
          0 0 0 0 0 0 0 0 0 0 0 0 0 0 0 0
          0 0 0 0 0 0 0 0 0 0 0 0 0 0 0 0
          0 0 0 0 0 0 0 0 0 0 0 0 0 0 0 0
          0 0 0 0 0 0 0 0 0 0 0 0 0 0 0 0
          0 0 0 0 0 0 0 0 0 0 0 0 0 0 0 0
          0 0 0 0 0 0 0 0 0 0 0 0 0 0 0 0
          0 0 0 0 0 0 0 0 0 0 0 0 0 0 0 0
          0 0 0 0 0 0 0 0 0 0 0 0 0 0 0 0
          0 0 0 0 0 0 0 0 0 0 0 0 0 0 0 0
          0 0 0 0 0 0 0 0 0 0 0 0 0 0 0 0
          0 0 0 0 0 0 0 0 0 0 0 0 0 0 0 0
          0 0 0 0 0 0 0 0 0 0 0 0 0 0 0 0
          0 0 0 0 0 0 0 0 0 0 0 0 0 0 0 0
          0 0 0 0 0 0 0 0 0 0 0 0 0 0 0 0
          0 0 0 0 0 0 0 0 0 0 0 0 0 0 0 0
          0 0 0 0 0 0 0 0 0 0 0 0 0 0 0 0
          0 0 0 0 0 0 0 0 0 0 0 0 0 0 0 0
          0 0 0 0 0 0 0 0 0 0 0 0 0 0 0 0
          0 0 0 0 0 0 0 0 0 0 0 0 0 0 0 0
          0 0 0 0 0 0 0 0 0 0 0 0 0 0 0 0
          0 0 0 0 0 0 0 0 0 0 0 0 0 0 0 0
          0 0 0 0 0 0 0 0 0 0 0 0 0 0 0 0
          0 0 0 0 0 0 0 0 0 0 0 0 0 0 0 0
          0 0 0 0 0 0 0 0 0 0 0 0 0 0 0 0
          0 0 0 0 0 0 0 0 0 0 0 0 0 0 0 0
          0 0 0 0 0 0 0 0 0 0 0 0 0 0 0 0
          0 0 0 0 0 0 0 0 0 0 0 0 0 0 0 0
          0 0 0 0 0 0 0 0 0 0 0 0 0 0 0 0
          0 0 0 0 0 0 0 0 0 0 0 0 0 0 0 0
          0 0 0 0 0 0 0 0 0 0 0 0 0 0 0 0
          0 0 0 0 0 0 0 0 0 0 0 0 0 0 0 0
          0 0 0 0 0 0 0 0 0 0 0 0 0 0 0 0
          0 0 0 0 0 0 0 0 0 0 0 0 0 0 0 0
          0 0 0 0 0 0 0 0 0 0 0 0 0 0 0 0
          0 0 0 0 0 0 0 0 0 0 0 0 0 0 0 0
          0 0 0 0 0 0 0 0 0 0 0 0 0 0 0 0
          0 0 0 0 0 0 0 0 0 0 0 0 0 0 0 0
          0 0 0 0 0 0 0 0 0 0 0 0 0 0 0 0
          0 0 0 0 0 0 0 0 0 0 0 0 0 0 0 0
          0 0 0 0 0 0 0 0 0 0 0 0 0 0 0 0
          0 0 0 0 0 0 0 0 0 0 0 0 0 0 0 0
          0 0 0 0 0 0 0 0 0 0 0 0 0 0 0 0
          0 0 0 0 0 0 0 0 0 0 0 0 0 0 0 0
          0 0 0 0 0 0 0 0 0 0 0 0 0 0 0 0
          0 0 0 0 0 0 0 0 0 0 0 0 0 0 0 0
          0 0 0 0 0 0 0 0 0 0 0 0 0 0 0 0
          0 0 0 0 0 0 0 0 0 0 0 0 0 0 0 0
          0 0 0 0 0 0 0 0 0 0 0 0 0 0 0 0
          0 0 0 0 0 0 0 0 0 0 0 0 0 0 0 0
          0 0 0 0 0 0 0 0 0 0 0 0 0 0 0 0
          0 0 0 0 0 0 0 0 0 0 0 0 0 0 0 0
          0 0 0 0 0 0 0 0 0 0 0 0 0 0 0 0
          0 0 0 0 0 0 0 0 0 0 0 0 0 0 0 0
          0 0 0 0 0 0 0 0 0 0 0 0 0 0 0 0
          0 0 0 0 0 0 0 0 0 0 0 0 0 0 0 0
          0 0 0 0 0 0 0 0 0 0 0 0 0 0 0 0
          0 0 0 0 0 0 0 0 0 0 0 0 0 0 0 0
          0 0 0 0 0 0 0 0 0 0 0 0 0 0 0 0
          0 0 0 0 0 0 0 0 0 0 0 0 0 0 0 0
          0 0 0 0 0 0 0 0 0 0 0 0 0 0 0 0
          0 0 0 0 0 0 0 0 0 0 0 0 0 0 0 0
          0 0 0 0 0 0 0 0 0 0 0 0 0 0 0 0
          0 0 0 0 0 0 0 0 0 0 0 0 0 0 0 0
          0 0 0 0 0 0 0 0 0 0 0 0 0 0 0 0
          0 0 0 0 0 0 0 0 0 0 0 0 0 0 0 0
          0 0 0 0 0 0 0 0 0 0 0 0 0 0 0 0
          0 0 0 0 0 0 0 0 0 0 0 0 0 0 0 0
          0 0 0 0 0 0 0 0 0 0 0 0 0 0 0 0
          0 0 0 0 0 0 0 0 0 0 0 0 0 0 0 0
          0 0 0 0 0 0 0 0 0 0 0 0 0 0 0 0
          0 0 0 0 0 0 0 0 0 0 0 0 0 0 0 0
          0 0 0 0 0 0 0 0 0 0 0 0 0 0 0 0
          0 0 0 0 0 0 0 0 0 0 0 0 0 0 0 0
          0 0 0 0 0 0 0 0 0 0 0 0 0 0 0 0
          0 0 0 0 0 0 0 0 0 0 0 0 0 0 0 0
          0 0 0 0 0 0 0 0 0 0 0 0 0 0 0 0
          0 0 0 0 0 0 0 0 0 0 0 0 0 0 0 0
          0 0 0 0 0 0 0 0 0 0 0 0 0 0 0 0
          0 0 0 0 0 0 0 0 0 0 0 0 0 0 0 0
          0 0 0 0 0 0 0 0 0 0 0 0 0 0 0 0
          0 0 0 0 0 0 0 0 0 0 0 0 0 0 0 0
          0 0 0 0 0 0 0 0 0 0 0 0 0 0 0 0
          0 0 0 0 0 0 0 0 0 0 0 0 0 0 0 0
          0 0 0 0 0 0 0 0 0 0 0 0 0 0 0 0
          0 0 0 0 0 0 0 0 0 0 0 0 0 0 0 0
          0 0 0 0 0 0 0 0 0 0 0 0 0 0 0 0
          0 0 0 0 0 0 0 0 0 0 0 0 0 0 0 0
          0 0 0 0 0 0 0 0 0 0 0 0 0 0 0 0
          0 0 0 0 0 0 0 0 0 0 0 0 0 0 0 0
          0 0 0 0 0 0 0 0 0 0 0 0 0 0 0 0
          0 0 0 0 0 0 0 0 0 0 0 0 0 0 0 0
          0 0 0 0 0 0 0 0 0 0 0 0 0 0 0 0
          0 0 0 0 0 0 0 0 0 0 0 0 0 0 0 0
          0 0 0 0 0 0 0 0 0 0 0 0 0 0 0 0
          0 0 0 0 0 0 0 0 0 0 0 0 0 0 0 0
          0 0 0 0 0 0 0 0 0 0 0 0 0 0 0 0
          0 0 0 0 0 0 0 0 0 0 0 0 0 0 0 0
          0 0 0 0 0 0 0 0 0 0 0 0 0 0 0 0
          0 0 0 0 0 0 0 0 0 0 0 0 0 0 0 0
          0 0 0 0 0 0 0 0 0 0 0 0 0 0 0 0
          0 0 0 0 0 0 0 0 0 0 0 0 0 0 0 0
          0 0 0 0 0 0 0 0 0 0 0 0 0 0 0 0
          0 0 0 0 0 0 0 0 0 0 0 0 0 0 0 0
          0 0 0 0 0 0 0 0 0 0 0 0 0 0 0 0
          0 0 0 0 0 0 0 0 0 0 0 0 0 0 0 0
          0 0 0 0 0 0 0 0 0 0 0 0 0 0 0 0
          0 0 0 0 0 0 0 0 0 0 0 0 0 0 0 0
          0 0 0 0 0 0 0 0 0 0 0 0 0 0 0 0
          0 0 0 0 0 0 0 0 0 0 0 0 0 0 0 0
          0 0 0 0 0 0 0 0 0 0 0 0 0 0 0 0
          0 0 0 0 0 0 0 0 0 0 0 0 0 0 0 0
          0 0 0 0 0 0 0 0 0 0 0 0 0 0 0 0
          0 0 0 0 0 0 0 0 0 0 0 0 0 0 0 0
          0 0 0 0 0 0 0 0 0 0 0 0 0 0 0 0
          0 0 0 0 0 0 0 0 0 0 0 0 0 0 0 0
          0 0 0 0 0 0 0 0
        </DataArray>
        <DataArray type="Int32" Name="color" format="ascii">
          1 2 1 2 3 4 3 4 1 2 1 2 3 4 3 4
          1 2 1 2 3 4 3 4 1 2 1 2 3 4 3 4
          1 2 1 2 3 4 3 4 1 2 1 2 3 4 3 4
          1 2 1 2 3 4 3 4 1 2 1 2 3 4 3 4
          1 2 1 2 3 4 3 4 1 2 1 2 3 4 3 4
          1 2 1 2 3 4 3 4 1 2 1 2 3 4 3 4
          1 2 1 2 3 4 3 4 1 2 1 2 3 4 3 4
          1 2 1 2 3 4 3 4 1 2 1 2 3 4 3 4
          1 2 1 2 3 4 3 4 1 2 1 2 3 4 3 4
          1 2 1 2 3 4 3 4 1 2 1 2 3 4 3 4
          1 2 1 2 3 4 3 4 1 2 1 2 3 4 3 4
          1 2 1 2 3 4 3 4 1 2 1 2 3 4 3 4
          1 2 1 2 3 4 3 4 1 2 1 2 3 4 3 4
          1 2 1 2 3 4 3 4 1 2 1 2 3 4 3 4
          1 2 1 2 3 4 3 4 1 2 1 2 3 4 3 4
          1 2 1 2 3 4 3 4 1 2 1 2 3 4 3 4
          1 2 1 2 3 4 3 4 1 2 1 2 3 4 3 4
          1 2 1 2 3 4 3 4 1 2 1 2 3 4 3 4
          1 2 1 2 3 4 3 4 1 2 1 2 3 4 3 4
          1 2 1 2 3 4 3 4 1 2 1 2 3 4 3 4
          1 2 1 2 3 4 3 4 1 2 1 2 3 4 3 4
          1 2 1 2 3 4 3 4 1 2 1 2 3 4 3 4
          1 2 1 2 3 4 3 4 1 2 1 2 3 4 3 4
          1 2 1 2 3 4 3 4 1 2 1 2 3 4 3 4
          1 2 1 2 3 4 3 4 1 2 1 2 3 4 3 4
          1 2 1 2 3 4 3 4 1 2 1 2 3 4 3 4
          1 2 1 2 3 4 3 4 1 2 1 2 3 4 3 4
          1 2 1 2 3 4 3 4 1 2 1 2 3 4 3 4
          1 2 1 2 3 4 3 4 1 2 1 2 3 4 3 4
          1 2 1 2 3 4 3 4 1 2 1 2 3 4 3 4
          1 2 1 2 3 4 3 4 1 2 1 2 3 4 3 4
          1 2 1 2 3 4 3 4 1 2 1 2 3 4 3 4
          1 2 1 2 3 4 3 4 1 2 1 2 3 4 3 4
          1 2 1 2 3 4 3 4 1 2 1 2 3 4 3 4
          1 2 1 2 3 4 3 4 1 2 1 2 3 4 3 4
          1 2 1 2 3 4 3 4 1 2 1 2 3 4 3 4
          1 2 1 2 3 4 3 4 1 2 1 2 3 4 3 4
          1 2 1 2 3 4 3 4 1 2 1 2 3 4 3 4
          1 2 1 2 3 4 3 4 1 2 1 2 3 4 3 4
          1 2 1 2 3 4 3 4 1 2 1 2 3 4 3 4
          1 2 1 2 3 4 3 4 1 2 1 2 3 4 3 4
          1 2 1 2 3 4 3 4 1 2 1 2 3 4 3 4
          1 2 1 2 3 4 3 4 1 2 1 2 3 4 3 4
          1 2 1 2 3 4 3 4 1 2 1 2 3 4 3 4
          1 2 1 2 3 4 3 4 1 2 1 2 3 4 3 4
          1 2 1 2 3 4 3 4 1 2 1 2 3 4 3 4
          1 2 1 2 3 4 3 4 1 2 1 2 3 4 3 4
          1 2 1 2 3 4 3 4 1 2 1 2 3 4 3 4
          1 2 1 2 3 4 3 4 1 2 1 2 3 4 3 4
          1 2 1 2 3 4 3 4 1 2 1 2 3 4 3 4
          1 2 1 2 3 4 3 4 1 2 1 2 3 4 3 4
          1 2 1 2 3 4 3 4 1 2 1 2 3 4 3 4
          1 2 1 2 3 4 3 4 1 2 1 2 3 4 3 4
          1 2 1 2 3 4 3 4 1 2 1 2 3 4 3 4
          1 2 1 2 3 4 3 4 1 2 1 2 3 4 3 4
          1 2 1 2 3 4 3 4 1 2 1 2 3 4 3 4
          1 2 1 2 3 4 3 4 1 2 1 2 3 4 3 4
          1 2 1 2 3 4 3 4 1 2 1 2 3 4 3 4
          1 2 1 2 3 4 3 4 1 2 1 2 3 4 3 4
          1 2 1 2 3 4 3 4 1 2 1 2 3 4 3 4
          1 2 1 2 3 4 3 4 1 2 1 2 3 4 3 4
          1 2 1 2 3 4 3 4 1 2 1 2 3 4 3 4
          1 2 1 2 3 4 3 4 1 2 1 2 3 4 3 4
          1 2 1 2 3 4 3 4 1 2 1 2 3 4 3 4
          1 2 1 2 3 4 3 4 1 2 1 2 3 4 3 4
          1 2 1 2 3 4 3 4 1 2 1 2 3 4 3 4
          1 2 1 2 3 4 3 4 1 2 1 2 3 4 3 4
          1 2 1 2 3 4 3 4 1 2 1 2 3 4 3 4
          1 2 1 2 3 4 3 4 1 2 1 2 3 4 3 4
          1 2 1 2 3 4 3 4 1 2 1 2 3 4 3 4
          1 2 1 2 3 4 3 4 1 2 1 2 3 4 3 4
          1 2 1 2 3 4 3 4 1 2 1 2 3 4 3 4
          1 2 1 2 3 4 3 4 1 2 1 2 3 4 3 4
          1 2 1 2 3 4 3 4 1 2 1 2 3 4 3 4
          1 2 1 2 3 4 3 4 1 2 1 2 3 4 3 4
          1 2 1 2 3 4 3 4 1 2 1 2 3 4 3 4
          1 2 1 2 3 4 3 4 1 2 1 2 3 4 3 4
          1 2 1 2 3 4 3 4 1 2 1 2 3 4 3 4
          1 2 1 2 3 4 3 4 1 2 1 2 3 4 3 4
          1 2 1 2 3 4 3 4 1 2 1 2 3 4 3 4
          1 2 1 2 3 4 3 4 1 2 1 2 3 4 3 4
          1 2 1 2 3 4 3 4 1 2 1 2 3 4 3 4
          1 2 1 2 3 4 3 4 1 2 1 2 3 4 3 4
          1 2 1 2 3 4 3 4 1 2 1 2 3 4 3 4
          1 2 1 2 3 4 3 4 1 2 1 2 3 4 3 4
          1 2 1 2 3 4 3 4 1 2 1 2 3 4 3 4
          1 2 1 2 3 4 3 4 1 2 1 2 3 4 3 4
          1 2 1 2 3 4 3 4 1 2 1 2 3 4 3 4
          1 2 1 2 3 4 3 4 1 2 1 2 3 4 3 4
          1 2 1 2 3 4 3 4 1 2 1 2 3 4 3 4
          1 2 1 2 3 4 3 4 1 2 1 2 3 4 3 4
          1 2 1 2 3 4 3 4 1 2 1 2 3 4 3 4
          1 2 1 2 3 4 3 4 1 2 1 2 3 4 3 4
          1 2 1 2 3 4 3 4 1 2 1 2 3 4 3 4
          1 2 1 2 3 4 3 4 1 2 1 2 3 4 3 4
          1 2 1 2 3 4 3 4 1 2 1 2 3 4 3 4
          1 2 1 2 3 4 3 4 1 2 1 2 3 4 3 4
          1 2 1 2 3 4 3 4 1 2 1 2 3 4 3 4
          1 2 1 2 3 4 3 4 1 2 1 2 3 4 3 4
          1 2 1 2 3 4 3 4 1 2 1 2 3 4 3 4
          1 2 1 2 3 4 3 4 1 2 1 2 3 4 3 4
          1 2 1 2 3 4 3 4 1 2 1 2 3 4 3 4
          1 2 1 2 3 4 3 4 1 2 1 2 3 4 3 4
          1 2 1 2 3 4 3 4 1 2 1 2 3 4 3 4
          1 2 1 2 3 4 3 4 1 2 1 2 3 4 3 4
          1 2 1 2 3 4 3 4 1 2 1 2 3 4 3 4
          1 2 1 2 3 4 3 4 1 2 1 2 3 4 3 4
          1 2 1 2 3 4 3 4 1 2 1 2 3 4 3 4
          1 2 1 2 3 4 3 4 1 2 1 2 3 4 3 4
          1 2 1 2 3 4 3 4 1 2 1 2 3 4 3 4
          1 2 1 2 3 4 3 4 1 2 1 2 3 4 3 4
          1 2 1 2 3 4 3 4 1 2 1 2 3 4 3 4
          1 2 1 2 3 4 3 4 1 2 1 2 3 4 3 4
          1 2 1 2 3 4 3 4 1 2 1 2 3 4 3 4
          1 2 1 2 3 4 3 4 1 2 1 2 3 4 3 4
          1 2 1 2 3 4 3 4 1 2 1 2 3 4 3 4
          1 2 1 2 3 4 3 4 1 2 1 2 3 4 3 4
          1 2 1 2 3 4 3 4 1 2 1 2 3 4 3 4
          1 2 1 2 3 4 3 4 1 2 1 2 3 4 3 4
          1 2 1 2 3 4 3 4 1 2 1 2 3 4 3 4
          1 2 1 2 3 4 3 4 1 2 1 2 3 4 3 4
          1 2 1 2 3 4 3 4 1 2 1 2 3 4 3 4
          1 2 1 2 3 4 3 4 1 2 1 2 3 4 3 4
          1 2 1 2 3 4 3 4 1 2 1 2 3 4 3 4
          1 2 1 2 3 4 3 4 1 2 1 2 3 4 3 4
          1 2 1 2 3 4 3 4 1 2 1 2 3 4 3 4
          1 2 1 2 3 4 3 4 1 2 1 2 3 4 3 4
          1 2 1 2 3 4 3 4 1 2 1 2 3 4 3 4
          1 2 1 2 3 4 3 4 1 2 1 2 3 4 3 4
          1 2 1 2 3 4 3 4 1 2 1 2 3 4 3 4
          1 2 1 2 3 4 3 4 1 2 1 2 3 4 3 4
          1 2 1 2 3 4 3 4 1 2 1 2 3 4 3 4
          1 2 1 2 3 4 3 4 1 2 1 2 3 4 3 4
          1 2 1 2 3 4 3 4 1 2 1 2 3 4 3 4
          1 2 1 2 3 4 3 4 1 2 1 2 3 4 3 4
          1 2 1 2 3 4 3 4 1 2 1 2 3 4 3 4
          1 2 1 2 3 4 3 4 1 2 1 2 3 4 3 4
          1 2 1 2 3 4 3 4 1 2 1 2 3 4 3 4
          1 2 1 2 3 4 3 4 1 2 1 2 3 4 3 4
          1 2 1 2 3 4 3 4 1 2 1 2 3 4 3 4
          1 2 1 2 3 4 3 4 1 2 1 2 3 4 3 4
          1 2 1 2 3 4 3 4 1 2 1 2 3 4 3 4
          1 2 1 2 3 4 3 4 1 2 1 2 3 4 3 4
          1 2 1 2 3 4 3 4 1 2 1 2 3 4 3 4
          1 2 1 2 3 4 3 4 1 2 1 2 3 4 3 4
          1 2 1 2 3 4 3 4 1 2 1 2 3 4 3 4
          1 2 1 2 3 4 3 4 1 2 1 2 3 4 3 4
          1 2 1 2 3 4 3 4 1 2 1 2 3 4 3 4
          1 2 1 2 3 4 3 4 1 2 1 2 3 4 3 4
          1 2 1 2 3 4 3 4 1 2 1 2 3 4 3 4
          1 2 1 2 3 4 3 4 1 2 1 2 3 4 3 4
          1 2 1 2 3 4 3 4 1 2 1 2 3 4 3 4
          1 2 1 2 3 4 3 4 1 2 1 2 3 4 3 4
          1 2 1 2 3 4 3 4 1 2 1 2 3 4 3 4
          1 2 1 2 3 4 3 4 1 2 1 2 3 4 3 4
          1 2 1 2 3 4 3 4 1 2 1 2 3 4 3 4
          1 2 1 2 3 4 3 4 1 2 1 2 3 4 3 4
          1 2 1 2 3 4 3 4 1 2 1 2 3 4 3 4
          1 2 1 2 3 4 3 4 1 2 1 2 3 4 3 4
          1 2 1 2 3 4 3 4 1 2 1 2 3 4 3 4
          1 2 1 2 3 4 3 4 1 2 1 2 3 4 3 4
          1 2 1 2 3 4 3 4 1 2 1 2 3 4 3 4
          1 2 1 2 3 4 3 4 1 2 1 2 3 4 3 4
          1 2 1 2 3 4 3 4 1 2 1 2 3 4 3 4
          1 2 1 2 3 4 3 4 1 2 1 2 3 4 3 4
          1 2 1 2 3 4 3 4 1 2 1 2 3 4 3 4
          1 2 1 2 3 4 3 4 1 2 1 2 3 4 3 4
          1 2 1 2 3 4 3 4 1 2 1 2 3 4 3 4
          1 2 1 2 3 4 3 4 1 2 1 2 3 4 3 4
          1 2 1 2 3 4 3 4 1 2 1 2 3 4 3 4
          1 2 1 2 3 4 3 4 1 2 1 2 3 4 3 4
          1 2 1 2 3 4 3 4 1 2 1 2 3 4 3 4
          1 2 1 2 3 4 3 4 1 2 1 2 3 4 3 4
          1 2 1 2 3 4 3 4 1 2 1 2 3 4 3 4
          1 2 1 2 3 4 3 4 1 2 1 2 3 4 3 4
          1 2 1 2 3 4 3 4 1 2 1 2 3 4 3 4
          1 2 1 2 3 4 3 4 1 2 1 2 3 4 3 4
          1 2 1 2 3 4 3 4 1 2 1 2 3 4 3 4
          1 2 1 2 3 4 3 4 1 2 1 2 3 4 3 4
          1 2 1 2 3 4 3 4 1 2 1 2 3 4 3 4
          1 2 1 2 3 4 3 4 1 2 1 2 3 4 3 4
          1 2 1 2 3 4 3 4 1 2 1 2 3 4 3 4
          1 2 1 2 3 4 3 4 1 2 1 2 3 4 3 4
          1 2 1 2 3 4 3 4 1 2 1 2 3 4 3 4
          1 2 1 2 3 4 3 4 1 2 1 2 3 4 3 4
          1 2 1 2 3 4 3 4 1 2 1 2 3 4 3 4
          1 2 1 2 3 4 3 4 1 2 1 2 3 4 3 4
          1 2 1 2 3 4 3 4 1 2 1 2 3 4 3 4
          1 2 1 2 3 4 3 4 1 2 1 2 3 4 3 4
          1 2 1 2 3 4 3 4 1 2 1 2 3 4 3 4
          1 2 1 2 3 4 3 4 1 2 1 2 3 4 3 4
          1 2 1 2 3 4 3 4 1 2 1 2 3 4 3 4
          1 2 1 2 3 4 3 4 1 2 1 2 3 4 3 4
          1 2 1 2 3 4 3 4 1 2 1 2 3 4 3 4
          1 2 1 2 3 4 3 4 1 2 1 2 3 4 3 4
          1 2 1 2 3 4 3 4 1 2 1 2 3 4 3 4
          1 2 1 2 3 4 3 4 1 2 1 2 3 4 3 4
          1 2 1 2 3 4 3 4 1 2 1 2 3 4 3 4
          1 2 1 2 3 4 3 4 1 2 1 2 3 4 3 4
          1 2 1 2 3 4 3 4 1 2 1 2 3 4 3 4
          2 4 2 4 2 4 2 4 2 4 2 4 2 4 2 4
          2 4 2 4 2 4 2 4 2 4 2 4 2 4 2 4
          2 4 2 4 2 4 2 4 2 4 2 4 2 4 2 4
          2 4 2 4 2 4 2 4 2 4 2 4 2 4 2 4
          2 4 2 4 2 4 2 4 2 4 2 4 2 4 2 4
          2 4 2 4 2 4 2 4 2 4 2 4 2 4 2 4
          2 4 2 4 2 4 2 4 2 4 2 4 2 4 2 4
          2 4 2 4 2 4 2 4 2 4 2 4 2 4 2 4
          2 4 2 4 2 4 2 4 2 4 2 4 2 4 2 4
          2 4 2 4 2 4 2 4 2 4 2 4 2 4 2 4
          2 4 2 4 2 4 2 4 2 4 2 4 2 4 2 4
          2 4 2 4 2 4 2 4 2 4 2 4 2 4 2 4
          2 4 2 4 2 4 2 4 2 4 2 4 2 4 2 4
          2 4 2 4 2 4 2 4 2 4 2 4 2 4 2 4
          2 4 2 4 2 4 2 4 2 4 2 4 2 4 2 4
          2 4 2 4 2 4 2 4 2 4 2 4 2 4 2 4
          2 4 2 4 2 4 2 4 2 4 2 4 2 4 2 4
          2 4 2 4 2 4 2 4 2 4 2 4 2 4 2 4
          2 4 2 4 2 4 2 4 2 4 2 4 2 4 2 4
          2 4 2 4 2 4 2 4 2 4 2 4 2 4 2 4
          2 4 2 4 2 4 2 4 2 4 2 4 2 4 2 4
          2 4 2 4 2 4 2 4 2 4 2 4 2 4 2 4
          2 4 2 4 2 4 2 4 2 4 2 4 2 4 2 4
          2 4 2 4 2 4 2 4 2 4 2 4 2 4 2 4
          2 4 2 4 2 4 2 4 2 4 2 4 2 4 2 4
          2 4 2 4 2 4 2 4 2 4 2 4 2 4 2 4
          2 4 2 4 2 4 2 4 2 4 2 4 2 4 2 4
          2 4 2 4 2 4 2 4 2 4 2 4 2 4 2 4
          2 4 2 4 2 4 2 4 2 4 2 4 2 4 2 4
          2 4 2 4 2 4 2 4 2 4 2 4 2 4 2 4
          2 4 2 4 2 4 2 4 2 4 2 4 2 4 2 4
          2 4 2 4 2 4 2 4 2 4 2 4 2 4 2 4
          2 4 2 4 2 4 2 4 2 4 2 4 2 4 2 4
          2 4 2 4 2 4 2 4 2 4 2 4 2 4 2 4
          2 4 2 4 2 4 2 4 2 4 2 4 2 4 2 4
          2 4 2 4 2 4 2 4 2 4 2 4 2 4 2 4
          2 4 2 4 2 4 2 4 2 4 2 4 2 4 2 4
          2 4 2 4 2 4 2 4 2 4 2 4 2 4 2 4
          2 4 2 4 2 4 2 4 2 4 2 4 2 4 2 4
          2 4 2 4 2 4 2 4 2 4 2 4 2 4 2 4
          2 4 2 4 2 4 2 4 2 4 2 4 2 4 2 4
          2 4 2 4 2 4 2 4 2 4 2 4 2 4 2 4
          2 4 2 4 2 4 2 4 2 4 2 4 2 4 2 4
          2 4 2 4 2 4 2 4 2 4 2 4 2 4 2 4
          2 4 2 4 2 4 2 4 2 4 2 4 2 4 2 4
          2 4 2 4 2 4 2 4 2 4 2 4 2 4 2 4
          2 4 2 4 2 4 2 4 2 4 2 4 2 4 2 4
          2 4 2 4 2 4 2 4 2 4 2 4 2 4 2 4
          2 4 2 4 2 4 2 4 2 4 2 4 2 4 2 4
          2 4 2 4 2 4 2 4 2 4 2 4 2 4 2 4
          3 4 3 4 1 3 1 3 1 3 1 3 1 3 1 3
          1 3 1 3 1 3 1 3 1 3 1 3 1 3 1 3
          1 3 1 3 1 3 1 3 1 3 1 3 1 3 1 3
          1 3 1 3 1 3 1 3 1 3 1 3 1 3 1 3
          1 3 1 3 1 3 1 3 1 3 1 3 1 3 1 3
          1 3 1 3 1 3 1 3 1 3 1 3 1 3 1 3
          1 3 1 3 1 3 1 3 1 3 1 3 1 3 1 3
          1 3 1 3 1 3 1 3 1 3 1 3 1 3 1 3
          1 3 1 3 1 3 1 3 1 3 1 3 1 3 1 3
          1 3 1 3 1 3 1 3 1 3 1 3 1 3 1 3
          1 3 1 3 1 3 1 3 1 3 1 3 1 3 1 3
          1 3 1 3 1 3 1 3 1 3 1 3 1 3 1 3
          1 3 1 3 1 3 1 3 1 3 1 3 1 3 1 3
          1 3 1 3 1 3 1 3 1 3 1 3 1 3 1 3
          1 3 1 3 1 3 1 3 1 3 1 3 1 3 1 3
          1 3 1 3 1 3 1 3 1 3 1 3 1 3 1 3
          1 3 1 3 1 3 1 3 1 3 1 3 1 3 1 3
          1 3 1 3 1 3 1 3 1 3 1 3 1 3 1 3
          1 3 1 3 1 3 1 3 1 3 1 3 1 3 1 3
          1 3 1 3 1 3 1 3 1 3 1 3 1 3 1 3
          1 3 1 3 1 3 1 3 1 3 1 3 1 3 1 3
          1 3 1 3 1 3 1 3 1 3 1 3 1 3 1 3
          1 3 1 3 1 3 1 3 1 3 1 3 1 3 1 3
          1 3 1 3 1 3 1 3 1 3 1 3 1 3 1 3
          1 3 1 3 1 3 1 3 1 3 1 3 1 3 1 3
          1 3 1 3 1 3 1 3 1 3 1 3 1 3 1 3
          1 3 1 3 1 3 1 3 1 3 1 3 1 3 1 3
          1 3 1 3 1 3 1 3 1 3 1 3 1 3 1 3
          1 3 1 3 1 3 1 3 1 3 1 3 1 3 1 3
          1 3 1 3 1 3 1 3 1 3 1 3 1 3 1 3
          1 3 1 3 1 3 1 3 1 3 1 3 1 3 1 3
          1 3 1 3 1 3 1 3 1 3 1 3 1 3 1 3
          1 3 1 3 1 3 1 3 1 3 1 3 1 3 1 3
          1 3 1 3 1 3 1 3 1 3 1 3 1 3 1 3
          1 3 1 3 1 3 1 3 1 3 1 3 1 3 1 3
          1 3 1 3 1 3 1 3 1 3 1 3 1 3 1 3
          1 3 1 3 1 3 1 3 1 3 1 3 1 3 1 3
          1 3 1 3 1 3 1 3 1 3 1 3 1 3 1 3
          1 3 1 3 1 3 1 3 1 3 1 3 1 3 1 3
          1 3 1 3 1 3 1 3 1 3 1 3 1 3 1 3
          1 3 1 3 1 3 1 3 1 3 1 3 1 3 1 3
          1 3 1 3 1 3 1 3 1 3 1 3 1 3 1 3
          1 3 1 3 1 3 1 3 1 3 1 3 1 3 1 3
          1 3 1 3 1 3 1 3 1 3 1 3 1 3 1 3
          1 3 1 3 1 3 1 3 1 3 1 3 1 3 1 3
          1 3 1 3 1 3 1 3 1 3 1 3 1 3 1 3
          1 3 1 3 1 3 1 3 1 3 1 3 1 3 1 3
          1 3 1 3 1 3 1 3 1 3 1 3 1 3 1 3
          1 3 1 3 1 3 1 3 1 3 1 3 1 3 1 3
          1 3 1 3 1 3 1 3 1 3 1 3 1 3 1 3
          1 3 1 3 1 2 1 2
        </DataArray>
      </CellData>
      <Points>
        <DataArray type="Float64" Name="Points" NumberOfComponents="3" format="ascii">
          0 0 0 0.001 0 0 0.002 0 0 0.0030000000000000001 0 0 0.0040000000000000001 0 0 0
          0 0.00025000000000000001 0.001 0 0.00025000000000000001 0.002 0 0.00025000000000000001 0.0030000000000000001 0 0.00025000000000000001 0.0040000000000000001 0 0.00025000000000000001 0 0
          0.00050000000000000001 0.001 0 0.00050000000000000001 0.002 0 0.00050000000000000001 0.0030000000000000001 0 0.00050000000000000001 0.0040000000000000001 0 0.00050000000000000001 0 0 0.00075000000000000012
          0.001 0 0.00075000000000000012 0.002 0 0.00075000000000000012 0.0030000000000000001 0 0.00075000000000000012 0.0040000000000000001 0 0.00075000000000000012 0 0 0.001 0.001
          0 0.001 0.002 0 0.001 0.0030000000000000001 0 0.001 0.0040000000000000001 0 0.001 0 0 0.00125 0.001 0
          0.00125 0.002 0 0.00125 0.0030000000000000001 0 0.00125 0.0040000000000000001 0 0.00125 0 0 0.0015000000000000002 0.001 0 0.0015000000000000002
          0.002 0 0.0015000000000000002 0.0030000000000000001 0 0.0015000000000000002 0.0040000000000000001 0 0.0015000000000000002 0 0 0.0017500000000000003 0.001 0 0.0017500000000000003 0.002
          0 0.0017500000000000003 0.0030000000000000001 0 0.0017500000000000003 0.0040000000000000001 0 0.0017500000000000003 0 0 0.002 0.001 0 0.002 0.002 0
          0.002 0.0030000000000000001 0 0.002 0.0040000000000000001 0 0.002 0 0 0.0022500000000000003 0.001 0 0.0022500000000000003 0.002 0 0.0022500000000000003
          0.0030000000000000001 0 0.0022500000000000003 0.0040000000000000001 0 0.0022500000000000003 0 0 0.0025000000000000001 0.001 0 0.0025000000000000001 0.002 0 0.0025000000000000001 0.0030000000000000001
          0 0.0025000000000000001 0.0040000000000000001 0 0.0025000000000000001 0 0 0.0027500000000000003 0.001 0 0.0027500000000000003 0.002 0 0.0027500000000000003 0.0030000000000000001 0
          0.0027500000000000003 0.0040000000000000001 0 0.0027500000000000003 0 0 0.0030000000000000005 0.001 0 0.0030000000000000005 0.002 0 0.0030000000000000005 0.0030000000000000001 0 0.0030000000000000005
          0.0040000000000000001 0 0.0030000000000000005 0 0 0.0032500000000000003 0.001 0 0.0032500000000000003 0.002 0 0.0032500000000000003 0.0030000000000000001 0 0.0032500000000000003 0.0040000000000000001
          0 0.0032500000000000003 0 0 0.0035000000000000005 0.001 0 0.0035000000000000005 0.002 0 0.0035000000000000005 0.0030000000000000001 0 0.0035000000000000005 0.0040000000000000001 0
          0.0035000000000000005 0 0 0.0037499999999999999 0.001 0 0.0037499999999999999 0.002 0 0.0037499999999999999 0.0030000000000000001 0 0.0037499999999999999 0.0040000000000000001 0 0.0037499999999999999
          0 0 0.0040000000000000001 0.001 0 0.0040000000000000001 0.002 0 0.0040000000000000001 0.0030000000000000001 0 0.0040000000000000001 0.0040000000000000001 0 0.0040000000000000001 0
          0 0.0042500000000000003 0.001 0 0.0042500000000000003 0.002 0 0.0042500000000000003 0.0030000000000000001 0 0.0042500000000000003 0.0040000000000000001 0 0.0042500000000000003 0 0
          0.0045000000000000005 0.001 0 0.0045000000000000005 0.002 0 0.0045000000000000005 0.0030000000000000001 0 0.0045000000000000005 0.0040000000000000001 0 0.0045000000000000005 0 0 0.0047500000000000007
          0.001 0 0.0047500000000000007 0.002 0 0.0047500000000000007 0.0030000000000000001 0 0.0047500000000000007 0.0040000000000000001 0 0.0047500000000000007 0 0 0.0050000000000000001 0.001
          0 0.0050000000000000001 0.002 0 0.0050000000000000001 0.0030000000000000001 0 0.0050000000000000001 0.0040000000000000001 0 0.0050000000000000001 0 0 0.0052500000000000003 0.001 0
          0.0052500000000000003 0.002 0 0.0052500000000000003 0.0030000000000000001 0 0.0052500000000000003 0.0040000000000000001 0 0.0052500000000000003 0 0 0.0055000000000000005 0.001 0 0.0055000000000000005
          0.002 0 0.0055000000000000005 0.0030000000000000001 0 0.0055000000000000005 0.0040000000000000001 0 0.0055000000000000005 0 0 0.0057500000000000008 0.001 0 0.0057500000000000008 0.002
          0 0.0057500000000000008 0.0030000000000000001 0 0.0057500000000000008 0.0040000000000000001 0 0.0057500000000000008 0 0 0.006000000000000001 0.001 0 0.006000000000000001 0.002 0
          0.006000000000000001 0.0030000000000000001 0 0.006000000000000001 0.0040000000000000001 0 0.006000000000000001 0 0 0.0062500000000000003 0.001 0 0.0062500000000000003 0.002 0 0.0062500000000000003
          0.0030000000000000001 0 0.0062500000000000003 0.0040000000000000001 0 0.0062500000000000003 0 0 0.0065000000000000006 0.001 0 0.0065000000000000006 0.002 0 0.0065000000000000006 0.0030000000000000001
          0 0.0065000000000000006 0.0040000000000000001 0 0.0065000000000000006 0 0 0.0067500000000000008 0.001 0 0.0067500000000000008 0.002 0 0.0067500000000000008 0.0030000000000000001 0
          0.0067500000000000008 0.0040000000000000001 0 0.0067500000000000008 0 0 0.007000000000000001 0.001 0 0.007000000000000001 0.002 0 0.007000000000000001 0.0030000000000000001 0 0.007000000000000001
          0.0040000000000000001 0 0.007000000000000001 0 0 0.0072500000000000012 0.001 0 0.0072500000000000012 0.002 0 0.0072500000000000012 0.0030000000000000001 0 0.0072500000000000012 0.0040000000000000001
          0 0.0072500000000000012 0 0 0.0074999999999999997 0.001 0 0.0074999999999999997 0.002 0 0.0074999999999999997 0.0030000000000000001 0 0.0074999999999999997 0.0040000000000000001 0
          0.0074999999999999997 0 0 0.0077499999999999999 0.001 0 0.0077499999999999999 0.002 0 0.0077499999999999999 0.0030000000000000001 0 0.0077499999999999999 0.0040000000000000001 0 0.0077499999999999999
          0 0 0.0080000000000000002 0.001 0 0.0080000000000000002 0.002 0 0.0080000000000000002 0.0030000000000000001 0 0.0080000000000000002 0.0040000000000000001 0 0.0080000000000000002 0
          0 0.0082500000000000004 0.001 0 0.0082500000000000004 0.002 0 0.0082500000000000004 0.0030000000000000001 0 0.0082500000000000004 0.0040000000000000001 0 0.0082500000000000004 0 0
          0.0085000000000000006 0.001 0 0.0085000000000000006 0.002 0 0.0085000000000000006 0.0030000000000000001 0 0.0085000000000000006 0.0040000000000000001 0 0.0085000000000000006 0 0 0.0087500000000000008
          0.001 0 0.0087500000000000008 0.002 0 0.0087500000000000008 0.0030000000000000001 0 0.0087500000000000008 0.0040000000000000001 0 0.0087500000000000008 0 0 0.0090000000000000011 0.001
          0 0.0090000000000000011 0.002 0 0.0090000000000000011 0.0030000000000000001 0 0.0090000000000000011 0.0040000000000000001 0 0.0090000000000000011 0 0 0.0092500000000000013 0.001 0
          0.0092500000000000013 0.002 0 0.0092500000000000013 0.0030000000000000001 0 0.0092500000000000013 0.0040000000000000001 0 0.0092500000000000013 0 0 0.0095000000000000015 0.001 0 0.0095000000000000015
          0.002 0 0.0095000000000000015 0.0030000000000000001 0 0.0095000000000000015 0.0040000000000000001 0 0.0095000000000000015 0 0 0.0097500000000000017 0.001 0 0.0097500000000000017 0.002
          0 0.0097500000000000017 0.0030000000000000001 0 0.0097500000000000017 0.0040000000000000001 0 0.0097500000000000017 0 0 0.01 0.001 0 0.01 0.002 0
          0.01 0.0030000000000000001 0 0.01 0.0040000000000000001 0 0.01 0 0 0.010250000000000002 0.001 0 0.010250000000000002 0.002 0 0.010250000000000002
          0.0030000000000000001 0 0.010250000000000002 0.0040000000000000001 0 0.010250000000000002 0 0 0.010500000000000001 0.001 0 0.010500000000000001 0.002 0 0.010500000000000001 0.0030000000000000001
          0 0.010500000000000001 0.0040000000000000001 0 0.010500000000000001 0 0 0.010749999999999999 0.001 0 0.010749999999999999 0.002 0 0.010749999999999999 0.0030000000000000001 0
          0.010749999999999999 0.0040000000000000001 0 0.010749999999999999 0 0 0.011000000000000001 0.001 0 0.011000000000000001 0.002 0 0.011000000000000001 0.0030000000000000001 0 0.011000000000000001
          0.0040000000000000001 0 0.011000000000000001 0 0 0.01125 0.001 0 0.01125 0.002 0 0.01125 0.0030000000000000001 0 0.01125 0.0040000000000000001
          0 0.01125 0 0 0.011500000000000002 0.001 0 0.011500000000000002 0.002 0 0.011500000000000002 0.0030000000000000001 0 0.011500000000000002 0.0040000000000000001 0
          0.011500000000000002 0 0 0.01175 0.001 0 0.01175 0.002 0 0.01175 0.0030000000000000001 0 0.01175 0.0040000000000000001 0 0.01175
          0 0 0.012000000000000002 0.001 0 0.012000000000000002 0.002 0 0.012000000000000002 0.0030000000000000001 0 0.012000000000000002 0.0040000000000000001 0 0.012000000000000002 0
          0 0.01225 0.001 0 0.01225 0.002 0 0.01225 0.0030000000000000001 0 0.01225 0.0040000000000000001 0 0.01225 0 0
          0.012500000000000001 0.001 0 0.012500000000000001 0.002 0 0.012500000000000001 0.0030000000000000001 0 0.012500000000000001 0.0040000000000000001 0 0.012500000000000001 0 0 0.012750000000000001
          0.001 0 0.012750000000000001 0.002 0 0.012750000000000001 0.0030000000000000001 0 0.012750000000000001 0.0040000000000000001 0 0.012750000000000001 0 0 0.013000000000000001 0.001
          0 0.013000000000000001 0.002 0 0.013000000000000001 0.0030000000000000001 0 0.013000000000000001 0.0040000000000000001 0 0.013000000000000001 0 0 0.013250000000000001 0.001 0
          0.013250000000000001 0.002 0 0.013250000000000001 0.0030000000000000001 0 0.013250000000000001 0.0040000000000000001 0 0.013250000000000001 0 0 0.013500000000000002 0.001 0 0.013500000000000002
          0.002 0 0.013500000000000002 0.0030000000000000001 0 0.013500000000000002 0.0040000000000000001 0 0.013500000000000002 0 0 0.01375 0.001 0 0.01375 0.002
          0 0.01375 0.0030000000000000001 0 0.01375 0.0040000000000000001 0 0.01375 0 0 0.014000000000000002 0.001 0 0.014000000000000002 0.002 0
          0.014000000000000002 0.0030000000000000001 0 0.014000000000000002 0.0040000000000000001 0 0.014000000000000002 0 0 0.014250000000000001 0.001 0 0.014250000000000001 0.002 0 0.014250000000000001
          0.0030000000000000001 0 0.014250000000000001 0.0040000000000000001 0 0.014250000000000001 0 0 0.014500000000000002 0.001 0 0.014500000000000002 0.002 0 0.014500000000000002 0.0030000000000000001
          0 0.014500000000000002 0.0040000000000000001 0 0.014500000000000002 0 0 0.014750000000000001 0.001 0 0.014750000000000001 0.002 0 0.014750000000000001 0.0030000000000000001 0
          0.014750000000000001 0.0040000000000000001 0 0.014750000000000001 0 0 0.014999999999999999 0.001 0 0.014999999999999999 0.002 0 0.014999999999999999 0.0030000000000000001 0 0.014999999999999999
          0.0040000000000000001 0 0.014999999999999999 0 0 0.015250000000000001 0.001 0 0.015250000000000001 0.002 0 0.015250000000000001 0.0030000000000000001 0 0.015250000000000001 0.0040000000000000001
          0 0.015250000000000001 0 0 0.0155 0.001 0 0.0155 0.002 0 0.0155 0.0030000000000000001 0 0.0155 0.0040000000000000001 0
          0.0155 0 0 0.01575 0.001 0 0.01575 0.002 0 0.01575 0.0030000000000000001 0 0.01575 0.0040000000000000001 0 0.01575
          0 0 0.016 0.001 0 0.016 0.002 0 0.016 0.0030000000000000001 0 0.016 0.0040000000000000001 0 0.016 0
          0 0.016250000000000001 0.001 0 0.016250000000000001 0.002 0 0.016250000000000001 0.0030000000000000001 0 0.016250000000000001 0.0040000000000000001 0 0.016250000000000001 0 0
          0.016500000000000001 0.001 0 0.016500000000000001 0.002 0 0.016500000000000001 0.0030000000000000001 0 0.016500000000000001 0.0040000000000000001 0 0.016500000000000001 0 0 0.016750000000000001
          0.001 0 0.016750000000000001 0.002 0 0.016750000000000001 0.0030000000000000001 0 0.016750000000000001 0.0040000000000000001 0 0.016750000000000001 0 0 0.017000000000000001 0.001
          0 0.017000000000000001 0.002 0 0.017000000000000001 0.0030000000000000001 0 0.017000000000000001 0.0040000000000000001 0 0.017000000000000001 0 0 0.017250000000000001 0.001 0
          0.017250000000000001 0.002 0 0.017250000000000001 0.0030000000000000001 0 0.017250000000000001 0.0040000000000000001 0 0.017250000000000001 0 0 0.017500000000000002 0.001 0 0.017500000000000002
          0.002 0 0.017500000000000002 0.0030000000000000001 0 0.017500000000000002 0.0040000000000000001 0 0.017500000000000002 0 0 0.017750000000000002 0.001 0 0.017750000000000002 0.002
          0 0.017750000000000002 0.0030000000000000001 0 0.017750000000000002 0.0040000000000000001 0 0.017750000000000002 0 0 0.018000000000000002 0.001 0 0.018000000000000002 0.002 0
          0.018000000000000002 0.0030000000000000001 0 0.018000000000000002 0.0040000000000000001 0 0.018000000000000002 0 0 0.018250000000000002 0.001 0 0.018250000000000002 0.002 0 0.018250000000000002
          0.0030000000000000001 0 0.018250000000000002 0.0040000000000000001 0 0.018250000000000002 0 0 0.018500000000000003 0.001 0 0.018500000000000003 0.002 0 0.018500000000000003 0.0030000000000000001
          0 0.018500000000000003 0.0040000000000000001 0 0.018500000000000003 0 0 0.018749999999999999 0.001 0 0.018749999999999999 0.002 0 0.018749999999999999 0.0030000000000000001 0
          0.018749999999999999 0.0040000000000000001 0 0.018749999999999999 0 0 0.019000000000000003 0.001 0 0.019000000000000003 0.002 0 0.019000000000000003 0.0030000000000000001 0 0.019000000000000003
          0.0040000000000000001 0 0.019000000000000003 0 0 0.01925 0.001 0 0.01925 0.002 0 0.01925 0.0030000000000000001 0 0.01925 0.0040000000000000001
          0 0.01925 0 0 0.019500000000000003 0.001 0 0.019500000000000003 0.002 0 0.019500000000000003 0.0030000000000000001 0 0.019500000000000003 0.0040000000000000001 0
          0.019500000000000003 0 0 0.01975 0.001 0 0.01975 0.002 0 0.01975 0.0030000000000000001 0 0.01975 0.0040000000000000001 0 0.01975
          0 0 0.02 0.001 0 0.02 0.002 0 0.02 0.0030000000000000001 0 0.02 0.0040000000000000001 0 0.02 0
          0 0.020250000000000001 0.001 0 0.020250000000000001 0.002 0 0.020250000000000001 0.0030000000000000001 0 0.020250000000000001 0.0040000000000000001 0 0.020250000000000001 0 0
          0.020500000000000004 0.001 0 0.020500000000000004 0.002 0 0.020500000000000004 0.0030000000000000001 0 0.020500000000000004 0.0040000000000000001 0 0.020500000000000004 0 0 0.020750000000000001
          0.001 0 0.020750000000000001 0.002 0 0.020750000000000001 0.0030000000000000001 0 0.020750000000000001 0.0040000000000000001 0 0.020750000000000001 0 0 0.021000000000000001 0.001
          0 0.021000000000000001 0.002 0 0.021000000000000001 0.0030000000000000001 0 0.021000000000000001 0.0040000000000000001 0 0.021000000000000001 0 0 0.021250000000000002 0.001 0
          0.021250000000000002 0.002 0 0.021250000000000002 0.0030000000000000001 0 0.021250000000000002 0.0040000000000000001 0 0.021250000000000002 0 0 0.021499999999999998 0.001 0 0.021499999999999998
          0.002 0 0.021499999999999998 0.0030000000000000001 0 0.021499999999999998 0.0040000000000000001 0 0.021499999999999998 0 0 0.021750000000000002 0.001 0 0.021750000000000002 0.002
          0 0.021750000000000002 0.0030000000000000001 0 0.021750000000000002 0.0040000000000000001 0 0.021750000000000002 0 0 0.022000000000000002 0.001 0 0.022000000000000002 0.002 0
          0.022000000000000002 0.0030000000000000001 0 0.022000000000000002 0.0040000000000000001 0 0.022000000000000002 0 0 0.022250000000000002 0.001 0 0.022250000000000002 0.002 0 0.022250000000000002
          0.0030000000000000001 0 0.022250000000000002 0.0040000000000000001 0 0.022250000000000002 0 0 0.022499999999999999 0.001 0 0.022499999999999999 0.002 0 0.022499999999999999 0.0030000000000000001
          0 0.022499999999999999 0.0040000000000000001 0 0.022499999999999999 0 0 0.022749999999999999 0.001 0 0.022749999999999999 0.002 0 0.022749999999999999 0.0030000000000000001 0
          0.022749999999999999 0.0040000000000000001 0 0.022749999999999999 0 0 0.023000000000000003 0.001 0 0.023000000000000003 0.002 0 0.023000000000000003 0.0030000000000000001 0 0.023000000000000003
          0.0040000000000000001 0 0.023000000000000003 0 0 0.023250000000000003 0.001 0 0.023250000000000003 0.002 0 0.023250000000000003 0.0030000000000000001 0 0.023250000000000003 0.0040000000000000001
          0 0.023250000000000003 0 0 0.0235 0.001 0 0.0235 0.002 0 0.0235 0.0030000000000000001 0 0.0235 0.0040000000000000001 0
          0.0235 0 0 0.02375 0.001 0 0.02375 0.002 0 0.02375 0.0030000000000000001 0 0.02375 0.0040000000000000001 0 0.02375
          0 0 0.024000000000000004 0.001 0 0.024000000000000004 0.002 0 0.024000000000000004 0.0030000000000000001 0 0.024000000000000004 0.0040000000000000001 0 0.024000000000000004 0
          0 0.024250000000000004 0.001 0 0.024250000000000004 0.002 0 0.024250000000000004 0.0030000000000000001 0 0.024250000000000004 0.0040000000000000001 0 0.024250000000000004 0 0
          0.024500000000000001 0.001 0 0.024500000000000001 0.002 0 0.024500000000000001 0.0030000000000000001 0 0.024500000000000001 0.0040000000000000001 0 0.024500000000000001 0 0 0.024750000000000001
          0.001 0 0.024750000000000001 0.002 0 0.024750000000000001 0.0030000000000000001 0 0.024750000000000001 0.0040000000000000001 0 0.024750000000000001 0 0 0.025000000000000001 0.001
          0 0.025000000000000001 0.002 0 0.025000000000000001 0.0030000000000000001 0 0.025000000000000001 0.0040000000000000001 0 0.025000000000000001 0 0 0.025250000000000005 0.001 0
          0.025250000000000005 0.002 0 0.025250000000000005 0.0030000000000000001 0 0.025250000000000005 0.0040000000000000001 0 0.025250000000000005 0 0 0.025500000000000002 0.001 0 0.025500000000000002
          0.002 0 0.025500000000000002 0.0030000000000000001 0 0.025500000000000002 0.0040000000000000001 0 0.025500000000000002 0 0 0.025750000000000002 0.001 0 0.025750000000000002 0.002
          0 0.025750000000000002 0.0030000000000000001 0 0.025750000000000002 0.0040000000000000001 0 0.025750000000000002 0 0 0.026000000000000002 0.001 0 0.026000000000000002 0.002 0
          0.026000000000000002 0.0030000000000000001 0 0.026000000000000002 0.0040000000000000001 0 0.026000000000000002 0 0 0.026249999999999999 0.001 0 0.026249999999999999 0.002 0 0.026249999999999999
          0.0030000000000000001 0 0.026249999999999999 0.0040000000000000001 0 0.026249999999999999 0 0 0.026500000000000003 0.001 0 0.026500000000000003 0.002 0 0.026500000000000003 0.0030000000000000001
          0 0.026500000000000003 0.0040000000000000001 0 0.026500000000000003 0 0 0.026750000000000003 0.001 0 0.026750000000000003 0.002 0 0.026750000000000003 0.0030000000000000001 0
          0.026750000000000003 0.0040000000000000001 0 0.026750000000000003 0 0 0.027000000000000003 0.001 0 0.027000000000000003 0.002 0 0.027000000000000003 0.0030000000000000001 0 0.027000000000000003
          0.0040000000000000001 0 0.027000000000000003 0 0 0.02725 0.001 0 0.02725 0.002 0 0.02725 0.0030000000000000001 0 0.02725 0.0040000000000000001
          0 0.02725 0 0 0.0275 0.001 0 0.0275 0.002 0 0.0275 0.0030000000000000001 0 0.0275 0.0040000000000000001 0
          0.0275 0 0 0.027750000000000004 0.001 0 0.027750000000000004 0.002 0 0.027750000000000004 0.0030000000000000001 0 0.027750000000000004 0.0040000000000000001 0 0.027750000000000004
          0 0 0.028000000000000004 0.001 0 0.028000000000000004 0.002 0 0.028000000000000004 0.0030000000000000001 0 0.028000000000000004 0.0040000000000000001 0 0.028000000000000004 0
          0 0.028250000000000001 0.001 0 0.028250000000000001 0.002 0 0.028250000000000001 0.0030000000000000001 0 0.028250000000000001 0.0040000000000000001 0 0.028250000000000001 0 0
          0.028500000000000001 0.001 0 0.028500000000000001 0.002 0 0.028500000000000001 0.0030000000000000001 0 0.028500000000000001 0.0040000000000000001 0 0.028500000000000001 0 0 0.028750000000000001
          0.001 0 0.028750000000000001 0.002 0 0.028750000000000001 0.0030000000000000001 0 0.028750000000000001 0.0040000000000000001 0 0.028750000000000001 0 0 0.029000000000000005 0.001
          0 0.029000000000000005 0.002 0 0.029000000000000005 0.0030000000000000001 0 0.029000000000000005 0.0040000000000000001 0 0.029000000000000005 0 0 0.029250000000000002 0.001 0
          0.029250000000000002 0.002 0 0.029250000000000002 0.0030000000000000001 0 0.029250000000000002 0.0040000000000000001 0 0.029250000000000002 0 0 0.029500000000000002 0.001 0 0.029500000000000002
          0.002 0 0.029500000000000002 0.0030000000000000001 0 0.029500000000000002 0.0040000000000000001 0 0.029500000000000002 0 0 0.029750000000000002 0.001 0 0.029750000000000002 0.002
          0 0.029750000000000002 0.0030000000000000001 0 0.029750000000000002 0.0040000000000000001 0 0.029750000000000002 0 0 0.029999999999999999 0.001 0 0.029999999999999999 0.002 0
          0.029999999999999999 0.0030000000000000001 0 0.029999999999999999 0.0040000000000000001 0 0.029999999999999999 0 0 0.030250000000000003 0.001 0 0.030250000000000003 0.002 0 0.030250000000000003
          0.0030000000000000001 0 0.030250000000000003 0.0040000000000000001 0 0.030250000000000003 0 0 0.030500000000000003 0.001 0 0.030500000000000003 0.002 0 0.030500000000000003 0.0030000000000000001
          0 0.030500000000000003 0.0040000000000000001 0 0.030500000000000003 0 0 0.030750000000000003 0.001 0 0.030750000000000003 0.002 0 0.030750000000000003 0.0030000000000000001 0
          0.030750000000000003 0.0040000000000000001 0 0.030750000000000003 0 0 0.031 0.001 0 0.031 0.002 0 0.031 0.0030000000000000001 0 0.031
          0.0040000000000000001 0 0.031 0 0 0.03125 0.001 0 0.03125 0.002 0 0.03125 0.0030000000000000001 0 0.03125 0.0040000000000000001
          0 0.03125 0 0 0.0315 0.001 0 0.0315 0.002 0 0.0315 0.0030000000000000001 0 0.0315 0.0040000000000000001 0
          0.0315 0 0 0.03175 0.001 0 0.03175 0.002 0 0.03175 0.0030000000000000001 0 0.03175 0.0040000000000000001 0 0.03175
          0 0 0.032000000000000001 0.001 0 0.032000000000000001 0.002 0 0.032000000000000001 0.0030000000000000001 0 0.032000000000000001 0.0040000000000000001 0 0.032000000000000001 0
          0 0.032250000000000001 0.001 0 0.032250000000000001 0.002 0 0.032250000000000001 0.0030000000000000001 0 0.032250000000000001 0.0040000000000000001 0 0.032250000000000001 0 0
          0.032500000000000001 0.001 0 0.032500000000000001 0.002 0 0.032500000000000001 0.0030000000000000001 0 0.032500000000000001 0.0040000000000000001 0 0.032500000000000001 0 0 0.032750000000000001
          0.001 0 0.032750000000000001 0.002 0 0.032750000000000001 0.0030000000000000001 0 0.032750000000000001 0.0040000000000000001 0 0.032750000000000001 0 0 0.033000000000000002 0.001
          0 0.033000000000000002 0.002 0 0.033000000000000002 0.0030000000000000001 0 0.033000000000000002 0.0040000000000000001 0 0.033000000000000002 0 0 0.033250000000000002 0.001 0
          0.033250000000000002 0.002 0 0.033250000000000002 0.0030000000000000001 0 0.033250000000000002 0.0040000000000000001 0 0.033250000000000002 0 0 0.033500000000000002 0.001 0 0.033500000000000002
          0.002 0 0.033500000000000002 0.0030000000000000001 0 0.033500000000000002 0.0040000000000000001 0 0.033500000000000002 0 0 0.033750000000000002 0.001 0 0.033750000000000002 0.002
          0 0.033750000000000002 0.0030000000000000001 0 0.033750000000000002 0.0040000000000000001 0 0.033750000000000002 0 0 0.034000000000000002 0.001 0 0.034000000000000002 0.002 0
          0.034000000000000002 0.0030000000000000001 0 0.034000000000000002 0.0040000000000000001 0 0.034000000000000002 0 0 0.034250000000000003 0.001 0 0.034250000000000003 0.002 0 0.034250000000000003
          0.0030000000000000001 0 0.034250000000000003 0.0040000000000000001 0 0.034250000000000003 0 0 0.034500000000000003 0.001 0 0.034500000000000003 0.002 0 0.034500000000000003 0.0030000000000000001
          0 0.034500000000000003 0.0040000000000000001 0 0.034500000000000003 0 0 0.034750000000000003 0.001 0 0.034750000000000003 0.002 0 0.034750000000000003 0.0030000000000000001 0
          0.034750000000000003 0.0040000000000000001 0 0.034750000000000003 0 0 0.035000000000000003 0.001 0 0.035000000000000003 0.002 0 0.035000000000000003 0.0030000000000000001 0 0.035000000000000003
          0.0040000000000000001 0 0.035000000000000003 0 0 0.035250000000000004 0.001 0 0.035250000000000004 0.002 0 0.035250000000000004 0.0030000000000000001 0 0.035250000000000004 0.0040000000000000001
          0 0.035250000000000004 0 0 0.035500000000000004 0.001 0 0.035500000000000004 0.002 0 0.035500000000000004 0.0030000000000000001 0 0.035500000000000004 0.0040000000000000001 0
          0.035500000000000004 0 0 0.035750000000000004 0.001 0 0.035750000000000004 0.002 0 0.035750000000000004 0.0030000000000000001 0 0.035750000000000004 0.0040000000000000001 0 0.035750000000000004
          0 0 0.036000000000000004 0.001 0 0.036000000000000004 0.002 0 0.036000000000000004 0.0030000000000000001 0 0.036000000000000004 0.0040000000000000001 0 0.036000000000000004 0
          0 0.036249999999999998 0.001 0 0.036249999999999998 0.002 0 0.036249999999999998 0.0030000000000000001 0 0.036249999999999998 0.0040000000000000001 0 0.036249999999999998 0 0
          0.036500000000000005 0.001 0 0.036500000000000005 0.002 0 0.036500000000000005 0.0030000000000000001 0 0.036500000000000005 0.0040000000000000001 0 0.036500000000000005 0 0 0.036750000000000005
          0.001 0 0.036750000000000005 0.002 0 0.036750000000000005 0.0030000000000000001 0 0.036750000000000005 0.0040000000000000001 0 0.036750000000000005 0 0 0.037000000000000005 0.001
          0 0.037000000000000005 0.002 0 0.037000000000000005 0.0030000000000000001 0 0.037000000000000005 0.0040000000000000001 0 0.037000000000000005 0 0 0.037249999999999998 0.001 0
          0.037249999999999998 0.002 0 0.037249999999999998 0.0030000000000000001 0 0.037249999999999998 0.0040000000000000001 0 0.037249999999999998 0 0 0.037499999999999999 0.001 0 0.037499999999999999
          0.002 0 0.037499999999999999 0.0030000000000000001 0 0.037499999999999999 0.0040000000000000001 0 0.037499999999999999 0 0 0.037750000000000006 0.001 0 0.037750000000000006 0.002
          0 0.037750000000000006 0.0030000000000000001 0 0.037750000000000006 0.0040000000000000001 0 0.037750000000000006 0 0 0.038000000000000006 0.001 0 0.038000000000000006 0.002 0
          0.038000000000000006 0.0030000000000000001 0 0.038000000000000006 0.0040000000000000001 0 0.038000000000000006 0 0 0.038249999999999999 0.001 0 0.038249999999999999 0.002 0 0.038249999999999999
          0.0030000000000000001 0 0.038249999999999999 0.0040000000000000001 0 0.038249999999999999 0 0 0.0385 0.001 0 0.0385 0.002 0 0.0385 0.0030000000000000001
          0 0.0385 0.0040000000000000001 0 0.0385 0 0 0.03875 0.001 0 0.03875 0.002 0 0.03875 0.0030000000000000001 0
          0.03875 0.0040000000000000001 0 0.03875 0 0 0.039000000000000007 0.001 0 0.039000000000000007 0.002 0 0.039000000000000007 0.0030000000000000001 0 0.039000000000000007
          0.0040000000000000001 0 0.039000000000000007 0 0 0.03925 0.001 0 0.03925 0.002 0 0.03925 0.0030000000000000001 0 0.03925 0.0040000000000000001
          0 0.03925 0 0 0.0395 0.001 0 0.0395 0.002 0 0.0395 0.0030000000000000001 0 0.0395 0.0040000000000000001 0
          0.0395 0 0 0.039750000000000001 0.001 0 0.039750000000000001 0.002 0 0.039750000000000001 0.0030000000000000001 0 0.039750000000000001 0.0040000000000000001 0 0.039750000000000001
          0 0 0.040000000000000001 0.001 0 0.040000000000000001 0.002 0 0.040000000000000001 0.0030000000000000001 0 0.040000000000000001 0.0040000000000000001 0 0.040000000000000001 0
          0 0.040250000000000001 0.001 0 0.040250000000000001 0.002 0 0.040250000000000001 0.0030000000000000001 0 0.040250000000000001 0.0040000000000000001 0 0.040250000000000001 0 0
          0.040500000000000001 0.001 0 0.040500000000000001 0.002 0 0.040500000000000001 0.0030000000000000001 0 0.040500000000000001 0.0040000000000000001 0 0.040500000000000001 0 0 0.040750000000000001
          0.001 0 0.040750000000000001 0.002 0 0.040750000000000001 0.0030000000000000001 0 0.040750000000000001 0.0040000000000000001 0 0.040750000000000001 0 0 0.041000000000000009 0.001
          0 0.041000000000000009 0.002 0 0.041000000000000009 0.0030000000000000001 0 0.041000000000000009 0.0040000000000000001 0 0.041000000000000009 0 0 0.041250000000000002 0.001 0
          0.041250000000000002 0.002 0 0.041250000000000002 0.0030000000000000001 0 0.041250000000000002 0.0040000000000000001 0 0.041250000000000002 0 0 0.041500000000000002 0.001 0 0.041500000000000002
          0.002 0 0.041500000000000002 0.0030000000000000001 0 0.041500000000000002 0.0040000000000000001 0 0.041500000000000002 0 0 0.041749999999999995 0.001 0 0.041749999999999995 0.002
          0 0.041749999999999995 0.0030000000000000001 0 0.041749999999999995 0.0040000000000000001 0 0.041749999999999995 0 0 0.042000000000000003 0.001 0 0.042000000000000003 0.002 0
          0.042000000000000003 0.0030000000000000001 0 0.042000000000000003 0.0040000000000000001 0 0.042000000000000003 0 0 0.042250000000000003 0.001 0 0.042250000000000003 0.002 0 0.042250000000000003
          0.0030000000000000001 0 0.042250000000000003 0.0040000000000000001 0 0.042250000000000003 0 0 0.042500000000000003 0.001 0 0.042500000000000003 0.002 0 0.042500000000000003 0.0030000000000000001
          0 0.042500000000000003 0.0040000000000000001 0 0.042500000000000003 0 0 0.042750000000000003 0.001 0 0.042750000000000003 0.002 0 0.042750000000000003 0.0030000000000000001 0
          0.042750000000000003 0.0040000000000000001 0 0.042750000000000003 0 0 0.042999999999999997 0.001 0 0.042999999999999997 0.002 0 0.042999999999999997 0.0030000000000000001 0 0.042999999999999997
          0.0040000000000000001 0 0.042999999999999997 0 0 0.043250000000000004 0.001 0 0.043250000000000004 0.002 0 0.043250000000000004 0.0030000000000000001 0 0.043250000000000004 0.0040000000000000001
          0 0.043250000000000004 0 0 0.043500000000000004 0.001 0 0.043500000000000004 0.002 0 0.043500000000000004 0.0030000000000000001 0 0.043500000000000004 0.0040000000000000001 0
          0.043500000000000004 0 0 0.043749999999999997 0.001 0 0.043749999999999997 0.002 0 0.043749999999999997 0.0030000000000000001 0 0.043749999999999997 0.0040000000000000001 0 0.043749999999999997
          0 0 0.044000000000000004 0.001 0 0.044000000000000004 0.002 0 0.044000000000000004 0.0030000000000000001 0 0.044000000000000004 0.0040000000000000001 0 0.044000000000000004 0
          0 0.044249999999999998 0.001 0 0.044249999999999998 0.002 0 0.044249999999999998 0.0030000000000000001 0 0.044249999999999998 0.0040000000000000001 0 0.044249999999999998 0 0
          0.044500000000000005 0.001 0 0.044500000000000005 0.002 0 0.044500000000000005 0.0030000000000000001 0 0.044500000000000005 0.0040000000000000001 0 0.044500000000000005 0 0 0.044750000000000005
          0.001 0 0.044750000000000005 0.002 0 0.044750000000000005 0.0030000000000000001 0 0.044750000000000005 0.0040000000000000001 0 0.044750000000000005 0 0 0.044999999999999998 0.001
          0 0.044999999999999998 0.002 0 0.044999999999999998 0.0030000000000000001 0 0.044999999999999998 0.0040000000000000001 0 0.044999999999999998 0 0 0.045250000000000005 0.001 0
          0.045250000000000005 0.002 0 0.045250000000000005 0.0030000000000000001 0 0.045250000000000005 0.0040000000000000001 0 0.045250000000000005 0 0 0.045499999999999999 0.001 0 0.045499999999999999
          0.002 0 0.045499999999999999 0.0030000000000000001 0 0.045499999999999999 0.0040000000000000001 0 0.045499999999999999 0 0 0.045749999999999999 0.001 0 0.045749999999999999 0.002
          0 0.045749999999999999 0.0030000000000000001 0 0.045749999999999999 0.0040000000000000001 0 0.045749999999999999 0 0 0.046000000000000006 0.001 0 0.046000000000000006 0.002 0
          0.046000000000000006 0.0030000000000000001 0 0.046000000000000006 0.0040000000000000001 0 0.046000000000000006 0 0 0.046249999999999999 0.001 0 0.046249999999999999 0.002 0 0.046249999999999999
          0.0030000000000000001 0 0.046249999999999999 0.0040000000000000001 0 0.046249999999999999 0 0 0.046500000000000007 0.001 0 0.046500000000000007 0.002 0 0.046500000000000007 0.0030000000000000001
          0 0.046500000000000007 0.0040000000000000001 0 0.046500000000000007 0 0 0.04675 0.001 0 0.04675 0.002 0 0.04675 0.0030000000000000001 0
          0.04675 0.0040000000000000001 0 0.04675 0 0 0.047 0.001 0 0.047 0.002 0 0.047 0.0030000000000000001 0 0.047
          0.0040000000000000001 0 0.047 0 0 0.047250000000000007 0.001 0 0.047250000000000007 0.002 0 0.047250000000000007 0.0030000000000000001 0 0.047250000000000007 0.0040000000000000001
          0 0.047250000000000007 0 0 0.047500000000000001 0.001 0 0.047500000000000001 0.002 0 0.047500000000000001 0.0030000000000000001 0 0.047500000000000001 0.0040000000000000001 0
          0.047500000000000001 0 0 0.047750000000000001 0.001 0 0.047750000000000001 0.002 0 0.047750000000000001 0.0030000000000000001 0 0.047750000000000001 0.0040000000000000001 0 0.047750000000000001
          0 0 0.048000000000000008 0.001 0 0.048000000000000008 0.002 0 0.048000000000000008 0.0030000000000000001 0 0.048000000000000008 0.0040000000000000001 0 0.048000000000000008 0
          0 0.048250000000000001 0.001 0 0.048250000000000001 0.002 0 0.048250000000000001 0.0030000000000000001 0 0.048250000000000001 0.0040000000000000001 0 0.048250000000000001 0 0
          0.048500000000000008 0.001 0 0.048500000000000008 0.002 0 0.048500000000000008 0.0030000000000000001 0 0.048500000000000008 0.0040000000000000001 0 0.048500000000000008 0 0 0.048750000000000002
          0.001 0 0.048750000000000002 0.002 0 0.048750000000000002 0.0030000000000000001 0 0.048750000000000002 0.0040000000000000001 0 0.048750000000000002 0 0 0.049000000000000002 0.001
          0 0.049000000000000002 0.002 0 0.049000000000000002 0.0030000000000000001 0 0.049000000000000002 0.0040000000000000001 0 0.049000000000000002 0 0 0.049250000000000009 0.001 0
          0.049250000000000009 0.002 0 0.049250000000000009 0.0030000000000000001 0 0.049250000000000009 0.0040000000000000001 0 0.049250000000000009 0 0 0.049500000000000002 0.001 0 0.049500000000000002
          0.002 0 0.049500000000000002 0.0030000000000000001 0 0.049500000000000002 0.0040000000000000001 0 0.049500000000000002 0 0 0.049750000000000003 0.001 0 0.049750000000000003 0.002
          0 0.049750000000000003 0.0030000000000000001 0 0.049750000000000003 0.0040000000000000001 0 0.049750000000000003 0 0 0.050000000000000003 0.001 0 0.050000000000000003 0.002 0
          0.050000000000000003 0.0030000000000000001 0 0.050000000000000003 0.0040000000000000001 0 0.050000000000000003 0 0 0.050250000000000003 0.001 0 0.050250000000000003 0.002 0 0.050250000000000003
          0.0030000000000000001 0 0.050250000000000003 0.0040000000000000001 0 0.050250000000000003 0 0 0.05050000000000001 0.001 0 0.05050000000000001 0.002 0 0.05050000000000001 0.0030000000000000001
          0 0.05050000000000001 0.0040000000000000001 0 0.05050000000000001 0 0 0.050750000000000003 0.001 0 0.050750000000000003 0.002 0 0.050750000000000003 0.0030000000000000001 0
          0.050750000000000003 0.0040000000000000001 0 0.050750000000000003 0 0 0.051000000000000004 0.001 0 0.051000000000000004 0.002 0 0.051000000000000004 0.0030000000000000001 0 0.051000000000000004
          0.0040000000000000001 0 0.051000000000000004 0 0 0.051249999999999997 0.001 0 0.051249999999999997 0.002 0 0.051249999999999997 0.0030000000000000001 0 0.051249999999999997 0.0040000000000000001
          0 0.051249999999999997 0 0 0.051500000000000004 0.001 0 0.051500000000000004 0.002 0 0.051500000000000004 0.0030000000000000001 0 0.051500000000000004 0.0040000000000000001 0
          0.051500000000000004 0 0 0.051750000000000004 0.001 0 0.051750000000000004 0.002 0 0.051750000000000004 0.0030000000000000001 0 0.051750000000000004 0.0040000000000000001 0 0.051750000000000004
          0 0 0.052000000000000005 0.001 0 0.052000000000000005 0.002 0 0.052000000000000005 0.0030000000000000001 0 0.052000000000000005 0.0040000000000000001 0 0.052000000000000005 0
          0 0.052250000000000005 0.001 0 0.052250000000000005 0.002 0 0.052250000000000005 0.0030000000000000001 0 0.052250000000000005 0.0040000000000000001 0 0.052250000000000005 0 0
          0.052499999999999998 0.001 0 0.052499999999999998 0.002 0 0.052499999999999998 0.0030000000000000001 0 0.052499999999999998 0.0040000000000000001 0 0.052499999999999998 0 0 0.052750000000000005
          0.001 0 0.052750000000000005 0.002 0 0.052750000000000005 0.0030000000000000001 0 0.052750000000000005 0.0040000000000000001 0 0.052750000000000005 0 0 0.053000000000000005 0.001
          0 0.053000000000000005 0.002 0 0.053000000000000005 0.0030000000000000001 0 0.053000000000000005 0.0040000000000000001 0 0.053000000000000005 0 0 0.053249999999999999 0.001 0
          0.053249999999999999 0.002 0 0.053249999999999999 0.0030000000000000001 0 0.053249999999999999 0.0040000000000000001 0 0.053249999999999999 0 0 0.053500000000000006 0.001 0 0.053500000000000006
          0.002 0 0.053500000000000006 0.0030000000000000001 0 0.053500000000000006 0.0040000000000000001 0 0.053500000000000006 0 0 0.053749999999999999 0.001 0 0.053749999999999999 0.002
          0 0.053749999999999999 0.0030000000000000001 0 0.053749999999999999 0.0040000000000000001 0 0.053749999999999999 0 0 0.054000000000000006 0.001 0 0.054000000000000006 0.002 0
          0.054000000000000006 0.0030000000000000001 0 0.054000000000000006 0.0040000000000000001 0 0.054000000000000006 0 0 0.054250000000000007 0.001 0 0.054250000000000007 0.002 0 0.054250000000000007
          0.0030000000000000001 0 0.054250000000000007 0.0040000000000000001 0 0.054250000000000007 0 0 0.0545 0.001 0 0.0545 0.002 0 0.0545 0.0030000000000000001
          0 0.0545 0.0040000000000000001 0 0.0545 0 0 0.054750000000000007 0.001 0 0.054750000000000007 0.002 0 0.054750000000000007 0.0030000000000000001 0
          0.054750000000000007 0.0040000000000000001 0 0.054750000000000007 0 0 0.055 0.001 0 0.055 0.002 0 0.055 0.0030000000000000001 0 0.055
          0.0040000000000000001 0 0.055 0 0 0.05525 0.001 0 0.05525 0.002 0 0.05525 0.0030000000000000001 0 0.05525 0.0040000000000000001
          0 0.05525 0 0 0.055500000000000008 0.001 0 0.055500000000000008 0.002 0 0.055500000000000008 0.0030000000000000001 0 0.055500000000000008 0.0040000000000000001 0
          0.055500000000000008 0 0 0.055750000000000001 0.001 0 0.055750000000000001 0.002 0 0.055750000000000001 0.0030000000000000001 0 0.055750000000000001 0.0040000000000000001 0 0.055750000000000001
          0 0 0.056000000000000008 0.001 0 0.056000000000000008 0.002 0 0.056000000000000008 0.0030000000000000001 0 0.056000000000000008 0.0040000000000000001 0 0.056000000000000008 0
          0 0.056250000000000001 0.001 0 0.056250000000000001 0.002 0 0.056250000000000001 0.0030000000000000001 0 0.056250000000000001 0.0040000000000000001 0 0.056250000000000001 0 0
          0.056500000000000002 0.001 0 0.056500000000000002 0.002 0 0.056500000000000002 0.0030000000000000001 0 0.056500000000000002 0.0040000000000000001 0 0.056500000000000002 0 0 0.056750000000000009
          0.001 0 0.056750000000000009 0.002 0 0.056750000000000009 0.0030000000000000001 0 0.056750000000000009 0.0040000000000000001 0 0.056750000000000009 0 0 0.057000000000000002 0.001
          0 0.057000000000000002 0.002 0 0.057000000000000002 0.0030000000000000001 0 0.057000000000000002 0.0040000000000000001 0 0.057000000000000002 0 0 0.057250000000000002 0.001 0
          0.057250000000000002 0.002 0 0.057250000000000002 0.0030000000000000001 0 0.057250000000000002 0.0040000000000000001 0 0.057250000000000002 0 0 0.057500000000000002 0.001 0 0.057500000000000002
          0.002 0 0.057500000000000002 0.0030000000000000001 0 0.057500000000000002 0.0040000000000000001 0 0.057500000000000002 0 0 0.057750000000000003 0.001 0 0.057750000000000003 0.002
          0 0.057750000000000003 0.0030000000000000001 0 0.057750000000000003 0.0040000000000000001 0 0.057750000000000003 0 0 0.05800000000000001 0.001 0 0.05800000000000001 0.002 0
          0.05800000000000001 0.0030000000000000001 0 0.05800000000000001 0.0040000000000000001 0 0.05800000000000001 0 0 0.058250000000000003 0.001 0 0.058250000000000003 0.002 0 0.058250000000000003
          0.0030000000000000001 0 0.058250000000000003 0.0040000000000000001 0 0.058250000000000003 0 0 0.058500000000000003 0.001 0 0.058500000000000003 0.002 0 0.058500000000000003 0.0030000000000000001
          0 0.058500000000000003 0.0040000000000000001 0 0.058500000000000003 0 0 0.058749999999999997 0.001 0 0.058749999999999997 0.002 0 0.058749999999999997 0.0030000000000000001 0
          0.058749999999999997 0.0040000000000000001 0 0.058749999999999997 0 0 0.059000000000000004 0.001 0 0.059000000000000004 0.002 0 0.059000000000000004 0.0030000000000000001 0 0.059000000000000004
          0.0040000000000000001 0 0.059000000000000004 0 0 0.059250000000000004 0.001 0 0.059250000000000004 0.002 0 0.059250000000000004 0.0030000000000000001 0 0.059250000000000004 0.0040000000000000001
          0 0.059250000000000004 0 0 0.059500000000000004 0.001 0 0.059500000000000004 0.002 0 0.059500000000000004 0.0030000000000000001 0 0.059500000000000004 0.0040000000000000001 0
          0.059500000000000004 0 0 0.059750000000000004 0.001 0 0.059750000000000004 0.002 0 0.059750000000000004 0.0030000000000000001 0 0.059750000000000004 0.0040000000000000001 0 0.059750000000000004
          0 0 0.059999999999999998 0.001 0 0.059999999999999998 0.002 0 0.059999999999999998 0.0030000000000000001 0 0.059999999999999998 0.0040000000000000001 0 0.059999999999999998 0
          0 0.060250000000000005 0.001 0 0.060250000000000005 0.002 0 0.060250000000000005 0.0030000000000000001 0 0.060250000000000005 0.0040000000000000001 0 0.060250000000000005 0 0
          0.060500000000000005 0.001 0 0.060500000000000005 0.002 0 0.060500000000000005 0.0030000000000000001 0 0.060500000000000005 0.0040000000000000001 0 0.060500000000000005 0 0 0.060749999999999998
          0.001 0 0.060749999999999998 0.002 0 0.060749999999999998 0.0030000000000000001 0 0.060749999999999998 0.0040000000000000001 0 0.060749999999999998 0 0 0.061000000000000006 0.001
          0 0.061000000000000006 0.002 0 0.061000000000000006 0.0030000000000000001 0 0.061000000000000006 0.0040000000000000001 0 0.061000000000000006 0 0 0.061249999999999999 0.001 0
          0.061249999999999999 0.002 0 0.061249999999999999 0.0030000000000000001 0 0.061249999999999999 0.0040000000000000001 0 0.061249999999999999 0 0 0.061500000000000006 0.001 0 0.061500000000000006
          0.002 0 0.061500000000000006 0.0030000000000000001 0 0.061500000000000006 0.0040000000000000001 0 0.061500000000000006 0 0 0.061750000000000006 0.001 0 0.061750000000000006 0.002
          0 0.061750000000000006 0.0030000000000000001 0 0.061750000000000006 0.0040000000000000001 0 0.061750000000000006 0 0 0.062 0.001 0 0.062 0.002 0
          0.062 0.0030000000000000001 0 0.062 0.0040000000000000001 0 0.062 0 0 0.062250000000000007 0.001 0 0.062250000000000007 0.002 0 0.062250000000000007
          0.0030000000000000001 0 0.062250000000000007 0.0040000000000000001 0 0.062250000000000007 0 0 0.0625 0.001 0 0.0625 0.002 0 0.0625 0.0030000000000000001
          0 0.0625 0.0040000000000000001 0 0.0625 0 0 0.06275 0.001 0 0.06275 0.002 0 0.06275 0.0030000000000000001 0
          0.06275 0.0040000000000000001 0 0.06275 0 0 0.063 0.001 0 0.063 0.002 0 0.063 0.0030000000000000001 0 0.063
          0.0040000000000000001 0 0.063 0 0 0.063250000000000001 0.001 0 0.063250000000000001 0.002 0 0.063250000000000001 0.0030000000000000001 0 0.063250000000000001 0.0040000000000000001
          0 0.063250000000000001 0 0 0.063500000000000001 0.001 0 0.063500000000000001 0.002 0 0.063500000000000001 0.0030000000000000001 0 0.063500000000000001 0.0040000000000000001 0
          0.063500000000000001 0 0 0.063750000000000001 0.001 0 0.063750000000000001 0.002 0 0.063750000000000001 0.0030000000000000001 0 0.063750000000000001 0.0040000000000000001 0 0.063750000000000001
          0 0 0.064000000000000001 0.001 0 0.064000000000000001 0.002 0 0.064000000000000001 0.0030000000000000001 0 0.064000000000000001 0.0040000000000000001 0 0.064000000000000001 0
          0 0.064250000000000002 0.001 0 0.064250000000000002 0.002 0 0.064250000000000002 0.0030000000000000001 0 0.064250000000000002 0.0040000000000000001 0 0.064250000000000002 0 0
          0.064500000000000002 0.001 0 0.064500000000000002 0.002 0 0.064500000000000002 0.0030000000000000001 0 0.064500000000000002 0.0040000000000000001 0 0.064500000000000002 0 0 0.064750000000000002
          0.001 0 0.064750000000000002 0.002 0 0.064750000000000002 0.0030000000000000001 0 0.064750000000000002 0.0040000000000000001 0 0.064750000000000002 0 0 0.065000000000000002 0.001
          0 0.065000000000000002 0.002 0 0.065000000000000002 0.0030000000000000001 0 0.065000000000000002 0.0040000000000000001 0 0.065000000000000002 0 0 0.065250000000000002 0.001 0
          0.065250000000000002 0.002 0 0.065250000000000002 0.0030000000000000001 0 0.065250000000000002 0.0040000000000000001 0 0.065250000000000002 0 0 0.065500000000000003 0.001 0 0.065500000000000003
          0.002 0 0.065500000000000003 0.0030000000000000001 0 0.065500000000000003 0.0040000000000000001 0 0.065500000000000003 0 0 0.065750000000000003 0.001 0 0.065750000000000003 0.002
          0 0.065750000000000003 0.0030000000000000001 0 0.065750000000000003 0.0040000000000000001 0 0.065750000000000003 0 0 0.066000000000000003 0.001 0 0.066000000000000003 0.002 0
          0.066000000000000003 0.0030000000000000001 0 0.066000000000000003 0.0040000000000000001 0 0.066000000000000003 0 0 0.066250000000000003 0.001 0 0.066250000000000003 0.002 0 0.066250000000000003
          0.0030000000000000001 0 0.066250000000000003 0.0040000000000000001 0 0.066250000000000003 0 0 0.066500000000000004 0.001 0 0.066500000000000004 0.002 0 0.066500000000000004 0.0030000000000000001
          0 0.066500000000000004 0.0040000000000000001 0 0.066500000000000004 0 0 0.066750000000000004 0.001 0 0.066750000000000004 0.002 0 0.066750000000000004 0.0030000000000000001 0
          0.066750000000000004 0.0040000000000000001 0 0.066750000000000004 0 0 0.067000000000000004 0.001 0 0.067000000000000004 0.002 0 0.067000000000000004 0.0030000000000000001 0 0.067000000000000004
          0.0040000000000000001 0 0.067000000000000004 0 0 0.067250000000000004 0.001 0 0.067250000000000004 0.002 0 0.067250000000000004 0.0030000000000000001 0 0.067250000000000004 0.0040000000000000001
          0 0.067250000000000004 0 0 0.067500000000000004 0.001 0 0.067500000000000004 0.002 0 0.067500000000000004 0.0030000000000000001 0 0.067500000000000004 0.0040000000000000001 0
          0.067500000000000004 0 0 0.067750000000000005 0.001 0 0.067750000000000005 0.002 0 0.067750000000000005 0.0030000000000000001 0 0.067750000000000005 0.0040000000000000001 0 0.067750000000000005
          0 0 0.068000000000000005 0.001 0 0.068000000000000005 0.002 0 0.068000000000000005 0.0030000000000000001 0 0.068000000000000005 0.0040000000000000001 0 0.068000000000000005 0
          0 0.068250000000000005 0.001 0 0.068250000000000005 0.002 0 0.068250000000000005 0.0030000000000000001 0 0.068250000000000005 0.0040000000000000001 0 0.068250000000000005 0 0
          0.068500000000000005 0.001 0 0.068500000000000005 0.002 0 0.068500000000000005 0.0030000000000000001 0 0.068500000000000005 0.0040000000000000001 0 0.068500000000000005 0 0 0.068750000000000006
          0.001 0 0.068750000000000006 0.002 0 0.068750000000000006 0.0030000000000000001 0 0.068750000000000006 0.0040000000000000001 0 0.068750000000000006 0 0 0.069000000000000006 0.001
          0 0.069000000000000006 0.002 0 0.069000000000000006 0.0030000000000000001 0 0.069000000000000006 0.0040000000000000001 0 0.069000000000000006 0 0 0.069250000000000006 0.001 0
          0.069250000000000006 0.002 0 0.069250000000000006 0.0030000000000000001 0 0.069250000000000006 0.0040000000000000001 0 0.069250000000000006 0 0 0.069500000000000006 0.001 0 0.069500000000000006
          0.002 0 0.069500000000000006 0.0030000000000000001 0 0.069500000000000006 0.0040000000000000001 0 0.069500000000000006 0 0 0.069750000000000006 0.001 0 0.069750000000000006 0.002
          0 0.069750000000000006 0.0030000000000000001 0 0.069750000000000006 0.0040000000000000001 0 0.069750000000000006 0 0 0.070000000000000007 0.001 0 0.070000000000000007 0.002 0
          0.070000000000000007 0.0030000000000000001 0 0.070000000000000007 0.0040000000000000001 0 0.070000000000000007 0 0 0.070250000000000007 0.001 0 0.070250000000000007 0.002 0 0.070250000000000007
          0.0030000000000000001 0 0.070250000000000007 0.0040000000000000001 0 0.070250000000000007 0 0 0.070500000000000007 0.001 0 0.070500000000000007 0.002 0 0.070500000000000007 0.0030000000000000001
          0 0.070500000000000007 0.0040000000000000001 0 0.070500000000000007 0 0 0.070750000000000007 0.001 0 0.070750000000000007 0.002 0 0.070750000000000007 0.0030000000000000001 0
          0.070750000000000007 0.0040000000000000001 0 0.070750000000000007 0 0 0.071000000000000008 0.001 0 0.071000000000000008 0.002 0 0.071000000000000008 0.0030000000000000001 0 0.071000000000000008
          0.0040000000000000001 0 0.071000000000000008 0 0 0.071249999999999994 0.001 0 0.071249999999999994 0.002 0 0.071249999999999994 0.0030000000000000001 0 0.071249999999999994 0.0040000000000000001
          0 0.071249999999999994 0 0 0.071500000000000008 0.001 0 0.071500000000000008 0.002 0 0.071500000000000008 0.0030000000000000001 0 0.071500000000000008 0.0040000000000000001 0
          0.071500000000000008 0 0 0.071750000000000008 0.001 0 0.071750000000000008 0.002 0 0.071750000000000008 0.0030000000000000001 0 0.071750000000000008 0.0040000000000000001 0 0.071750000000000008
          0 0 0.072000000000000008 0.001 0 0.072000000000000008 0.002 0 0.072000000000000008 0.0030000000000000001 0 0.072000000000000008 0.0040000000000000001 0 0.072000000000000008 0
          0 0.072250000000000009 0.001 0 0.072250000000000009 0.002 0 0.072250000000000009 0.0030000000000000001 0 0.072250000000000009 0.0040000000000000001 0 0.072250000000000009 0 0
          0.072499999999999995 0.001 0 0.072499999999999995 0.002 0 0.072499999999999995 0.0030000000000000001 0 0.072499999999999995 0.0040000000000000001 0 0.072499999999999995 0 0 0.072750000000000009
          0.001 0 0.072750000000000009 0.002 0 0.072750000000000009 0.0030000000000000001 0 0.072750000000000009 0.0040000000000000001 0 0.072750000000000009 0 0 0.073000000000000009 0.001
          0 0.073000000000000009 0.002 0 0.073000000000000009 0.0030000000000000001 0 0.073000000000000009 0.0040000000000000001 0 0.073000000000000009 0 0 0.073249999999999996 0.001 0
          0.073249999999999996 0.002 0 0.073249999999999996 0.0030000000000000001 0 0.073249999999999996 0.0040000000000000001 0 0.073249999999999996 0 0 0.07350000000000001 0.001 0 0.07350000000000001
          0.002 0 0.07350000000000001 0.0030000000000000001 0 0.07350000000000001 0.0040000000000000001 0 0.07350000000000001 0 0 0.073749999999999996 0.001 0 0.073749999999999996 0.002
          0 0.073749999999999996 0.0030000000000000001 0 0.073749999999999996 0.0040000000000000001 0 0.073749999999999996 0 0 0.07400000000000001 0.001 0 0.07400000000000001 0.002 0
          0.07400000000000001 0.0030000000000000001 0 0.07400000000000001 0.0040000000000000001 0 0.07400000000000001 0 0 0.07425000000000001 0.001 0 0.07425000000000001 0.002 0 0.07425000000000001
          0.0030000000000000001 0 0.07425000000000001 0.0040000000000000001 0 0.07425000000000001 0 0 0.074499999999999997 0.001 0 0.074499999999999997 0.002 0 0.074499999999999997 0.0030000000000000001
          0 0.074499999999999997 0.0040000000000000001 0 0.074499999999999997 0 0 0.074750000000000011 0.001 0 0.074750000000000011 0.002 0 0.074750000000000011 0.0030000000000000001 0
          0.074750000000000011 0.0040000000000000001 0 0.074750000000000011 0 0 0.074999999999999997 0.001 0 0.074999999999999997 0.002 0 0.074999999999999997 0.0030000000000000001 0 0.074999999999999997
          0.0040000000000000001 0 0.074999999999999997 0 0 0.075249999999999997 0.001 0 0.075249999999999997 0.002 0 0.075249999999999997 0.0030000000000000001 0 0.075249999999999997 0.0040000000000000001
          0 0.075249999999999997 0 0 0.075500000000000012 0.001 0 0.075500000000000012 0.002 0 0.075500000000000012 0.0030000000000000001 0 0.075500000000000012 0.0040000000000000001 0
          0.075500000000000012 0 0 0.075749999999999998 0.001 0 0.075749999999999998 0.002 0 0.075749999999999998 0.0030000000000000001 0 0.075749999999999998 0.0040000000000000001 0 0.075749999999999998
          0 0 0.076000000000000012 0.001 0 0.076000000000000012 0.002 0 0.076000000000000012 0.0030000000000000001 0 0.076000000000000012 0.0040000000000000001 0 0.076000000000000012 0
          0 0.076249999999999998 0.001 0 0.076249999999999998 0.002 0 0.076249999999999998 0.0030000000000000001 0 0.076249999999999998 0.0040000000000000001 0 0.076249999999999998 0 0
          0.076499999999999999 0.001 0 0.076499999999999999 0.002 0 0.076499999999999999 0.0030000000000000001 0 0.076499999999999999 0.0040000000000000001 0 0.076499999999999999 0 0 0.076750000000000013
          0.001 0 0.076750000000000013 0.002 0 0.076750000000000013 0.0030000000000000001 0 0.076750000000000013 0.0040000000000000001 0 0.076750000000000013 0 0 0.076999999999999999 0.001
          0 0.076999999999999999 0.002 0 0.076999999999999999 0.0030000000000000001 0 0.076999999999999999 0.0040000000000000001 0 0.076999999999999999 0 0 0.077249999999999999 0.001 0
          0.077249999999999999 0.002 0 0.077249999999999999 0.0030000000000000001 0 0.077249999999999999 0.0040000000000000001 0 0.077249999999999999 0 0 0.077499999999999999 0.001 0 0.077499999999999999
          0.002 0 0.077499999999999999 0.0030000000000000001 0 0.077499999999999999 0.0040000000000000001 0 0.077499999999999999 0 0 0.07775 0.001 0 0.07775 0.002
          0 0.07775 0.0030000000000000001 0 0.07775 0.0040000000000000001 0 0.07775 0 0 0.078000000000000014 0.001 0 0.078000000000000014 0.002 0
          0.078000000000000014 0.0030000000000000001 0 0.078000000000000014 0.0040000000000000001 0 0.078000000000000014 0 0 0.07825 0.001 0 0.07825 0.002 0 0.07825
          0.0030000000000000001 0 0.07825 0.0040000000000000001 0 0.07825 0 0 0.0785 0.001 0 0.0785 0.002 0 0.0785 0.0030000000000000001
          0 0.0785 0.0040000000000000001 0 0.0785 0 0 0.078750000000000001 0.001 0 0.078750000000000001 0.002 0 0.078750000000000001 0.0030000000000000001 0
          0.078750000000000001 0.0040000000000000001 0 0.078750000000000001 0 0 0.079000000000000001 0.001 0 0.079000000000000001 0.002 0 0.079000000000000001 0.0030000000000000001 0 0.079000000000000001
          0.0040000000000000001 0 0.079000000000000001 0 0 0.079250000000000001 0.001 0 0.079250000000000001 0.002 0 0.079250000000000001 0.0030000000000000001 0 0.079250000000000001 0.0040000000000000001
          0 0.079250000000000001 0 0 0.079500000000000001 0.001 0 0.079500000000000001 0.002 0 0.079500000000000001 0.0030000000000000001 0 0.079500000000000001 0.0040000000000000001 0
          0.079500000000000001 0 0 0.079750000000000001 0.001 0 0.079750000000000001 0.002 0 0.079750000000000001 0.0030000000000000001 0 0.079750000000000001 0.0040000000000000001 0 0.079750000000000001
          0 0 0.080000000000000002 0.001 0 0.080000000000000002 0.002 0 0.080000000000000002 0.0030000000000000001 0 0.080000000000000002 0.0040000000000000001 0 0.080000000000000002 0
          0 0.080250000000000002 0.001 0 0.080250000000000002 0.002 0 0.080250000000000002 0.0030000000000000001 0 0.080250000000000002 0.0040000000000000001 0 0.080250000000000002 0 0
          0.080500000000000002 0.001 0 0.080500000000000002 0.002 0 0.080500000000000002 0.0030000000000000001 0 0.080500000000000002 0.0040000000000000001 0 0.080500000000000002 0 0 0.080750000000000016
          0.001 0 0.080750000000000016 0.002 0 0.080750000000000016 0.0030000000000000001 0 0.080750000000000016 0.0040000000000000001 0 0.080750000000000016 0 0 0.081000000000000003 0.001
          0 0.081000000000000003 0.002 0 0.081000000000000003 0.0030000000000000001 0 0.081000000000000003 0.0040000000000000001 0 0.081000000000000003 0 0 0.081250000000000003 0.001 0
          0.081250000000000003 0.002 0 0.081250000000000003 0.0030000000000000001 0 0.081250000000000003 0.0040000000000000001 0 0.081250000000000003 0 0 0.081500000000000003 0.001 0 0.081500000000000003
          0.002 0 0.081500000000000003 0.0030000000000000001 0 0.081500000000000003 0.0040000000000000001 0 0.081500000000000003 0 0 0.081750000000000003 0.001 0 0.081750000000000003 0.002
          0 0.081750000000000003 0.0030000000000000001 0 0.081750000000000003 0.0040000000000000001 0 0.081750000000000003 0 0 0.082000000000000017 0.001 0 0.082000000000000017 0.002 0
          0.082000000000000017 0.0030000000000000001 0 0.082000000000000017 0.0040000000000000001 0 0.082000000000000017 0 0 0.08224999999999999 0.001 0 0.08224999999999999 0.002 0 0.08224999999999999
          0.0030000000000000001 0 0.08224999999999999 0.0040000000000000001 0 0.08224999999999999 0 0 0.082500000000000004 0.001 0 0.082500000000000004 0.002 0 0.082500000000000004 0.0030000000000000001
          0 0.082500000000000004 0.0040000000000000001 0 0.082500000000000004 0 0 0.082750000000000004 0.001 0 0.082750000000000004 0.002 0 0.082750000000000004 0.0030000000000000001 0
          0.082750000000000004 0.0040000000000000001 0 0.082750000000000004 0 0 0.083000000000000004 0.001 0 0.083000000000000004 0.002 0 0.083000000000000004 0.0030000000000000001 0 0.083000000000000004
          0.0040000000000000001 0 0.083000000000000004 0 0 0.083250000000000005 0.001 0 0.083250000000000005 0.002 0 0.083250000000000005 0.0030000000000000001 0 0.083250000000000005 0.0040000000000000001
          0 0.083250000000000005 0 0 0.083499999999999991 0.001 0 0.083499999999999991 0.002 0 0.083499999999999991 0.0030000000000000001 0 0.083499999999999991 0.0040000000000000001 0
          0.083499999999999991 0 0 0.083750000000000005 0.001 0 0.083750000000000005 0.002 0 0.083750000000000005 0.0030000000000000001 0 0.083750000000000005 0.0040000000000000001 0 0.083750000000000005
          0 0 0.084000000000000005 0.001 0 0.084000000000000005 0.002 0 0.084000000000000005 0.0030000000000000001 0 0.084000000000000005 0.0040000000000000001 0 0.084000000000000005 0
          0 0.084250000000000005 0.001 0 0.084250000000000005 0.002 0 0.084250000000000005 0.0030000000000000001 0 0.084250000000000005 0.0040000000000000001 0 0.084250000000000005 0 0
          0.084500000000000006 0.001 0 0.084500000000000006 0.002 0 0.084500000000000006 0.0030000000000000001 0 0.084500000000000006 0.0040000000000000001 0 0.084500000000000006 0 0 0.084749999999999992
          0.001 0 0.084749999999999992 0.002 0 0.084749999999999992 0.0030000000000000001 0 0.084749999999999992 0.0040000000000000001 0 0.084749999999999992 0 0 0.085000000000000006 0.001
          0 0.085000000000000006 0.002 0 0.085000000000000006 0.0030000000000000001 0 0.085000000000000006 0.0040000000000000001 0 0.085000000000000006 0 0 0.085250000000000006 0.001 0
          0.085250000000000006 0.002 0 0.085250000000000006 0.0030000000000000001 0 0.085250000000000006 0.0040000000000000001 0 0.085250000000000006 0 0 0.085500000000000007 0.001 0 0.085500000000000007
          0.002 0 0.085500000000000007 0.0030000000000000001 0 0.085500000000000007 0.0040000000000000001 0 0.085500000000000007 0 0 0.085750000000000007 0.001 0 0.085750000000000007 0.002
          0 0.085750000000000007 0.0030000000000000001 0 0.085750000000000007 0.0040000000000000001 0 0.085750000000000007 0 0 0.085999999999999993 0.001 0 0.085999999999999993 0.002 0
          0.085999999999999993 0.0030000000000000001 0 0.085999999999999993 0.0040000000000000001 0 0.085999999999999993 0 0 0.086249999999999993 0.001 0 0.086249999999999993 0.002 0 0.086249999999999993
          0.0030000000000000001 0 0.086249999999999993 0.0040000000000000001 0 0.086249999999999993 0 0 0.086500000000000007 0.001 0 0.086500000000000007 0.002 0 0.086500000000000007 0.0030000000000000001
          0 0.086500000000000007 0.0040000000000000001 0 0.086500000000000007 0 0 0.086750000000000008 0.001 0 0.086750000000000008 0.002 0 0.086750000000000008 0.0030000000000000001 0
          0.086750000000000008 0.0040000000000000001 0 0.086750000000000008 0 0 0.087000000000000008 0.001 0 0.087000000000000008 0.002 0 0.087000000000000008 0.0030000000000000001 0 0.087000000000000008
          0.0040000000000000001 0 0.087000000000000008 0 0 0.087249999999999994 0.001 0 0.087249999999999994 0.002 0 0.087249999999999994 0.0030000000000000001 0 0.087249999999999994 0.0040000000000000001
          0 0.087249999999999994 0 0 0.087499999999999994 0.001 0 0.087499999999999994 0.002 0 0.087499999999999994 0.0030000000000000001 0 0.087499999999999994 0.0040000000000000001 0
          0.087499999999999994 0 0 0.087750000000000009 0.001 0 0.087750000000000009 0.002 0 0.087750000000000009 0.0030000000000000001 0 0.087750000000000009 0.0040000000000000001 0 0.087750000000000009
          0 0 0.088000000000000009 0.001 0 0.088000000000000009 0.002 0 0.088000000000000009 0.0030000000000000001 0 0.088000000000000009 0.0040000000000000001 0 0.088000000000000009 0
          0 0.088250000000000009 0.001 0 0.088250000000000009 0.002 0 0.088250000000000009 0.0030000000000000001 0 0.088250000000000009 0.0040000000000000001 0 0.088250000000000009 0 0
          0.088499999999999995 0.001 0 0.088499999999999995 0.002 0 0.088499999999999995 0.0030000000000000001 0 0.088499999999999995 0.0040000000000000001 0 0.088499999999999995 0 0 0.088749999999999996
          0.001 0 0.088749999999999996 0.002 0 0.088749999999999996 0.0030000000000000001 0 0.088749999999999996 0.0040000000000000001 0 0.088749999999999996 0 0 0.08900000000000001 0.001
          0 0.08900000000000001 0.002 0 0.08900000000000001 0.0030000000000000001 0 0.08900000000000001 0.0040000000000000001 0 0.08900000000000001 0 0 0.08925000000000001 0.001 0
          0.08925000000000001 0.002 0 0.08925000000000001 0.0030000000000000001 0 0.08925000000000001 0.0040000000000000001 0 0.08925000000000001 0 0 0.08950000000000001 0.001 0 0.08950000000000001
          0.002 0 0.08950000000000001 0.0030000000000000001 0 0.08950000000000001 0.0040000000000000001 0 0.08950000000000001 0 0 0.089749999999999996 0.001 0 0.089749999999999996 0.002
          0 0.089749999999999996 0.0030000000000000001 0 0.089749999999999996 0.0040000000000000001 0 0.089749999999999996 0 0 0.089999999999999997 0.001 0 0.089999999999999997 0.002 0
          0.089999999999999997 0.0030000000000000001 0 0.089999999999999997 0.0040000000000000001 0 0.089999999999999997 0 0 0.090249999999999997 0.001 0 0.090249999999999997 0.002 0 0.090249999999999997
          0.0030000000000000001 0 0.090249999999999997 0.0040000000000000001 0 0.090249999999999997 0 0 0.090500000000000011 0.001 0 0.090500000000000011 0.002 0 0.090500000000000011 0.0030000000000000001
          0 0.090500000000000011 0.0040000000000000001 0 0.090500000000000011 0 0 0.090750000000000011 0.001 0 0.090750000000000011 0.002 0 0.090750000000000011 0.0030000000000000001 0
          0.090750000000000011 0.0040000000000000001 0 0.090750000000000011 0 0 0.090999999999999998 0.001 0 0.090999999999999998 0.002 0 0.090999999999999998 0.0030000000000000001 0 0.090999999999999998
          0.0040000000000000001 0 0.090999999999999998 0 0 0.091249999999999998 0.001 0 0.091249999999999998 0.002 0 0.091249999999999998 0.0030000000000000001 0 0.091249999999999998 0.0040000000000000001
          0 0.091249999999999998 0 0 0.091499999999999998 0.001 0 0.091499999999999998 0.002 0 0.091499999999999998 0.0030000000000000001 0 0.091499999999999998 0.0040000000000000001 0
          0.091499999999999998 0 0 0.091750000000000012 0.001 0 0.091750000000000012 0.002 0 0.091750000000000012 0.0030000000000000001 0 0.091750000000000012 0.0040000000000000001 0 0.091750000000000012
          0 0 0.092000000000000012 0.001 0 0.092000000000000012 0.002 0 0.092000000000000012 0.0030000000000000001 0 0.092000000000000012 0.0040000000000000001 0 0.092000000000000012 0
          0 0.092249999999999999 0.001 0 0.092249999999999999 0.002 0 0.092249999999999999 0.0030000000000000001 0 0.092249999999999999 0.0040000000000000001 0 0.092249999999999999 0 0
          0.092499999999999999 0.001 0 0.092499999999999999 0.002 0 0.092499999999999999 0.0030000000000000001 0 0.092499999999999999 0.0040000000000000001 0 0.092499999999999999 0 0 0.092749999999999999
          0.001 0 0.092749999999999999 0.002 0 0.092749999999999999 0.0030000000000000001 0 0.092749999999999999 0.0040000000000000001 0 0.092749999999999999 0 0 0.093000000000000013 0.001
          0 0.093000000000000013 0.002 0 0.093000000000000013 0.0030000000000000001 0 0.093000000000000013 0.0040000000000000001 0 0.093000000000000013 0 0 0.093250000000000013 0.001 0
          0.093250000000000013 0.002 0 0.093250000000000013 0.0030000000000000001 0 0.093250000000000013 0.0040000000000000001 0 0.093250000000000013 0 0 0.0935 0.001 0 0.0935
          0.002 0 0.0935 0.0030000000000000001 0 0.0935 0.0040000000000000001 0 0.0935 0 0 0.09375 0.001 0 0.09375 0.002
          0 0.09375 0.0030000000000000001 0 0.09375 0.0040000000000000001 0 0.09375 0 0 0.094 0.001 0 0.094 0.002 0
          0.094 0.0030000000000000001 0 0.094 0.0040000000000000001 0 0.094 0 0 0.09425 0.001 0 0.09425 0.002 0 0.09425
          0.0030000000000000001 0 0.09425 0.0040000000000000001 0 0.09425 0 0 0.094500000000000015 0.001 0 0.094500000000000015 0.002 0 0.094500000000000015 0.0030000000000000001
          0 0.094500000000000015 0.0040000000000000001 0 0.094500000000000015 0 0 0.094750000000000001 0.001 0 0.094750000000000001 0.002 0 0.094750000000000001 0.0030000000000000001 0
          0.094750000000000001 0.0040000000000000001 0 0.094750000000000001 0 0 0.095000000000000001 0.001 0 0.095000000000000001 0.002 0 0.095000000000000001 0.0030000000000000001 0 0.095000000000000001
          0.0040000000000000001 0 0.095000000000000001 0 0 0.095250000000000001 0.001 0 0.095250000000000001 0.002 0 0.095250000000000001 0.0030000000000000001 0 0.095250000000000001 0.0040000000000000001
          0 0.095250000000000001 0 0 0.095500000000000002 0.001 0 0.095500000000000002 0.002 0 0.095500000000000002 0.0030000000000000001 0 0.095500000000000002 0.0040000000000000001 0
          0.095500000000000002 0 0 0.095750000000000016 0.001 0 0.095750000000000016 0.002 0 0.095750000000000016 0.0030000000000000001 0 0.095750000000000016 0.0040000000000000001 0 0.095750000000000016
          0 0 0.096000000000000016 0.001 0 0.096000000000000016 0.002 0 0.096000000000000016 0.0030000000000000001 0 0.096000000000000016 0.0040000000000000001 0 0.096000000000000016 0
          0 0.096250000000000002 0.001 0 0.096250000000000002 0.002 0 0.096250000000000002 0.0030000000000000001 0 0.096250000000000002 0.0040000000000000001 0 0.096250000000000002 0 0
          0.096500000000000002 0.001 0 0.096500000000000002 0.002 0 0.096500000000000002 0.0030000000000000001 0 0.096500000000000002 0.0040000000000000001 0 0.096500000000000002 0 0 0.096750000000000003
          0.001 0 0.096750000000000003 0.002 0 0.096750000000000003 0.0030000000000000001 0 0.096750000000000003 0.0040000000000000001 0 0.096750000000000003 0 0 0.097000000000000017 0.001
          0 0.097000000000000017 0.002 0 0.097000000000000017 0.0030000000000000001 0 0.097000000000000017 0.0040000000000000001 0 0.097000000000000017 0 0 0.097250000000000017 0.001 0
          0.097250000000000017 0.002 0 0.097250000000000017 0.0030000000000000001 0 0.097250000000000017 0.0040000000000000001 0 0.097250000000000017 0 0 0.097500000000000003 0.001 0 0.097500000000000003
          0.002 0 0.097500000000000003 0.0030000000000000001 0 0.097500000000000003 0.0040000000000000001 0 0.097500000000000003 0 0 0.097750000000000004 0.001 0 0.097750000000000004 0.002
          0 0.097750000000000004 0.0030000000000000001 0 0.097750000000000004 0.0040000000000000001 0 0.097750000000000004 0 0 0.098000000000000004 0.001 0 0.098000000000000004 0.002 0
          0.098000000000000004 0.0030000000000000001 0 0.098000000000000004 0.0040000000000000001 0 0.098000000000000004 0 0 0.098250000000000004 0.001 0 0.098250000000000004 0.002 0 0.098250000000000004
          0.0030000000000000001 0 0.098250000000000004 0.0040000000000000001 0 0.098250000000000004 0 0 0.098500000000000018 0.001 0 0.098500000000000018 0.002 0 0.098500000000000018 0.0030000000000000001
          0 0.098500000000000018 0.0040000000000000001 0 0.098500000000000018 0 0 0.098750000000000004 0.001 0 0.098750000000000004 0.002 0 0.098750000000000004 0.0030000000000000001 0
          0.098750000000000004 0.0040000000000000001 0 0.098750000000000004 0 0 0.099000000000000005 0.001 0 0.099000000000000005 0.002 0 0.099000000000000005 0.0030000000000000001 0 0.099000000000000005
          0.0040000000000000001 0 0.099000000000000005 0 0 0.099250000000000005 0.001 0 0.099250000000000005 0.002 0 0.099250000000000005 0.0030000000000000001 0 0.099250000000000005 0.0040000000000000001
          0 0.099250000000000005 0 0 0.099500000000000005 0.001 0 0.099500000000000005 0.002 0 0.099500000000000005 0.0030000000000000001 0 0.099500000000000005 0.0040000000000000001 0
          0.099500000000000005 0 0 0.099750000000000019 0.001 0 0.099750000000000019 0.002 0 0.099750000000000019 0.0030000000000000001 0 0.099750000000000019 0.0040000000000000001 0 0.099750000000000019
          0 0 0.10000000000000001 0.001 0 0.10000000000000001 0.002 0 0.10000000000000001 0.0030000000000000001 0 0.10000000000000001 0.0040000000000000001 0 0.10000000000000001 0
          0 0.10025000000000001 0.001 0 0.10025000000000001 0.002 0 0.10025000000000001 0.0030000000000000001 0 0.10025000000000001 0.0040000000000000001 0 0.10025000000000001 0 0
          0.10050000000000001 0.001 0 0.10050000000000001 0.002 0 0.10050000000000001 0.0030000000000000001 0 0.10050000000000001 0.0040000000000000001 0 0.10050000000000001 0 0 0.10075000000000001
          0.001 0 0.10075000000000001 0.002 0 0.10075000000000001 0.0030000000000000001 0 0.10075000000000001 0.0040000000000000001 0 0.10075000000000001 0 0 0.10100000000000002 0.001
          0 0.10100000000000002 0.002 0 0.10100000000000002 0.0030000000000000001 0 0.10100000000000002 0.0040000000000000001 0 0.10100000000000002 0 0 0.10125000000000001 0.001 0
          0.10125000000000001 0.002 0 0.10125000000000001 0.0030000000000000001 0 0.10125000000000001 0.0040000000000000001 0 0.10125000000000001 0 0 0.10150000000000001 0.001 0 0.10150000000000001
          0.002 0 0.10150000000000001 0.0030000000000000001 0 0.10150000000000001 0.0040000000000000001 0 0.10150000000000001 0 0 0.10175000000000001 0.001 0 0.10175000000000001 0.002
          0 0.10175000000000001 0.0030000000000000001 0 0.10175000000000001 0.0040000000000000001 0 0.10175000000000001 0 0 0.10200000000000001 0.001 0 0.10200000000000001 0.002 0
          0.10200000000000001 0.0030000000000000001 0 0.10200000000000001 0.0040000000000000001 0 0.10200000000000001 0 0 0.10225000000000001 0.001 0 0.10225000000000001 0.002 0 0.10225000000000001
          0.0030000000000000001 0 0.10225000000000001 0.0040000000000000001 0 0.10225000000000001 0 0 0.10249999999999999 0.001 0 0.10249999999999999 0.002 0 0.10249999999999999 0.0030000000000000001
          0 0.10249999999999999 0.0040000000000000001 0 0.10249999999999999 0 0 0.10275000000000001 0.001 0 0.10275000000000001 0.002 0 0.10275000000000001 0.0030000000000000001 0
          0.10275000000000001 0.0040000000000000001 0 0.10275000000000001 0 0 0.10300000000000001 0.001 0 0.10300000000000001 0.002 0 0.10300000000000001 0.0030000000000000001 0 0.10300000000000001
          0.0040000000000000001 0 0.10300000000000001 0 0 0.10325000000000001 0.001 0 0.10325000000000001 0.002 0 0.10325000000000001 0.0030000000000000001 0 0.10325000000000001 0.0040000000000000001
          0 0.10325000000000001 0 0 0.10350000000000001 0.001 0 0.10350000000000001 0.002 0 0.10350000000000001 0.0030000000000000001 0 0.10350000000000001 0.0040000000000000001 0
          0.10350000000000001 0 0 0.10375 0.001 0 0.10375 0.002 0 0.10375 0.0030000000000000001 0 0.10375 0.0040000000000000001 0 0.10375
          0 0 0.10400000000000001 0.001 0 0.10400000000000001 0.002 0 0.10400000000000001 0.0030000000000000001 0 0.10400000000000001 0.0040000000000000001 0 0.10400000000000001 0
          0 0.10425000000000001 0.001 0 0.10425000000000001 0.002 0 0.10425000000000001 0.0030000000000000001 0 0.10425000000000001 0.0040000000000000001 0 0.10425000000000001 0 0
          0.10450000000000001 0.001 0 0.10450000000000001 0.002 0 0.10450000000000001 0.0030000000000000001 0 0.10450000000000001 0.0040000000000000001 0 0.10450000000000001 0 0 0.10475000000000001
          0.001 0 0.10475000000000001 0.002 0 0.10475000000000001 0.0030000000000000001 0 0.10475000000000001 0.0040000000000000001 0 0.10475000000000001 0 0 0.105 0.001
          0 0.105 0.002 0 0.105 0.0030000000000000001 0 0.105 0.0040000000000000001 0 0.105 0 0 0.10525000000000001 0.001 0
          0.10525000000000001 0.002 0 0.10525000000000001 0.0030000000000000001 0 0.10525000000000001 0.0040000000000000001 0 0.10525000000000001 0 0 0.10550000000000001 0.001 0 0.10550000000000001
          0.002 0 0.10550000000000001 0.0030000000000000001 0 0.10550000000000001 0.0040000000000000001 0 0.10550000000000001 0 0 0.10575000000000001 0.001 0 0.10575000000000001 0.002
          0 0.10575000000000001 0.0030000000000000001 0 0.10575000000000001 0.0040000000000000001 0 0.10575000000000001 0 0 0.10600000000000001 0.001 0 0.10600000000000001 0.002 0
          0.10600000000000001 0.0030000000000000001 0 0.10600000000000001 0.0040000000000000001 0 0.10600000000000001 0 0 0.10625 0.001 0 0.10625 0.002 0 0.10625
          0.0030000000000000001 0 0.10625 0.0040000000000000001 0 0.10625 0 0 0.1065 0.001 0 0.1065 0.002 0 0.1065 0.0030000000000000001
          0 0.1065 0.0040000000000000001 0 0.1065 0 0 0.10675000000000001 0.001 0 0.10675000000000001 0.002 0 0.10675000000000001 0.0030000000000000001 0
          0.10675000000000001 0.0040000000000000001 0 0.10675000000000001 0 0 0.10700000000000001 0.001 0 0.10700000000000001 0.002 0 0.10700000000000001 0.0030000000000000001 0 0.10700000000000001
          0.0040000000000000001 0 0.10700000000000001 0 0 0.10725000000000001 0.001 0 0.10725000000000001 0.002 0 0.10725000000000001 0.0030000000000000001 0 0.10725000000000001 0.0040000000000000001
          0 0.10725000000000001 0 0 0.1075 0.001 0 0.1075 0.002 0 0.1075 0.0030000000000000001 0 0.1075 0.0040000000000000001 0
          0.1075 0 0 0.10775 0.001 0 0.10775 0.002 0 0.10775 0.0030000000000000001 0 0.10775 0.0040000000000000001 0 0.10775
          0 0 0.10800000000000001 0.001 0 0.10800000000000001 0.002 0 0.10800000000000001 0.0030000000000000001 0 0.10800000000000001 0.0040000000000000001 0 0.10800000000000001 0
          0 0.10825000000000001 0.001 0 0.10825000000000001 0.002 0 0.10825000000000001 0.0030000000000000001 0 0.10825000000000001 0.0040000000000000001 0 0.10825000000000001 0 0
          0.10850000000000001 0.001 0 0.10850000000000001 0.002 0 0.10850000000000001 0.0030000000000000001 0 0.10850000000000001 0.0040000000000000001 0 0.10850000000000001 0 0 0.10875
          0.001 0 0.10875 0.002 0 0.10875 0.0030000000000000001 0 0.10875 0.0040000000000000001 0 0.10875 0 0 0.109 0.001
          0 0.109 0.002 0 0.109 0.0030000000000000001 0 0.109 0.0040000000000000001 0 0.109 0 0 0.10925000000000001 0.001 0
          0.10925000000000001 0.002 0 0.10925000000000001 0.0030000000000000001 0 0.10925000000000001 0.0040000000000000001 0 0.10925000000000001 0 0 0.10950000000000001 0.001 0 0.10950000000000001
          0.002 0 0.10950000000000001 0.0030000000000000001 0 0.10950000000000001 0.0040000000000000001 0 0.10950000000000001 0 0 0.10975000000000001 0.001 0 0.10975000000000001 0.002
          0 0.10975000000000001 0.0030000000000000001 0 0.10975000000000001 0.0040000000000000001 0 0.10975000000000001 0 0 0.11 0.001 0 0.11 0.002 0
          0.11 0.0030000000000000001 0 0.11 0.0040000000000000001 0 0.11 0 0 0.11025 0.001 0 0.11025 0.002 0 0.11025
          0.0030000000000000001 0 0.11025 0.0040000000000000001 0 0.11025 0 0 0.1105 0.001 0 0.1105 0.002 0 0.1105 0.0030000000000000001
          0 0.1105 0.0040000000000000001 0 0.1105 0 0 0.11075000000000002 0.001 0 0.11075000000000002 0.002 0 0.11075000000000002 0.0030000000000000001 0
          0.11075000000000002 0.0040000000000000001 0 0.11075000000000002 0 0 0.11100000000000002 0.001 0 0.11100000000000002 0.002 0 0.11100000000000002 0.0030000000000000001 0 0.11100000000000002
          0.0040000000000000001 0 0.11100000000000002 0 0 0.11125 0.001 0 0.11125 0.002 0 0.11125 0.0030000000000000001 0 0.11125 0.0040000000000000001
          0 0.11125 0 0 0.1115 0.001 0 0.1115 0.002 0 0.1115 0.0030000000000000001 0 0.1115 0.0040000000000000001 0
          0.1115 0 0 0.11175 0.001 0 0.11175 0.002 0 0.11175 0.0030000000000000001 0 0.11175 0.0040000000000000001 0 0.11175
          0 0 0.11200000000000002 0.001 0 0.11200000000000002 0.002 0 0.11200000000000002 0.0030000000000000001 0 0.11200000000000002 0.0040000000000000001 0 0.11200000000000002 0
          0 0.11225000000000002 0.001 0 0.11225000000000002 0.002 0 0.11225000000000002 0.0030000000000000001 0 0.11225000000000002 0.0040000000000000001 0 0.11225000000000002 0 0
          0.1125 0.001 0 0.1125 0.002 0 0.1125 0.0030000000000000001 0 0.1125 0.0040000000000000001 0 0.1125 0 0 0.11275
          0.001 0 0.11275 0.002 0 0.11275 0.0030000000000000001 0 0.11275 0.0040000000000000001 0 0.11275 0 0 0.113 0.001
          0 0.113 0.002 0 0.113 0.0030000000000000001 0 0.113 0.0040000000000000001 0 0.113 0 0 0.11325000000000002 0.001 0
          0.11325000000000002 0.002 0 0.11325000000000002 0.0030000000000000001 0 0.11325000000000002 0.0040000000000000001 0 0.11325000000000002 0 0 0.11350000000000002 0.001 0 0.11350000000000002
          0.002 0 0.11350000000000002 0.0030000000000000001 0 0.11350000000000002 0.0040000000000000001 0 0.11350000000000002 0 0 0.11375 0.001 0 0.11375 0.002
          0 0.11375 0.0030000000000000001 0 0.11375 0.0040000000000000001 0 0.11375 0 0 0.114 0.001 0 0.114 0.002 0
          0.114 0.0030000000000000001 0 0.114 0.0040000000000000001 0 0.114 0 0 0.11425 0.001 0 0.11425 0.002 0 0.11425
          0.0030000000000000001 0 0.11425 0.0040000000000000001 0 0.11425 0 0 0.1145 0.001 0 0.1145 0.002 0 0.1145 0.0030000000000000001
          0 0.1145 0.0040000000000000001 0 0.1145 0 0 0.11475000000000002 0.001 0 0.11475000000000002 0.002 0 0.11475000000000002 0.0030000000000000001 0
          0.11475000000000002 0.0040000000000000001 0 0.11475000000000002 0 0 0.115 0.001 0 0.115 0.002 0 0.115 0.0030000000000000001 0 0.115
          0.0040000000000000001 0 0.115 0 0 0.11525000000000001 0.001 0 0.11525000000000001 0.002 0 0.11525000000000001 0.0030000000000000001 0 0.11525000000000001 0.0040000000000000001
          0 0.11525000000000001 0 0 0.11550000000000001 0.001 0 0.11550000000000001 0.002 0 0.11550000000000001 0.0030000000000000001 0 0.11550000000000001 0.0040000000000000001 0
          0.11550000000000001 0 0 0.11575000000000001 0.001 0 0.11575000000000001 0.002 0 0.11575000000000001 0.0030000000000000001 0 0.11575000000000001 0.0040000000000000001 0 0.11575000000000001
          0 0 0.11600000000000002 0.001 0 0.11600000000000002 0.002 0 0.11600000000000002 0.0030000000000000001 0 0.11600000000000002 0.0040000000000000001 0 0.11600000000000002 0
          0 0.11625000000000001 0.001 0 0.11625000000000001 0.002 0 0.11625000000000001 0.0030000000000000001 0 0.11625000000000001 0.0040000000000000001 0 0.11625000000000001 0 0
          0.11650000000000001 0.001 0 0.11650000000000001 0.002 0 0.11650000000000001 0.0030000000000000001 0 0.11650000000000001 0.0040000000000000001 0 0.11650000000000001 0 0 0.11675000000000001
          0.001 0 0.11675000000000001 0.002 0 0.11675000000000001 0.0030000000000000001 0 0.11675000000000001 0.0040000000000000001 0 0.11675000000000001 0 0 0.11700000000000001 0.001
          0 0.11700000000000001 0.002 0 0.11700000000000001 0.0030000000000000001 0 0.11700000000000001 0.0040000000000000001 0 0.11700000000000001 0 0 0.11725000000000002 0.001 0
          0.11725000000000002 0.002 0 0.11725000000000002 0.0030000000000000001 0 0.11725000000000002 0.0040000000000000001 0 0.11725000000000002 0 0 0.11749999999999999 0.001 0 0.11749999999999999
          0.002 0 0.11749999999999999 0.0030000000000000001 0 0.11749999999999999 0.0040000000000000001 0 0.11749999999999999 0 0 0.11775000000000001 0.001 0 0.11775000000000001 0.002
          0 0.11775000000000001 0.0030000000000000001 0 0.11775000000000001 0.0040000000000000001 0 0.11775000000000001 0 0 0.11800000000000001 0.001 0 0.11800000000000001 0.002 0
          0.11800000000000001 0.0030000000000000001 0 0.11800000000000001 0.0040000000000000001 0 0.11800000000000001 0 0 0.11825000000000001 0.001 0 0.11825000000000001 0.002 0 0.11825000000000001
          0.0030000000000000001 0 0.11825000000000001 0.0040000000000000001 0 0.11825000000000001 0 0 0.11850000000000001 0.001 0 0.11850000000000001 0.002 0 0.11850000000000001 0.0030000000000000001
          0 0.11850000000000001 0.0040000000000000001 0 0.11850000000000001 0 0 0.11874999999999999 0.001 0 0.11874999999999999 0.002 0 0.11874999999999999 0.0030000000000000001 0
          0.11874999999999999 0.0040000000000000001 0 0.11874999999999999 0 0 0.11900000000000001 0.001 0 0.11900000000000001 0.002 0 0.11900000000000001 0.0030000000000000001 0 0.11900000000000001
          0.0040000000000000001 0 0.11900000000000001 0 0 0.11925000000000001 0.001 0 0.11925000000000001 0.002 0 0.11925000000000001 0.0030000000000000001 0 0.11925000000000001 0.0040000000000000001
          0 0.11925000000000001 0 0 0.11950000000000001 0.001 0 0.11950000000000001 0.002 0 0.11950000000000001 0.0030000000000000001 0 0.11950000000000001 0.0040000000000000001 0
          0.11950000000000001 0 0 0.11975000000000001 0.001 0 0.11975000000000001 0.002 0 0.11975000000000001 0.0030000000000000001 0 0.11975000000000001 0.0040000000000000001 0 0.11975000000000001
          0 0 0.12 0.001 0 0.12 0.002 0 0.12 0.0030000000000000001 0 0.12 0.0040000000000000001 0 0.12 0
          0 0.12025000000000001 0.001 0 0.12025000000000001 0.002 0 0.12025000000000001 0.0030000000000000001 0 0.12025000000000001 0.0040000000000000001 0 0.12025000000000001 0 0
          0.12050000000000001 0.001 0 0.12050000000000001 0.002 0 0.12050000000000001 0.0030000000000000001 0 0.12050000000000001 0.0040000000000000001 0 0.12050000000000001 0 0 0.12075000000000001
          0.001 0 0.12075000000000001 0.002 0 0.12075000000000001 0.0030000000000000001 0 0.12075000000000001 0.0040000000000000001 0 0.12075000000000001 0 0 0.12100000000000001 0.001
          0 0.12100000000000001 0.002 0 0.12100000000000001 0.0030000000000000001 0 0.12100000000000001 0.0040000000000000001 0 0.12100000000000001 0 0 0.12125 0.001 0
          0.12125 0.002 0 0.12125 0.0030000000000000001 0 0.12125 0.0040000000000000001 0 0.12125 0 0 0.1215 0.001 0 0.1215
          0.002 0 0.1215 0.0030000000000000001 0 0.1215 0.0040000000000000001 0 0.1215 0 0 0.12175000000000001 0.001 0 0.12175000000000001 0.002
          0 0.12175000000000001 0.0030000000000000001 0 0.12175000000000001 0.0040000000000000001 0 0.12175000000000001 0 0 0.12200000000000001 0.001 0 0.12200000000000001 0.002 0
          0.12200000000000001 0.0030000000000000001 0 0.12200000000000001 0.0040000000000000001 0 0.12200000000000001 0 0 0.12225000000000001 0.001 0 0.12225000000000001 0.002 0 0.12225000000000001
          0.0030000000000000001 0 0.12225000000000001 0.0040000000000000001 0 0.12225000000000001 0 0 0.1225 0.001 0 0.1225 0.002 0 0.1225 0.0030000000000000001
          0 0.1225 0.0040000000000000001 0 0.1225 0 0 0.12275 0.001 0 0.12275 0.002 0 0.12275 0.0030000000000000001 0
          0.12275 0.0040000000000000001 0 0.12275 0 0 0.12300000000000001 0.001 0 0.12300000000000001 0.002 0 0.12300000000000001 0.0030000000000000001 0 0.12300000000000001
          0.0040000000000000001 0 0.12300000000000001 0 0 0.12325000000000001 0.001 0 0.12325000000000001 0.002 0 0.12325000000000001 0.0030000000000000001 0 0.12325000000000001 0.0040000000000000001
          0 0.12325000000000001 0 0 0.12350000000000001 0.001 0 0.12350000000000001 0.002 0 0.12350000000000001 0.0030000000000000001 0 0.12350000000000001 0.0040000000000000001 0
          0.12350000000000001 0 0 0.12375 0.001 0 0.12375 0.002 0 0.12375 0.0030000000000000001 0 0.12375 0.0040000000000000001 0 0.12375
          0 0 0.124 0.001 0 0.124 0.002 0 0.124 0.0030000000000000001 0 0.124 0.0040000000000000001 0 0.124 0
          0 0.12425000000000001 0.001 0 0.12425000000000001 0.002 0 0.12425000000000001 0.0030000000000000001 0 0.12425000000000001 0.0040000000000000001 0 0.12425000000000001 0 0
          0.12450000000000001 0.001 0 0.12450000000000001 0.002 0 0.12450000000000001 0.0030000000000000001 0 0.12450000000000001 0.0040000000000000001 0 0.12450000000000001 0 0 0.12475000000000001
          0.001 0 0.12475000000000001 0.002 0 0.12475000000000001 0.0030000000000000001 0 0.12475000000000001 0.0040000000000000001 0 0.12475000000000001 0 0 0.125 0.001
          0 0.125 0.002 0 0.125 0.0030000000000000001 0 0.125 0.0040000000000000001 0 0.125 0 0 0.12525 0.001 0
          0.12525 0.002 0 0.12525 0.0030000000000000001 0 0.12525 0.0040000000000000001 0 0.12525 0 0 0.1255 0.001 0 0.1255
          0.002 0 0.1255 0.0030000000000000001 0 0.1255 0.0040000000000000001 0 0.1255 0 0 0.12575 0.001 0 0.12575 0.002
          0 0.12575 0.0030000000000000001 0 0.12575 0.0040000000000000001 0 0.12575 0 0 0.126 0.001 0 0.126 0.002 0
          0.126 0.0030000000000000001 0 0.126 0.0040000000000000001 0 0.126 0 0 0.12625 0.001 0 0.12625 0.002 0 0.12625
          0.0030000000000000001 0 0.12625 0.0040000000000000001 0 0.12625 0 0 0.1265 0.001 0 0.1265 0.002 0 0.1265 0.0030000000000000001
          0 0.1265 0.0040000000000000001 0 0.1265 0 0 0.12675 0.001 0 0.12675 0.002 0 0.12675 0.0030000000000000001 0
          0.12675 0.0040000000000000001 0 0.12675 0 0 0.127 0.001 0 0.127 0.002 0 0.127 0.0030000000000000001 0 0.127
          0.0040000000000000001 0 0.127 0 0 0.12725 0.001 0 0.12725 0.002 0 0.12725 0.0030000000000000001 0 0.12725 0.0040000000000000001
          0 0.12725 0 0 0.1275 0.001 0 0.1275 0.002 0 0.1275 0.0030000000000000001 0 0.1275 0.0040000000000000001 0
          0.1275 0 0 0.12775 0.001 0 0.12775 0.002 0 0.12775 0.0030000000000000001 0 0.12775 0.0040000000000000001 0 0.12775
          0 0 0.128 0.001 0 0.128 0.002 0 0.128 0.0030000000000000001 0 0.128 0.0040000000000000001 0 0.128 0
          0 0.12825 0.001 0 0.12825 0.002 0 0.12825 0.0030000000000000001 0 0.12825 0.0040000000000000001 0 0.12825 0 0
          0.1285 0.001 0 0.1285 0.002 0 0.1285 0.0030000000000000001 0 0.1285 0.0040000000000000001 0 0.1285 0 0 0.12875
          0.001 0 0.12875 0.002 0 0.12875 0.0030000000000000001 0 0.12875 0.0040000000000000001 0 0.12875 0 0 0.129 0.001
          0 0.129 0.002 0 0.129 0.0030000000000000001 0 0.129 0.0040000000000000001 0 0.129 0 0 0.12925 0.001 0
          0.12925 0.002 0 0.12925 0.0030000000000000001 0 0.12925 0.0040000000000000001 0 0.12925 0 0 0.1295 0.001 0 0.1295
          0.002 0 0.1295 0.0030000000000000001 0 0.1295 0.0040000000000000001 0 0.1295 0 0 0.12975 0.001 0 0.12975 0.002
          0 0.12975 0.0030000000000000001 0 0.12975 0.0040000000000000001 0 0.12975 0 0 0.13 0.001 0 0.13 0.002 0
          0.13 0.0030000000000000001 0 0.13 0.0040000000000000001 0 0.13 0 0 0.13025 0.001 0 0.13025 0.002 0 0.13025
          0.0030000000000000001 0 0.13025 0.0040000000000000001 0 0.13025 0 0 0.1305 0.001 0 0.1305 0.002 0 0.1305 0.0030000000000000001
          0 0.1305 0.0040000000000000001 0 0.1305 0 0 0.13075000000000001 0.001 0 0.13075000000000001 0.002 0 0.13075000000000001 0.0030000000000000001 0
          0.13075000000000001 0.0040000000000000001 0 0.13075000000000001 0 0 0.13100000000000001 0.001 0 0.13100000000000001 0.002 0 0.13100000000000001 0.0030000000000000001 0 0.13100000000000001
          0.0040000000000000001 0 0.13100000000000001 0 0 0.13125000000000001 0.001 0 0.13125000000000001 0.002 0 0.13125000000000001 0.0030000000000000001 0 0.13125000000000001 0.0040000000000000001
          0 0.13125000000000001 0 0 0.13150000000000001 0.001 0 0.13150000000000001 0.002 0 0.13150000000000001 0.0030000000000000001 0 0.13150000000000001 0.0040000000000000001 0
          0.13150000000000001 0 0 0.13175000000000001 0.001 0 0.13175000000000001 0.002 0 0.13175000000000001 0.0030000000000000001 0 0.13175000000000001 0.0040000000000000001 0 0.13175000000000001
          0 0 0.13200000000000001 0.001 0 0.13200000000000001 0.002 0 0.13200000000000001 0.0030000000000000001 0 0.13200000000000001 0.0040000000000000001 0 0.13200000000000001 0
          0 0.13225000000000001 0.001 0 0.13225000000000001 0.002 0 0.13225000000000001 0.0030000000000000001 0 0.13225000000000001 0.0040000000000000001 0 0.13225000000000001 0 0
          0.13250000000000001 0.001 0 0.13250000000000001 0.002 0 0.13250000000000001 0.0030000000000000001 0 0.13250000000000001 0.0040000000000000001 0 0.13250000000000001 0 0 0.13275000000000001
          0.001 0 0.13275000000000001 0.002 0 0.13275000000000001 0.0030000000000000001 0 0.13275000000000001 0.0040000000000000001 0 0.13275000000000001 0 0 0.13300000000000001 0.001
          0 0.13300000000000001 0.002 0 0.13300000000000001 0.0030000000000000001 0 0.13300000000000001 0.0040000000000000001 0 0.13300000000000001 0 0 0.13325000000000001 0.001 0
          0.13325000000000001 0.002 0 0.13325000000000001 0.0030000000000000001 0 0.13325000000000001 0.0040000000000000001 0 0.13325000000000001 0 0 0.13350000000000001 0.001 0 0.13350000000000001
          0.002 0 0.13350000000000001 0.0030000000000000001 0 0.13350000000000001 0.0040000000000000001 0 0.13350000000000001 0 0 0.13375000000000001 0.001 0 0.13375000000000001 0.002
          0 0.13375000000000001 0.0030000000000000001 0 0.13375000000000001 0.0040000000000000001 0 0.13375000000000001 0 0 0.13400000000000001 0.001 0 0.13400000000000001 0.002 0
          0.13400000000000001 0.0030000000000000001 0 0.13400000000000001 0.0040000000000000001 0 0.13400000000000001 0 0 0.13425000000000001 0.001 0 0.13425000000000001 0.002 0 0.13425000000000001
          0.0030000000000000001 0 0.13425000000000001 0.0040000000000000001 0 0.13425000000000001 0 0 0.13450000000000001 0.001 0 0.13450000000000001 0.002 0 0.13450000000000001 0.0030000000000000001
          0 0.13450000000000001 0.0040000000000000001 0 0.13450000000000001 0 0 0.13475000000000001 0.001 0 0.13475000000000001 0.002 0 0.13475000000000001 0.0030000000000000001 0
          0.13475000000000001 0.0040000000000000001 0 0.13475000000000001 0 0 0.13500000000000001 0.001 0 0.13500000000000001 0.002 0 0.13500000000000001 0.0030000000000000001 0 0.13500000000000001
          0.0040000000000000001 0 0.13500000000000001 0 0 0.13525000000000001 0.001 0 0.13525000000000001 0.002 0 0.13525000000000001 0.0030000000000000001 0 0.13525000000000001 0.0040000000000000001
          0 0.13525000000000001 0 0 0.13550000000000001 0.001 0 0.13550000000000001 0.002 0 0.13550000000000001 0.0030000000000000001 0 0.13550000000000001 0.0040000000000000001 0
          0.13550000000000001 0 0 0.13575000000000001 0.001 0 0.13575000000000001 0.002 0 0.13575000000000001 0.0030000000000000001 0 0.13575000000000001 0.0040000000000000001 0 0.13575000000000001
          0 0 0.13600000000000001 0.001 0 0.13600000000000001 0.002 0 0.13600000000000001 0.0030000000000000001 0 0.13600000000000001 0.0040000000000000001 0 0.13600000000000001 0
          0 0.13625000000000001 0.001 0 0.13625000000000001 0.002 0 0.13625000000000001 0.0030000000000000001 0 0.13625000000000001 0.0040000000000000001 0 0.13625000000000001 0 0
          0.13650000000000001 0.001 0 0.13650000000000001 0.002 0 0.13650000000000001 0.0030000000000000001 0 0.13650000000000001 0.0040000000000000001 0 0.13650000000000001 0 0 0.13675000000000001
          0.001 0 0.13675000000000001 0.002 0 0.13675000000000001 0.0030000000000000001 0 0.13675000000000001 0.0040000000000000001 0 0.13675000000000001 0 0 0.13700000000000001 0.001
          0 0.13700000000000001 0.002 0 0.13700000000000001 0.0030000000000000001 0 0.13700000000000001 0.0040000000000000001 0 0.13700000000000001 0 0 0.13725000000000001 0.001 0
          0.13725000000000001 0.002 0 0.13725000000000001 0.0030000000000000001 0 0.13725000000000001 0.0040000000000000001 0 0.13725000000000001 0 0 0.13750000000000001 0.001 0 0.13750000000000001
          0.002 0 0.13750000000000001 0.0030000000000000001 0 0.13750000000000001 0.0040000000000000001 0 0.13750000000000001 0 0 0.13775000000000001 0.001 0 0.13775000000000001 0.002
          0 0.13775000000000001 0.0030000000000000001 0 0.13775000000000001 0.0040000000000000001 0 0.13775000000000001 0 0 0.13800000000000001 0.001 0 0.13800000000000001 0.002 0
          0.13800000000000001 0.0030000000000000001 0 0.13800000000000001 0.0040000000000000001 0 0.13800000000000001 0 0 0.13825000000000001 0.001 0 0.13825000000000001 0.002 0 0.13825000000000001
          0.0030000000000000001 0 0.13825000000000001 0.0040000000000000001 0 0.13825000000000001 0 0 0.13850000000000001 0.001 0 0.13850000000000001 0.002 0 0.13850000000000001 0.0030000000000000001
          0 0.13850000000000001 0.0040000000000000001 0 0.13850000000000001 0 0 0.13875000000000001 0.001 0 0.13875000000000001 0.002 0 0.13875000000000001 0.0030000000000000001 0
          0.13875000000000001 0.0040000000000000001 0 0.13875000000000001 0 0 0.13900000000000001 0.001 0 0.13900000000000001 0.002 0 0.13900000000000001 0.0030000000000000001 0 0.13900000000000001
          0.0040000000000000001 0 0.13900000000000001 0 0 0.13925000000000001 0.001 0 0.13925000000000001 0.002 0 0.13925000000000001 0.0030000000000000001 0 0.13925000000000001 0.0040000000000000001
          0 0.13925000000000001 0 0 0.13950000000000001 0.001 0 0.13950000000000001 0.002 0 0.13950000000000001 0.0030000000000000001 0 0.13950000000000001 0.0040000000000000001 0
          0.13950000000000001 0 0 0.13975000000000001 0.001 0 0.13975000000000001 0.002 0 0.13975000000000001 0.0030000000000000001 0 0.13975000000000001 0.0040000000000000001 0 0.13975000000000001
          0 0 0.14000000000000001 0.001 0 0.14000000000000001 0.002 0 0.14000000000000001 0.0030000000000000001 0 0.14000000000000001 0.0040000000000000001 0 0.14000000000000001 0
          0 0.14025000000000001 0.001 0 0.14025000000000001 0.002 0 0.14025000000000001 0.0030000000000000001 0 0.14025000000000001 0.0040000000000000001 0 0.14025000000000001 0 0
          0.14050000000000001 0.001 0 0.14050000000000001 0.002 0 0.14050000000000001 0.0030000000000000001 0 0.14050000000000001 0.0040000000000000001 0 0.14050000000000001 0 0 0.14075000000000001
          0.001 0 0.14075000000000001 0.002 0 0.14075000000000001 0.0030000000000000001 0 0.14075000000000001 0.0040000000000000001 0 0.14075000000000001 0 0 0.14100000000000001 0.001
          0 0.14100000000000001 0.002 0 0.14100000000000001 0.0030000000000000001 0 0.14100000000000001 0.0040000000000000001 0 0.14100000000000001 0 0 0.14124999999999999 0.001 0
          0.14124999999999999 0.002 0 0.14124999999999999 0.0030000000000000001 0 0.14124999999999999 0.0040000000000000001 0 0.14124999999999999 0 0 0.14150000000000001 0.001 0 0.14150000000000001
          0.002 0 0.14150000000000001 0.0030000000000000001 0 0.14150000000000001 0.0040000000000000001 0 0.14150000000000001 0 0 0.14175000000000001 0.001 0 0.14175000000000001 0.002
          0 0.14175000000000001 0.0030000000000000001 0 0.14175000000000001 0.0040000000000000001 0 0.14175000000000001 0 0 0.14200000000000002 0.001 0 0.14200000000000002 0.002 0
          0.14200000000000002 0.0030000000000000001 0 0.14200000000000002 0.0040000000000000001 0 0.14200000000000002 0 0 0.14225000000000002 0.001 0 0.14225000000000002 0.002 0 0.14225000000000002
          0.0030000000000000001 0 0.14225000000000002 0.0040000000000000001 0 0.14225000000000002 0 0 0.14249999999999999 0.001 0 0.14249999999999999 0.002 0 0.14249999999999999 0.0030000000000000001
          0 0.14249999999999999 0.0040000000000000001 0 0.14249999999999999 0 0 0.14275000000000002 0.001 0 0.14275000000000002 0.002 0 0.14275000000000002 0.0030000000000000001 0
          0.14275000000000002 0.0040000000000000001 0 0.14275000000000002 0 0 0.14300000000000002 0.001 0 0.14300000000000002 0.002 0 0.14300000000000002 0.0030000000000000001 0 0.14300000000000002
          0.0040000000000000001 0 0.14300000000000002 0 0 0.14325000000000002 0.001 0 0.14325000000000002 0.002 0 0.14325000000000002 0.0030000000000000001 0 0.14325000000000002 0.0040000000000000001
          0 0.14325000000000002 0 0 0.14350000000000002 0.001 0 0.14350000000000002 0.002 0 0.14350000000000002 0.0030000000000000001 0 0.14350000000000002 0.0040000000000000001 0
          0.14350000000000002 0 0 0.14374999999999999 0.001 0 0.14374999999999999 0.002 0 0.14374999999999999 0.0030000000000000001 0 0.14374999999999999 0.0040000000000000001 0 0.14374999999999999
          0 0 0.14400000000000002 0.001 0 0.14400000000000002 0.002 0 0.14400000000000002 0.0030000000000000001 0 0.14400000000000002 0.0040000000000000001 0 0.14400000000000002 0
          0 0.14425000000000002 0.001 0 0.14425000000000002 0.002 0 0.14425000000000002 0.0030000000000000001 0 0.14425000000000002 0.0040000000000000001 0 0.14425000000000002 0 0
          0.14450000000000002 0.001 0 0.14450000000000002 0.002 0 0.14450000000000002 0.0030000000000000001 0 0.14450000000000002 0.0040000000000000001 0 0.14450000000000002 0 0 0.14475000000000002
          0.001 0 0.14475000000000002 0.002 0 0.14475000000000002 0.0030000000000000001 0 0.14475000000000002 0.0040000000000000001 0 0.14475000000000002 0 0 0.14499999999999999 0.001
          0 0.14499999999999999 0.002 0 0.14499999999999999 0.0030000000000000001 0 0.14499999999999999 0.0040000000000000001 0 0.14499999999999999 0 0 0.14524999999999999 0.001 0
          0.14524999999999999 0.002 0 0.14524999999999999 0.0030000000000000001 0 0.14524999999999999 0.0040000000000000001 0 0.14524999999999999 0 0 0.14550000000000002 0.001 0 0.14550000000000002
          0.002 0 0.14550000000000002 0.0030000000000000001 0 0.14550000000000002 0.0040000000000000001 0 0.14550000000000002 0 0 0.14575000000000002 0.001 0 0.14575000000000002 0.002
          0 0.14575000000000002 0.0030000000000000001 0 0.14575000000000002 0.0040000000000000001 0 0.14575000000000002 0 0 0.14600000000000002 0.001 0 0.14600000000000002 0.002 0
          0.14600000000000002 0.0030000000000000001 0 0.14600000000000002 0.0040000000000000001 0 0.14600000000000002 0 0 0.14624999999999999 0.001 0 0.14624999999999999 0.002 0 0.14624999999999999
          0.0030000000000000001 0 0.14624999999999999 0.0040000000000000001 0 0.14624999999999999 0 0 0.14649999999999999 0.001 0 0.14649999999999999 0.002 0 0.14649999999999999 0.0030000000000000001
          0 0.14649999999999999 0.0040000000000000001 0 0.14649999999999999 0 0 0.14675000000000002 0.001 0 0.14675000000000002 0.002 0 0.14675000000000002 0.0030000000000000001 0
          0.14675000000000002 0.0040000000000000001 0 0.14675000000000002 0 0 0.14700000000000002 0.001 0 0.14700000000000002 0.002 0 0.14700000000000002 0.0030000000000000001 0 0.14700000000000002
          0.0040000000000000001 0 0.14700000000000002 0 0 0.14725000000000002 0.001 0 0.14725000000000002 0.002 0 0.14725000000000002 0.0030000000000000001 0 0.14725000000000002 0.0040000000000000001
          0 0.14725000000000002 0 0 0.14749999999999999 0.001 0 0.14749999999999999 0.002 0 0.14749999999999999 0.0030000000000000001 0 0.14749999999999999 0.0040000000000000001 0
          0.14749999999999999 0 0 0.14774999999999999 0.001 0 0.14774999999999999 0.002 0 0.14774999999999999 0.0030000000000000001 0 0.14774999999999999 0.0040000000000000001 0 0.14774999999999999
          0 0 0.14800000000000002 0.001 0 0.14800000000000002 0.002 0 0.14800000000000002 0.0030000000000000001 0 0.14800000000000002 0.0040000000000000001 0 0.14800000000000002 0
          0 0.14825000000000002 0.001 0 0.14825000000000002 0.002 0 0.14825000000000002 0.0030000000000000001 0 0.14825000000000002 0.0040000000000000001 0 0.14825000000000002 0 0
          0.14850000000000002 0.001 0 0.14850000000000002 0.002 0 0.14850000000000002 0.0030000000000000001 0 0.14850000000000002 0.0040000000000000001 0 0.14850000000000002 0 0 0.14874999999999999
          0.001 0 0.14874999999999999 0.002 0 0.14874999999999999 0.0030000000000000001 0 0.14874999999999999 0.0040000000000000001 0 0.14874999999999999 0 0 0.14899999999999999 0.001
          0 0.14899999999999999 0.002 0 0.14899999999999999 0.0030000000000000001 0 0.14899999999999999 0.0040000000000000001 0 0.14899999999999999 0 0 0.14924999999999999 0.001 0
          0.14924999999999999 0.002 0 0.14924999999999999 0.0030000000000000001 0 0.14924999999999999 0.0040000000000000001 0 0.14924999999999999 0 0 0.14950000000000002 0.001 0 0.14950000000000002
          0.002 0 0.14950000000000002 0.0030000000000000001 0 0.14950000000000002 0.0040000000000000001 0 0.14950000000000002 0 0 0.14975000000000002 0.001 0 0.14975000000000002 0.002
          0 0.14975000000000002 0.0030000000000000001 0 0.14975000000000002 0.0040000000000000001 0 0.14975000000000002 0 0 0.14999999999999999 0.001 0 0.14999999999999999 0.002 0
          0.14999999999999999 0.0030000000000000001 0 0.14999999999999999 0.0040000000000000001 0 0.14999999999999999 0 0 0.15024999999999999 0.001 0 0.15024999999999999 0.002 0 0.15024999999999999
          0.0030000000000000001 0 0.15024999999999999 0.0040000000000000001 0 0.15024999999999999 0 0 0.15049999999999999 0.001 0 0.15049999999999999 0.002 0 0.15049999999999999 0.0030000000000000001
          0 0.15049999999999999 0.0040000000000000001 0 0.15049999999999999 0 0 0.15075000000000002 0.001 0 0.15075000000000002 0.002 0 0.15075000000000002 0.0030000000000000001 0
          0.15075000000000002 0.0040000000000000001 0 0.15075000000000002 0 0 0.15100000000000002 0.001 0 0.15100000000000002 0.002 0 0.15100000000000002 0.0030000000000000001 0 0.15100000000000002
          0.0040000000000000001 0 0.15100000000000002 0 0 0.15125 0.001 0 0.15125 0.002 0 0.15125 0.0030000000000000001 0 0.15125 0.0040000000000000001
          0 0.15125 0 0 0.1515 0.001 0 0.1515 0.002 0 0.1515 0.0030000000000000001 0 0.1515 0.0040000000000000001 0
          0.1515 0 0 0.15175 0.001 0 0.15175 0.002 0 0.15175 0.0030000000000000001 0 0.15175 0.0040000000000000001 0 0.15175
          0 0 0.15200000000000002 0.001 0 0.15200000000000002 0.002 0 0.15200000000000002 0.0030000000000000001 0 0.15200000000000002 0.0040000000000000001 0 0.15200000000000002 0
          0 0.15225000000000002 0.001 0 0.15225000000000002 0.002 0 0.15225000000000002 0.0030000000000000001 0 0.15225000000000002 0.0040000000000000001 0 0.15225000000000002 0 0
          0.1525 0.001 0 0.1525 0.002 0 0.1525 0.0030000000000000001 0 0.1525 0.0040000000000000001 0 0.1525 0 0 0.15275
          0.001 0 0.15275 0.002 0 0.15275 0.0030000000000000001 0 0.15275 0.0040000000000000001 0 0.15275 0 0 0.153 0.001
          0 0.153 0.002 0 0.153 0.0030000000000000001 0 0.153 0.0040000000000000001 0 0.153 0 0 0.15325 0.001 0
          0.15325 0.002 0 0.15325 0.0030000000000000001 0 0.15325 0.0040000000000000001 0 0.15325 0 0 0.15350000000000003 0.001 0 0.15350000000000003
          0.002 0 0.15350000000000003 0.0030000000000000001 0 0.15350000000000003 0.0040000000000000001 0 0.15350000000000003 0 0 0.15375 0.001 0 0.15375 0.002
          0 0.15375 0.0030000000000000001 0 0.15375 0.0040000000000000001 0 0.15375 0 0 0.154 0.001 0 0.154 0.002 0
          0.154 0.0030000000000000001 0 0.154 0.0040000000000000001 0 0.154 0 0 0.15425 0.001 0 0.15425 0.002 0 0.15425
          0.0030000000000000001 0 0.15425 0.0040000000000000001 0 0.15425 0 0 0.1545 0.001 0 0.1545 0.002 0 0.1545 0.0030000000000000001
          0 0.1545 0.0040000000000000001 0 0.1545 0 0 0.15475000000000003 0.001 0 0.15475000000000003 0.002 0 0.15475000000000003 0.0030000000000000001 0
          0.15475000000000003 0.0040000000000000001 0 0.15475000000000003 0 0 0.155 0.001 0 0.155 0.002 0 0.155 0.0030000000000000001 0 0.155
          0.0040000000000000001 0 0.155 0 0 0.15525 0.001 0 0.15525 0.002 0 0.15525 0.0030000000000000001 0 0.15525 0.0040000000000000001
          0 0.15525 0 0 0.1555 0.001 0 0.1555 0.002 0 0.1555 0.0030000000000000001 0 0.1555 0.0040000000000000001 0
          0.1555 0 0 0.15575 0.001 0 0.15575 0.002 0 0.15575 0.0030000000000000001 0 0.15575 0.0040000000000000001 0 0.15575
          0 0 0.15600000000000003 0.001 0 0.15600000000000003 0.002 0 0.15600000000000003 0.0030000000000000001 0 0.15600000000000003 0.0040000000000000001 0 0.15600000000000003 0
          0 0.15625 0.001 0 0.15625 0.002 0 0.15625 0.0030000000000000001 0 0.15625 0.0040000000000000001 0 0.15625 0 0
          0.1565 0.001 0 0.1565 0.002 0 0.1565 0.0030000000000000001 0 0.1565 0.0040000000000000001 0 0.1565 0 0 0.15675
          0.001 0 0.15675 0.002 0 0.15675 0.0030000000000000001 0 0.15675 0.0040000000000000001 0 0.15675 0 0 0.157 0.001
          0 0.157 0.002 0 0.157 0.0030000000000000001 0 0.157 0.0040000000000000001 0 0.157 0 0 0.15725 0.001 0
          0.15725 0.002 0 0.15725 0.0030000000000000001 0 0.15725 0.0040000000000000001 0 0.15725 0 0 0.1575 0.001 0 0.1575
          0.002 0 0.1575 0.0030000000000000001 0 0.1575 0.0040000000000000001 0 0.1575 0 0 0.15775 0.001 0 0.15775 0.002
          0 0.15775 0.0030000000000000001 0 0.15775 0.0040000000000000001 0 0.15775 0 0 0.158 0.001 0 0.158 0.002 0
          0.158 0.0030000000000000001 0 0.158 0.0040000000000000001 0 0.158 0 0 0.15825 0.001 0 0.15825 0.002 0 0.15825
          0.0030000000000000001 0 0.15825 0.0040000000000000001 0 0.15825 0 0 0.1585 0.001 0 0.1585 0.002 0 0.1585 0.0030000000000000001
          0 0.1585 0.0040000000000000001 0 0.1585 0 0 0.15875 0.001 0 0.15875 0.002 0 0.15875 0.0030000000000000001 0
          0.15875 0.0040000000000000001 0 0.15875 0 0 0.159 0.001 0 0.159 0.002 0 0.159 0.0030000000000000001 0 0.159
          0.0040000000000000001 0 0.159 0 0 0.15925 0.001 0 0.15925 0.002 0 0.15925 0.0030000000000000001 0 0.15925 0.0040000000000000001
          0 0.15925 0 0 0.1595 0.001 0 0.1595 0.002 0 0.1595 0.0030000000000000001 0 0.1595 0.0040000000000000001 0
          0.1595 0 0 0.15975 0.001 0 0.15975 0.002 0 0.15975 0.0030000000000000001 0 0.15975 0.0040000000000000001 0 0.15975
          0 0 0.16 0.001 0 0.16 0.002 0 0.16 0.0030000000000000001 0 0.16 0.0040000000000000001 0 0.16 0
          0 0.16025000000000003 0.001 0 0.16025000000000003 0.002 0 0.16025000000000003 0.0030000000000000001 0 0.16025000000000003 0.0040000000000000001 0 0.16025000000000003 0 0
          0.1605 0.001 0 0.1605 0.002 0 0.1605 0.0030000000000000001 0 0.1605 0.0040000000000000001 0 0.1605 0 0 0.16075
          0.001 0 0.16075 0.002 0 0.16075 0.0030000000000000001 0 0.16075 0.0040000000000000001 0 0.16075 0 0 0.161 0.001
          0 0.161 0.002 0 0.161 0.0030000000000000001 0 0.161 0.0040000000000000001 0 0.161 0 0 0.16125 0.001 0
          0.16125 0.002 0 0.16125 0.0030000000000000001 0 0.16125 0.0040000000000000001 0 0.16125 0 0 0.16150000000000003 0.001 0 0.16150000000000003
          0.002 0 0.16150000000000003 0.0030000000000000001 0 0.16150000000000003 0.0040000000000000001 0 0.16150000000000003 0 0 0.16175 0.001 0 0.16175 0.002
          0 0.16175 0.0030000000000000001 0 0.16175 0.0040000000000000001 0 0.16175 0 0 0.16200000000000001 0.001 0 0.16200000000000001 0.002 0
          0.16200000000000001 0.0030000000000000001 0 0.16200000000000001 0.0040000000000000001 0 0.16200000000000001 0 0 0.16225000000000001 0.001 0 0.16225000000000001 0.002 0 0.16225000000000001
          0.0030000000000000001 0 0.16225000000000001 0.0040000000000000001 0 0.16225000000000001 0 0 0.16250000000000001 0.001 0 0.16250000000000001 0.002 0 0.16250000000000001 0.0030000000000000001
          0 0.16250000000000001 0.0040000000000000001 0 0.16250000000000001 0 0 0.16275000000000003 0.001 0 0.16275000000000003 0.002 0 0.16275000000000003 0.0030000000000000001 0
          0.16275000000000003 0.0040000000000000001 0 0.16275000000000003 0 0 0.16300000000000001 0.001 0 0.16300000000000001 0.002 0 0.16300000000000001 0.0030000000000000001 0 0.16300000000000001
          0.0040000000000000001 0 0.16300000000000001 0 0 0.16325000000000001 0.001 0 0.16325000000000001 0.002 0 0.16325000000000001 0.0030000000000000001 0 0.16325000000000001 0.0040000000000000001
          0 0.16325000000000001 0 0 0.16350000000000001 0.001 0 0.16350000000000001 0.002 0 0.16350000000000001 0.0030000000000000001 0 0.16350000000000001 0.0040000000000000001 0
          0.16350000000000001 0 0 0.16375000000000001 0.001 0 0.16375000000000001 0.002 0 0.16375000000000001 0.0030000000000000001 0 0.16375000000000001 0.0040000000000000001 0 0.16375000000000001
          0 0 0.16400000000000003 0.001 0 0.16400000000000003 0.002 0 0.16400000000000003 0.0030000000000000001 0 0.16400000000000003 0.0040000000000000001 0 0.16400000000000003 0
          0 0.16425000000000001 0.001 0 0.16425000000000001 0.002 0 0.16425000000000001 0.0030000000000000001 0 0.16425000000000001 0.0040000000000000001 0 0.16425000000000001 0 0
          0.16449999999999998 0.001 0 0.16449999999999998 0.002 0 0.16449999999999998 0.0030000000000000001 0 0.16449999999999998 0.0040000000000000001 0 0.16449999999999998 0 0 0.16475000000000001
          0.001 0 0.16475000000000001 0.002 0 0.16475000000000001 0.0030000000000000001 0 0.16475000000000001 0.0040000000000000001 0 0.16475000000000001 0 0 0.16500000000000001 0.001
          0 0.16500000000000001 0.002 0 0.16500000000000001 0.0030000000000000001 0 0.16500000000000001 0.0040000000000000001 0 0.16500000000000001 0 0 0.16525000000000001 0.001 0
          0.16525000000000001 0.002 0 0.16525000000000001 0.0030000000000000001 0 0.16525000000000001 0.0040000000000000001 0 0.16525000000000001 0 0 0.16550000000000001 0.001 0 0.16550000000000001
          0.002 0 0.16550000000000001 0.0030000000000000001 0 0.16550000000000001 0.0040000000000000001 0 0.16550000000000001 0 0 0.16574999999999998 0.001 0 0.16574999999999998 0.002
          0 0.16574999999999998 0.0030000000000000001 0 0.16574999999999998 0.0040000000000000001 0 0.16574999999999998 0 0 0.16600000000000001 0.001 0 0.16600000000000001 0.002 0
          0.16600000000000001 0.0030000000000000001 0 0.16600000000000001 0.0040000000000000001 0 0.16600000000000001 0 0 0.16625000000000001 0.001 0 0.16625000000000001 0.002 0 0.16625000000000001
          0.0030000000000000001 0 0.16625000000000001 0.0040000000000000001 0 0.16625000000000001 0 0 0.16650000000000001 0.001 0 0.16650000000000001 0.002 0 0.16650000000000001 0.0030000000000000001
          0 0.16650000000000001 0.0040000000000000001 0 0.16650000000000001 0 0 0.16675000000000001 0.001 0 0.16675000000000001 0.002 0 0.16675000000000001 0.0030000000000000001 0
          0.16675000000000001 0.0040000000000000001 0 0.16675000000000001 0 0 0.16699999999999998 0.001 0 0.16699999999999998 0.002 0 0.16699999999999998 0.0030000000000000001 0 0.16699999999999998
          0.0040000000000000001 0 0.16699999999999998 0 0 0.16725000000000001 0.001 0 0.16725000000000001 0.002 0 0.16725000000000001 0.0030000000000000001 0 0.16725000000000001 0.0040000000000000001
          0 0.16725000000000001 0 0 0.16750000000000001 0.001 0 0.16750000000000001 0.002 0 0.16750000000000001 0.0030000000000000001 0 0.16750000000000001 0.0040000000000000001 0
          0.16750000000000001 0 0 0.16775000000000001 0.001 0 0.16775000000000001 0.002 0 0.16775000000000001 0.0030000000000000001 0 0.16775000000000001 0.0040000000000000001 0 0.16775000000000001
          0 0 0.16800000000000001 0.001 0 0.16800000000000001 0.002 0 0.16800000000000001 0.0030000000000000001 0 0.16800000000000001 0.0040000000000000001 0 0.16800000000000001 0
          0 0.16824999999999998 0.001 0 0.16824999999999998 0.002 0 0.16824999999999998 0.0030000000000000001 0 0.16824999999999998 0.0040000000000000001 0 0.16824999999999998 0 0
          0.16850000000000001 0.001 0 0.16850000000000001 0.002 0 0.16850000000000001 0.0030000000000000001 0 0.16850000000000001 0.0040000000000000001 0 0.16850000000000001 0 0 0.16875000000000001
          0.001 0 0.16875000000000001 0.002 0 0.16875000000000001 0.0030000000000000001 0 0.16875000000000001 0.0040000000000000001 0 0.16875000000000001 0 0 0.16900000000000001 0.001
          0 0.16900000000000001 0.002 0 0.16900000000000001 0.0030000000000000001 0 0.16900000000000001 0.0040000000000000001 0 0.16900000000000001 0 0 0.16925000000000001 0.001 0
          0.16925000000000001 0.002 0 0.16925000000000001 0.0030000000000000001 0 0.16925000000000001 0.0040000000000000001 0 0.16925000000000001 0 0 0.16949999999999998 0.001 0 0.16949999999999998
          0.002 0 0.16949999999999998 0.0030000000000000001 0 0.16949999999999998 0.0040000000000000001 0 0.16949999999999998 0 0 0.16975000000000001 0.001 0 0.16975000000000001 0.002
          0 0.16975000000000001 0.0030000000000000001 0 0.16975000000000001 0.0040000000000000001 0 0.16975000000000001 0 0 0.17000000000000001 0.001 0 0.17000000000000001 0.002 0
          0.17000000000000001 0.0030000000000000001 0 0.17000000000000001 0.0040000000000000001 0 0.17000000000000001 0 0 0.17025000000000001 0.001 0 0.17025000000000001 0.002 0 0.17025000000000001
          0.0030000000000000001 0 0.17025000000000001 0.0040000000000000001 0 0.17025000000000001 0 0 0.17050000000000001 0.001 0 0.17050000000000001 0.002 0 0.17050000000000001 0.0030000000000000001
          0 0.17050000000000001 0.0040000000000000001 0 0.17050000000000001 0 0 0.17074999999999999 0.001 0 0.17074999999999999 0.002 0 0.17074999999999999 0.0030000000000000001 0
          0.17074999999999999 0.0040000000000000001 0 0.17074999999999999 0 0 0.17100000000000001 0.001 0 0.17100000000000001 0.002 0 0.17100000000000001 0.0030000000000000001 0 0.17100000000000001
          0.0040000000000000001 0 0.17100000000000001 0 0 0.17125000000000001 0.001 0 0.17125000000000001 0.002 0 0.17125000000000001 0.0030000000000000001 0 0.17125000000000001 0.0040000000000000001
          0 0.17125000000000001 0 0 0.17150000000000001 0.001 0 0.17150000000000001 0.002 0 0.17150000000000001 0.0030000000000000001 0 0.17150000000000001 0.0040000000000000001 0
          0.17150000000000001 0 0 0.17175000000000001 0.001 0 0.17175000000000001 0.002 0 0.17175000000000001 0.0030000000000000001 0 0.17175000000000001 0.0040000000000000001 0 0.17175000000000001
          0 0 0.17199999999999999 0.001 0 0.17199999999999999 0.002 0 0.17199999999999999 0.0030000000000000001 0 0.17199999999999999 0.0040000000000000001 0 0.17199999999999999 0
          0 0.17225000000000001 0.001 0 0.17225000000000001 0.002 0 0.17225000000000001 0.0030000000000000001 0 0.17225000000000001 0.0040000000000000001 0 0.17225000000000001 0 0
          0.17249999999999999 0.001 0 0.17249999999999999 0.002 0 0.17249999999999999 0.0030000000000000001 0 0.17249999999999999 0.0040000000000000001 0 0.17249999999999999 0 0 0.17275000000000001
          0.001 0 0.17275000000000001 0.002 0 0.17275000000000001 0.0030000000000000001 0 0.17275000000000001 0.0040000000000000001 0 0.17275000000000001 0 0 0.17300000000000001 0.001
          0 0.17300000000000001 0.002 0 0.17300000000000001 0.0030000000000000001 0 0.17300000000000001 0.0040000000000000001 0 0.17300000000000001 0 0 0.17324999999999999 0.001 0
          0.17324999999999999 0.002 0 0.17324999999999999 0.0030000000000000001 0 0.17324999999999999 0.0040000000000000001 0 0.17324999999999999 0 0 0.17350000000000002 0.001 0 0.17350000000000002
          0.002 0 0.17350000000000002 0.0030000000000000001 0 0.17350000000000002 0.0040000000000000001 0 0.17350000000000002 0 0 0.17374999999999999 0.001 0 0.17374999999999999 0.002
          0 0.17374999999999999 0.0030000000000000001 0 0.17374999999999999 0.0040000000000000001 0 0.17374999999999999 0 0 0.17400000000000002 0.001 0 0.17400000000000002 0.002 0
          0.17400000000000002 0.0030000000000000001 0 0.17400000000000002 0.0040000000000000001 0 0.17400000000000002 0 0 0.17425000000000002 0.001 0 0.17425000000000002 0.002 0 0.17425000000000002
          0.0030000000000000001 0 0.17425000000000002 0.0040000000000000001 0 0.17425000000000002 0 0 0.17449999999999999 0.001 0 0.17449999999999999 0.002 0 0.17449999999999999 0.0030000000000000001
          0 0.17449999999999999 0.0040000000000000001 0 0.17449999999999999 0 0 0.17475000000000002 0.001 0 0.17475000000000002 0.002 0 0.17475000000000002 0.0030000000000000001 0
          0.17475000000000002 0.0040000000000000001 0 0.17475000000000002 0 0 0.17499999999999999 0.001 0 0.17499999999999999 0.002 0 0.17499999999999999 0.0030000000000000001 0 0.17499999999999999
          0.0040000000000000001 0 0.17499999999999999 0 0 0.17525000000000002 0.001 0 0.17525000000000002 0.002 0 0.17525000000000002 0.0030000000000000001 0 0.17525000000000002 0.0040000000000000001
          0 0.17525000000000002 0 0 0.17550000000000002 0.001 0 0.17550000000000002 0.002 0 0.17550000000000002 0.0030000000000000001 0 0.17550000000000002 0.0040000000000000001 0
          0.17550000000000002 0 0 0.17574999999999999 0.001 0 0.17574999999999999 0.002 0 0.17574999999999999 0.0030000000000000001 0 0.17574999999999999 0.0040000000000000001 0 0.17574999999999999
          0 0 0.17600000000000002 0.001 0 0.17600000000000002 0.002 0 0.17600000000000002 0.0030000000000000001 0 0.17600000000000002 0.0040000000000000001 0 0.17600000000000002 0
          0 0.17624999999999999 0.001 0 0.17624999999999999 0.002 0 0.17624999999999999 0.0030000000000000001 0 0.17624999999999999 0.0040000000000000001 0 0.17624999999999999 0 0
          0.17650000000000002 0.001 0 0.17650000000000002 0.002 0 0.17650000000000002 0.0030000000000000001 0 0.17650000000000002 0.0040000000000000001 0 0.17650000000000002 0 0 0.17675000000000002
          0.001 0 0.17675000000000002 0.002 0 0.17675000000000002 0.0030000000000000001 0 0.17675000000000002 0.0040000000000000001 0 0.17675000000000002 0 0 0.17699999999999999 0.001
          0 0.17699999999999999 0.002 0 0.17699999999999999 0.0030000000000000001 0 0.17699999999999999 0.0040000000000000001 0 0.17699999999999999 0 0 0.17725000000000002 0.001 0
          0.17725000000000002 0.002 0 0.17725000000000002 0.0030000000000000001 0 0.17725000000000002 0.0040000000000000001 0 0.17725000000000002 0 0 0.17749999999999999 0.001 0 0.17749999999999999
          0.002 0 0.17749999999999999 0.0030000000000000001 0 0.17749999999999999 0.0040000000000000001 0 0.17749999999999999 0 0 0.17775000000000002 0.001 0 0.17775000000000002 0.002
          0 0.17775000000000002 0.0030000000000000001 0 0.17775000000000002 0.0040000000000000001 0 0.17775000000000002 0 0 0.17800000000000002 0.001 0 0.17800000000000002 0.002 0
          0.17800000000000002 0.0030000000000000001 0 0.17800000000000002 0.0040000000000000001 0 0.17800000000000002 0 0 0.17824999999999999 0.001 0 0.17824999999999999 0.002 0 0.17824999999999999
          0.0030000000000000001 0 0.17824999999999999 0.0040000000000000001 0 0.17824999999999999 0 0 0.17850000000000002 0.001 0 0.17850000000000002 0.002 0 0.17850000000000002 0.0030000000000000001
          0 0.17850000000000002 0.0040000000000000001 0 0.17850000000000002 0 0 0.17874999999999999 0.001 0 0.17874999999999999 0.002 0 0.17874999999999999 0.0030000000000000001 0
          0.17874999999999999 0.0040000000000000001 0 0.17874999999999999 0 0 0.17900000000000002 0.001 0 0.17900000000000002 0.002 0 0.17900000000000002 0.0030000000000000001 0 0.17900000000000002
          0.0040000000000000001 0 0.17900000000000002 0 0 0.17925000000000002 0.001 0 0.17925000000000002 0.002 0 0.17925000000000002 0.0030000000000000001 0 0.17925000000000002 0.0040000000000000001
          0 0.17925000000000002 0 0 0.17949999999999999 0.001 0 0.17949999999999999 0.002 0 0.17949999999999999 0.0030000000000000001 0 0.17949999999999999 0.0040000000000000001 0
          0.17949999999999999 0 0 0.17975000000000002 0.001 0 0.17975000000000002 0.002 0 0.17975000000000002 0.0030000000000000001 0 0.17975000000000002 0.0040000000000000001 0 0.17975000000000002
          0 0 0.17999999999999999 0.001 0 0.17999999999999999 0.002 0 0.17999999999999999 0.0030000000000000001 0 0.17999999999999999 0.0040000000000000001 0 0.17999999999999999 0
          0 0.18025000000000002 0.001 0 0.18025000000000002 0.002 0 0.18025000000000002 0.0030000000000000001 0 0.18025000000000002 0.0040000000000000001 0 0.18025000000000002 0 0
          0.18049999999999999 0.001 0 0.18049999999999999 0.002 0 0.18049999999999999 0.0030000000000000001 0 0.18049999999999999 0.0040000000000000001 0 0.18049999999999999 0 0 0.18074999999999999
          0.001 0 0.18074999999999999 0.002 0 0.18074999999999999 0.0030000000000000001 0 0.18074999999999999 0.0040000000000000001 0 0.18074999999999999 0 0 0.18100000000000002 0.001
          0 0.18100000000000002 0.002 0 0.18100000000000002 0.0030000000000000001 0 0.18100000000000002 0.0040000000000000001 0 0.18100000000000002 0 0 0.18124999999999999 0.001 0
          0.18124999999999999 0.002 0 0.18124999999999999 0.0030000000000000001 0 0.18124999999999999 0.0040000000000000001 0 0.18124999999999999 0 0 0.18150000000000002 0.001 0 0.18150000000000002
          0.002 0 0.18150000000000002 0.0030000000000000001 0 0.18150000000000002 0.0040000000000000001 0 0.18150000000000002 0 0 0.18174999999999999 0.001 0 0.18174999999999999 0.002
          0 0.18174999999999999 0.0030000000000000001 0 0.18174999999999999 0.0040000000000000001 0 0.18174999999999999 0 0 0.182 0.001 0 0.182 0.002 0
          0.182 0.0030000000000000001 0 0.182 0.0040000000000000001 0 0.182 0 0 0.18225000000000002 0.001 0 0.18225000000000002 0.002 0 0.18225000000000002
          0.0030000000000000001 0 0.18225000000000002 0.0040000000000000001 0 0.18225000000000002 0 0 0.1825 0.001 0 0.1825 0.002 0 0.1825 0.0030000000000000001
          0 0.1825 0.0040000000000000001 0 0.1825 0 0 0.18275000000000002 0.001 0 0.18275000000000002 0.002 0 0.18275000000000002 0.0030000000000000001 0
          0.18275000000000002 0.0040000000000000001 0 0.18275000000000002 0 0 0.183 0.001 0 0.183 0.002 0 0.183 0.0030000000000000001 0 0.183
          0.0040000000000000001 0 0.183 0 0 0.18325 0.001 0 0.18325 0.002 0 0.18325 0.0030000000000000001 0 0.18325 0.0040000000000000001
          0 0.18325 0 0 0.18350000000000002 0.001 0 0.18350000000000002 0.002 0 0.18350000000000002 0.0030000000000000001 0 0.18350000000000002 0.0040000000000000001 0
          0.18350000000000002 0 0 0.18375 0.001 0 0.18375 0.002 0 0.18375 0.0030000000000000001 0 0.18375 0.0040000000000000001 0 0.18375
          0 0 0.18400000000000002 0.001 0 0.18400000000000002 0.002 0 0.18400000000000002 0.0030000000000000001 0 0.18400000000000002 0.0040000000000000001 0 0.18400000000000002 0
          0 0.18425 0.001 0 0.18425 0.002 0 0.18425 0.0030000000000000001 0 0.18425 0.0040000000000000001 0 0.18425 0 0
          0.1845 0.001 0 0.1845 0.002 0 0.1845 0.0030000000000000001 0 0.1845 0.0040000000000000001 0 0.1845 0 0 0.18475000000000003
          0.001 0 0.18475000000000003 0.002 0 0.18475000000000003 0.0030000000000000001 0 0.18475000000000003 0.0040000000000000001 0 0.18475000000000003 0 0 0.185 0.001
          0 0.185 0.002 0 0.185 0.0030000000000000001 0 0.185 0.0040000000000000001 0 0.185 0 0 0.18525000000000003 0.001 0
          0.18525000000000003 0.002 0 0.18525000000000003 0.0030000000000000001 0 0.18525000000000003 0.0040000000000000001 0 0.18525000000000003 0 0 0.1855 0.001 0 0.1855
          0.002 0 0.1855 0.0030000000000000001 0 0.1855 0.0040000000000000001 0 0.1855 0 0 0.18575 0.001 0 0.18575 0.002
          0 0.18575 0.0030000000000000001 0 0.18575 0.0040000000000000001 0 0.18575 0 0 0.18600000000000003 0.001 0 0.18600000000000003 0.002 0
          0.18600000000000003 0.0030000000000000001 0 0.18600000000000003 0.0040000000000000001 0 0.18600000000000003 0 0 0.18625 0.001 0 0.18625 0.002 0 0.18625
          0.0030000000000000001 0 0.18625 0.0040000000000000001 0 0.18625 0 0 0.18650000000000003 0.001 0 0.18650000000000003 0.002 0 0.18650000000000003 0.0030000000000000001
          0 0.18650000000000003 0.0040000000000000001 0 0.18650000000000003 0 0 0.18675 0.001 0 0.18675 0.002 0 0.18675 0.0030000000000000001 0
          0.18675 0.0040000000000000001 0 0.18675 0 0 0.187 0.001 0 0.187 0.002 0 0.187 0.0030000000000000001 0 0.187
          0.0040000000000000001 0 0.187 0 0 0.18725000000000003 0.001 0 0.18725000000000003 0.002 0 0.18725000000000003 0.0030000000000000001 0 0.18725000000000003 0.0040000000000000001
          0 0.18725000000000003 0 0 0.1875 0.001 0 0.1875 0.002 0 0.1875 0.0030000000000000001 0 0.1875 0.0040000000000000001 0
          0.1875 0 0 0.18775000000000003 0.001 0 0.18775000000000003 0.002 0 0.18775000000000003 0.0030000000000000001 0 0.18775000000000003 0.0040000000000000001 0 0.18775000000000003
          0 0 0.188 0.001 0 0.188 0.002 0 0.188 0.0030000000000000001 0 0.188 0.0040000000000000001 0 0.188 0
          0 0.18825 0.001 0 0.18825 0.002 0 0.18825 0.0030000000000000001 0 0.18825 0.0040000000000000001 0 0.18825 0 0
          0.1885 0.001 0 0.1885 0.002 0 0.1885 0.0030000000000000001 0 0.1885 0.0040000000000000001 0 0.1885 0 0 0.18875
          0.001 0 0.18875 0.002 0 0.18875 0.0030000000000000001 0 0.18875 0.0040000000000000001 0 0.18875 0 0 0.18900000000000003 0.001
          0 0.18900000000000003 0.002 0 0.18900000000000003 0.0030000000000000001 0 0.18900000000000003 0.0040000000000000001 0 0.18900000000000003 0 0 0.18925 0.001 0
          0.18925 0.002 0 0.18925 0.0030000000000000001 0 0.18925 0.0040000000000000001 0 0.18925 0 0 0.1895 0.001 0 0.1895
          0.002 0 0.1895 0.0030000000000000001 0 0.1895 0.0040000000000000001 0 0.1895 0 0 0.18975 0.001 0 0.18975 0.002
          0 0.18975 0.0030000000000000001 0 0.18975 0.0040000000000000001 0 0.18975 0 0 0.19 0.001 0 0.19 0.002 0
          0.19 0.0030000000000000001 0 0.19 0.0040000000000000001 0 0.19 0 0 0.19025000000000003 0.001 0 0.19025000000000003 0.002 0 0.19025000000000003
          0.0030000000000000001 0 0.19025000000000003 0.0040000000000000001 0 0.19025000000000003 0 0 0.1905 0.001 0 0.1905 0.002 0 0.1905 0.0030000000000000001
          0 0.1905 0.0040000000000000001 0 0.1905 0 0 0.19075 0.001 0 0.19075 0.002 0 0.19075 0.0030000000000000001 0
          0.19075 0.0040000000000000001 0 0.19075 0 0 0.191 0.001 0 0.191 0.002 0 0.191 0.0030000000000000001 0 0.191
          0.0040000000000000001 0 0.191 0 0 0.19125 0.001 0 0.19125 0.002 0 0.19125 0.0030000000000000001 0 0.19125 0.0040000000000000001
          0 0.19125 0 0 0.19150000000000003 0.001 0 0.19150000000000003 0.002 0 0.19150000000000003 0.0030000000000000001 0 0.19150000000000003 0.0040000000000000001 0
          0.19150000000000003 0 0 0.19175 0.001 0 0.19175 0.002 0 0.19175 0.0030000000000000001 0 0.19175 0.0040000000000000001 0 0.19175
          0 0 0.19200000000000003 0.001 0 0.19200000000000003 0.002 0 0.19200000000000003 0.0030000000000000001 0 0.19200000000000003 0.0040000000000000001 0 0.19200000000000003 0
          0 0.19225 0.001 0 0.19225 0.002 0 0.19225 0.0030000000000000001 0 0.19225 0.0040000000000000001 0 0.19225 0 0
          0.1925 0.001 0 0.1925 0.002 0 0.1925 0.0030000000000000001 0 0.1925 0.0040000000000000001 0 0.1925 0 0 0.19275000000000003
          0.001 0 0.19275000000000003 0.002 0 0.19275000000000003 0.0030000000000000001 0 0.19275000000000003 0.0040000000000000001 0 0.19275000000000003 0 0 0.193 0.001
          0 0.193 0.002 0 0.193 0.0030000000000000001 0 0.193 0.0040000000000000001 0 0.193 0 0 0.19325000000000003 0.001 0
          0.19325000000000003 0.002 0 0.19325000000000003 0.0030000000000000001 0 0.19325000000000003 0.0040000000000000001 0 0.19325000000000003 0 0 0.19350000000000001 0.001 0 0.19350000000000001
          0.002 0 0.19350000000000001 0.0030000000000000001 0 0.19350000000000001 0.0040000000000000001 0 0.19350000000000001 0 0 0.19375000000000001 0.001 0 0.19375000000000001 0.002
          0 0.19375000000000001 0.0030000000000000001 0 0.19375000000000001 0.0040000000000000001 0 0.19375000000000001 0 0 0.19400000000000003 0.001 0 0.19400000000000003 0.002 0
          0.19400000000000003 0.0030000000000000001 0 0.19400000000000003 0.0040000000000000001 0 0.19400000000000003 0 0 0.19425000000000001 0.001 0 0.19425000000000001 0.002 0 0.19425000000000001
          0.0030000000000000001 0 0.19425000000000001 0.0040000000000000001 0 0.19425000000000001 0 0 0.19450000000000003 0.001 0 0.19450000000000003 0.002 0 0.19450000000000003 0.0030000000000000001
          0 0.19450000000000003 0.0040000000000000001 0 0.19450000000000003 0 0 0.19475000000000001 0.001 0 0.19475000000000001 0.002 0 0.19475000000000001 0.0030000000000000001 0
          0.19475000000000001 0.0040000000000000001 0 0.19475000000000001 0 0 0.19500000000000001 0.001 0 0.19500000000000001 0.002 0 0.19500000000000001 0.0030000000000000001 0 0.19500000000000001
          0.0040000000000000001 0 0.19500000000000001 0 0 0.19525000000000003 0.001 0 0.19525000000000003 0.002 0 0.19525000000000003 0.0030000000000000001 0 0.19525000000000003 0.0040000000000000001
          0 0.19525000000000003 0 0 0.19550000000000001 0.001 0 0.19550000000000001 0.002 0 0.19550000000000001 0.0030000000000000001 0 0.19550000000000001 0.0040000000000000001 0
          0.19550000000000001 0 0 0.19575000000000004 0.001 0 0.19575000000000004 0.002 0 0.19575000000000004 0.0030000000000000001 0 0.19575000000000004 0.0040000000000000001 0 0.19575000000000004
          0 0 0.19600000000000001 0.001 0 0.19600000000000001 0.002 0 0.19600000000000001 0.0030000000000000001 0 0.19600000000000001 0.0040000000000000001 0 0.19600000000000001 0
          0 0.19625000000000001 0.001 0 0.19625000000000001 0.002 0 0.19625000000000001 0.0030000000000000001 0 0.19625000000000001 0.0040000000000000001 0 0.19625000000000001 0 0
          0.19650000000000001 0.001 0 0.19650000000000001 0.002 0 0.19650000000000001 0.0030000000000000001 0 0.19650000000000001 0.0040000000000000001 0 0.19650000000000001 0 0 0.19675000000000001
          0.001 0 0.19675000000000001 0.002 0 0.19675000000000001 0.0030000000000000001 0 0.19675000000000001 0.0040000000000000001 0 0.19675000000000001 0 0 0.19700000000000004 0.001
          0 0.19700000000000004 0.002 0 0.19700000000000004 0.0030000000000000001 0 0.19700000000000004 0.0040000000000000001 0 0.19700000000000004 0 0 0.19725000000000001 0.001 0
          0.19725000000000001 0.002 0 0.19725000000000001 0.0030000000000000001 0 0.19725000000000001 0.0040000000000000001 0 0.19725000000000001 0 0 0.19750000000000001 0.001 0 0.19750000000000001
          0.002 0 0.19750000000000001 0.0030000000000000001 0 0.19750000000000001 0.0040000000000000001 0 0.19750000000000001 0 0 0.19775000000000001 0.001 0 0.19775000000000001 0.002
          0 0.19775000000000001 0.0030000000000000001 0 0.19775000000000001 0.0040000000000000001 0 0.19775000000000001 0 0 0.19800000000000001 0.001 0 0.19800000000000001 0.002 0
          0.19800000000000001 0.0030000000000000001 0 0.19800000000000001 0.0040000000000000001 0 0.19800000000000001 0 0 0.19825000000000004 0.001 0 0.19825000000000004 0.002 0 0.19825000000000004
          0.0030000000000000001 0 0.19825000000000004 0.0040000000000000001 0 0.19825000000000004 0 0 0.19850000000000001 0.001 0 0.19850000000000001 0.002 0 0.19850000000000001 0.0030000000000000001
          0 0.19850000000000001 0.0040000000000000001 0 0.19850000000000001 0 0 0.19875000000000001 0.001 0 0.19875000000000001 0.002 0 0.19875000000000001 0.0030000000000000001 0
          0.19875000000000001 0.0040000000000000001 0 0.19875000000000001 0 0 0.19900000000000001 0.001 0 0.19900000000000001 0.002 0 0.19900000000000001 0.0030000000000000001 0 0.19900000000000001
          0.0040000000000000001 0 0.19900000000000001 0 0 0.19925000000000001 0.001 0 0.19925000000000001 0.002 0 0.19925000000000001 0.0030000000000000001 0 0.19925000000000001 0.0040000000000000001
          0 0.19925000000000001 0 0 0.19950000000000004 0.001 0 0.19950000000000004 0.002 0 0.19950000000000004 0.0030000000000000001 0 0.19950000000000004 0.0040000000000000001 0
          0.19950000000000004 0 0 0.19975000000000001 0.001 0 0.19975000000000001 0.002 0 0.19975000000000001 0.0030000000000000001 0 0.19975000000000001 0.0040000000000000001 0 0.19975000000000001
          0 0 0.20000000000000001 0.001 0 0.20000000000000001 0.002 0 0.20000000000000001 0.0030000000000000001 0 0.20000000000000001 0.0040000000000000001 0 0.20000000000000001
        </DataArray>
      </Points>
      <Cells>
        <DataArray type="Int32" Name="connectivity" format="ascii">
          0 1 6 5 1 2 7 6 2 3 8 7 3 4 9 8
          5 6 11 10 6 7 12 11 7 8 13 12 8 9 14 13
          10 11 16 15 11 12 17 16 12 13 18 17 13 14 19 18
          15 16 21 20 16 17 22 21 17 18 23 22 18 19 24 23
          20 21 26 25 21 22 27 26 22 23 28 27 23 24 29 28
          25 26 31 30 26 27 32 31 27 28 33 32 28 29 34 33
          30 31 36 35 31 32 37 36 32 33 38 37 33 34 39 38
          35 36 41 40 36 37 42 41 37 38 43 42 38 39 44 43
          40 41 46 45 41 42 47 46 42 43 48 47 43 44 49 48
          45 46 51 50 46 47 52 51 47 48 53 52 48 49 54 53
          50 51 56 55 51 52 57 56 52 53 58 57 53 54 59 58
          55 56 61 60 56 57 62 61 57 58 63 62 58 59 64 63
          60 61 66 65 61 62 67 66 62 63 68 67 63 64 69 68
          65 66 71 70 66 67 72 71 67 68 73 72 68 69 74 73
          70 71 76 75 71 72 77 76 72 73 78 77 73 74 79 78
          75 76 81 80 76 77 82 81 77 78 83 82 78 79 84 83
          80 81 86 85 81 82 87 86 82 83 88 87 83 84 89 88
          85 86 91 90 86 87 92 91 87 88 93 92 88 89 94 93
          90 91 96 95 91 92 97 96 92 93 98 97 93 94 99 98
          95 96 101 100 96 97 102 101 97 98 103 102 98 99 104 103
          100 101 106 105 101 102 107 106 102 103 108 107 103 104 109 108
          105 106 111 110 106 107 112 111 107 108 113 112 108 109 114 113
          110 111 116 115 111 112 117 116 112 113 118 117 113 114 119 118
          115 116 121 120 116 117 122 121 117 118 123 122 118 119 124 123
          120 121 126 125 121 122 127 126 122 123 128 127 123 124 129 128
          125 126 131 130 126 127 132 131 127 128 133 132 128 129 134 133
          130 131 136 135 131 132 137 136 132 133 138 137 133 134 139 138
          135 136 141 140 136 137 142 141 137 138 143 142 138 139 144 143
          140 141 146 145 141 142 147 146 142 143 148 147 143 144 149 148
          145 146 151 150 146 147 152 151 147 148 153 152 148 149 154 153
          150 151 156 155 151 152 157 156 152 153 158 157 153 154 159 158
          155 156 161 160 156 157 162 161 157 158 163 162 158 159 164 163
          160 161 166 165 161 162 167 166 162 163 168 167 163 164 169 168
          165 166 171 170 166 167 172 171 167 168 173 172 168 169 174 173
          170 171 176 175 171 172 177 176 172 173 178 177 173 174 179 178
          175 176 181 180 176 177 182 181 177 178 183 182 178 179 184 183
          180 181 186 185 181 182 187 186 182 183 188 187 183 184 189 188
          185 186 191 190 186 187 192 191 187 188 193 192 188 189 194 193
          190 191 196 195 191 192 197 196 192 193 198 197 193 194 199 198
          195 196 201 200 196 197 202 201 197 198 203 202 198 199 204 203
          200 201 206 205 201 202 207 206 202 203 208 207 203 204 209 208
          205 206 211 210 206 207 212 211 207 208 213 212 208 209 214 213
          210 211 216 215 211 212 217 216 212 213 218 217 213 214 219 218
          215 216 221 220 216 217 222 221 217 218 223 222 218 219 224 223
          220 221 226 225 221 222 227 226 222 223 228 227 223 224 229 228
          225 226 231 230 226 227 232 231 227 228 233 232 228 229 234 233
          230 231 236 235 231 232 237 236 232 233 238 237 233 234 239 238
          235 236 241 240 236 237 242 241 237 238 243 242 238 239 244 243
          240 241 246 245 241 242 247 246 242 243 248 247 243 244 249 248
          245 246 251 250 246 247 252 251 247 248 253 252 248 249 254 253
          250 251 256 255 251 252 257 256 252 253 258 257 253 254 259 258
          255 256 261 260 256 257 262 261 257 258 263 262 258 259 264 263
          260 261 266 265 261 262 267 266 262 263 268 267 263 264 269 268
          265 266 271 270 266 267 272 271 267 268 273 272 268 269 274 273
          270 271 276 275 271 272 277 276 272 273 278 277 273 274 279 278
          275 276 281 280 276 277 282 281 277 278 283 282 278 279 284 283
          280 281 286 285 281 282 287 286 282 283 288 287 283 284 289 288
          285 286 291 290 286 287 292 291 287 288 293 292 288 289 294 293
          290 291 296 295 291 292 297 296 292 293 298 297 293 294 299 298
          295 296 301 300 296 297 302 301 297 298 303 302 298 299 304 303
          300 301 306 305 301 302 307 306 302 303 308 307 303 304 309 308
          305 306 311 310 306 307 312 311 307 308 313 312 308 309 314 313
          310 311 316 315 311 312 317 316 312 313 318 317 313 314 319 318
          315 316 321 320 316 317 322 321 317 318 323 322 318 319 324 323
          320 321 326 325 321 322 327 326 322 323 328 327 323 324 329 328
          325 326 331 330 326 327 332 331 327 328 333 332 328 329 334 333
          330 331 336 335 331 332 337 336 332 333 338 337 333 334 339 338
          335 336 341 340 336 337 342 341 337 338 343 342 338 339 344 343
          340 341 346 345 341 342 347 346 342 343 348 347 343 344 349 348
          345 346 351 350 346 347 352 351 347 348 353 352 348 349 354 353
          350 351 356 355 351 352 357 356 352 353 358 357 353 354 359 358
          355 356 361 360 356 357 362 361 357 358 363 362 358 359 364 363
          360 361 366 365 361 362 367 366 362 363 368 367 363 364 369 368
          365 366 371 370 366 367 372 371 367 368 373 372 368 369 374 373
          370 371 376 375 371 372 377 376 372 373 378 377 373 374 379 378
          375 376 381 380 376 377 382 381 377 378 383 382 378 379 384 383
          380 381 386 385 381 382 387 386 382 383 388 387 383 384 389 388
          385 386 391 390 386 387 392 391 387 388 393 392 388 389 394 393
          390 391 396 395 391 392 397 396 392 393 398 397 393 394 399 398
          395 396 401 400 396 397 402 401 397 398 403 402 398 399 404 403
          400 401 406 405 401 402 407 406 402 403 408 407 403 404 409 408
          405 406 411 410 406 407 412 411 407 408 413 412 408 409 414 413
          410 411 416 415 411 412 417 416 412 413 418 417 413 414 419 418
          415 416 421 420 416 417 422 421 417 418 423 422 418 419 424 423
          420 421 426 425 421 422 427 426 422 423 428 427 423 424 429 428
          425 426 431 430 426 427 432 431 427 428 433 432 428 429 434 433
          430 431 436 435 431 432 437 436 432 433 438 437 433 434 439 438
          435 436 441 440 436 437 442 441 437 438 443 442 438 439 444 443
          440 441 446 445 441 442 447 446 442 443 448 447 443 444 449 448
          445 446 451 450 446 447 452 451 447 448 453 452 448 449 454 453
          450 451 456 455 451 452 457 456 452 453 458 457 453 454 459 458
          455 456 461 460 456 457 462 461 457 458 463 462 458 459 464 463
          460 461 466 465 461 462 467 466 462 463 468 467 463 464 469 468
          465 466 471 470 466 467 472 471 467 468 473 472 468 469 474 473
          470 471 476 475 471 472 477 476 472 473 478 477 473 474 479 478
          475 476 481 480 476 477 482 481 477 478 483 482 478 479 484 483
          480 481 486 485 481 482 487 486 482 483 488 487 483 484 489 488
          485 486 491 490 486 487 492 491 487 488 493 492 488 489 494 493
          490 491 496 495 491 492 497 496 492 493 498 497 493 494 499 498
          495 496 501 500 496 497 502 501 497 498 503 502 498 499 504 503
          500 501 506 505 501 502 507 506 502 503 508 507 503 504 509 508
          505 506 511 510 506 507 512 511 507 508 513 512 508 509 514 513
          510 511 516 515 511 512 517 516 512 513 518 517 513 514 519 518
          515 516 521 520 516 517 522 521 517 518 523 522 518 519 524 523
          520 521 526 525 521 522 527 526 522 523 528 527 523 524 529 528
          525 526 531 530 526 527 532 531 527 528 533 532 528 529 534 533
          530 531 536 535 531 532 537 536 532 533 538 537 533 534 539 538
          535 536 541 540 536 537 542 541 537 538 543 542 538 539 544 543
          540 541 546 545 541 542 547 546 542 543 548 547 543 544 549 548
          545 546 551 550 546 547 552 551 547 548 553 552 548 549 554 553
          550 551 556 555 551 552 557 556 552 553 558 557 553 554 559 558
          555 556 561 560 556 557 562 561 557 558 563 562 558 559 564 563
          560 561 566 565 561 562 567 566 562 563 568 567 563 564 569 568
          565 566 571 570 566 567 572 571 567 568 573 572 568 569 574 573
          570 571 576 575 571 572 577 576 572 573 578 577 573 574 579 578
          575 576 581 580 576 577 582 581 577 578 583 582 578 579 584 583
          580 581 586 585 581 582 587 586 582 583 588 587 583 584 589 588
          585 586 591 590 586 587 592 591 587 588 593 592 588 589 594 593
          590 591 596 595 591 592 597 596 592 593 598 597 593 594 599 598
          595 596 601 600 596 597 602 601 597 598 603 602 598 599 604 603
          600 601 606 605 601 602 607 606 602 603 608 607 603 604 609 608
          605 606 611 610 606 607 612 611 607 608 613 612 608 609 614 613
          610 611 616 615 611 612 617 616 612 613 618 617 613 614 619 618
          615 616 621 620 616 617 622 621 617 618 623 622 618 619 624 623
          620 621 626 625 621 622 627 626 622 623 628 627 623 624 629 628
          625 626 631 630 626 627 632 631 627 628 633 632 628 629 634 633
          630 631 636 635 631 632 637 636 632 633 638 637 633 634 639 638
          635 636 641 640 636 637 642 641 637 638 643 642 638 639 644 643
          640 641 646 645 641 642 647 646 642 643 648 647 643 644 649 648
          645 646 651 650 646 647 652 651 647 648 653 652 648 649 654 653
          650 651 656 655 651 652 657 656 652 653 658 657 653 654 659 658
          655 656 661 660 656 657 662 661 657 658 663 662 658 659 664 663
          660 661 666 665 661 662 667 666 662 663 668 667 663 664 669 668
          665 666 671 670 666 667 672 671 667 668 673 672 668 669 674 673
          670 671 676 675 671 672 677 676 672 673 678 677 673 674 679 678
          675 676 681 680 676 677 682 681 677 678 683 682 678 679 684 683
          680 681 686 685 681 682 687 686 682 683 688 687 683 684 689 688
          685 686 691 690 686 687 692 691 687 688 693 692 688 689 694 693
          690 691 696 695 691 692 697 696 692 693 698 697 693 694 699 698
          695 696 701 700 696 697 702 701 697 698 703 702 698 699 704 703
          700 701 706 705 701 702 707 706 702 703 708 707 703 704 709 708
          705 706 711 710 706 707 712 711 707 708 713 712 708 709 714 713
          710 711 716 715 711 712 717 716 712 713 718 717 713 714 719 718
          715 716 721 720 716 717 722 721 717 718 723 722 718 719 724 723
          720 721 726 725 721 722 727 726 722 723 728 727 723 724 729 728
          725 726 731 730 726 727 732 731 727 728 733 732 728 729 734 733
          730 731 736 735 731 732 737 736 732 733 738 737 733 734 739 738
          735 736 741 740 736 737 742 741 737 738 743 742 738 739 744 743
          740 741 746 745 741 742 747 746 742 743 748 747 743 744 749 748
          745 746 751 750 746 747 752 751 747 748 753 752 748 749 754 753
          750 751 756 755 751 752 757 756 752 753 758 757 753 754 759 758
          755 756 761 760 756 757 762 761 757 758 763 762 758 759 764 763
          760 761 766 765 761 762 767 766 762 763 768 767 763 764 769 768
          765 766 771 770 766 767 772 771 767 768 773 772 768 769 774 773
          770 771 776 775 771 772 777 776 772 773 778 777 773 774 779 778
          775 776 781 780 776 777 782 781 777 778 783 782 778 779 784 783
          780 781 786 785 781 782 787 786 782 783 788 787 783 784 789 788
          785 786 791 790 786 787 792 791 787 788 793 792 788 789 794 793
          790 791 796 795 791 792 797 796 792 793 798 797 793 794 799 798
          795 796 801 800 796 797 802 801 797 798 803 802 798 799 804 803
          800 801 806 805 801 802 807 806 802 803 808 807 803 804 809 808
          805 806 811 810 806 807 812 811 807 808 813 812 808 809 814 813
          810 811 816 815 811 812 817 816 812 813 818 817 813 814 819 818
          815 816 821 820 816 817 822 821 817 818 823 822 818 819 824 823
          820 821 826 825 821 822 827 826 822 823 828 827 823 824 829 828
          825 826 831 830 826 827 832 831 827 828 833 832 828 829 834 833
          830 831 836 835 831 832 837 836 832 833 838 837 833 834 839 838
          835 836 841 840 836 837 842 841 837 838 843 842 838 839 844 843
          840 841 846 845 841 842 847 846 842 843 848 847 843 844 849 848
          845 846 851 850 846 847 852 851 847 848 853 852 848 849 854 853
          850 851 856 855 851 852 857 856 852 853 858 857 853 854 859 858
          855 856 861 860 856 857 862 861 857 858 863 862 858 859 864 863
          860 861 866 865 861 862 867 866 862 863 868 867 863 864 869 868
          865 866 871 870 866 867 872 871 867 868 873 872 868 869 874 873
          870 871 876 875 871 872 877 876 872 873 878 877 873 874 879 878
          875 876 881 880 876 877 882 881 877 878 883 882 878 879 884 883
          880 881 886 885 881 882 887 886 882 883 888 887 883 884 889 888
          885 886 891 890 886 887 892 891 887 888 893 892 888 889 894 893
          890 891 896 895 891 892 897 896 892 893 898 897 893 894 899 898
          895 896 901 900 896 897 902 901 897 898 903 902 898 899 904 903
          900 901 906 905 901 902 907 906 902 903 908 907 903 904 909 908
          905 906 911 910 906 907 912 911 907 908 913 912 908 909 914 913
          910 911 916 915 911 912 917 916 912 913 918 917 913 914 919 918
          915 916 921 920 916 917 922 921 917 918 923 922 918 919 924 923
          920 921 926 925 921 922 927 926 922 923 928 927 923 924 929 928
          925 926 931 930 926 927 932 931 927 928 933 932 928 929 934 933
          930 931 936 935 931 932 937 936 932 933 938 937 933 934 939 938
          935 936 941 940 936 937 942 941 937 938 943 942 938 939 944 943
          940 941 946 945 941 942 947 946 942 943 948 947 943 944 949 948
          945 946 951 950 946 947 952 951 947 948 953 952 948 949 954 953
          950 951 956 955 951 952 957 956 952 953 958 957 953 954 959 958
          955 956 961 960 956 957 962 961 957 958 963 962 958 959 964 963
          960 961 966 965 961 962 967 966 962 963 968 967 963 964 969 968
          965 966 971 970 966 967 972 971 967 968 973 972 968 969 974 973
          970 971 976 975 971 972 977 976 972 973 978 977 973 974 979 978
          975 976 981 980 976 977 982 981 977 978 983 982 978 979 984 983
          980 981 986 985 981 982 987 986 982 983 988 987 983 984 989 988
          985 986 991 990 986 987 992 991 987 988 993 992 988 989 994 993
          990 991 996 995 991 992 997 996 992 993 998 997 993 994 999 998
          995 996 1001 1000 996 997 1002 1001 997 998 1003 1002 998 999 1004 1003
          1000 1001 1006 1005 1001 1002 1007 1006 1002 1003 1008 1007 1003 1004 1009 1008
          1005 1006 1011 1010 1006 1007 1012 1011 1007 1008 1013 1012 1008 1009 1014 1013
          1010 1011 1016 1015 1011 1012 1017 1016 1012 1013 1018 1017 1013 1014 1019 1018
          1015 1016 1021 1020 1016 1017 1022 1021 1017 1018 1023 1022 1018 1019 1024 1023
          1020 1021 1026 1025 1021 1022 1027 1026 1022 1023 1028 1027 1023 1024 1029 1028
          1025 1026 1031 1030 1026 1027 1032 1031 1027 1028 1033 1032 1028 1029 1034 1033
          1030 1031 1036 1035 1031 1032 1037 1036 1032 1033 1038 1037 1033 1034 1039 1038
          1035 1036 1041 1040 1036 1037 1042 1041 1037 1038 1043 1042 1038 1039 1044 1043
          1040 1041 1046 1045 1041 1042 1047 1046 1042 1043 1048 1047 1043 1044 1049 1048
          1045 1046 1051 1050 1046 1047 1052 1051 1047 1048 1053 1052 1048 1049 1054 1053
          1050 1051 1056 1055 1051 1052 1057 1056 1052 1053 1058 1057 1053 1054 1059 1058
          1055 1056 1061 1060 1056 1057 1062 1061 1057 1058 1063 1062 1058 1059 1064 1063
          1060 1061 1066 1065 1061 1062 1067 1066 1062 1063 1068 1067 1063 1064 1069 1068
          1065 1066 1071 1070 1066 1067 1072 1071 1067 1068 1073 1072 1068 1069 1074 1073
          1070 1071 1076 1075 1071 1072 1077 1076 1072 1073 1078 1077 1073 1074 1079 1078
          1075 1076 1081 1080 1076 1077 1082 1081 1077 1078 1083 1082 1078 1079 1084 1083
          1080 1081 1086 1085 1081 1082 1087 1086 1082 1083 1088 1087 1083 1084 1089 1088
          1085 1086 1091 1090 1086 1087 1092 1091 1087 1088 1093 1092 1088 1089 1094 1093
          1090 1091 1096 1095 1091 1092 1097 1096 1092 1093 1098 1097 1093 1094 1099 1098
          1095 1096 1101 1100 1096 1097 1102 1101 1097 1098 1103 1102 1098 1099 1104 1103
          1100 1101 1106 1105 1101 1102 1107 1106 1102 1103 1108 1107 1103 1104 1109 1108
          1105 1106 1111 1110 1106 1107 1112 1111 1107 1108 1113 1112 1108 1109 1114 1113
          1110 1111 1116 1115 1111 1112 1117 1116 1112 1113 1118 1117 1113 1114 1119 1118
          1115 1116 1121 1120 1116 1117 1122 1121 1117 1118 1123 1122 1118 1119 1124 1123
          1120 1121 1126 1125 1121 1122 1127 1126 1122 1123 1128 1127 1123 1124 1129 1128
          1125 1126 1131 1130 1126 1127 1132 1131 1127 1128 1133 1132 1128 1129 1134 1133
          1130 1131 1136 1135 1131 1132 1137 1136 1132 1133 1138 1137 1133 1134 1139 1138
          1135 1136 1141 1140 1136 1137 1142 1141 1137 1138 1143 1142 1138 1139 1144 1143
          1140 1141 1146 1145 1141 1142 1147 1146 1142 1143 1148 1147 1143 1144 1149 1148
          1145 1146 1151 1150 1146 1147 1152 1151 1147 1148 1153 1152 1148 1149 1154 1153
          1150 1151 1156 1155 1151 1152 1157 1156 1152 1153 1158 1157 1153 1154 1159 1158
          1155 1156 1161 1160 1156 1157 1162 1161 1157 1158 1163 1162 1158 1159 1164 1163
          1160 1161 1166 1165 1161 1162 1167 1166 1162 1163 1168 1167 1163 1164 1169 1168
          1165 1166 1171 1170 1166 1167 1172 1171 1167 1168 1173 1172 1168 1169 1174 1173
          1170 1171 1176 1175 1171 1172 1177 1176 1172 1173 1178 1177 1173 1174 1179 1178
          1175 1176 1181 1180 1176 1177 1182 1181 1177 1178 1183 1182 1178 1179 1184 1183
          1180 1181 1186 1185 1181 1182 1187 1186 1182 1183 1188 1187 1183 1184 1189 1188
          1185 1186 1191 1190 1186 1187 1192 1191 1187 1188 1193 1192 1188 1189 1194 1193
          1190 1191 1196 1195 1191 1192 1197 1196 1192 1193 1198 1197 1193 1194 1199 1198
          1195 1196 1201 1200 1196 1197 1202 1201 1197 1198 1203 1202 1198 1199 1204 1203
          1200 1201 1206 1205 1201 1202 1207 1206 1202 1203 1208 1207 1203 1204 1209 1208
          1205 1206 1211 1210 1206 1207 1212 1211 1207 1208 1213 1212 1208 1209 1214 1213
          1210 1211 1216 1215 1211 1212 1217 1216 1212 1213 1218 1217 1213 1214 1219 1218
          1215 1216 1221 1220 1216 1217 1222 1221 1217 1218 1223 1222 1218 1219 1224 1223
          1220 1221 1226 1225 1221 1222 1227 1226 1222 1223 1228 1227 1223 1224 1229 1228
          1225 1226 1231 1230 1226 1227 1232 1231 1227 1228 1233 1232 1228 1229 1234 1233
          1230 1231 1236 1235 1231 1232 1237 1236 1232 1233 1238 1237 1233 1234 1239 1238
          1235 1236 1241 1240 1236 1237 1242 1241 1237 1238 1243 1242 1238 1239 1244 1243
          1240 1241 1246 1245 1241 1242 1247 1246 1242 1243 1248 1247 1243 1244 1249 1248
          1245 1246 1251 1250 1246 1247 1252 1251 1247 1248 1253 1252 1248 1249 1254 1253
          1250 1251 1256 1255 1251 1252 1257 1256 1252 1253 1258 1257 1253 1254 1259 1258
          1255 1256 1261 1260 1256 1257 1262 1261 1257 1258 1263 1262 1258 1259 1264 1263
          1260 1261 1266 1265 1261 1262 1267 1266 1262 1263 1268 1267 1263 1264 1269 1268
          1265 1266 1271 1270 1266 1267 1272 1271 1267 1268 1273 1272 1268 1269 1274 1273
          1270 1271 1276 1275 1271 1272 1277 1276 1272 1273 1278 1277 1273 1274 1279 1278
          1275 1276 1281 1280 1276 1277 1282 1281 1277 1278 1283 1282 1278 1279 1284 1283
          1280 1281 1286 1285 1281 1282 1287 1286 1282 1283 1288 1287 1283 1284 1289 1288
          1285 1286 1291 1290 1286 1287 1292 1291 1287 1288 1293 1292 1288 1289 1294 1293
          1290 1291 1296 1295 1291 1292 1297 1296 1292 1293 1298 1297 1293 1294 1299 1298
          1295 1296 1301 1300 1296 1297 1302 1301 1297 1298 1303 1302 1298 1299 1304 1303
          1300 1301 1306 1305 1301 1302 1307 1306 1302 1303 1308 1307 1303 1304 1309 1308
          1305 1306 1311 1310 1306 1307 1312 1311 1307 1308 1313 1312 1308 1309 1314 1313
          1310 1311 1316 1315 1311 1312 1317 1316 1312 1313 1318 1317 1313 1314 1319 1318
          1315 1316 1321 1320 1316 1317 1322 1321 1317 1318 1323 1322 1318 1319 1324 1323
          1320 1321 1326 1325 1321 1322 1327 1326 1322 1323 1328 1327 1323 1324 1329 1328
          1325 1326 1331 1330 1326 1327 1332 1331 1327 1328 1333 1332 1328 1329 1334 1333
          1330 1331 1336 1335 1331 1332 1337 1336 1332 1333 1338 1337 1333 1334 1339 1338
          1335 1336 1341 1340 1336 1337 1342 1341 1337 1338 1343 1342 1338 1339 1344 1343
          1340 1341 1346 1345 1341 1342 1347 1346 1342 1343 1348 1347 1343 1344 1349 1348
          1345 1346 1351 1350 1346 1347 1352 1351 1347 1348 1353 1352 1348 1349 1354 1353
          1350 1351 1356 1355 1351 1352 1357 1356 1352 1353 1358 1357 1353 1354 1359 1358
          1355 1356 1361 1360 1356 1357 1362 1361 1357 1358 1363 1362 1358 1359 1364 1363
          1360 1361 1366 1365 1361 1362 1367 1366 1362 1363 1368 1367 1363 1364 1369 1368
          1365 1366 1371 1370 1366 1367 1372 1371 1367 1368 1373 1372 1368 1369 1374 1373
          1370 1371 1376 1375 1371 1372 1377 1376 1372 1373 1378 1377 1373 1374 1379 1378
          1375 1376 1381 1380 1376 1377 1382 1381 1377 1378 1383 1382 1378 1379 1384 1383
          1380 1381 1386 1385 1381 1382 1387 1386 1382 1383 1388 1387 1383 1384 1389 1388
          1385 1386 1391 1390 1386 1387 1392 1391 1387 1388 1393 1392 1388 1389 1394 1393
          1390 1391 1396 1395 1391 1392 1397 1396 1392 1393 1398 1397 1393 1394 1399 1398
          1395 1396 1401 1400 1396 1397 1402 1401 1397 1398 1403 1402 1398 1399 1404 1403
          1400 1401 1406 1405 1401 1402 1407 1406 1402 1403 1408 1407 1403 1404 1409 1408
          1405 1406 1411 1410 1406 1407 1412 1411 1407 1408 1413 1412 1408 1409 1414 1413
          1410 1411 1416 1415 1411 1412 1417 1416 1412 1413 1418 1417 1413 1414 1419 1418
          1415 1416 1421 1420 1416 1417 1422 1421 1417 1418 1423 1422 1418 1419 1424 1423
          1420 1421 1426 1425 1421 1422 1427 1426 1422 1423 1428 1427 1423 1424 1429 1428
          1425 1426 1431 1430 1426 1427 1432 1431 1427 1428 1433 1432 1428 1429 1434 1433
          1430 1431 1436 1435 1431 1432 1437 1436 1432 1433 1438 1437 1433 1434 1439 1438
          1435 1436 1441 1440 1436 1437 1442 1441 1437 1438 1443 1442 1438 1439 1444 1443
          1440 1441 1446 1445 1441 1442 1447 1446 1442 1443 1448 1447 1443 1444 1449 1448
          1445 1446 1451 1450 1446 1447 1452 1451 1447 1448 1453 1452 1448 1449 1454 1453
          1450 1451 1456 1455 1451 1452 1457 1456 1452 1453 1458 1457 1453 1454 1459 1458
          1455 1456 1461 1460 1456 1457 1462 1461 1457 1458 1463 1462 1458 1459 1464 1463
          1460 1461 1466 1465 1461 1462 1467 1466 1462 1463 1468 1467 1463 1464 1469 1468
          1465 1466 1471 1470 1466 1467 1472 1471 1467 1468 1473 1472 1468 1469 1474 1473
          1470 1471 1476 1475 1471 1472 1477 1476 1472 1473 1478 1477 1473 1474 1479 1478
          1475 1476 1481 1480 1476 1477 1482 1481 1477 1478 1483 1482 1478 1479 1484 1483
          1480 1481 1486 1485 1481 1482 1487 1486 1482 1483 1488 1487 1483 1484 1489 1488
          1485 1486 1491 1490 1486 1487 1492 1491 1487 1488 1493 1492 1488 1489 1494 1493
          1490 1491 1496 1495 1491 1492 1497 1496 1492 1493 1498 1497 1493 1494 1499 1498
          1495 1496 1501 1500 1496 1497 1502 1501 1497 1498 1503 1502 1498 1499 1504 1503
          1500 1501 1506 1505 1501 1502 1507 1506 1502 1503 1508 1507 1503 1504 1509 1508
          1505 1506 1511 1510 1506 1507 1512 1511 1507 1508 1513 1512 1508 1509 1514 1513
          1510 1511 1516 1515 1511 1512 1517 1516 1512 1513 1518 1517 1513 1514 1519 1518
          1515 1516 1521 1520 1516 1517 1522 1521 1517 1518 1523 1522 1518 1519 1524 1523
          1520 1521 1526 1525 1521 1522 1527 1526 1522 1523 1528 1527 1523 1524 1529 1528
          1525 1526 1531 1530 1526 1527 1532 1531 1527 1528 1533 1532 1528 1529 1534 1533
          1530 1531 1536 1535 1531 1532 1537 1536 1532 1533 1538 1537 1533 1534 1539 1538
          1535 1536 1541 1540 1536 1537 1542 1541 1537 1538 1543 1542 1538 1539 1544 1543
          1540 1541 1546 1545 1541 1542 1547 1546 1542 1543 1548 1547 1543 1544 1549 1548
          1545 1546 1551 1550 1546 1547 1552 1551 1547 1548 1553 1552 1548 1549 1554 1553
          1550 1551 1556 1555 1551 1552 1557 1556 1552 1553 1558 1557 1553 1554 1559 1558
          1555 1556 1561 1560 1556 1557 1562 1561 1557 1558 1563 1562 1558 1559 1564 1563
          1560 1561 1566 1565 1561 1562 1567 1566 1562 1563 1568 1567 1563 1564 1569 1568
          1565 1566 1571 1570 1566 1567 1572 1571 1567 1568 1573 1572 1568 1569 1574 1573
          1570 1571 1576 1575 1571 1572 1577 1576 1572 1573 1578 1577 1573 1574 1579 1578
          1575 1576 1581 1580 1576 1577 1582 1581 1577 1578 1583 1582 1578 1579 1584 1583
          1580 1581 1586 1585 1581 1582 1587 1586 1582 1583 1588 1587 1583 1584 1589 1588
          1585 1586 1591 1590 1586 1587 1592 1591 1587 1588 1593 1592 1588 1589 1594 1593
          1590 1591 1596 1595 1591 1592 1597 1596 1592 1593 1598 1597 1593 1594 1599 1598
          1595 1596 1601 1600 1596 1597 1602 1601 1597 1598 1603 1602 1598 1599 1604 1603
          1600 1601 1606 1605 1601 1602 1607 1606 1602 1603 1608 1607 1603 1604 1609 1608
          1605 1606 1611 1610 1606 1607 1612 1611 1607 1608 1613 1612 1608 1609 1614 1613
          1610 1611 1616 1615 1611 1612 1617 1616 1612 1613 1618 1617 1613 1614 1619 1618
          1615 1616 1621 1620 1616 1617 1622 1621 1617 1618 1623 1622 1618 1619 1624 1623
          1620 1621 1626 1625 1621 1622 1627 1626 1622 1623 1628 1627 1623 1624 1629 1628
          1625 1626 1631 1630 1626 1627 1632 1631 1627 1628 1633 1632 1628 1629 1634 1633
          1630 1631 1636 1635 1631 1632 1637 1636 1632 1633 1638 1637 1633 1634 1639 1638
          1635 1636 1641 1640 1636 1637 1642 1641 1637 1638 1643 1642 1638 1639 1644 1643
          1640 1641 1646 1645 1641 1642 1647 1646 1642 1643 1648 1647 1643 1644 1649 1648
          1645 1646 1651 1650 1646 1647 1652 1651 1647 1648 1653 1652 1648 1649 1654 1653
          1650 1651 1656 1655 1651 1652 1657 1656 1652 1653 1658 1657 1653 1654 1659 1658
          1655 1656 1661 1660 1656 1657 1662 1661 1657 1658 1663 1662 1658 1659 1664 1663
          1660 1661 1666 1665 1661 1662 1667 1666 1662 1663 1668 1667 1663 1664 1669 1668
          1665 1666 1671 1670 1666 1667 1672 1671 1667 1668 1673 1672 1668 1669 1674 1673
          1670 1671 1676 1675 1671 1672 1677 1676 1672 1673 1678 1677 1673 1674 1679 1678
          1675 1676 1681 1680 1676 1677 1682 1681 1677 1678 1683 1682 1678 1679 1684 1683
          1680 1681 1686 1685 1681 1682 1687 1686 1682 1683 1688 1687 1683 1684 1689 1688
          1685 1686 1691 1690 1686 1687 1692 1691 1687 1688 1693 1692 1688 1689 1694 1693
          1690 1691 1696 1695 1691 1692 1697 1696 1692 1693 1698 1697 1693 1694 1699 1698
          1695 1696 1701 1700 1696 1697 1702 1701 1697 1698 1703 1702 1698 1699 1704 1703
          1700 1701 1706 1705 1701 1702 1707 1706 1702 1703 1708 1707 1703 1704 1709 1708
          1705 1706 1711 1710 1706 1707 1712 1711 1707 1708 1713 1712 1708 1709 1714 1713
          1710 1711 1716 1715 1711 1712 1717 1716 1712 1713 1718 1717 1713 1714 1719 1718
          1715 1716 1721 1720 1716 1717 1722 1721 1717 1718 1723 1722 1718 1719 1724 1723
          1720 1721 1726 1725 1721 1722 1727 1726 1722 1723 1728 1727 1723 1724 1729 1728
          1725 1726 1731 1730 1726 1727 1732 1731 1727 1728 1733 1732 1728 1729 1734 1733
          1730 1731 1736 1735 1731 1732 1737 1736 1732 1733 1738 1737 1733 1734 1739 1738
          1735 1736 1741 1740 1736 1737 1742 1741 1737 1738 1743 1742 1738 1739 1744 1743
          1740 1741 1746 1745 1741 1742 1747 1746 1742 1743 1748 1747 1743 1744 1749 1748
          1745 1746 1751 1750 1746 1747 1752 1751 1747 1748 1753 1752 1748 1749 1754 1753
          1750 1751 1756 1755 1751 1752 1757 1756 1752 1753 1758 1757 1753 1754 1759 1758
          1755 1756 1761 1760 1756 1757 1762 1761 1757 1758 1763 1762 1758 1759 1764 1763
          1760 1761 1766 1765 1761 1762 1767 1766 1762 1763 1768 1767 1763 1764 1769 1768
          1765 1766 1771 1770 1766 1767 1772 1771 1767 1768 1773 1772 1768 1769 1774 1773
          1770 1771 1776 1775 1771 1772 1777 1776 1772 1773 1778 1777 1773 1774 1779 1778
          1775 1776 1781 1780 1776 1777 1782 1781 1777 1778 1783 1782 1778 1779 1784 1783
          1780 1781 1786 1785 1781 1782 1787 1786 1782 1783 1788 1787 1783 1784 1789 1788
          1785 1786 1791 1790 1786 1787 1792 1791 1787 1788 1793 1792 1788 1789 1794 1793
          1790 1791 1796 1795 1791 1792 1797 1796 1792 1793 1798 1797 1793 1794 1799 1798
          1795 1796 1801 1800 1796 1797 1802 1801 1797 1798 1803 1802 1798 1799 1804 1803
          1800 1801 1806 1805 1801 1802 1807 1806 1802 1803 1808 1807 1803 1804 1809 1808
          1805 1806 1811 1810 1806 1807 1812 1811 1807 1808 1813 1812 1808 1809 1814 1813
          1810 1811 1816 1815 1811 1812 1817 1816 1812 1813 1818 1817 1813 1814 1819 1818
          1815 1816 1821 1820 1816 1817 1822 1821 1817 1818 1823 1822 1818 1819 1824 1823
          1820 1821 1826 1825 1821 1822 1827 1826 1822 1823 1828 1827 1823 1824 1829 1828
          1825 1826 1831 1830 1826 1827 1832 1831 1827 1828 1833 1832 1828 1829 1834 1833
          1830 1831 1836 1835 1831 1832 1837 1836 1832 1833 1838 1837 1833 1834 1839 1838
          1835 1836 1841 1840 1836 1837 1842 1841 1837 1838 1843 1842 1838 1839 1844 1843
          1840 1841 1846 1845 1841 1842 1847 1846 1842 1843 1848 1847 1843 1844 1849 1848
          1845 1846 1851 1850 1846 1847 1852 1851 1847 1848 1853 1852 1848 1849 1854 1853
          1850 1851 1856 1855 1851 1852 1857 1856 1852 1853 1858 1857 1853 1854 1859 1858
          1855 1856 1861 1860 1856 1857 1862 1861 1857 1858 1863 1862 1858 1859 1864 1863
          1860 1861 1866 1865 1861 1862 1867 1866 1862 1863 1868 1867 1863 1864 1869 1868
          1865 1866 1871 1870 1866 1867 1872 1871 1867 1868 1873 1872 1868 1869 1874 1873
          1870 1871 1876 1875 1871 1872 1877 1876 1872 1873 1878 1877 1873 1874 1879 1878
          1875 1876 1881 1880 1876 1877 1882 1881 1877 1878 1883 1882 1878 1879 1884 1883
          1880 1881 1886 1885 1881 1882 1887 1886 1882 1883 1888 1887 1883 1884 1889 1888
          1885 1886 1891 1890 1886 1887 1892 1891 1887 1888 1893 1892 1888 1889 1894 1893
          1890 1891 1896 1895 1891 1892 1897 1896 1892 1893 1898 1897 1893 1894 1899 1898
          1895 1896 1901 1900 1896 1897 1902 1901 1897 1898 1903 1902 1898 1899 1904 1903
          1900 1901 1906 1905 1901 1902 1907 1906 1902 1903 1908 1907 1903 1904 1909 1908
          1905 1906 1911 1910 1906 1907 1912 1911 1907 1908 1913 1912 1908 1909 1914 1913
          1910 1911 1916 1915 1911 1912 1917 1916 1912 1913 1918 1917 1913 1914 1919 1918
          1915 1916 1921 1920 1916 1917 1922 1921 1917 1918 1923 1922 1918 1919 1924 1923
          1920 1921 1926 1925 1921 1922 1927 1926 1922 1923 1928 1927 1923 1924 1929 1928
          1925 1926 1931 1930 1926 1927 1932 1931 1927 1928 1933 1932 1928 1929 1934 1933
          1930 1931 1936 1935 1931 1932 1937 1936 1932 1933 1938 1937 1933 1934 1939 1938
          1935 1936 1941 1940 1936 1937 1942 1941 1937 1938 1943 1942 1938 1939 1944 1943
          1940 1941 1946 1945 1941 1942 1947 1946 1942 1943 1948 1947 1943 1944 1949 1948
          1945 1946 1951 1950 1946 1947 1952 1951 1947 1948 1953 1952 1948 1949 1954 1953
          1950 1951 1956 1955 1951 1952 1957 1956 1952 1953 1958 1957 1953 1954 1959 1958
          1955 1956 1961 1960 1956 1957 1962 1961 1957 1958 1963 1962 1958 1959 1964 1963
          1960 1961 1966 1965 1961 1962 1967 1966 1962 1963 1968 1967 1963 1964 1969 1968
          1965 1966 1971 1970 1966 1967 1972 1971 1967 1968 1973 1972 1968 1969 1974 1973
          1970 1971 1976 1975 1971 1972 1977 1976 1972 1973 1978 1977 1973 1974 1979 1978
          1975 1976 1981 1980 1976 1977 1982 1981 1977 1978 1983 1982 1978 1979 1984 1983
          1980 1981 1986 1985 1981 1982 1987 1986 1982 1983 1988 1987 1983 1984 1989 1988
          1985 1986 1991 1990 1986 1987 1992 1991 1987 1988 1993 1992 1988 1989 1994 1993
          1990 1991 1996 1995 1991 1992 1997 1996 1992 1993 1998 1997 1993 1994 1999 1998
          1995 1996 2001 2000 1996 1997 2002 2001 1997 1998 2003 2002 1998 1999 2004 2003
          2000 2001 2006 2005 2001 2002 2007 2006 2002 2003 2008 2007 2003 2004 2009 2008
          2005 2006 2011 2010 2006 2007 2012 2011 2007 2008 2013 2012 2008 2009 2014 2013
          2010 2011 2016 2015 2011 2012 2017 2016 2012 2013 2018 2017 2013 2014 2019 2018
          2015 2016 2021 2020 2016 2017 2022 2021 2017 2018 2023 2022 2018 2019 2024 2023
          2020 2021 2026 2025 2021 2022 2027 2026 2022 2023 2028 2027 2023 2024 2029 2028
          2025 2026 2031 2030 2026 2027 2032 2031 2027 2028 2033 2032 2028 2029 2034 2033
          2030 2031 2036 2035 2031 2032 2037 2036 2032 2033 2038 2037 2033 2034 2039 2038
          2035 2036 2041 2040 2036 2037 2042 2041 2037 2038 2043 2042 2038 2039 2044 2043
          2040 2041 2046 2045 2041 2042 2047 2046 2042 2043 2048 2047 2043 2044 2049 2048
          2045 2046 2051 2050 2046 2047 2052 2051 2047 2048 2053 2052 2048 2049 2054 2053
          2050 2051 2056 2055 2051 2052 2057 2056 2052 2053 2058 2057 2053 2054 2059 2058
          2055 2056 2061 2060 2056 2057 2062 2061 2057 2058 2063 2062 2058 2059 2064 2063
          2060 2061 2066 2065 2061 2062 2067 2066 2062 2063 2068 2067 2063 2064 2069 2068
          2065 2066 2071 2070 2066 2067 2072 2071 2067 2068 2073 2072 2068 2069 2074 2073
          2070 2071 2076 2075 2071 2072 2077 2076 2072 2073 2078 2077 2073 2074 2079 2078
          2075 2076 2081 2080 2076 2077 2082 2081 2077 2078 2083 2082 2078 2079 2084 2083
          2080 2081 2086 2085 2081 2082 2087 2086 2082 2083 2088 2087 2083 2084 2089 2088
          2085 2086 2091 2090 2086 2087 2092 2091 2087 2088 2093 2092 2088 2089 2094 2093
          2090 2091 2096 2095 2091 2092 2097 2096 2092 2093 2098 2097 2093 2094 2099 2098
          2095 2096 2101 2100 2096 2097 2102 2101 2097 2098 2103 2102 2098 2099 2104 2103
          2100 2101 2106 2105 2101 2102 2107 2106 2102 2103 2108 2107 2103 2104 2109 2108
          2105 2106 2111 2110 2106 2107 2112 2111 2107 2108 2113 2112 2108 2109 2114 2113
          2110 2111 2116 2115 2111 2112 2117 2116 2112 2113 2118 2117 2113 2114 2119 2118
          2115 2116 2121 2120 2116 2117 2122 2121 2117 2118 2123 2122 2118 2119 2124 2123
          2120 2121 2126 2125 2121 2122 2127 2126 2122 2123 2128 2127 2123 2124 2129 2128
          2125 2126 2131 2130 2126 2127 2132 2131 2127 2128 2133 2132 2128 2129 2134 2133
          2130 2131 2136 2135 2131 2132 2137 2136 2132 2133 2138 2137 2133 2134 2139 2138
          2135 2136 2141 2140 2136 2137 2142 2141 2137 2138 2143 2142 2138 2139 2144 2143
          2140 2141 2146 2145 2141 2142 2147 2146 2142 2143 2148 2147 2143 2144 2149 2148
          2145 2146 2151 2150 2146 2147 2152 2151 2147 2148 2153 2152 2148 2149 2154 2153
          2150 2151 2156 2155 2151 2152 2157 2156 2152 2153 2158 2157 2153 2154 2159 2158
          2155 2156 2161 2160 2156 2157 2162 2161 2157 2158 2163 2162 2158 2159 2164 2163
          2160 2161 2166 2165 2161 2162 2167 2166 2162 2163 2168 2167 2163 2164 2169 2168
          2165 2166 2171 2170 2166 2167 2172 2171 2167 2168 2173 2172 2168 2169 2174 2173
          2170 2171 2176 2175 2171 2172 2177 2176 2172 2173 2178 2177 2173 2174 2179 2178
          2175 2176 2181 2180 2176 2177 2182 2181 2177 2178 2183 2182 2178 2179 2184 2183
          2180 2181 2186 2185 2181 2182 2187 2186 2182 2183 2188 2187 2183 2184 2189 2188
          2185 2186 2191 2190 2186 2187 2192 2191 2187 2188 2193 2192 2188 2189 2194 2193
          2190 2191 2196 2195 2191 2192 2197 2196 2192 2193 2198 2197 2193 2194 2199 2198
          2195 2196 2201 2200 2196 2197 2202 2201 2197 2198 2203 2202 2198 2199 2204 2203
          2200 2201 2206 2205 2201 2202 2207 2206 2202 2203 2208 2207 2203 2204 2209 2208
          2205 2206 2211 2210 2206 2207 2212 2211 2207 2208 2213 2212 2208 2209 2214 2213
          2210 2211 2216 2215 2211 2212 2217 2216 2212 2213 2218 2217 2213 2214 2219 2218
          2215 2216 2221 2220 2216 2217 2222 2221 2217 2218 2223 2222 2218 2219 2224 2223
          2220 2221 2226 2225 2221 2222 2227 2226 2222 2223 2228 2227 2223 2224 2229 2228
          2225 2226 2231 2230 2226 2227 2232 2231 2227 2228 2233 2232 2228 2229 2234 2233
          2230 2231 2236 2235 2231 2232 2237 2236 2232 2233 2238 2237 2233 2234 2239 2238
          2235 2236 2241 2240 2236 2237 2242 2241 2237 2238 2243 2242 2238 2239 2244 2243
          2240 2241 2246 2245 2241 2242 2247 2246 2242 2243 2248 2247 2243 2244 2249 2248
          2245 2246 2251 2250 2246 2247 2252 2251 2247 2248 2253 2252 2248 2249 2254 2253
          2250 2251 2256 2255 2251 2252 2257 2256 2252 2253 2258 2257 2253 2254 2259 2258
          2255 2256 2261 2260 2256 2257 2262 2261 2257 2258 2263 2262 2258 2259 2264 2263
          2260 2261 2266 2265 2261 2262 2267 2266 2262 2263 2268 2267 2263 2264 2269 2268
          2265 2266 2271 2270 2266 2267 2272 2271 2267 2268 2273 2272 2268 2269 2274 2273
          2270 2271 2276 2275 2271 2272 2277 2276 2272 2273 2278 2277 2273 2274 2279 2278
          2275 2276 2281 2280 2276 2277 2282 2281 2277 2278 2283 2282 2278 2279 2284 2283
          2280 2281 2286 2285 2281 2282 2287 2286 2282 2283 2288 2287 2283 2284 2289 2288
          2285 2286 2291 2290 2286 2287 2292 2291 2287 2288 2293 2292 2288 2289 2294 2293
          2290 2291 2296 2295 2291 2292 2297 2296 2292 2293 2298 2297 2293 2294 2299 2298
          2295 2296 2301 2300 2296 2297 2302 2301 2297 2298 2303 2302 2298 2299 2304 2303
          2300 2301 2306 2305 2301 2302 2307 2306 2302 2303 2308 2307 2303 2304 2309 2308
          2305 2306 2311 2310 2306 2307 2312 2311 2307 2308 2313 2312 2308 2309 2314 2313
          2310 2311 2316 2315 2311 2312 2317 2316 2312 2313 2318 2317 2313 2314 2319 2318
          2315 2316 2321 2320 2316 2317 2322 2321 2317 2318 2323 2322 2318 2319 2324 2323
          2320 2321 2326 2325 2321 2322 2327 2326 2322 2323 2328 2327 2323 2324 2329 2328
          2325 2326 2331 2330 2326 2327 2332 2331 2327 2328 2333 2332 2328 2329 2334 2333
          2330 2331 2336 2335 2331 2332 2337 2336 2332 2333 2338 2337 2333 2334 2339 2338
          2335 2336 2341 2340 2336 2337 2342 2341 2337 2338 2343 2342 2338 2339 2344 2343
          2340 2341 2346 2345 2341 2342 2347 2346 2342 2343 2348 2347 2343 2344 2349 2348
          2345 2346 2351 2350 2346 2347 2352 2351 2347 2348 2353 2352 2348 2349 2354 2353
          2350 2351 2356 2355 2351 2352 2357 2356 2352 2353 2358 2357 2353 2354 2359 2358
          2355 2356 2361 2360 2356 2357 2362 2361 2357 2358 2363 2362 2358 2359 2364 2363
          2360 2361 2366 2365 2361 2362 2367 2366 2362 2363 2368 2367 2363 2364 2369 2368
          2365 2366 2371 2370 2366 2367 2372 2371 2367 2368 2373 2372 2368 2369 2374 2373
          2370 2371 2376 2375 2371 2372 2377 2376 2372 2373 2378 2377 2373 2374 2379 2378
          2375 2376 2381 2380 2376 2377 2382 2381 2377 2378 2383 2382 2378 2379 2384 2383
          2380 2381 2386 2385 2381 2382 2387 2386 2382 2383 2388 2387 2383 2384 2389 2388
          2385 2386 2391 2390 2386 2387 2392 2391 2387 2388 2393 2392 2388 2389 2394 2393
          2390 2391 2396 2395 2391 2392 2397 2396 2392 2393 2398 2397 2393 2394 2399 2398
          2395 2396 2401 2400 2396 2397 2402 2401 2397 2398 2403 2402 2398 2399 2404 2403
          2400 2401 2406 2405 2401 2402 2407 2406 2402 2403 2408 2407 2403 2404 2409 2408
          2405 2406 2411 2410 2406 2407 2412 2411 2407 2408 2413 2412 2408 2409 2414 2413
          2410 2411 2416 2415 2411 2412 2417 2416 2412 2413 2418 2417 2413 2414 2419 2418
          2415 2416 2421 2420 2416 2417 2422 2421 2417 2418 2423 2422 2418 2419 2424 2423
          2420 2421 2426 2425 2421 2422 2427 2426 2422 2423 2428 2427 2423 2424 2429 2428
          2425 2426 2431 2430 2426 2427 2432 2431 2427 2428 2433 2432 2428 2429 2434 2433
          2430 2431 2436 2435 2431 2432 2437 2436 2432 2433 2438 2437 2433 2434 2439 2438
          2435 2436 2441 2440 2436 2437 2442 2441 2437 2438 2443 2442 2438 2439 2444 2443
          2440 2441 2446 2445 2441 2442 2447 2446 2442 2443 2448 2447 2443 2444 2449 2448
          2445 2446 2451 2450 2446 2447 2452 2451 2447 2448 2453 2452 2448 2449 2454 2453
          2450 2451 2456 2455 2451 2452 2457 2456 2452 2453 2458 2457 2453 2454 2459 2458
          2455 2456 2461 2460 2456 2457 2462 2461 2457 2458 2463 2462 2458 2459 2464 2463
          2460 2461 2466 2465 2461 2462 2467 2466 2462 2463 2468 2467 2463 2464 2469 2468
          2465 2466 2471 2470 2466 2467 2472 2471 2467 2468 2473 2472 2468 2469 2474 2473
          2470 2471 2476 2475 2471 2472 2477 2476 2472 2473 2478 2477 2473 2474 2479 2478
          2475 2476 2481 2480 2476 2477 2482 2481 2477 2478 2483 2482 2478 2479 2484 2483
          2480 2481 2486 2485 2481 2482 2487 2486 2482 2483 2488 2487 2483 2484 2489 2488
          2485 2486 2491 2490 2486 2487 2492 2491 2487 2488 2493 2492 2488 2489 2494 2493
          2490 2491 2496 2495 2491 2492 2497 2496 2492 2493 2498 2497 2493 2494 2499 2498
          2495 2496 2501 2500 2496 2497 2502 2501 2497 2498 2503 2502 2498 2499 2504 2503
          2500 2501 2506 2505 2501 2502 2507 2506 2502 2503 2508 2507 2503 2504 2509 2508
          2505 2506 2511 2510 2506 2507 2512 2511 2507 2508 2513 2512 2508 2509 2514 2513
          2510 2511 2516 2515 2511 2512 2517 2516 2512 2513 2518 2517 2513 2514 2519 2518
          2515 2516 2521 2520 2516 2517 2522 2521 2517 2518 2523 2522 2518 2519 2524 2523
          2520 2521 2526 2525 2521 2522 2527 2526 2522 2523 2528 2527 2523 2524 2529 2528
          2525 2526 2531 2530 2526 2527 2532 2531 2527 2528 2533 2532 2528 2529 2534 2533
          2530 2531 2536 2535 2531 2532 2537 2536 2532 2533 2538 2537 2533 2534 2539 2538
          2535 2536 2541 2540 2536 2537 2542 2541 2537 2538 2543 2542 2538 2539 2544 2543
          2540 2541 2546 2545 2541 2542 2547 2546 2542 2543 2548 2547 2543 2544 2549 2548
          2545 2546 2551 2550 2546 2547 2552 2551 2547 2548 2553 2552 2548 2549 2554 2553
          2550 2551 2556 2555 2551 2552 2557 2556 2552 2553 2558 2557 2553 2554 2559 2558
          2555 2556 2561 2560 2556 2557 2562 2561 2557 2558 2563 2562 2558 2559 2564 2563
          2560 2561 2566 2565 2561 2562 2567 2566 2562 2563 2568 2567 2563 2564 2569 2568
          2565 2566 2571 2570 2566 2567 2572 2571 2567 2568 2573 2572 2568 2569 2574 2573
          2570 2571 2576 2575 2571 2572 2577 2576 2572 2573 2578 2577 2573 2574 2579 2578
          2575 2576 2581 2580 2576 2577 2582 2581 2577 2578 2583 2582 2578 2579 2584 2583
          2580 2581 2586 2585 2581 2582 2587 2586 2582 2583 2588 2587 2583 2584 2589 2588
          2585 2586 2591 2590 2586 2587 2592 2591 2587 2588 2593 2592 2588 2589 2594 2593
          2590 2591 2596 2595 2591 2592 2597 2596 2592 2593 2598 2597 2593 2594 2599 2598
          2595 2596 2601 2600 2596 2597 2602 2601 2597 2598 2603 2602 2598 2599 2604 2603
          2600 2601 2606 2605 2601 2602 2607 2606 2602 2603 2608 2607 2603 2604 2609 2608
          2605 2606 2611 2610 2606 2607 2612 2611 2607 2608 2613 2612 2608 2609 2614 2613
          2610 2611 2616 2615 2611 2612 2617 2616 2612 2613 2618 2617 2613 2614 2619 2618
          2615 2616 2621 2620 2616 2617 2622 2621 2617 2618 2623 2622 2618 2619 2624 2623
          2620 2621 2626 2625 2621 2622 2627 2626 2622 2623 2628 2627 2623 2624 2629 2628
          2625 2626 2631 2630 2626 2627 2632 2631 2627 2628 2633 2632 2628 2629 2634 2633
          2630 2631 2636 2635 2631 2632 2637 2636 2632 2633 2638 2637 2633 2634 2639 2638
          2635 2636 2641 2640 2636 2637 2642 2641 2637 2638 2643 2642 2638 2639 2644 2643
          2640 2641 2646 2645 2641 2642 2647 2646 2642 2643 2648 2647 2643 2644 2649 2648
          2645 2646 2651 2650 2646 2647 2652 2651 2647 2648 2653 2652 2648 2649 2654 2653
          2650 2651 2656 2655 2651 2652 2657 2656 2652 2653 2658 2657 2653 2654 2659 2658
          2655 2656 2661 2660 2656 2657 2662 2661 2657 2658 2663 2662 2658 2659 2664 2663
          2660 2661 2666 2665 2661 2662 2667 2666 2662 2663 2668 2667 2663 2664 2669 2668
          2665 2666 2671 2670 2666 2667 2672 2671 2667 2668 2673 2672 2668 2669 2674 2673
          2670 2671 2676 2675 2671 2672 2677 2676 2672 2673 2678 2677 2673 2674 2679 2678
          2675 2676 2681 2680 2676 2677 2682 2681 2677 2678 2683 2682 2678 2679 2684 2683
          2680 2681 2686 2685 2681 2682 2687 2686 2682 2683 2688 2687 2683 2684 2689 2688
          2685 2686 2691 2690 2686 2687 2692 2691 2687 2688 2693 2692 2688 2689 2694 2693
          2690 2691 2696 2695 2691 2692 2697 2696 2692 2693 2698 2697 2693 2694 2699 2698
          2695 2696 2701 2700 2696 2697 2702 2701 2697 2698 2703 2702 2698 2699 2704 2703
          2700 2701 2706 2705 2701 2702 2707 2706 2702 2703 2708 2707 2703 2704 2709 2708
          2705 2706 2711 2710 2706 2707 2712 2711 2707 2708 2713 2712 2708 2709 2714 2713
          2710 2711 2716 2715 2711 2712 2717 2716 2712 2713 2718 2717 2713 2714 2719 2718
          2715 2716 2721 2720 2716 2717 2722 2721 2717 2718 2723 2722 2718 2719 2724 2723
          2720 2721 2726 2725 2721 2722 2727 2726 2722 2723 2728 2727 2723 2724 2729 2728
          2725 2726 2731 2730 2726 2727 2732 2731 2727 2728 2733 2732 2728 2729 2734 2733
          2730 2731 2736 2735 2731 2732 2737 2736 2732 2733 2738 2737 2733 2734 2739 2738
          2735 2736 2741 2740 2736 2737 2742 2741 2737 2738 2743 2742 2738 2739 2744 2743
          2740 2741 2746 2745 2741 2742 2747 2746 2742 2743 2748 2747 2743 2744 2749 2748
          2745 2746 2751 2750 2746 2747 2752 2751 2747 2748 2753 2752 2748 2749 2754 2753
          2750 2751 2756 2755 2751 2752 2757 2756 2752 2753 2758 2757 2753 2754 2759 2758
          2755 2756 2761 2760 2756 2757 2762 2761 2757 2758 2763 2762 2758 2759 2764 2763
          2760 2761 2766 2765 2761 2762 2767 2766 2762 2763 2768 2767 2763 2764 2769 2768
          2765 2766 2771 2770 2766 2767 2772 2771 2767 2768 2773 2772 2768 2769 2774 2773
          2770 2771 2776 2775 2771 2772 2777 2776 2772 2773 2778 2777 2773 2774 2779 2778
          2775 2776 2781 2780 2776 2777 2782 2781 2777 2778 2783 2782 2778 2779 2784 2783
          2780 2781 2786 2785 2781 2782 2787 2786 2782 2783 2788 2787 2783 2784 2789 2788
          2785 2786 2791 2790 2786 2787 2792 2791 2787 2788 2793 2792 2788 2789 2794 2793
          2790 2791 2796 2795 2791 2792 2797 2796 2792 2793 2798 2797 2793 2794 2799 2798
          2795 2796 2801 2800 2796 2797 2802 2801 2797 2798 2803 2802 2798 2799 2804 2803
          2800 2801 2806 2805 2801 2802 2807 2806 2802 2803 2808 2807 2803 2804 2809 2808
          2805 2806 2811 2810 2806 2807 2812 2811 2807 2808 2813 2812 2808 2809 2814 2813
          2810 2811 2816 2815 2811 2812 2817 2816 2812 2813 2818 2817 2813 2814 2819 2818
          2815 2816 2821 2820 2816 2817 2822 2821 2817 2818 2823 2822 2818 2819 2824 2823
          2820 2821 2826 2825 2821 2822 2827 2826 2822 2823 2828 2827 2823 2824 2829 2828
          2825 2826 2831 2830 2826 2827 2832 2831 2827 2828 2833 2832 2828 2829 2834 2833
          2830 2831 2836 2835 2831 2832 2837 2836 2832 2833 2838 2837 2833 2834 2839 2838
          2835 2836 2841 2840 2836 2837 2842 2841 2837 2838 2843 2842 2838 2839 2844 2843
          2840 2841 2846 2845 2841 2842 2847 2846 2842 2843 2848 2847 2843 2844 2849 2848
          2845 2846 2851 2850 2846 2847 2852 2851 2847 2848 2853 2852 2848 2849 2854 2853
          2850 2851 2856 2855 2851 2852 2857 2856 2852 2853 2858 2857 2853 2854 2859 2858
          2855 2856 2861 2860 2856 2857 2862 2861 2857 2858 2863 2862 2858 2859 2864 2863
          2860 2861 2866 2865 2861 2862 2867 2866 2862 2863 2868 2867 2863 2864 2869 2868
          2865 2866 2871 2870 2866 2867 2872 2871 2867 2868 2873 2872 2868 2869 2874 2873
          2870 2871 2876 2875 2871 2872 2877 2876 2872 2873 2878 2877 2873 2874 2879 2878
          2875 2876 2881 2880 2876 2877 2882 2881 2877 2878 2883 2882 2878 2879 2884 2883
          2880 2881 2886 2885 2881 2882 2887 2886 2882 2883 2888 2887 2883 2884 2889 2888
          2885 2886 2891 2890 2886 2887 2892 2891 2887 2888 2893 2892 2888 2889 2894 2893
          2890 2891 2896 2895 2891 2892 2897 2896 2892 2893 2898 2897 2893 2894 2899 2898
          2895 2896 2901 2900 2896 2897 2902 2901 2897 2898 2903 2902 2898 2899 2904 2903
          2900 2901 2906 2905 2901 2902 2907 2906 2902 2903 2908 2907 2903 2904 2909 2908
          2905 2906 2911 2910 2906 2907 2912 2911 2907 2908 2913 2912 2908 2909 2914 2913
          2910 2911 2916 2915 2911 2912 2917 2916 2912 2913 2918 2917 2913 2914 2919 2918
          2915 2916 2921 2920 2916 2917 2922 2921 2917 2918 2923 2922 2918 2919 2924 2923
          2920 2921 2926 2925 2921 2922 2927 2926 2922 2923 2928 2927 2923 2924 2929 2928
          2925 2926 2931 2930 2926 2927 2932 2931 2927 2928 2933 2932 2928 2929 2934 2933
          2930 2931 2936 2935 2931 2932 2937 2936 2932 2933 2938 2937 2933 2934 2939 2938
          2935 2936 2941 2940 2936 2937 2942 2941 2937 2938 2943 2942 2938 2939 2944 2943
          2940 2941 2946 2945 2941 2942 2947 2946 2942 2943 2948 2947 2943 2944 2949 2948
          2945 2946 2951 2950 2946 2947 2952 2951 2947 2948 2953 2952 2948 2949 2954 2953
          2950 2951 2956 2955 2951 2952 2957 2956 2952 2953 2958 2957 2953 2954 2959 2958
          2955 2956 2961 2960 2956 2957 2962 2961 2957 2958 2963 2962 2958 2959 2964 2963
          2960 2961 2966 2965 2961 2962 2967 2966 2962 2963 2968 2967 2963 2964 2969 2968
          2965 2966 2971 2970 2966 2967 2972 2971 2967 2968 2973 2972 2968 2969 2974 2973
          2970 2971 2976 2975 2971 2972 2977 2976 2972 2973 2978 2977 2973 2974 2979 2978
          2975 2976 2981 2980 2976 2977 2982 2981 2977 2978 2983 2982 2978 2979 2984 2983
          2980 2981 2986 2985 2981 2982 2987 2986 2982 2983 2988 2987 2983 2984 2989 2988
          2985 2986 2991 2990 2986 2987 2992 2991 2987 2988 2993 2992 2988 2989 2994 2993
          2990 2991 2996 2995 2991 2992 2997 2996 2992 2993 2998 2997 2993 2994 2999 2998
          2995 2996 3001 3000 2996 2997 3002 3001 2997 2998 3003 3002 2998 2999 3004 3003
          3000 3001 3006 3005 3001 3002 3007 3006 3002 3003 3008 3007 3003 3004 3009 3008
          3005 3006 3011 3010 3006 3007 3012 3011 3007 3008 3013 3012 3008 3009 3014 3013
          3010 3011 3016 3015 3011 3012 3017 3016 3012 3013 3018 3017 3013 3014 3019 3018
          3015 3016 3021 3020 3016 3017 3022 3021 3017 3018 3023 3022 3018 3019 3024 3023
          3020 3021 3026 3025 3021 3022 3027 3026 3022 3023 3028 3027 3023 3024 3029 3028
          3025 3026 3031 3030 3026 3027 3032 3031 3027 3028 3033 3032 3028 3029 3034 3033
          3030 3031 3036 3035 3031 3032 3037 3036 3032 3033 3038 3037 3033 3034 3039 3038
          3035 3036 3041 3040 3036 3037 3042 3041 3037 3038 3043 3042 3038 3039 3044 3043
          3040 3041 3046 3045 3041 3042 3047 3046 3042 3043 3048 3047 3043 3044 3049 3048
          3045 3046 3051 3050 3046 3047 3052 3051 3047 3048 3053 3052 3048 3049 3054 3053
          3050 3051 3056 3055 3051 3052 3057 3056 3052 3053 3058 3057 3053 3054 3059 3058
          3055 3056 3061 3060 3056 3057 3062 3061 3057 3058 3063 3062 3058 3059 3064 3063
          3060 3061 3066 3065 3061 3062 3067 3066 3062 3063 3068 3067 3063 3064 3069 3068
          3065 3066 3071 3070 3066 3067 3072 3071 3067 3068 3073 3072 3068 3069 3074 3073
          3070 3071 3076 3075 3071 3072 3077 3076 3072 3073 3078 3077 3073 3074 3079 3078
          3075 3076 3081 3080 3076 3077 3082 3081 3077 3078 3083 3082 3078 3079 3084 3083
          3080 3081 3086 3085 3081 3082 3087 3086 3082 3083 3088 3087 3083 3084 3089 3088
          3085 3086 3091 3090 3086 3087 3092 3091 3087 3088 3093 3092 3088 3089 3094 3093
          3090 3091 3096 3095 3091 3092 3097 3096 3092 3093 3098 3097 3093 3094 3099 3098
          3095 3096 3101 3100 3096 3097 3102 3101 3097 3098 3103 3102 3098 3099 3104 3103
          3100 3101 3106 3105 3101 3102 3107 3106 3102 3103 3108 3107 3103 3104 3109 3108
          3105 3106 3111 3110 3106 3107 3112 3111 3107 3108 3113 3112 3108 3109 3114 3113
          3110 3111 3116 3115 3111 3112 3117 3116 3112 3113 3118 3117 3113 3114 3119 3118
          3115 3116 3121 3120 3116 3117 3122 3121 3117 3118 3123 3122 3118 3119 3124 3123
          3120 3121 3126 3125 3121 3122 3127 3126 3122 3123 3128 3127 3123 3124 3129 3128
          3125 3126 3131 3130 3126 3127 3132 3131 3127 3128 3133 3132 3128 3129 3134 3133
          3130 3131 3136 3135 3131 3132 3137 3136 3132 3133 3138 3137 3133 3134 3139 3138
          3135 3136 3141 3140 3136 3137 3142 3141 3137 3138 3143 3142 3138 3139 3144 3143
          3140 3141 3146 3145 3141 3142 3147 3146 3142 3143 3148 3147 3143 3144 3149 3148
          3145 3146 3151 3150 3146 3147 3152 3151 3147 3148 3153 3152 3148 3149 3154 3153
          3150 3151 3156 3155 3151 3152 3157 3156 3152 3153 3158 3157 3153 3154 3159 3158
          3155 3156 3161 3160 3156 3157 3162 3161 3157 3158 3163 3162 3158 3159 3164 3163
          3160 3161 3166 3165 3161 3162 3167 3166 3162 3163 3168 3167 3163 3164 3169 3168
          3165 3166 3171 3170 3166 3167 3172 3171 3167 3168 3173 3172 3168 3169 3174 3173
          3170 3171 3176 3175 3171 3172 3177 3176 3172 3173 3178 3177 3173 3174 3179 3178
          3175 3176 3181 3180 3176 3177 3182 3181 3177 3178 3183 3182 3178 3179 3184 3183
          3180 3181 3186 3185 3181 3182 3187 3186 3182 3183 3188 3187 3183 3184 3189 3188
          3185 3186 3191 3190 3186 3187 3192 3191 3187 3188 3193 3192 3188 3189 3194 3193
          3190 3191 3196 3195 3191 3192 3197 3196 3192 3193 3198 3197 3193 3194 3199 3198
          3195 3196 3201 3200 3196 3197 3202 3201 3197 3198 3203 3202 3198 3199 3204 3203
          3200 3201 3206 3205 3201 3202 3207 3206 3202 3203 3208 3207 3203 3204 3209 3208
          3205 3206 3211 3210 3206 3207 3212 3211 3207 3208 3213 3212 3208 3209 3214 3213
          3210 3211 3216 3215 3211 3212 3217 3216 3212 3213 3218 3217 3213 3214 3219 3218
          3215 3216 3221 3220 3216 3217 3222 3221 3217 3218 3223 3222 3218 3219 3224 3223
          3220 3221 3226 3225 3221 3222 3227 3226 3222 3223 3228 3227 3223 3224 3229 3228
          3225 3226 3231 3230 3226 3227 3232 3231 3227 3228 3233 3232 3228 3229 3234 3233
          3230 3231 3236 3235 3231 3232 3237 3236 3232 3233 3238 3237 3233 3234 3239 3238
          3235 3236 3241 3240 3236 3237 3242 3241 3237 3238 3243 3242 3238 3239 3244 3243
          3240 3241 3246 3245 3241 3242 3247 3246 3242 3243 3248 3247 3243 3244 3249 3248
          3245 3246 3251 3250 3246 3247 3252 3251 3247 3248 3253 3252 3248 3249 3254 3253
          3250 3251 3256 3255 3251 3252 3257 3256 3252 3253 3258 3257 3253 3254 3259 3258
          3255 3256 3261 3260 3256 3257 3262 3261 3257 3258 3263 3262 3258 3259 3264 3263
          3260 3261 3266 3265 3261 3262 3267 3266 3262 3263 3268 3267 3263 3264 3269 3268
          3265 3266 3271 3270 3266 3267 3272 3271 3267 3268 3273 3272 3268 3269 3274 3273
          3270 3271 3276 3275 3271 3272 3277 3276 3272 3273 3278 3277 3273 3274 3279 3278
          3275 3276 3281 3280 3276 3277 3282 3281 3277 3278 3283 3282 3278 3279 3284 3283
          3280 3281 3286 3285 3281 3282 3287 3286 3282 3283 3288 3287 3283 3284 3289 3288
          3285 3286 3291 3290 3286 3287 3292 3291 3287 3288 3293 3292 3288 3289 3294 3293
          3290 3291 3296 3295 3291 3292 3297 3296 3292 3293 3298 3297 3293 3294 3299 3298
          3295 3296 3301 3300 3296 3297 3302 3301 3297 3298 3303 3302 3298 3299 3304 3303
          3300 3301 3306 3305 3301 3302 3307 3306 3302 3303 3308 3307 3303 3304 3309 3308
          3305 3306 3311 3310 3306 3307 3312 3311 3307 3308 3313 3312 3308 3309 3314 3313
          3310 3311 3316 3315 3311 3312 3317 3316 3312 3313 3318 3317 3313 3314 3319 3318
          3315 3316 3321 3320 3316 3317 3322 3321 3317 3318 3323 3322 3318 3319 3324 3323
          3320 3321 3326 3325 3321 3322 3327 3326 3322 3323 3328 3327 3323 3324 3329 3328
          3325 3326 3331 3330 3326 3327 3332 3331 3327 3328 3333 3332 3328 3329 3334 3333
          3330 3331 3336 3335 3331 3332 3337 3336 3332 3333 3338 3337 3333 3334 3339 3338
          3335 3336 3341 3340 3336 3337 3342 3341 3337 3338 3343 3342 3338 3339 3344 3343
          3340 3341 3346 3345 3341 3342 3347 3346 3342 3343 3348 3347 3343 3344 3349 3348
          3345 3346 3351 3350 3346 3347 3352 3351 3347 3348 3353 3352 3348 3349 3354 3353
          3350 3351 3356 3355 3351 3352 3357 3356 3352 3353 3358 3357 3353 3354 3359 3358
          3355 3356 3361 3360 3356 3357 3362 3361 3357 3358 3363 3362 3358 3359 3364 3363
          3360 3361 3366 3365 3361 3362 3367 3366 3362 3363 3368 3367 3363 3364 3369 3368
          3365 3366 3371 3370 3366 3367 3372 3371 3367 3368 3373 3372 3368 3369 3374 3373
          3370 3371 3376 3375 3371 3372 3377 3376 3372 3373 3378 3377 3373 3374 3379 3378
          3375 3376 3381 3380 3376 3377 3382 3381 3377 3378 3383 3382 3378 3379 3384 3383
          3380 3381 3386 3385 3381 3382 3387 3386 3382 3383 3388 3387 3383 3384 3389 3388
          3385 3386 3391 3390 3386 3387 3392 3391 3387 3388 3393 3392 3388 3389 3394 3393
          3390 3391 3396 3395 3391 3392 3397 3396 3392 3393 3398 3397 3393 3394 3399 3398
          3395 3396 3401 3400 3396 3397 3402 3401 3397 3398 3403 3402 3398 3399 3404 3403
          3400 3401 3406 3405 3401 3402 3407 3406 3402 3403 3408 3407 3403 3404 3409 3408
          3405 3406 3411 3410 3406 3407 3412 3411 3407 3408 3413 3412 3408 3409 3414 3413
          3410 3411 3416 3415 3411 3412 3417 3416 3412 3413 3418 3417 3413 3414 3419 3418
          3415 3416 3421 3420 3416 3417 3422 3421 3417 3418 3423 3422 3418 3419 3424 3423
          3420 3421 3426 3425 3421 3422 3427 3426 3422 3423 3428 3427 3423 3424 3429 3428
          3425 3426 3431 3430 3426 3427 3432 3431 3427 3428 3433 3432 3428 3429 3434 3433
          3430 3431 3436 3435 3431 3432 3437 3436 3432 3433 3438 3437 3433 3434 3439 3438
          3435 3436 3441 3440 3436 3437 3442 3441 3437 3438 3443 3442 3438 3439 3444 3443
          3440 3441 3446 3445 3441 3442 3447 3446 3442 3443 3448 3447 3443 3444 3449 3448
          3445 3446 3451 3450 3446 3447 3452 3451 3447 3448 3453 3452 3448 3449 3454 3453
          3450 3451 3456 3455 3451 3452 3457 3456 3452 3453 3458 3457 3453 3454 3459 3458
          3455 3456 3461 3460 3456 3457 3462 3461 3457 3458 3463 3462 3458 3459 3464 3463
          3460 3461 3466 3465 3461 3462 3467 3466 3462 3463 3468 3467 3463 3464 3469 3468
          3465 3466 3471 3470 3466 3467 3472 3471 3467 3468 3473 3472 3468 3469 3474 3473
          3470 3471 3476 3475 3471 3472 3477 3476 3472 3473 3478 3477 3473 3474 3479 3478
          3475 3476 3481 3480 3476 3477 3482 3481 3477 3478 3483 3482 3478 3479 3484 3483
          3480 3481 3486 3485 3481 3482 3487 3486 3482 3483 3488 3487 3483 3484 3489 3488
          3485 3486 3491 3490 3486 3487 3492 3491 3487 3488 3493 3492 3488 3489 3494 3493
          3490 3491 3496 3495 3491 3492 3497 3496 3492 3493 3498 3497 3493 3494 3499 3498
          3495 3496 3501 3500 3496 3497 3502 3501 3497 3498 3503 3502 3498 3499 3504 3503
          3500 3501 3506 3505 3501 3502 3507 3506 3502 3503 3508 3507 3503 3504 3509 3508
          3505 3506 3511 3510 3506 3507 3512 3511 3507 3508 3513 3512 3508 3509 3514 3513
          3510 3511 3516 3515 3511 3512 3517 3516 3512 3513 3518 3517 3513 3514 3519 3518
          3515 3516 3521 3520 3516 3517 3522 3521 3517 3518 3523 3522 3518 3519 3524 3523
          3520 3521 3526 3525 3521 3522 3527 3526 3522 3523 3528 3527 3523 3524 3529 3528
          3525 3526 3531 3530 3526 3527 3532 3531 3527 3528 3533 3532 3528 3529 3534 3533
          3530 3531 3536 3535 3531 3532 3537 3536 3532 3533 3538 3537 3533 3534 3539 3538
          3535 3536 3541 3540 3536 3537 3542 3541 3537 3538 3543 3542 3538 3539 3544 3543
          3540 3541 3546 3545 3541 3542 3547 3546 3542 3543 3548 3547 3543 3544 3549 3548
          3545 3546 3551 3550 3546 3547 3552 3551 3547 3548 3553 3552 3548 3549 3554 3553
          3550 3551 3556 3555 3551 3552 3557 3556 3552 3553 3558 3557 3553 3554 3559 3558
          3555 3556 3561 3560 3556 3557 3562 3561 3557 3558 3563 3562 3558 3559 3564 3563
          3560 3561 3566 3565 3561 3562 3567 3566 3562 3563 3568 3567 3563 3564 3569 3568
          3565 3566 3571 3570 3566 3567 3572 3571 3567 3568 3573 3572 3568 3569 3574 3573
          3570 3571 3576 3575 3571 3572 3577 3576 3572 3573 3578 3577 3573 3574 3579 3578
          3575 3576 3581 3580 3576 3577 3582 3581 3577 3578 3583 3582 3578 3579 3584 3583
          3580 3581 3586 3585 3581 3582 3587 3586 3582 3583 3588 3587 3583 3584 3589 3588
          3585 3586 3591 3590 3586 3587 3592 3591 3587 3588 3593 3592 3588 3589 3594 3593
          3590 3591 3596 3595 3591 3592 3597 3596 3592 3593 3598 3597 3593 3594 3599 3598
          3595 3596 3601 3600 3596 3597 3602 3601 3597 3598 3603 3602 3598 3599 3604 3603
          3600 3601 3606 3605 3601 3602 3607 3606 3602 3603 3608 3607 3603 3604 3609 3608
          3605 3606 3611 3610 3606 3607 3612 3611 3607 3608 3613 3612 3608 3609 3614 3613
          3610 3611 3616 3615 3611 3612 3617 3616 3612 3613 3618 3617 3613 3614 3619 3618
          3615 3616 3621 3620 3616 3617 3622 3621 3617 3618 3623 3622 3618 3619 3624 3623
          3620 3621 3626 3625 3621 3622 3627 3626 3622 3623 3628 3627 3623 3624 3629 3628
          3625 3626 3631 3630 3626 3627 3632 3631 3627 3628 3633 3632 3628 3629 3634 3633
          3630 3631 3636 3635 3631 3632 3637 3636 3632 3633 3638 3637 3633 3634 3639 3638
          3635 3636 3641 3640 3636 3637 3642 3641 3637 3638 3643 3642 3638 3639 3644 3643
          3640 3641 3646 3645 3641 3642 3647 3646 3642 3643 3648 3647 3643 3644 3649 3648
          3645 3646 3651 3650 3646 3647 3652 3651 3647 3648 3653 3652 3648 3649 3654 3653
          3650 3651 3656 3655 3651 3652 3657 3656 3652 3653 3658 3657 3653 3654 3659 3658
          3655 3656 3661 3660 3656 3657 3662 3661 3657 3658 3663 3662 3658 3659 3664 3663
          3660 3661 3666 3665 3661 3662 3667 3666 3662 3663 3668 3667 3663 3664 3669 3668
          3665 3666 3671 3670 3666 3667 3672 3671 3667 3668 3673 3672 3668 3669 3674 3673
          3670 3671 3676 3675 3671 3672 3677 3676 3672 3673 3678 3677 3673 3674 3679 3678
          3675 3676 3681 3680 3676 3677 3682 3681 3677 3678 3683 3682 3678 3679 3684 3683
          3680 3681 3686 3685 3681 3682 3687 3686 3682 3683 3688 3687 3683 3684 3689 3688
          3685 3686 3691 3690 3686 3687 3692 3691 3687 3688 3693 3692 3688 3689 3694 3693
          3690 3691 3696 3695 3691 3692 3697 3696 3692 3693 3698 3697 3693 3694 3699 3698
          3695 3696 3701 3700 3696 3697 3702 3701 3697 3698 3703 3702 3698 3699 3704 3703
          3700 3701 3706 3705 3701 3702 3707 3706 3702 3703 3708 3707 3703 3704 3709 3708
          3705 3706 3711 3710 3706 3707 3712 3711 3707 3708 3713 3712 3708 3709 3714 3713
          3710 3711 3716 3715 3711 3712 3717 3716 3712 3713 3718 3717 3713 3714 3719 3718
          3715 3716 3721 3720 3716 3717 3722 3721 3717 3718 3723 3722 3718 3719 3724 3723
          3720 3721 3726 3725 3721 3722 3727 3726 3722 3723 3728 3727 3723 3724 3729 3728
          3725 3726 3731 3730 3726 3727 3732 3731 3727 3728 3733 3732 3728 3729 3734 3733
          3730 3731 3736 3735 3731 3732 3737 3736 3732 3733 3738 3737 3733 3734 3739 3738
          3735 3736 3741 3740 3736 3737 3742 3741 3737 3738 3743 3742 3738 3739 3744 3743
          3740 3741 3746 3745 3741 3742 3747 3746 3742 3743 3748 3747 3743 3744 3749 3748
          3745 3746 3751 3750 3746 3747 3752 3751 3747 3748 3753 3752 3748 3749 3754 3753
          3750 3751 3756 3755 3751 3752 3757 3756 3752 3753 3758 3757 3753 3754 3759 3758
          3755 3756 3761 3760 3756 3757 3762 3761 3757 3758 3763 3762 3758 3759 3764 3763
          3760 3761 3766 3765 3761 3762 3767 3766 3762 3763 3768 3767 3763 3764 3769 3768
          3765 3766 3771 3770 3766 3767 3772 3771 3767 3768 3773 3772 3768 3769 3774 3773
          3770 3771 3776 3775 3771 3772 3777 3776 3772 3773 3778 3777 3773 3774 3779 3778
          3775 3776 3781 3780 3776 3777 3782 3781 3777 3778 3783 3782 3778 3779 3784 3783
          3780 3781 3786 3785 3781 3782 3787 3786 3782 3783 3788 3787 3783 3784 3789 3788
          3785 3786 3791 3790 3786 3787 3792 3791 3787 3788 3793 3792 3788 3789 3794 3793
          3790 3791 3796 3795 3791 3792 3797 3796 3792 3793 3798 3797 3793 3794 3799 3798
          3795 3796 3801 3800 3796 3797 3802 3801 3797 3798 3803 3802 3798 3799 3804 3803
          3800 3801 3806 3805 3801 3802 3807 3806 3802 3803 3808 3807 3803 3804 3809 3808
          3805 3806 3811 3810 3806 3807 3812 3811 3807 3808 3813 3812 3808 3809 3814 3813
          3810 3811 3816 3815 3811 3812 3817 3816 3812 3813 3818 3817 3813 3814 3819 3818
          3815 3816 3821 3820 3816 3817 3822 3821 3817 3818 3823 3822 3818 3819 3824 3823
          3820 3821 3826 3825 3821 3822 3827 3826 3822 3823 3828 3827 3823 3824 3829 3828
          3825 3826 3831 3830 3826 3827 3832 3831 3827 3828 3833 3832 3828 3829 3834 3833
          3830 3831 3836 3835 3831 3832 3837 3836 3832 3833 3838 3837 3833 3834 3839 3838
          3835 3836 3841 3840 3836 3837 3842 3841 3837 3838 3843 3842 3838 3839 3844 3843
          3840 3841 3846 3845 3841 3842 3847 3846 3842 3843 3848 3847 3843 3844 3849 3848
          3845 3846 3851 3850 3846 3847 3852 3851 3847 3848 3853 3852 3848 3849 3854 3853
          3850 3851 3856 3855 3851 3852 3857 3856 3852 3853 3858 3857 3853 3854 3859 3858
          3855 3856 3861 3860 3856 3857 3862 3861 3857 3858 3863 3862 3858 3859 3864 3863
          3860 3861 3866 3865 3861 3862 3867 3866 3862 3863 3868 3867 3863 3864 3869 3868
          3865 3866 3871 3870 3866 3867 3872 3871 3867 3868 3873 3872 3868 3869 3874 3873
          3870 3871 3876 3875 3871 3872 3877 3876 3872 3873 3878 3877 3873 3874 3879 3878
          3875 3876 3881 3880 3876 3877 3882 3881 3877 3878 3883 3882 3878 3879 3884 3883
          3880 3881 3886 3885 3881 3882 3887 3886 3882 3883 3888 3887 3883 3884 3889 3888
          3885 3886 3891 3890 3886 3887 3892 3891 3887 3888 3893 3892 3888 3889 3894 3893
          3890 3891 3896 3895 3891 3892 3897 3896 3892 3893 3898 3897 3893 3894 3899 3898
          3895 3896 3901 3900 3896 3897 3902 3901 3897 3898 3903 3902 3898 3899 3904 3903
          3900 3901 3906 3905 3901 3902 3907 3906 3902 3903 3908 3907 3903 3904 3909 3908
          3905 3906 3911 3910 3906 3907 3912 3911 3907 3908 3913 3912 3908 3909 3914 3913
          3910 3911 3916 3915 3911 3912 3917 3916 3912 3913 3918 3917 3913 3914 3919 3918
          3915 3916 3921 3920 3916 3917 3922 3921 3917 3918 3923 3922 3918 3919 3924 3923
          3920 3921 3926 3925 3921 3922 3927 3926 3922 3923 3928 3927 3923 3924 3929 3928
          3925 3926 3931 3930 3926 3927 3932 3931 3927 3928 3933 3932 3928 3929 3934 3933
          3930 3931 3936 3935 3931 3932 3937 3936 3932 3933 3938 3937 3933 3934 3939 3938
          3935 3936 3941 3940 3936 3937 3942 3941 3937 3938 3943 3942 3938 3939 3944 3943
          3940 3941 3946 3945 3941 3942 3947 3946 3942 3943 3948 3947 3943 3944 3949 3948
          3945 3946 3951 3950 3946 3947 3952 3951 3947 3948 3953 3952 3948 3949 3954 3953
          3950 3951 3956 3955 3951 3952 3957 3956 3952 3953 3958 3957 3953 3954 3959 3958
          3955 3956 3961 3960 3956 3957 3962 3961 3957 3958 3963 3962 3958 3959 3964 3963
          3960 3961 3966 3965 3961 3962 3967 3966 3962 3963 3968 3967 3963 3964 3969 3968
          3965 3966 3971 3970 3966 3967 3972 3971 3967 3968 3973 3972 3968 3969 3974 3973
          3970 3971 3976 3975 3971 3972 3977 3976 3972 3973 3978 3977 3973 3974 3979 3978
          3975 3976 3981 3980 3976 3977 3982 3981 3977 3978 3983 3982 3978 3979 3984 3983
          3980 3981 3986 3985 3981 3982 3987 3986 3982 3983 3988 3987 3983 3984 3989 3988
          3985 3986 3991 3990 3986 3987 3992 3991 3987 3988 3993 3992 3988 3989 3994 3993
          3990 3991 3996 3995 3991 3992 3997 3996 3992 3993 3998 3997 3993 3994 3999 3998
          3995 3996 4001 4000 3996 3997 4002 4001 3997 3998 4003 4002 3998 3999 4004 4003
          0 5 5 10 10 15 15 20 20 25 25 30 30 35 35 40
          40 45 45 50 50 55 55 60 60 65 65 70 70 75 75 80
          80 85 85 90 90 95 95 100 100 105 105 110 110 115 115 120
          120 125 125 130 130 135 135 140 140 145 145 150 150 155 155 160
          160 165 165 170 170 175 175 180 180 185 185 190 190 195 195 200
          200 205 205 210 210 215 215 220 220 225 225 230 230 235 235 240
          240 245 245 250 250 255 255 260 260 265 265 270 270 275 275 280
          280 285 285 290 290 295 295 300 300 305 305 310 310 315 315 320
          320 325 325 330 330 335 335 340 340 345 345 350 350 355 355 360
          360 365 365 370 370 375 375 380 380 385 385 390 390 395 395 400
          400 405 405 410 410 415 415 420 420 425 425 430 430 435 435 440
          440 445 445 450 450 455 455 460 460 465 465 470 470 475 475 480
          480 485 485 490 490 495 495 500 500 505 505 510 510 515 515 520
          520 525 525 530 530 535 535 540 540 545 545 550 550 555 555 560
          560 565 565 570 570 575 575 580 580 585 585 590 590 595 595 600
          600 605 605 610 610 615 615 620 620 625 625 630 630 635 635 640
          640 645 645 650 650 655 655 660 660 665 665 670 670 675 675 680
          680 685 685 690 690 695 695 700 700 705 705 710 710 715 715 720
          720 725 725 730 730 735 735 740 740 745 745 750 750 755 755 760
          760 765 765 770 770 775 775 780 780 785 785 790 790 795 795 800
          800 805 805 810 810 815 815 820 820 825 825 830 830 835 835 840
          840 845 845 850 850 855 855 860 860 865 865 870 870 875 875 880
          880 885 885 890 890 895 895 900 900 905 905 910 910 915 915 920
          920 925 925 930 930 935 935 940 940 945 945 950 950 955 955 960
          960 965 965 970 970 975 975 980 980 985 985 990 990 995 995 1000
          1000 1005 1005 1010 1010 1015 1015 1020 1020 1025 1025 1030 1030 1035 1035 1040
          1040 1045 1045 1050 1050 1055 1055 1060 1060 1065 1065 1070 1070 1075 1075 1080
          1080 1085 1085 1090 1090 1095 1095 1100 1100 1105 1105 1110 1110 1115 1115 1120
          1120 1125 1125 1130 1130 1135 1135 1140 1140 1145 1145 1150 1150 1155 1155 1160
          1160 1165 1165 1170 1170 1175 1175 1180 1180 1185 1185 1190 1190 1195 1195 1200
          1200 1205 1205 1210 1210 1215 1215 1220 1220 1225 1225 1230 1230 1235 1235 1240
          1240 1245 1245 1250 1250 1255 1255 1260 1260 1265 1265 1270 1270 1275 1275 1280
          1280 1285 1285 1290 1290 1295 1295 1300 1300 1305 1305 1310 1310 1315 1315 1320
          1320 1325 1325 1330 1330 1335 1335 1340 1340 1345 1345 1350 1350 1355 1355 1360
          1360 1365 1365 1370 1370 1375 1375 1380 1380 1385 1385 1390 1390 1395 1395 1400
          1400 1405 1405 1410 1410 1415 1415 1420 1420 1425 1425 1430 1430 1435 1435 1440
          1440 1445 1445 1450 1450 1455 1455 1460 1460 1465 1465 1470 1470 1475 1475 1480
          1480 1485 1485 1490 1490 1495 1495 1500 1500 1505 1505 1510 1510 1515 1515 1520
          1520 1525 1525 1530 1530 1535 1535 1540 1540 1545 1545 1550 1550 1555 1555 1560
          1560 1565 1565 1570 1570 1575 1575 1580 1580 1585 1585 1590 1590 1595 1595 1600
          1600 1605 1605 1610 1610 1615 1615 1620 1620 1625 1625 1630 1630 1635 1635 1640
          1640 1645 1645 1650 1650 1655 1655 1660 1660 1665 1665 1670 1670 1675 1675 1680
          1680 1685 1685 1690 1690 1695 1695 1700 1700 1705 1705 1710 1710 1715 1715 1720
          1720 1725 1725 1730 1730 1735 1735 1740 1740 1745 1745 1750 1750 1755 1755 1760
          1760 1765 1765 1770 1770 1775 1775 1780 1780 1785 1785 1790 1790 1795 1795 1800
          1800 1805 1805 1810 1810 1815 1815 1820 1820 1825 1825 1830 1830 1835 1835 1840
          1840 1845 1845 1850 1850 1855 1855 1860 1860 1865 1865 1870 1870 1875 1875 1880
          1880 1885 1885 1890 1890 1895 1895 1900 1900 1905 1905 1910 1910 1915 1915 1920
          1920 1925 1925 1930 1930 1935 1935 1940 1940 1945 1945 1950 1950 1955 1955 1960
          1960 1965 1965 1970 1970 1975 1975 1980 1980 1985 1985 1990 1990 1995 1995 2000
          2000 2005 2005 2010 2010 2015 2015 2020 2020 2025 2025 2030 2030 2035 2035 2040
          2040 2045 2045 2050 2050 2055 2055 2060 2060 2065 2065 2070 2070 2075 2075 2080
          2080 2085 2085 2090 2090 2095 2095 2100 2100 2105 2105 2110 2110 2115 2115 2120
          2120 2125 2125 2130 2130 2135 2135 2140 2140 2145 2145 2150 2150 2155 2155 2160
          2160 2165 2165 2170 2170 2175 2175 2180 2180 2185 2185 2190 2190 2195 2195 2200
          2200 2205 2205 2210 2210 2215 2215 2220 2220 2225 2225 2230 2230 2235 2235 2240
          2240 2245 2245 2250 2250 2255 2255 2260 2260 2265 2265 2270 2270 2275 2275 2280
          2280 2285 2285 2290 2290 2295 2295 2300 2300 2305 2305 2310 2310 2315 2315 2320
          2320 2325 2325 2330 2330 2335 2335 2340 2340 2345 2345 2350 2350 2355 2355 2360
          2360 2365 2365 2370 2370 2375 2375 2380 2380 2385 2385 2390 2390 2395 2395 2400
          2400 2405 2405 2410 2410 2415 2415 2420 2420 2425 2425 2430 2430 2435 2435 2440
          2440 2445 2445 2450 2450 2455 2455 2460 2460 2465 2465 2470 2470 2475 2475 2480
          2480 2485 2485 2490 2490 2495 2495 2500 2500 2505 2505 2510 2510 2515 2515 2520
          2520 2525 2525 2530 2530 2535 2535 2540 2540 2545 2545 2550 2550 2555 2555 2560
          2560 2565 2565 2570 2570 2575 2575 2580 2580 2585 2585 2590 2590 2595 2595 2600
          2600 2605 2605 2610 2610 2615 2615 2620 2620 2625 2625 2630 2630 2635 2635 2640
          2640 2645 2645 2650 2650 2655 2655 2660 2660 2665 2665 2670 2670 2675 2675 2680
          2680 2685 2685 2690 2690 2695 2695 2700 2700 2705 2705 2710 2710 2715 2715 2720
          2720 2725 2725 2730 2730 2735 2735 2740 2740 2745 2745 2750 2750 2755 2755 2760
          2760 2765 2765 2770 2770 2775 2775 2780 2780 2785 2785 2790 2790 2795 2795 2800
          2800 2805 2805 2810 2810 2815 2815 2820 2820 2825 2825 2830 2830 2835 2835 2840
          2840 2845 2845 2850 2850 2855 2855 2860 2860 2865 2865 2870 2870 2875 2875 2880
          2880 2885 2885 2890 2890 2895 2895 2900 2900 2905 2905 2910 2910 2915 2915 2920
          2920 2925 2925 2930 2930 2935 2935 2940 2940 2945 2945 2950 2950 2955 2955 2960
          2960 2965 2965 2970 2970 2975 2975 2980 2980 2985 2985 2990 2990 2995 2995 3000
          3000 3005 3005 3010 3010 3015 3015 3020 3020 3025 3025 3030 3030 3035 3035 3040
          3040 3045 3045 3050 3050 3055 3055 3060 3060 3065 3065 3070 3070 3075 3075 3080
          3080 3085 3085 3090 3090 3095 3095 3100 3100 3105 3105 3110 3110 3115 3115 3120
          3120 3125 3125 3130 3130 3135 3135 3140 3140 3145 3145 3150 3150 3155 3155 3160
          3160 3165 3165 3170 3170 3175 3175 3180 3180 3185 3185 3190 3190 3195 3195 3200
          3200 3205 3205 3210 3210 3215 3215 3220 3220 3225 3225 3230 3230 3235 3235 3240
          3240 3245 3245 3250 3250 3255 3255 3260 3260 3265 3265 3270 3270 3275 3275 3280
          3280 3285 3285 3290 3290 3295 3295 3300 3300 3305 3305 3310 3310 3315 3315 3320
          3320 3325 3325 3330 3330 3335 3335 3340 3340 3345 3345 3350 3350 3355 3355 3360
          3360 3365 3365 3370 3370 3375 3375 3380 3380 3385 3385 3390 3390 3395 3395 3400
          3400 3405 3405 3410 3410 3415 3415 3420 3420 3425 3425 3430 3430 3435 3435 3440
          3440 3445 3445 3450 3450 3455 3455 3460 3460 3465 3465 3470 3470 3475 3475 3480
          3480 3485 3485 3490 3490 3495 3495 3500 3500 3505 3505 3510 3510 3515 3515 3520
          3520 3525 3525 3530 3530 3535 3535 3540 3540 3545 3545 3550 3550 3555 3555 3560
          3560 3565 3565 3570 3570 3575 3575 3580 3580 3585 3585 3590 3590 3595 3595 3600
          3600 3605 3605 3610 3610 3615 3615 3620 3620 3625 3625 3630 3630 3635 3635 3640
          3640 3645 3645 3650 3650 3655 3655 3660 3660 3665 3665 3670 3670 3675 3675 3680
          3680 3685 3685 3690 3690 3695 3695 3700 3700 3705 3705 3710 3710 3715 3715 3720
          3720 3725 3725 3730 3730 3735 3735 3740 3740 3745 3745 3750 3750 3755 3755 3760
          3760 3765 3765 3770 3770 3775 3775 3780 3780 3785 3785 3790 3790 3795 3795 3800
          3800 3805 3805 3810 3810 3815 3815 3820 3820 3825 3825 3830 3830 3835 3835 3840
          3840 3845 3845 3850 3850 3855 3855 3860 3860 3865 3865 3870 3870 3875 3875 3880
          3880 3885 3885 3890 3890 3895 3895 3900 3900 3905 3905 3910 3910 3915 3915 3920
          3920 3925 3925 3930 3930 3935 3935 3940 3940 3945 3945 3950 3950 3955 3955 3960
          3960 3965 3965 3970 3970 3975 3975 3980 3980 3985 3985 3990 3990 3995 3995 4000
          0 1 1 2 2 3 3 4 4 9 9 14 14 19 19 24
          24 29 29 34 34 39 39 44 44 49 49 54 54 59 59 64
          64 69 69 74 74 79 79 84 84 89 89 94 94 99 99 104
          104 109 109 114 114 119 119 124 124 129 129 134 134 139 139 144
          144 149 149 154 154 159 159 164 164 169 169 174 174 179 179 184
          184 189 189 194 194 199 199 204 204 209 209 214 214 219 219 224
          224 229 229 234 234 239 239 244 244 249 249 254 254 259 259 264
          264 269 269 274 274 279 279 284 284 289 289 294 294 299 299 304
          304 309 309 314 314 319 319 324 324 329 329 334 334 339 339 344
          344 349 349 354 354 359 359 364 364 369 369 374 374 379 379 384
          384 389 389 394 394 399 399 404 404 409 409 414 414 419 419 424
          424 429 429 434 434 439 439 444 444 449 449 454 454 459 459 464
          464 469 469 474 474 479 479 484 484 489 489 494 494 499 499 504
          504 509 509 514 514 519 519 524 524 529 529 534 534 539 539 544
          544 549 549 554 554 559 559 564 564 569 569 574 574 579 579 584
          584 589 589 594 594 599 599 604 604 609 609 614 614 619 619 624
          624 629 629 634 634 639 639 644 644 649 649 654 654 659 659 664
          664 669 669 674 674 679 679 684 684 689 689 694 694 699 699 704
          704 709 709 714 714 719 719 724 724 729 729 734 734 739 739 744
          744 749 749 754 754 759 759 764 764 769 769 774 774 779 779 784
          784 789 789 794 794 799 799 804 804 809 809 814 814 819 819 824
          824 829 829 834 834 839 839 844 844 849 849 854 854 859 859 864
          864 869 869 874 874 879 879 884 884 889 889 894 894 899 899 904
          904 909 909 914 914 919 919 924 924 929 929 934 934 939 939 944
          944 949 949 954 954 959 959 964 964 969 969 974 974 979 979 984
          984 989 989 994 994 999 999 1004 1004 1009 1009 1014 1014 1019 1019 1024
          1024 1029 1029 1034 1034 1039 1039 1044 1044 1049 1049 1054 1054 1059 1059 1064
          1064 1069 1069 1074 1074 1079 1079 1084 1084 1089 1089 1094 1094 1099 1099 1104
          1104 1109 1109 1114 1114 1119 1119 1124 1124 1129 1129 1134 1134 1139 1139 1144
          1144 1149 1149 1154 1154 1159 1159 1164 1164 1169 1169 1174 1174 1179 1179 1184
          1184 1189 1189 1194 1194 1199 1199 1204 1204 1209 1209 1214 1214 1219 1219 1224
          1224 1229 1229 1234 1234 1239 1239 1244 1244 1249 1249 1254 1254 1259 1259 1264
          1264 1269 1269 1274 1274 1279 1279 1284 1284 1289 1289 1294 1294 1299 1299 1304
          1304 1309 1309 1314 1314 1319 1319 1324 1324 1329 1329 1334 1334 1339 1339 1344
          1344 1349 1349 1354 1354 1359 1359 1364 1364 1369 1369 1374 1374 1379 1379 1384
          1384 1389 1389 1394 1394 1399 1399 1404 1404 1409 1409 1414 1414 1419 1419 1424
          1424 1429 1429 1434 1434 1439 1439 1444 1444 1449 1449 1454 1454 1459 1459 1464
          1464 1469 1469 1474 1474 1479 1479 1484 1484 1489 1489 1494 1494 1499 1499 1504
          1504 1509 1509 1514 1514 1519 1519 1524 1524 1529 1529 1534 1534 1539 1539 1544
          1544 1549 1549 1554 1554 1559 1559 1564 1564 1569 1569 1574 1574 1579 1579 1584
          1584 1589 1589 1594 1594 1599 1599 1604 1604 1609 1609 1614 1614 1619 1619 1624
          1624 1629 1629 1634 1634 1639 1639 1644 1644 1649 1649 1654 1654 1659 1659 1664
          1664 1669 1669 1674 1674 1679 1679 1684 1684 1689 1689 1694 1694 1699 1699 1704
          1704 1709 1709 1714 1714 1719 1719 1724 1724 1729 1729 1734 1734 1739 1739 1744
          1744 1749 1749 1754 1754 1759 1759 1764 1764 1769 1769 1774 1774 1779 1779 1784
          1784 1789 1789 1794 1794 1799 1799 1804 1804 1809 1809 1814 1814 1819 1819 1824
          1824 1829 1829 1834 1834 1839 1839 1844 1844 1849 1849 1854 1854 1859 1859 1864
          1864 1869 1869 1874 1874 1879 1879 1884 1884 1889 1889 1894 1894 1899 1899 1904
          1904 1909 1909 1914 1914 1919 1919 1924 1924 1929 1929 1934 1934 1939 1939 1944
          1944 1949 1949 1954 1954 1959 1959 1964 1964 1969 1969 1974 1974 1979 1979 1984
          1984 1989 1989 1994 1994 1999 1999 2004 2004 2009 2009 2014 2014 2019 2019 2024
          2024 2029 2029 2034 2034 2039 2039 2044 2044 2049 2049 2054 2054 2059 2059 2064
          2064 2069 2069 2074 2074 2079 2079 2084 2084 2089 2089 2094 2094 2099 2099 2104
          2104 2109 2109 2114 2114 2119 2119 2124 2124 2129 2129 2134 2134 2139 2139 2144
          2144 2149 2149 2154 2154 2159 2159 2164 2164 2169 2169 2174 2174 2179 2179 2184
          2184 2189 2189 2194 2194 2199 2199 2204 2204 2209 2209 2214 2214 2219 2219 2224
          2224 2229 2229 2234 2234 2239 2239 2244 2244 2249 2249 2254 2254 2259 2259 2264
          2264 2269 2269 2274 2274 2279 2279 2284 2284 2289 2289 2294 2294 2299 2299 2304
          2304 2309 2309 2314 2314 2319 2319 2324 2324 2329 2329 2334 2334 2339 2339 2344
          2344 2349 2349 2354 2354 2359 2359 2364 2364 2369 2369 2374 2374 2379 2379 2384
          2384 2389 2389 2394 2394 2399 2399 2404 2404 2409 2409 2414 2414 2419 2419 2424
          2424 2429 2429 2434 2434 2439 2439 2444 2444 2449 2449 2454 2454 2459 2459 2464
          2464 2469 2469 2474 2474 2479 2479 2484 2484 2489 2489 2494 2494 2499 2499 2504
          2504 2509 2509 2514 2514 2519 2519 2524 2524 2529 2529 2534 2534 2539 2539 2544
          2544 2549 2549 2554 2554 2559 2559 2564 2564 2569 2569 2574 2574 2579 2579 2584
          2584 2589 2589 2594 2594 2599 2599 2604 2604 2609 2609 2614 2614 2619 2619 2624
          2624 2629 2629 2634 2634 2639 2639 2644 2644 2649 2649 2654 2654 2659 2659 2664
          2664 2669 2669 2674 2674 2679 2679 2684 2684 2689 2689 2694 2694 2699 2699 2704
          2704 2709 2709 2714 2714 2719 2719 2724 2724 2729 2729 2734 2734 2739 2739 2744
          2744 2749 2749 2754 2754 2759 2759 2764 2764 2769 2769 2774 2774 2779 2779 2784
          2784 2789 2789 2794 2794 2799 2799 2804 2804 2809 2809 2814 2814 2819 2819 2824
          2824 2829 2829 2834 2834 2839 2839 2844 2844 2849 2849 2854 2854 2859 2859 2864
          2864 2869 2869 2874 2874 2879 2879 2884 2884 2889 2889 2894 2894 2899 2899 2904
          2904 2909 2909 2914 2914 2919 2919 2924 2924 2929 2929 2934 2934 2939 2939 2944
          2944 2949 2949 2954 2954 2959 2959 2964 2964 2969 2969 2974 2974 2979 2979 2984
          2984 2989 2989 2994 2994 2999 2999 3004 3004 3009 3009 3014 3014 3019 3019 3024
          3024 3029 3029 3034 3034 3039 3039 3044 3044 3049 3049 3054 3054 3059 3059 3064
          3064 3069 3069 3074 3074 3079 3079 3084 3084 3089 3089 3094 3094 3099 3099 3104
          3104 3109 3109 3114 3114 3119 3119 3124 3124 3129 3129 3134 3134 3139 3139 3144
          3144 3149 3149 3154 3154 3159 3159 3164 3164 3169 3169 3174 3174 3179 3179 3184
          3184 3189 3189 3194 3194 3199 3199 3204 3204 3209 3209 3214 3214 3219 3219 3224
          3224 3229 3229 3234 3234 3239 3239 3244 3244 3249 3249 3254 3254 3259 3259 3264
          3264 3269 3269 3274 3274 3279 3279 3284 3284 3289 3289 3294 3294 3299 3299 3304
          3304 3309 3309 3314 3314 3319 3319 3324 3324 3329 3329 3334 3334 3339 3339 3344
          3344 3349 3349 3354 3354 3359 3359 3364 3364 3369 3369 3374 3374 3379 3379 3384
          3384 3389 3389 3394 3394 3399 3399 3404 3404 3409 3409 3414 3414 3419 3419 3424
          3424 3429 3429 3434 3434 3439 3439 3444 3444 3449 3449 3454 3454 3459 3459 3464
          3464 3469 3469 3474 3474 3479 3479 3484 3484 3489 3489 3494 3494 3499 3499 3504
          3504 3509 3509 3514 3514 3519 3519 3524 3524 3529 3529 3534 3534 3539 3539 3544
          3544 3549 3549 3554 3554 3559 3559 3564 3564 3569 3569 3574 3574 3579 3579 3584
          3584 3589 3589 3594 3594 3599 3599 3604 3604 3609 3609 3614 3614 3619 3619 3624
          3624 3629 3629 3634 3634 3639 3639 3644 3644 3649 3649 3654 3654 3659 3659 3664
          3664 3669 3669 3674 3674 3679 3679 3684 3684 3689 3689 3694 3694 3699 3699 3704
          3704 3709 3709 3714 3714 3719 3719 3724 3724 3729 3729 3734 3734 3739 3739 3744
          3744 3749 3749 3754 3754 3759 3759 3764 3764 3769 3769 3774 3774 3779 3779 3784
          3784 3789 3789 3794 3794 3799 3799 3804 3804 3809 3809 3814 3814 3819 3819 3824
          3824 3829 3829 3834 3834 3839 3839 3844 3844 3849 3849 3854 3854 3859 3859 3864
          3864 3869 3869 3874 3874 3879 3879 3884 3884 3889 3889 3894 3894 3899 3899 3904
          3904 3909 3909 3914 3914 3919 3919 3924 3924 3929 3929 3934 3934 3939 3939 3944
          3944 3949 3949 3954 3954 3959 3959 3964 3964 3969 3969 3974 3974 3979 3979 3984
          3984 3989 3989 3994 3994 3999 3999 4004 4000 4001 4001 4002 4002 4003 4003 4004
        </DataArray>
        <DataArray type="Int32" Name="offsets" format="ascii">
          4 8 12 16 20 24 28 32 36 40 44 48 52 56 60 64
          68 72 76 80 84 88 92 96 100 104 108 112 116 120 124 128
          132 136 140 144 148 152 156 160 164 168 172 176 180 184 188 192
          196 200 204 208 212 216 220 224 228 232 236 240 244 248 252 256
          260 264 268 272 276 280 284 288 292 296 300 304 308 312 316 320
          324 328 332 336 340 344 348 352 356 360 364 368 372 376 380 384
          388 392 396 400 404 408 412 416 420 424 428 432 436 440 444 448
          452 456 460 464 468 472 476 480 484 488 492 496 500 504 508 512
          516 520 524 528 532 536 540 544 548 552 556 560 564 568 572 576
          580 584 588 592 596 600 604 608 612 616 620 624 628 632 636 640
          644 648 652 656 660 664 668 672 676 680 684 688 692 696 700 704
          708 712 716 720 724 728 732 736 740 744 748 752 756 760 764 768
          772 776 780 784 788 792 796 800 804 808 812 816 820 824 828 832
          836 840 844 848 852 856 860 864 868 872 876 880 884 888 892 896
          900 904 908 912 916 920 924 928 932 936 940 944 948 952 956 960
          964 968 972 976 980 984 988 992 996 1000 1004 1008 1012 1016 1020 1024
          1028 1032 1036 1040 1044 1048 1052 1056 1060 1064 1068 1072 1076 1080 1084 1088
          1092 1096 1100 1104 1108 1112 1116 1120 1124 1128 1132 1136 1140 1144 1148 1152
          1156 1160 1164 1168 1172 1176 1180 1184 1188 1192 1196 1200 1204 1208 1212 1216
          1220 1224 1228 1232 1236 1240 1244 1248 1252 1256 1260 1264 1268 1272 1276 1280
          1284 1288 1292 1296 1300 1304 1308 1312 1316 1320 1324 1328 1332 1336 1340 1344
          1348 1352 1356 1360 1364 1368 1372 1376 1380 1384 1388 1392 1396 1400 1404 1408
          1412 1416 1420 1424 1428 1432 1436 1440 1444 1448 1452 1456 1460 1464 1468 1472
          1476 1480 1484 1488 1492 1496 1500 1504 1508 1512 1516 1520 1524 1528 1532 1536
          1540 1544 1548 1552 1556 1560 1564 1568 1572 1576 1580 1584 1588 1592 1596 1600
          1604 1608 1612 1616 1620 1624 1628 1632 1636 1640 1644 1648 1652 1656 1660 1664
          1668 1672 1676 1680 1684 1688 1692 1696 1700 1704 1708 1712 1716 1720 1724 1728
          1732 1736 1740 1744 1748 1752 1756 1760 1764 1768 1772 1776 1780 1784 1788 1792
          1796 1800 1804 1808 1812 1816 1820 1824 1828 1832 1836 1840 1844 1848 1852 1856
          1860 1864 1868 1872 1876 1880 1884 1888 1892 1896 1900 1904 1908 1912 1916 1920
          1924 1928 1932 1936 1940 1944 1948 1952 1956 1960 1964 1968 1972 1976 1980 1984
          1988 1992 1996 2000 2004 2008 2012 2016 2020 2024 2028 2032 2036 2040 2044 2048
          2052 2056 2060 2064 2068 2072 2076 2080 2084 2088 2092 2096 2100 2104 2108 2112
          2116 2120 2124 2128 2132 2136 2140 2144 2148 2152 2156 2160 2164 2168 2172 2176
          2180 2184 2188 2192 2196 2200 2204 2208 2212 2216 2220 2224 2228 2232 2236 2240
          2244 2248 2252 2256 2260 2264 2268 2272 2276 2280 2284 2288 2292 2296 2300 2304
          2308 2312 2316 2320 2324 2328 2332 2336 2340 2344 2348 2352 2356 2360 2364 2368
          2372 2376 2380 2384 2388 2392 2396 2400 2404 2408 2412 2416 2420 2424 2428 2432
          2436 2440 2444 2448 2452 2456 2460 2464 2468 2472 2476 2480 2484 2488 2492 2496
          2500 2504 2508 2512 2516 2520 2524 2528 2532 2536 2540 2544 2548 2552 2556 2560
          2564 2568 2572 2576 2580 2584 2588 2592 2596 2600 2604 2608 2612 2616 2620 2624
          2628 2632 2636 2640 2644 2648 2652 2656 2660 2664 2668 2672 2676 2680 2684 2688
          2692 2696 2700 2704 2708 2712 2716 2720 2724 2728 2732 2736 2740 2744 2748 2752
          2756 2760 2764 2768 2772 2776 2780 2784 2788 2792 2796 2800 2804 2808 2812 2816
          2820 2824 2828 2832 2836 2840 2844 2848 2852 2856 2860 2864 2868 2872 2876 2880
          2884 2888 2892 2896 2900 2904 2908 2912 2916 2920 2924 2928 2932 2936 2940 2944
          2948 2952 2956 2960 2964 2968 2972 2976 2980 2984 2988 2992 2996 3000 3004 3008
          3012 3016 3020 3024 3028 3032 3036 3040 3044 3048 3052 3056 3060 3064 3068 3072
          3076 3080 3084 3088 3092 3096 3100 3104 3108 3112 3116 3120 3124 3128 3132 3136
          3140 3144 3148 3152 3156 3160 3164 3168 3172 3176 3180 3184 3188 3192 3196 3200
          3204 3208 3212 3216 3220 3224 3228 3232 3236 3240 3244 3248 3252 3256 3260 3264
          3268 3272 3276 3280 3284 3288 3292 3296 3300 3304 3308 3312 3316 3320 3324 3328
          3332 3336 3340 3344 3348 3352 3356 3360 3364 3368 3372 3376 3380 3384 3388 3392
          3396 3400 3404 3408 3412 3416 3420 3424 3428 3432 3436 3440 3444 3448 3452 3456
          3460 3464 3468 3472 3476 3480 3484 3488 3492 3496 3500 3504 3508 3512 3516 3520
          3524 3528 3532 3536 3540 3544 3548 3552 3556 3560 3564 3568 3572 3576 3580 3584
          3588 3592 3596 3600 3604 3608 3612 3616 3620 3624 3628 3632 3636 3640 3644 3648
          3652 3656 3660 3664 3668 3672 3676 3680 3684 3688 3692 3696 3700 3704 3708 3712
          3716 3720 3724 3728 3732 3736 3740 3744 3748 3752 3756 3760 3764 3768 3772 3776
          3780 3784 3788 3792 3796 3800 3804 3808 3812 3816 3820 3824 3828 3832 3836 3840
          3844 3848 3852 3856 3860 3864 3868 3872 3876 3880 3884 3888 3892 3896 3900 3904
          3908 3912 3916 3920 3924 3928 3932 3936 3940 3944 3948 3952 3956 3960 3964 3968
          3972 3976 3980 3984 3988 3992 3996 4000 4004 4008 4012 4016 4020 4024 4028 4032
          4036 4040 4044 4048 4052 4056 4060 4064 4068 4072 4076 4080 4084 4088 4092 4096
          4100 4104 4108 4112 4116 4120 4124 4128 4132 4136 4140 4144 4148 4152 4156 4160
          4164 4168 4172 4176 4180 4184 4188 4192 4196 4200 4204 4208 4212 4216 4220 4224
          4228 4232 4236 4240 4244 4248 4252 4256 4260 4264 4268 4272 4276 4280 4284 4288
          4292 4296 4300 4304 4308 4312 4316 4320 4324 4328 4332 4336 4340 4344 4348 4352
          4356 4360 4364 4368 4372 4376 4380 4384 4388 4392 4396 4400 4404 4408 4412 4416
          4420 4424 4428 4432 4436 4440 4444 4448 4452 4456 4460 4464 4468 4472 4476 4480
          4484 4488 4492 4496 4500 4504 4508 4512 4516 4520 4524 4528 4532 4536 4540 4544
          4548 4552 4556 4560 4564 4568 4572 4576 4580 4584 4588 4592 4596 4600 4604 4608
          4612 4616 4620 4624 4628 4632 4636 4640 4644 4648 4652 4656 4660 4664 4668 4672
          4676 4680 4684 4688 4692 4696 4700 4704 4708 4712 4716 4720 4724 4728 4732 4736
          4740 4744 4748 4752 4756 4760 4764 4768 4772 4776 4780 4784 4788 4792 4796 4800
          4804 4808 4812 4816 4820 4824 4828 4832 4836 4840 4844 4848 4852 4856 4860 4864
          4868 4872 4876 4880 4884 4888 4892 4896 4900 4904 4908 4912 4916 4920 4924 4928
          4932 4936 4940 4944 4948 4952 4956 4960 4964 4968 4972 4976 4980 4984 4988 4992
          4996 5000 5004 5008 5012 5016 5020 5024 5028 5032 5036 5040 5044 5048 5052 5056
          5060 5064 5068 5072 5076 5080 5084 5088 5092 5096 5100 5104 5108 5112 5116 5120
          5124 5128 5132 5136 5140 5144 5148 5152 5156 5160 5164 5168 5172 5176 5180 5184
          5188 5192 5196 5200 5204 5208 5212 5216 5220 5224 5228 5232 5236 5240 5244 5248
          5252 5256 5260 5264 5268 5272 5276 5280 5284 5288 5292 5296 5300 5304 5308 5312
          5316 5320 5324 5328 5332 5336 5340 5344 5348 5352 5356 5360 5364 5368 5372 5376
          5380 5384 5388 5392 5396 5400 5404 5408 5412 5416 5420 5424 5428 5432 5436 5440
          5444 5448 5452 5456 5460 5464 5468 5472 5476 5480 5484 5488 5492 5496 5500 5504
          5508 5512 5516 5520 5524 5528 5532 5536 5540 5544 5548 5552 5556 5560 5564 5568
          5572 5576 5580 5584 5588 5592 5596 5600 5604 5608 5612 5616 5620 5624 5628 5632
          5636 5640 5644 5648 5652 5656 5660 5664 5668 5672 5676 5680 5684 5688 5692 5696
          5700 5704 5708 5712 5716 5720 5724 5728 5732 5736 5740 5744 5748 5752 5756 5760
          5764 5768 5772 5776 5780 5784 5788 5792 5796 5800 5804 5808 5812 5816 5820 5824
          5828 5832 5836 5840 5844 5848 5852 5856 5860 5864 5868 5872 5876 5880 5884 5888
          5892 5896 5900 5904 5908 5912 5916 5920 5924 5928 5932 5936 5940 5944 5948 5952
          5956 5960 5964 5968 5972 5976 5980 5984 5988 5992 5996 6000 6004 6008 6012 6016
          6020 6024 6028 6032 6036 6040 6044 6048 6052 6056 6060 6064 6068 6072 6076 6080
          6084 6088 6092 6096 6100 6104 6108 6112 6116 6120 6124 6128 6132 6136 6140 6144
          6148 6152 6156 6160 6164 6168 6172 6176 6180 6184 6188 6192 6196 6200 6204 6208
          6212 6216 6220 6224 6228 6232 6236 6240 6244 6248 6252 6256 6260 6264 6268 6272
          6276 6280 6284 6288 6292 6296 6300 6304 6308 6312 6316 6320 6324 6328 6332 6336
          6340 6344 6348 6352 6356 6360 6364 6368 6372 6376 6380 6384 6388 6392 6396 6400
          6404 6408 6412 6416 6420 6424 6428 6432 6436 6440 6444 6448 6452 6456 6460 6464
          6468 6472 6476 6480 6484 6488 6492 6496 6500 6504 6508 6512 6516 6520 6524 6528
          6532 6536 6540 6544 6548 6552 6556 6560 6564 6568 6572 6576 6580 6584 6588 6592
          6596 6600 6604 6608 6612 6616 6620 6624 6628 6632 6636 6640 6644 6648 6652 6656
          6660 6664 6668 6672 6676 6680 6684 6688 6692 6696 6700 6704 6708 6712 6716 6720
          6724 6728 6732 6736 6740 6744 6748 6752 6756 6760 6764 6768 6772 6776 6780 6784
          6788 6792 6796 6800 6804 6808 6812 6816 6820 6824 6828 6832 6836 6840 6844 6848
          6852 6856 6860 6864 6868 6872 6876 6880 6884 6888 6892 6896 6900 6904 6908 6912
          6916 6920 6924 6928 6932 6936 6940 6944 6948 6952 6956 6960 6964 6968 6972 6976
          6980 6984 6988 6992 6996 7000 7004 7008 7012 7016 7020 7024 7028 7032 7036 7040
          7044 7048 7052 7056 7060 7064 7068 7072 7076 7080 7084 7088 7092 7096 7100 7104
          7108 7112 7116 7120 7124 7128 7132 7136 7140 7144 7148 7152 7156 7160 7164 7168
          7172 7176 7180 7184 7188 7192 7196 7200 7204 7208 7212 7216 7220 7224 7228 7232
          7236 7240 7244 7248 7252 7256 7260 7264 7268 7272 7276 7280 7284 7288 7292 7296
          7300 7304 7308 7312 7316 7320 7324 7328 7332 7336 7340 7344 7348 7352 7356 7360
          7364 7368 7372 7376 7380 7384 7388 7392 7396 7400 7404 7408 7412 7416 7420 7424
          7428 7432 7436 7440 7444 7448 7452 7456 7460 7464 7468 7472 7476 7480 7484 7488
          7492 7496 7500 7504 7508 7512 7516 7520 7524 7528 7532 7536 7540 7544 7548 7552
          7556 7560 7564 7568 7572 7576 7580 7584 7588 7592 7596 7600 7604 7608 7612 7616
          7620 7624 7628 7632 7636 7640 7644 7648 7652 7656 7660 7664 7668 7672 7676 7680
          7684 7688 7692 7696 7700 7704 7708 7712 7716 7720 7724 7728 7732 7736 7740 7744
          7748 7752 7756 7760 7764 7768 7772 7776 7780 7784 7788 7792 7796 7800 7804 7808
          7812 7816 7820 7824 7828 7832 7836 7840 7844 7848 7852 7856 7860 7864 7868 7872
          7876 7880 7884 7888 7892 7896 7900 7904 7908 7912 7916 7920 7924 7928 7932 7936
          7940 7944 7948 7952 7956 7960 7964 7968 7972 7976 7980 7984 7988 7992 7996 8000
          8004 8008 8012 8016 8020 8024 8028 8032 8036 8040 8044 8048 8052 8056 8060 8064
          8068 8072 8076 8080 8084 8088 8092 8096 8100 8104 8108 8112 8116 8120 8124 8128
          8132 8136 8140 8144 8148 8152 8156 8160 8164 8168 8172 8176 8180 8184 8188 8192
          8196 8200 8204 8208 8212 8216 8220 8224 8228 8232 8236 8240 8244 8248 8252 8256
          8260 8264 8268 8272 8276 8280 8284 8288 8292 8296 8300 8304 8308 8312 8316 8320
          8324 8328 8332 8336 8340 8344 8348 8352 8356 8360 8364 8368 8372 8376 8380 8384
          8388 8392 8396 8400 8404 8408 8412 8416 8420 8424 8428 8432 8436 8440 8444 8448
          8452 8456 8460 8464 8468 8472 8476 8480 8484 8488 8492 8496 8500 8504 8508 8512
          8516 8520 8524 8528 8532 8536 8540 8544 8548 8552 8556 8560 8564 8568 8572 8576
          8580 8584 8588 8592 8596 8600 8604 8608 8612 8616 8620 8624 8628 8632 8636 8640
          8644 8648 8652 8656 8660 8664 8668 8672 8676 8680 8684 8688 8692 8696 8700 8704
          8708 8712 8716 8720 8724 8728 8732 8736 8740 8744 8748 8752 8756 8760 8764 8768
          8772 8776 8780 8784 8788 8792 8796 8800 8804 8808 8812 8816 8820 8824 8828 8832
          8836 8840 8844 8848 8852 8856 8860 8864 8868 8872 8876 8880 8884 8888 8892 8896
          8900 8904 8908 8912 8916 8920 8924 8928 8932 8936 8940 8944 8948 8952 8956 8960
          8964 8968 8972 8976 8980 8984 8988 8992 8996 9000 9004 9008 9012 9016 9020 9024
          9028 9032 9036 9040 9044 9048 9052 9056 9060 9064 9068 9072 9076 9080 9084 9088
          9092 9096 9100 9104 9108 9112 9116 9120 9124 9128 9132 9136 9140 9144 9148 9152
          9156 9160 9164 9168 9172 9176 9180 9184 9188 9192 9196 9200 9204 9208 9212 9216
          9220 9224 9228 9232 9236 9240 9244 9248 9252 9256 9260 9264 9268 9272 9276 9280
          9284 9288 9292 9296 9300 9304 9308 9312 9316 9320 9324 9328 9332 9336 9340 9344
          9348 9352 9356 9360 9364 9368 9372 9376 9380 9384 9388 9392 9396 9400 9404 9408
          9412 9416 9420 9424 9428 9432 9436 9440 9444 9448 9452 9456 9460 9464 9468 9472
          9476 9480 9484 9488 9492 9496 9500 9504 9508 9512 9516 9520 9524 9528 9532 9536
          9540 9544 9548 9552 9556 9560 9564 9568 9572 9576 9580 9584 9588 9592 9596 9600
          9604 9608 9612 9616 9620 9624 9628 9632 9636 9640 9644 9648 9652 9656 9660 9664
          9668 9672 9676 9680 9684 9688 9692 9696 9700 9704 9708 9712 9716 9720 9724 9728
          9732 9736 9740 9744 9748 9752 9756 9760 9764 9768 9772 9776 9780 9784 9788 9792
          9796 9800 9804 9808 9812 9816 9820 9824 9828 9832 9836 9840 9844 9848 9852 9856
          9860 9864 9868 9872 9876 9880 9884 9888 9892 9896 9900 9904 9908 9912 9916 9920
          9924 9928 9932 9936 9940 9944 9948 9952 9956 9960 9964 9968 9972 9976 9980 9984
          9988 9992 9996 10000 10004 10008 10012 10016 10020 10024 10028 10032 10036 10040 10044 10048
          10052 10056 10060 10064 10068 10072 10076 10080 10084 10088 10092 10096 10100 10104 10108 10112
          10116 10120 10124 10128 10132 10136 10140 10144 10148 10152 10156 10160 10164 10168 10172 10176
          10180 10184 10188 10192 10196 10200 10204 10208 10212 10216 10220 10224 10228 10232 10236 10240
          10244 10248 10252 10256 10260 10264 10268 10272 10276 10280 10284 10288 10292 10296 10300 10304
          10308 10312 10316 10320 10324 10328 10332 10336 10340 10344 10348 10352 10356 10360 10364 10368
          10372 10376 10380 10384 10388 10392 10396 10400 10404 10408 10412 10416 10420 10424 10428 10432
          10436 10440 10444 10448 10452 10456 10460 10464 10468 10472 10476 10480 10484 10488 10492 10496
          10500 10504 10508 10512 10516 10520 10524 10528 10532 10536 10540 10544 10548 10552 10556 10560
          10564 10568 10572 10576 10580 10584 10588 10592 10596 10600 10604 10608 10612 10616 10620 10624
          10628 10632 10636 10640 10644 10648 10652 10656 10660 10664 10668 10672 10676 10680 10684 10688
          10692 10696 10700 10704 10708 10712 10716 10720 10724 10728 10732 10736 10740 10744 10748 10752
          10756 10760 10764 10768 10772 10776 10780 10784 10788 10792 10796 10800 10804 10808 10812 10816
          10820 10824 10828 10832 10836 10840 10844 10848 10852 10856 10860 10864 10868 10872 10876 10880
          10884 10888 10892 10896 10900 10904 10908 10912 10916 10920 10924 10928 10932 10936 10940 10944
          10948 10952 10956 10960 10964 10968 10972 10976 10980 10984 10988 10992 10996 11000 11004 11008
          11012 11016 11020 11024 11028 11032 11036 11040 11044 11048 11052 11056 11060 11064 11068 11072
          11076 11080 11084 11088 11092 11096 11100 11104 11108 11112 11116 11120 11124 11128 11132 11136
          11140 11144 11148 11152 11156 11160 11164 11168 11172 11176 11180 11184 11188 11192 11196 11200
          11204 11208 11212 11216 11220 11224 11228 11232 11236 11240 11244 11248 11252 11256 11260 11264
          11268 11272 11276 11280 11284 11288 11292 11296 11300 11304 11308 11312 11316 11320 11324 11328
          11332 11336 11340 11344 11348 11352 11356 11360 11364 11368 11372 11376 11380 11384 11388 11392
          11396 11400 11404 11408 11412 11416 11420 11424 11428 11432 11436 11440 11444 11448 11452 11456
          11460 11464 11468 11472 11476 11480 11484 11488 11492 11496 11500 11504 11508 11512 11516 11520
          11524 11528 11532 11536 11540 11544 11548 11552 11556 11560 11564 11568 11572 11576 11580 11584
          11588 11592 11596 11600 11604 11608 11612 11616 11620 11624 11628 11632 11636 11640 11644 11648
          11652 11656 11660 11664 11668 11672 11676 11680 11684 11688 11692 11696 11700 11704 11708 11712
          11716 11720 11724 11728 11732 11736 11740 11744 11748 11752 11756 11760 11764 11768 11772 11776
          11780 11784 11788 11792 11796 11800 11804 11808 11812 11816 11820 11824 11828 11832 11836 11840
          11844 11848 11852 11856 11860 11864 11868 11872 11876 11880 11884 11888 11892 11896 11900 11904
          11908 11912 11916 11920 11924 11928 11932 11936 11940 11944 11948 11952 11956 11960 11964 11968
          11972 11976 11980 11984 11988 11992 11996 12000 12004 12008 12012 12016 12020 12024 12028 12032
          12036 12040 12044 12048 12052 12056 12060 12064 12068 12072 12076 12080 12084 12088 12092 12096
          12100 12104 12108 12112 12116 12120 12124 12128 12132 12136 12140 12144 12148 12152 12156 12160
          12164 12168 12172 12176 12180 12184 12188 12192 12196 12200 12204 12208 12212 12216 12220 12224
          12228 12232 12236 12240 12244 12248 12252 12256 12260 12264 12268 12272 12276 12280 12284 12288
          12292 12296 12300 12304 12308 12312 12316 12320 12324 12328 12332 12336 12340 12344 12348 12352
          12356 12360 12364 12368 12372 12376 12380 12384 12388 12392 12396 12400 12404 12408 12412 12416
          12420 12424 12428 12432 12436 12440 12444 12448 12452 12456 12460 12464 12468 12472 12476 12480
          12484 12488 12492 12496 12500 12504 12508 12512 12516 12520 12524 12528 12532 12536 12540 12544
          12548 12552 12556 12560 12564 12568 12572 12576 12580 12584 12588 12592 12596 12600 12604 12608
          12612 12616 12620 12624 12628 12632 12636 12640 12644 12648 12652 12656 12660 12664 12668 12672
          12676 12680 12684 12688 12692 12696 12700 12704 12708 12712 12716 12720 12724 12728 12732 12736
          12740 12744 12748 12752 12756 12760 12764 12768 12772 12776 12780 12784 12788 12792 12796 12800
          12802 12804 12806 12808 12810 12812 12814 12816 12818 12820 12822 12824 12826 12828 12830 12832
          12834 12836 12838 12840 12842 12844 12846 12848 12850 12852 12854 12856 12858 12860 12862 12864
          12866 12868 12870 12872 12874 12876 12878 12880 12882 12884 12886 12888 12890 12892 12894 12896
          12898 12900 12902 12904 12906 12908 12910 12912 12914 12916 12918 12920 12922 12924 12926 12928
          12930 12932 12934 12936 12938 12940 12942 12944 12946 12948 12950 12952 12954 12956 12958 12960
          12962 12964 12966 12968 12970 12972 12974 12976 12978 12980 12982 12984 12986 12988 12990 12992
          12994 12996 12998 13000 13002 13004 13006 13008 13010 13012 13014 13016 13018 13020 13022 13024
          13026 13028 13030 13032 13034 13036 13038 13040 13042 13044 13046 13048 13050 13052 13054 13056
          13058 13060 13062 13064 13066 13068 13070 13072 13074 13076 13078 13080 13082 13084 13086 13088
          13090 13092 13094 13096 13098 13100 13102 13104 13106 13108 13110 13112 13114 13116 13118 13120
          13122 13124 13126 13128 13130 13132 13134 13136 13138 13140 13142 13144 13146 13148 13150 13152
          13154 13156 13158 13160 13162 13164 13166 13168 13170 13172 13174 13176 13178 13180 13182 13184
          13186 13188 13190 13192 13194 13196 13198 13200 13202 13204 13206 13208 13210 13212 13214 13216
          13218 13220 13222 13224 13226 13228 13230 13232 13234 13236 13238 13240 13242 13244 13246 13248
          13250 13252 13254 13256 13258 13260 13262 13264 13266 13268 13270 13272 13274 13276 13278 13280
          13282 13284 13286 13288 13290 13292 13294 13296 13298 13300 13302 13304 13306 13308 13310 13312
          13314 13316 13318 13320 13322 13324 13326 13328 13330 13332 13334 13336 13338 13340 13342 13344
          13346 13348 13350 13352 13354 13356 13358 13360 13362 13364 13366 13368 13370 13372 13374 13376
          13378 13380 13382 13384 13386 13388 13390 13392 13394 13396 13398 13400 13402 13404 13406 13408
          13410 13412 13414 13416 13418 13420 13422 13424 13426 13428 13430 13432 13434 13436 13438 13440
          13442 13444 13446 13448 13450 13452 13454 13456 13458 13460 13462 13464 13466 13468 13470 13472
          13474 13476 13478 13480 13482 13484 13486 13488 13490 13492 13494 13496 13498 13500 13502 13504
          13506 13508 13510 13512 13514 13516 13518 13520 13522 13524 13526 13528 13530 13532 13534 13536
          13538 13540 13542 13544 13546 13548 13550 13552 13554 13556 13558 13560 13562 13564 13566 13568
          13570 13572 13574 13576 13578 13580 13582 13584 13586 13588 13590 13592 13594 13596 13598 13600
          13602 13604 13606 13608 13610 13612 13614 13616 13618 13620 13622 13624 13626 13628 13630 13632
          13634 13636 13638 13640 13642 13644 13646 13648 13650 13652 13654 13656 13658 13660 13662 13664
          13666 13668 13670 13672 13674 13676 13678 13680 13682 13684 13686 13688 13690 13692 13694 13696
          13698 13700 13702 13704 13706 13708 13710 13712 13714 13716 13718 13720 13722 13724 13726 13728
          13730 13732 13734 13736 13738 13740 13742 13744 13746 13748 13750 13752 13754 13756 13758 13760
          13762 13764 13766 13768 13770 13772 13774 13776 13778 13780 13782 13784 13786 13788 13790 13792
          13794 13796 13798 13800 13802 13804 13806 13808 13810 13812 13814 13816 13818 13820 13822 13824
          13826 13828 13830 13832 13834 13836 13838 13840 13842 13844 13846 13848 13850 13852 13854 13856
          13858 13860 13862 13864 13866 13868 13870 13872 13874 13876 13878 13880 13882 13884 13886 13888
          13890 13892 13894 13896 13898 13900 13902 13904 13906 13908 13910 13912 13914 13916 13918 13920
          13922 13924 13926 13928 13930 13932 13934 13936 13938 13940 13942 13944 13946 13948 13950 13952
          13954 13956 13958 13960 13962 13964 13966 13968 13970 13972 13974 13976 13978 13980 13982 13984
          13986 13988 13990 13992 13994 13996 13998 14000 14002 14004 14006 14008 14010 14012 14014 14016
          14018 14020 14022 14024 14026 14028 14030 14032 14034 14036 14038 14040 14042 14044 14046 14048
          14050 14052 14054 14056 14058 14060 14062 14064 14066 14068 14070 14072 14074 14076 14078 14080
          14082 14084 14086 14088 14090 14092 14094 14096 14098 14100 14102 14104 14106 14108 14110 14112
          14114 14116 14118 14120 14122 14124 14126 14128 14130 14132 14134 14136 14138 14140 14142 14144
          14146 14148 14150 14152 14154 14156 14158 14160 14162 14164 14166 14168 14170 14172 14174 14176
          14178 14180 14182 14184 14186 14188 14190 14192 14194 14196 14198 14200 14202 14204 14206 14208
          14210 14212 14214 14216 14218 14220 14222 14224 14226 14228 14230 14232 14234 14236 14238 14240
          14242 14244 14246 14248 14250 14252 14254 14256 14258 14260 14262 14264 14266 14268 14270 14272
          14274 14276 14278 14280 14282 14284 14286 14288 14290 14292 14294 14296 14298 14300 14302 14304
          14306 14308 14310 14312 14314 14316 14318 14320 14322 14324 14326 14328 14330 14332 14334 14336
          14338 14340 14342 14344 14346 14348 14350 14352 14354 14356 14358 14360 14362 14364 14366 14368
          14370 14372 14374 14376 14378 14380 14382 14384 14386 14388 14390 14392 14394 14396 14398 14400
          14402 14404 14406 14408 14410 14412 14414 14416 14418 14420 14422 14424 14426 14428 14430 14432
          14434 14436 14438 14440 14442 14444 14446 14448 14450 14452 14454 14456 14458 14460 14462 14464
          14466 14468 14470 14472 14474 14476 14478 14480 14482 14484 14486 14488 14490 14492 14494 14496
          14498 14500 14502 14504 14506 14508 14510 14512 14514 14516 14518 14520 14522 14524 14526 14528
          14530 14532 14534 14536 14538 14540 14542 14544 14546 14548 14550 14552 14554 14556 14558 14560
          14562 14564 14566 14568 14570 14572 14574 14576 14578 14580 14582 14584 14586 14588 14590 14592
          14594 14596 14598 14600 14602 14604 14606 14608 14610 14612 14614 14616 14618 14620 14622 14624
          14626 14628 14630 14632 14634 14636 14638 14640 14642 14644 14646 14648 14650 14652 14654 14656
          14658 14660 14662 14664 14666 14668 14670 14672 14674 14676 14678 14680 14682 14684 14686 14688
          14690 14692 14694 14696 14698 14700 14702 14704 14706 14708 14710 14712 14714 14716 14718 14720
          14722 14724 14726 14728 14730 14732 14734 14736 14738 14740 14742 14744 14746 14748 14750 14752
          14754 14756 14758 14760 14762 14764 14766 14768 14770 14772 14774 14776 14778 14780 14782 14784
          14786 14788 14790 14792 14794 14796 14798 14800 14802 14804 14806 14808 14810 14812 14814 14816
          14818 14820 14822 14824 14826 14828 14830 14832 14834 14836 14838 14840 14842 14844 14846 14848
          14850 14852 14854 14856 14858 14860 14862 14864 14866 14868 14870 14872 14874 14876 14878 14880
          14882 14884 14886 14888 14890 14892 14894 14896 14898 14900 14902 14904 14906 14908 14910 14912
          14914 14916 14918 14920 14922 14924 14926 14928 14930 14932 14934 14936 14938 14940 14942 14944
          14946 14948 14950 14952 14954 14956 14958 14960 14962 14964 14966 14968 14970 14972 14974 14976
          14978 14980 14982 14984 14986 14988 14990 14992 14994 14996 14998 15000 15002 15004 15006 15008
          15010 15012 15014 15016 15018 15020 15022 15024 15026 15028 15030 15032 15034 15036 15038 15040
          15042 15044 15046 15048 15050 15052 15054 15056 15058 15060 15062 15064 15066 15068 15070 15072
          15074 15076 15078 15080 15082 15084 15086 15088 15090 15092 15094 15096 15098 15100 15102 15104
          15106 15108 15110 15112 15114 15116 15118 15120 15122 15124 15126 15128 15130 15132 15134 15136
          15138 15140 15142 15144 15146 15148 15150 15152 15154 15156 15158 15160 15162 15164 15166 15168
          15170 15172 15174 15176 15178 15180 15182 15184 15186 15188 15190 15192 15194 15196 15198 15200
          15202 15204 15206 15208 15210 15212 15214 15216 15218 15220 15222 15224 15226 15228 15230 15232
          15234 15236 15238 15240 15242 15244 15246 15248 15250 15252 15254 15256 15258 15260 15262 15264
          15266 15268 15270 15272 15274 15276 15278 15280 15282 15284 15286 15288 15290 15292 15294 15296
          15298 15300 15302 15304 15306 15308 15310 15312 15314 15316 15318 15320 15322 15324 15326 15328
          15330 15332 15334 15336 15338 15340 15342 15344 15346 15348 15350 15352 15354 15356 15358 15360
          15362 15364 15366 15368 15370 15372 15374 15376 15378 15380 15382 15384 15386 15388 15390 15392
          15394 15396 15398 15400 15402 15404 15406 15408 15410 15412 15414 15416 15418 15420 15422 15424
          15426 15428 15430 15432 15434 15436 15438 15440 15442 15444 15446 15448 15450 15452 15454 15456
          15458 15460 15462 15464 15466 15468 15470 15472 15474 15476 15478 15480 15482 15484 15486 15488
          15490 15492 15494 15496 15498 15500 15502 15504 15506 15508 15510 15512 15514 15516 15518 15520
          15522 15524 15526 15528 15530 15532 15534 15536 15538 15540 15542 15544 15546 15548 15550 15552
          15554 15556 15558 15560 15562 15564 15566 15568 15570 15572 15574 15576 15578 15580 15582 15584
          15586 15588 15590 15592 15594 15596 15598 15600 15602 15604 15606 15608 15610 15612 15614 15616
          15618 15620 15622 15624 15626 15628 15630 15632 15634 15636 15638 15640 15642 15644 15646 15648
          15650 15652 15654 15656 15658 15660 15662 15664 15666 15668 15670 15672 15674 15676 15678 15680
          15682 15684 15686 15688 15690 15692 15694 15696 15698 15700 15702 15704 15706 15708 15710 15712
          15714 15716 15718 15720 15722 15724 15726 15728 15730 15732 15734 15736 15738 15740 15742 15744
          15746 15748 15750 15752 15754 15756 15758 15760 15762 15764 15766 15768 15770 15772 15774 15776
          15778 15780 15782 15784 15786 15788 15790 15792 15794 15796 15798 15800 15802 15804 15806 15808
          15810 15812 15814 15816 15818 15820 15822 15824 15826 15828 15830 15832 15834 15836 15838 15840
          15842 15844 15846 15848 15850 15852 15854 15856 15858 15860 15862 15864 15866 15868 15870 15872
          15874 15876 15878 15880 15882 15884 15886 15888 15890 15892 15894 15896 15898 15900 15902 15904
          15906 15908 15910 15912 15914 15916 15918 15920 15922 15924 15926 15928 15930 15932 15934 15936
          15938 15940 15942 15944 15946 15948 15950 15952 15954 15956 15958 15960 15962 15964 15966 15968
          15970 15972 15974 15976 15978 15980 15982 15984 15986 15988 15990 15992 15994 15996 15998 16000
          16002 16004 16006 16008 16010 16012 16014 16016
        </DataArray>
        <DataArray type="UInt8" Name="types" format="ascii">
          9 9 9 9 9 9 9 9 9 9 9 9 9 9 9 9
          9 9 9 9 9 9 9 9 9 9 9 9 9 9 9 9
          9 9 9 9 9 9 9 9 9 9 9 9 9 9 9 9
          9 9 9 9 9 9 9 9 9 9 9 9 9 9 9 9
          9 9 9 9 9 9 9 9 9 9 9 9 9 9 9 9
          9 9 9 9 9 9 9 9 9 9 9 9 9 9 9 9
          9 9 9 9 9 9 9 9 9 9 9 9 9 9 9 9
          9 9 9 9 9 9 9 9 9 9 9 9 9 9 9 9
          9 9 9 9 9 9 9 9 9 9 9 9 9 9 9 9
          9 9 9 9 9 9 9 9 9 9 9 9 9 9 9 9
          9 9 9 9 9 9 9 9 9 9 9 9 9 9 9 9
          9 9 9 9 9 9 9 9 9 9 9 9 9 9 9 9
          9 9 9 9 9 9 9 9 9 9 9 9 9 9 9 9
          9 9 9 9 9 9 9 9 9 9 9 9 9 9 9 9
          9 9 9 9 9 9 9 9 9 9 9 9 9 9 9 9
          9 9 9 9 9 9 9 9 9 9 9 9 9 9 9 9
          9 9 9 9 9 9 9 9 9 9 9 9 9 9 9 9
          9 9 9 9 9 9 9 9 9 9 9 9 9 9 9 9
          9 9 9 9 9 9 9 9 9 9 9 9 9 9 9 9
          9 9 9 9 9 9 9 9 9 9 9 9 9 9 9 9
          9 9 9 9 9 9 9 9 9 9 9 9 9 9 9 9
          9 9 9 9 9 9 9 9 9 9 9 9 9 9 9 9
          9 9 9 9 9 9 9 9 9 9 9 9 9 9 9 9
          9 9 9 9 9 9 9 9 9 9 9 9 9 9 9 9
          9 9 9 9 9 9 9 9 9 9 9 9 9 9 9 9
          9 9 9 9 9 9 9 9 9 9 9 9 9 9 9 9
          9 9 9 9 9 9 9 9 9 9 9 9 9 9 9 9
          9 9 9 9 9 9 9 9 9 9 9 9 9 9 9 9
          9 9 9 9 9 9 9 9 9 9 9 9 9 9 9 9
          9 9 9 9 9 9 9 9 9 9 9 9 9 9 9 9
          9 9 9 9 9 9 9 9 9 9 9 9 9 9 9 9
          9 9 9 9 9 9 9 9 9 9 9 9 9 9 9 9
          9 9 9 9 9 9 9 9 9 9 9 9 9 9 9 9
          9 9 9 9 9 9 9 9 9 9 9 9 9 9 9 9
          9 9 9 9 9 9 9 9 9 9 9 9 9 9 9 9
          9 9 9 9 9 9 9 9 9 9 9 9 9 9 9 9
          9 9 9 9 9 9 9 9 9 9 9 9 9 9 9 9
          9 9 9 9 9 9 9 9 9 9 9 9 9 9 9 9
          9 9 9 9 9 9 9 9 9 9 9 9 9 9 9 9
          9 9 9 9 9 9 9 9 9 9 9 9 9 9 9 9
          9 9 9 9 9 9 9 9 9 9 9 9 9 9 9 9
          9 9 9 9 9 9 9 9 9 9 9 9 9 9 9 9
          9 9 9 9 9 9 9 9 9 9 9 9 9 9 9 9
          9 9 9 9 9 9 9 9 9 9 9 9 9 9 9 9
          9 9 9 9 9 9 9 9 9 9 9 9 9 9 9 9
          9 9 9 9 9 9 9 9 9 9 9 9 9 9 9 9
          9 9 9 9 9 9 9 9 9 9 9 9 9 9 9 9
          9 9 9 9 9 9 9 9 9 9 9 9 9 9 9 9
          9 9 9 9 9 9 9 9 9 9 9 9 9 9 9 9
          9 9 9 9 9 9 9 9 9 9 9 9 9 9 9 9
          9 9 9 9 9 9 9 9 9 9 9 9 9 9 9 9
          9 9 9 9 9 9 9 9 9 9 9 9 9 9 9 9
          9 9 9 9 9 9 9 9 9 9 9 9 9 9 9 9
          9 9 9 9 9 9 9 9 9 9 9 9 9 9 9 9
          9 9 9 9 9 9 9 9 9 9 9 9 9 9 9 9
          9 9 9 9 9 9 9 9 9 9 9 9 9 9 9 9
          9 9 9 9 9 9 9 9 9 9 9 9 9 9 9 9
          9 9 9 9 9 9 9 9 9 9 9 9 9 9 9 9
          9 9 9 9 9 9 9 9 9 9 9 9 9 9 9 9
          9 9 9 9 9 9 9 9 9 9 9 9 9 9 9 9
          9 9 9 9 9 9 9 9 9 9 9 9 9 9 9 9
          9 9 9 9 9 9 9 9 9 9 9 9 9 9 9 9
          9 9 9 9 9 9 9 9 9 9 9 9 9 9 9 9
          9 9 9 9 9 9 9 9 9 9 9 9 9 9 9 9
          9 9 9 9 9 9 9 9 9 9 9 9 9 9 9 9
          9 9 9 9 9 9 9 9 9 9 9 9 9 9 9 9
          9 9 9 9 9 9 9 9 9 9 9 9 9 9 9 9
          9 9 9 9 9 9 9 9 9 9 9 9 9 9 9 9
          9 9 9 9 9 9 9 9 9 9 9 9 9 9 9 9
          9 9 9 9 9 9 9 9 9 9 9 9 9 9 9 9
          9 9 9 9 9 9 9 9 9 9 9 9 9 9 9 9
          9 9 9 9 9 9 9 9 9 9 9 9 9 9 9 9
          9 9 9 9 9 9 9 9 9 9 9 9 9 9 9 9
          9 9 9 9 9 9 9 9 9 9 9 9 9 9 9 9
          9 9 9 9 9 9 9 9 9 9 9 9 9 9 9 9
          9 9 9 9 9 9 9 9 9 9 9 9 9 9 9 9
          9 9 9 9 9 9 9 9 9 9 9 9 9 9 9 9
          9 9 9 9 9 9 9 9 9 9 9 9 9 9 9 9
          9 9 9 9 9 9 9 9 9 9 9 9 9 9 9 9
          9 9 9 9 9 9 9 9 9 9 9 9 9 9 9 9
          9 9 9 9 9 9 9 9 9 9 9 9 9 9 9 9
          9 9 9 9 9 9 9 9 9 9 9 9 9 9 9 9
          9 9 9 9 9 9 9 9 9 9 9 9 9 9 9 9
          9 9 9 9 9 9 9 9 9 9 9 9 9 9 9 9
          9 9 9 9 9 9 9 9 9 9 9 9 9 9 9 9
          9 9 9 9 9 9 9 9 9 9 9 9 9 9 9 9
          9 9 9 9 9 9 9 9 9 9 9 9 9 9 9 9
          9 9 9 9 9 9 9 9 9 9 9 9 9 9 9 9
          9 9 9 9 9 9 9 9 9 9 9 9 9 9 9 9
          9 9 9 9 9 9 9 9 9 9 9 9 9 9 9 9
          9 9 9 9 9 9 9 9 9 9 9 9 9 9 9 9
          9 9 9 9 9 9 9 9 9 9 9 9 9 9 9 9
          9 9 9 9 9 9 9 9 9 9 9 9 9 9 9 9
          9 9 9 9 9 9 9 9 9 9 9 9 9 9 9 9
          9 9 9 9 9 9 9 9 9 9 9 9 9 9 9 9
          9 9 9 9 9 9 9 9 9 9 9 9 9 9 9 9
          9 9 9 9 9 9 9 9 9 9 9 9 9 9 9 9
          9 9 9 9 9 9 9 9 9 9 9 9 9 9 9 9
          9 9 9 9 9 9 9 9 9 9 9 9 9 9 9 9
          9 9 9 9 9 9 9 9 9 9 9 9 9 9 9 9
          9 9 9 9 9 9 9 9 9 9 9 9 9 9 9 9
          9 9 9 9 9 9 9 9 9 9 9 9 9 9 9 9
          9 9 9 9 9 9 9 9 9 9 9 9 9 9 9 9
          9 9 9 9 9 9 9 9 9 9 9 9 9 9 9 9
          9 9 9 9 9 9 9 9 9 9 9 9 9 9 9 9
          9 9 9 9 9 9 9 9 9 9 9 9 9 9 9 9
          9 9 9 9 9 9 9 9 9 9 9 9 9 9 9 9
          9 9 9 9 9 9 9 9 9 9 9 9 9 9 9 9
          9 9 9 9 9 9 9 9 9 9 9 9 9 9 9 9
          9 9 9 9 9 9 9 9 9 9 9 9 9 9 9 9
          9 9 9 9 9 9 9 9 9 9 9 9 9 9 9 9
          9 9 9 9 9 9 9 9 9 9 9 9 9 9 9 9
          9 9 9 9 9 9 9 9 9 9 9 9 9 9 9 9
          9 9 9 9 9 9 9 9 9 9 9 9 9 9 9 9
          9 9 9 9 9 9 9 9 9 9 9 9 9 9 9 9
          9 9 9 9 9 9 9 9 9 9 9 9 9 9 9 9
          9 9 9 9 9 9 9 9 9 9 9 9 9 9 9 9
          9 9 9 9 9 9 9 9 9 9 9 9 9 9 9 9
          9 9 9 9 9 9 9 9 9 9 9 9 9 9 9 9
          9 9 9 9 9 9 9 9 9 9 9 9 9 9 9 9
          9 9 9 9 9 9 9 9 9 9 9 9 9 9 9 9
          9 9 9 9 9 9 9 9 9 9 9 9 9 9 9 9
          9 9 9 9 9 9 9 9 9 9 9 9 9 9 9 9
          9 9 9 9 9 9 9 9 9 9 9 9 9 9 9 9
          9 9 9 9 9 9 9 9 9 9 9 9 9 9 9 9
          9 9 9 9 9 9 9 9 9 9 9 9 9 9 9 9
          9 9 9 9 9 9 9 9 9 9 9 9 9 9 9 9
          9 9 9 9 9 9 9 9 9 9 9 9 9 9 9 9
          9 9 9 9 9 9 9 9 9 9 9 9 9 9 9 9
          9 9 9 9 9 9 9 9 9 9 9 9 9 9 9 9
          9 9 9 9 9 9 9 9 9 9 9 9 9 9 9 9
          9 9 9 9 9 9 9 9 9 9 9 9 9 9 9 9
          9 9 9 9 9 9 9 9 9 9 9 9 9 9 9 9
          9 9 9 9 9 9 9 9 9 9 9 9 9 9 9 9
          9 9 9 9 9 9 9 9 9 9 9 9 9 9 9 9
          9 9 9 9 9 9 9 9 9 9 9 9 9 9 9 9
          9 9 9 9 9 9 9 9 9 9 9 9 9 9 9 9
          9 9 9 9 9 9 9 9 9 9 9 9 9 9 9 9
          9 9 9 9 9 9 9 9 9 9 9 9 9 9 9 9
          9 9 9 9 9 9 9 9 9 9 9 9 9 9 9 9
          9 9 9 9 9 9 9 9 9 9 9 9 9 9 9 9
          9 9 9 9 9 9 9 9 9 9 9 9 9 9 9 9
          9 9 9 9 9 9 9 9 9 9 9 9 9 9 9 9
          9 9 9 9 9 9 9 9 9 9 9 9 9 9 9 9
          9 9 9 9 9 9 9 9 9 9 9 9 9 9 9 9
          9 9 9 9 9 9 9 9 9 9 9 9 9 9 9 9
          9 9 9 9 9 9 9 9 9 9 9 9 9 9 9 9
          9 9 9 9 9 9 9 9 9 9 9 9 9 9 9 9
          9 9 9 9 9 9 9 9 9 9 9 9 9 9 9 9
          9 9 9 9 9 9 9 9 9 9 9 9 9 9 9 9
          9 9 9 9 9 9 9 9 9 9 9 9 9 9 9 9
          9 9 9 9 9 9 9 9 9 9 9 9 9 9 9 9
          9 9 9 9 9 9 9 9 9 9 9 9 9 9 9 9
          9 9 9 9 9 9 9 9 9 9 9 9 9 9 9 9
          9 9 9 9 9 9 9 9 9 9 9 9 9 9 9 9
          9 9 9 9 9 9 9 9 9 9 9 9 9 9 9 9
          9 9 9 9 9 9 9 9 9 9 9 9 9 9 9 9
          9 9 9 9 9 9 9 9 9 9 9 9 9 9 9 9
          9 9 9 9 9 9 9 9 9 9 9 9 9 9 9 9
          9 9 9 9 9 9 9 9 9 9 9 9 9 9 9 9
          9 9 9 9 9 9 9 9 9 9 9 9 9 9 9 9
          9 9 9 9 9 9 9 9 9 9 9 9 9 9 9 9
          9 9 9 9 9 9 9 9 9 9 9 9 9 9 9 9
          9 9 9 9 9 9 9 9 9 9 9 9 9 9 9 9
          9 9 9 9 9 9 9 9 9 9 9 9 9 9 9 9
          9 9 9 9 9 9 9 9 9 9 9 9 9 9 9 9
          9 9 9 9 9 9 9 9 9 9 9 9 9 9 9 9
          9 9 9 9 9 9 9 9 9 9 9 9 9 9 9 9
          9 9 9 9 9 9 9 9 9 9 9 9 9 9 9 9
          9 9 9 9 9 9 9 9 9 9 9 9 9 9 9 9
          9 9 9 9 9 9 9 9 9 9 9 9 9 9 9 9
          9 9 9 9 9 9 9 9 9 9 9 9 9 9 9 9
          9 9 9 9 9 9 9 9 9 9 9 9 9 9 9 9
          9 9 9 9 9 9 9 9 9 9 9 9 9 9 9 9
          9 9 9 9 9 9 9 9 9 9 9 9 9 9 9 9
          9 9 9 9 9 9 9 9 9 9 9 9 9 9 9 9
          9 9 9 9 9 9 9 9 9 9 9 9 9 9 9 9
          9 9 9 9 9 9 9 9 9 9 9 9 9 9 9 9
          9 9 9 9 9 9 9 9 9 9 9 9 9 9 9 9
          9 9 9 9 9 9 9 9 9 9 9 9 9 9 9 9
          9 9 9 9 9 9 9 9 9 9 9 9 9 9 9 9
          9 9 9 9 9 9 9 9 9 9 9 9 9 9 9 9
          9 9 9 9 9 9 9 9 9 9 9 9 9 9 9 9
          9 9 9 9 9 9 9 9 9 9 9 9 9 9 9 9
          9 9 9 9 9 9 9 9 9 9 9 9 9 9 9 9
          9 9 9 9 9 9 9 9 9 9 9 9 9 9 9 9
          9 9 9 9 9 9 9 9 9 9 9 9 9 9 9 9
          9 9 9 9 9 9 9 9 9 9 9 9 9 9 9 9
          9 9 9 9 9 9 9 9 9 9 9 9 9 9 9 9
          9 9 9 9 9 9 9 9 9 9 9 9 9 9 9 9
          9 9 9 9 9 9 9 9 9 9 9 9 9 9 9 9
          9 9 9 9 9 9 9 9 9 9 9 9 9 9 9 9
          9 9 9 9 9 9 9 9 9 9 9 9 9 9 9 9
          9 9 9 9 9 9 9 9 9 9 9 9 9 9 9 9
          9 9 9 9 9 9 9 9 9 9 9 9 9 9 9 9
          9 9 9 9 9 9 9 9 9 9 9 9 9 9 9 9
          9 9 9 9 9 9 9 9 9 9 9 9 9 9 9 9
          9 9 9 9 9 9 9 9 9 9 9 9 9 9 9 9
          9 9 9 9 9 9 9 9 9 9 9 9 9 9 9 9
          9 9 9 9 9 9 9 9 9 9 9 9 9 9 9 9
          3 3 3 3 3 3 3 3 3 3 3 3 3 3 3 3
          3 3 3 3 3 3 3 3 3 3 3 3 3 3 3 3
          3 3 3 3 3 3 3 3 3 3 3 3 3 3 3 3
          3 3 3 3 3 3 3 3 3 3 3 3 3 3 3 3
          3 3 3 3 3 3 3 3 3 3 3 3 3 3 3 3
          3 3 3 3 3 3 3 3 3 3 3 3 3 3 3 3
          3 3 3 3 3 3 3 3 3 3 3 3 3 3 3 3
          3 3 3 3 3 3 3 3 3 3 3 3 3 3 3 3
          3 3 3 3 3 3 3 3 3 3 3 3 3 3 3 3
          3 3 3 3 3 3 3 3 3 3 3 3 3 3 3 3
          3 3 3 3 3 3 3 3 3 3 3 3 3 3 3 3
          3 3 3 3 3 3 3 3 3 3 3 3 3 3 3 3
          3 3 3 3 3 3 3 3 3 3 3 3 3 3 3 3
          3 3 3 3 3 3 3 3 3 3 3 3 3 3 3 3
          3 3 3 3 3 3 3 3 3 3 3 3 3 3 3 3
          3 3 3 3 3 3 3 3 3 3 3 3 3 3 3 3
          3 3 3 3 3 3 3 3 3 3 3 3 3 3 3 3
          3 3 3 3 3 3 3 3 3 3 3 3 3 3 3 3
          3 3 3 3 3 3 3 3 3 3 3 3 3 3 3 3
          3 3 3 3 3 3 3 3 3 3 3 3 3 3 3 3
          3 3 3 3 3 3 3 3 3 3 3 3 3 3 3 3
          3 3 3 3 3 3 3 3 3 3 3 3 3 3 3 3
          3 3 3 3 3 3 3 3 3 3 3 3 3 3 3 3
          3 3 3 3 3 3 3 3 3 3 3 3 3 3 3 3
          3 3 3 3 3 3 3 3 3 3 3 3 3 3 3 3
          3 3 3 3 3 3 3 3 3 3 3 3 3 3 3 3
          3 3 3 3 3 3 3 3 3 3 3 3 3 3 3 3
          3 3 3 3 3 3 3 3 3 3 3 3 3 3 3 3
          3 3 3 3 3 3 3 3 3 3 3 3 3 3 3 3
          3 3 3 3 3 3 3 3 3 3 3 3 3 3 3 3
          3 3 3 3 3 3 3 3 3 3 3 3 3 3 3 3
          3 3 3 3 3 3 3 3 3 3 3 3 3 3 3 3
          3 3 3 3 3 3 3 3 3 3 3 3 3 3 3 3
          3 3 3 3 3 3 3 3 3 3 3 3 3 3 3 3
          3 3 3 3 3 3 3 3 3 3 3 3 3 3 3 3
          3 3 3 3 3 3 3 3 3 3 3 3 3 3 3 3
          3 3 3 3 3 3 3 3 3 3 3 3 3 3 3 3
          3 3 3 3 3 3 3 3 3 3 3 3 3 3 3 3
          3 3 3 3 3 3 3 3 3 3 3 3 3 3 3 3
          3 3 3 3 3 3 3 3 3 3 3 3 3 3 3 3
          3 3 3 3 3 3 3 3 3 3 3 3 3 3 3 3
          3 3 3 3 3 3 3 3 3 3 3 3 3 3 3 3
          3 3 3 3 3 3 3 3 3 3 3 3 3 3 3 3
          3 3 3 3 3 3 3 3 3 3 3 3 3 3 3 3
          3 3 3 3 3 3 3 3 3 3 3 3 3 3 3 3
          3 3 3 3 3 3 3 3 3 3 3 3 3 3 3 3
          3 3 3 3 3 3 3 3 3 3 3 3 3 3 3 3
          3 3 3 3 3 3 3 3 3 3 3 3 3 3 3 3
          3 3 3 3 3 3 3 3 3 3 3 3 3 3 3 3
          3 3 3 3 3 3 3 3 3 3 3 3 3 3 3 3
          3 3 3 3 3 3 3 3 3 3 3 3 3 3 3 3
          3 3 3 3 3 3 3 3 3 3 3 3 3 3 3 3
          3 3 3 3 3 3 3 3 3 3 3 3 3 3 3 3
          3 3 3 3 3 3 3 3 3 3 3 3 3 3 3 3
          3 3 3 3 3 3 3 3 3 3 3 3 3 3 3 3
          3 3 3 3 3 3 3 3 3 3 3 3 3 3 3 3
          3 3 3 3 3 3 3 3 3 3 3 3 3 3 3 3
          3 3 3 3 3 3 3 3 3 3 3 3 3 3 3 3
          3 3 3 3 3 3 3 3 3 3 3 3 3 3 3 3
          3 3 3 3 3 3 3 3 3 3 3 3 3 3 3 3
          3 3 3 3 3 3 3 3 3 3 3 3 3 3 3 3
          3 3 3 3 3 3 3 3 3 3 3 3 3 3 3 3
          3 3 3 3 3 3 3 3 3 3 3 3 3 3 3 3
          3 3 3 3 3 3 3 3 3 3 3 3 3 3 3 3
          3 3 3 3 3 3 3 3 3 3 3 3 3 3 3 3
          3 3 3 3 3 3 3 3 3 3 3 3 3 3 3 3
          3 3 3 3 3 3 3 3 3 3 3 3 3 3 3 3
          3 3 3 3 3 3 3 3 3 3 3 3 3 3 3 3
          3 3 3 3 3 3 3 3 3 3 3 3 3 3 3 3
          3 3 3 3 3 3 3 3 3 3 3 3 3 3 3 3
          3 3 3 3 3 3 3 3 3 3 3 3 3 3 3 3
          3 3 3 3 3 3 3 3 3 3 3 3 3 3 3 3
          3 3 3 3 3 3 3 3 3 3 3 3 3 3 3 3
          3 3 3 3 3 3 3 3 3 3 3 3 3 3 3 3
          3 3 3 3 3 3 3 3 3 3 3 3 3 3 3 3
          3 3 3 3 3 3 3 3 3 3 3 3 3 3 3 3
          3 3 3 3 3 3 3 3 3 3 3 3 3 3 3 3
          3 3 3 3 3 3 3 3 3 3 3 3 3 3 3 3
          3 3 3 3 3 3 3 3 3 3 3 3 3 3 3 3
          3 3 3 3 3 3 3 3 3 3 3 3 3 3 3 3
          3 3 3 3 3 3 3 3 3 3 3 3 3 3 3 3
          3 3 3 3 3 3 3 3 3 3 3 3 3 3 3 3
          3 3 3 3 3 3 3 3 3 3 3 3 3 3 3 3
          3 3 3 3 3 3 3 3 3 3 3 3 3 3 3 3
          3 3 3 3 3 3 3 3 3 3 3 3 3 3 3 3
          3 3 3 3 3 3 3 3 3 3 3 3 3 3 3 3
          3 3 3 3 3 3 3 3 3 3 3 3 3 3 3 3
          3 3 3 3 3 3 3 3 3 3 3 3 3 3 3 3
          3 3 3 3 3 3 3 3 3 3 3 3 3 3 3 3
          3 3 3 3 3 3 3 3 3 3 3 3 3 3 3 3
          3 3 3 3 3 3 3 3 3 3 3 3 3 3 3 3
          3 3 3 3 3 3 3 3 3 3 3 3 3 3 3 3
          3 3 3 3 3 3 3 3 3 3 3 3 3 3 3 3
          3 3 3 3 3 3 3 3 3 3 3 3 3 3 3 3
          3 3 3 3 3 3 3 3 3 3 3 3 3 3 3 3
          3 3 3 3 3 3 3 3 3 3 3 3 3 3 3 3
          3 3 3 3 3 3 3 3 3 3 3 3 3 3 3 3
          3 3 3 3 3 3 3 3 3 3 3 3 3 3 3 3
          3 3 3 3 3 3 3 3 3 3 3 3 3 3 3 3
          3 3 3 3 3 3 3 3 3 3 3 3 3 3 3 3
          3 3 3 3 3 3 3 3
        </DataArray>
      </Cells>
    </Piece>
  </UnstructuredGrid>
</VTKFile>
