<?xml version="1.0"?>
<VTKFile type="UnstructuredGrid" version="0.1" byte_order="LittleEndian">
  <UnstructuredGrid>
    <Piece NumberOfPoints="4005" NumberOfCells="8008">
      <PointData>
        <DataArray type="Int32" Name="global_node_id" format="ascii">
          0 1 2 3 4 5 6 7 8 9 10 11 12 13 14 15
          16 17 18 19 20 21 22 23 24 25 26 27 28 29 30 31
          32 33 34 35 36 37 38 39 40 41 42 43 44 45 46 47
          48 49 50 51 52 53 54 55 56 57 58 59 60 61 62 63
          64 65 66 67 68 69 70 71 72 73 74 75 76 77 78 79
          80 81 82 83 84 85 86 87 88 89 90 91 92 93 94 95
          96 97 98 99 100 101 102 103 104 105 106 107 108 109 110 111
          112 113 114 115 116 117 118 119 120 121 122 123 124 125 126 127
          128 129 130 131 132 133 134 135 136 137 138 139 140 141 142 143
          144 145 146 147 148 149 150 151 152 153 154 155 156 157 158 159
          160 161 162 163 164 165 166 167 168 169 170 171 172 173 174 175
          176 177 178 179 180 181 182 183 184 185 186 187 188 189 190 191
          192 193 194 195 196 197 198 199 200 201 202 203 204 205 206 207
          208 209 210 211 212 213 214 215 216 217 218 219 220 221 222 223
          224 225 226 227 228 229 230 231 232 233 234 235 236 237 238 239
          240 241 242 243 244 245 246 247 248 249 250 251 252 253 254 255
          256 257 258 259 260 261 262 263 264 265 266 267 268 269 270 271
          272 273 274 275 276 277 278 279 280 281 282 283 284 285 286 287
          288 289 290 291 292 293 294 295 296 297 298 299 300 301 302 303
          304 305 306 307 308 309 310 311 312 313 314 315 316 317 318 319
          320 321 322 323 324 325 326 327 328 329 330 331 332 333 334 335
          336 337 338 339 340 341 342 343 344 345 346 347 348 349 350 351
          352 353 354 355 356 357 358 359 360 361 362 363 364 365 366 367
          368 369 370 371 372 373 374 375 376 377 378 379 380 381 382 383
          384 385 386 387 388 389 390 391 392 393 394 395 396 397 398 399
          400 401 402 403 404 405 406 407 408 409 410 411 412 413 414 415
          416 417 418 419 420 421 422 423 424 425 426 427 428 429 430 431
          432 433 434 435 436 437 438 439 440 441 442 443 444 445 446 447
          448 449 450 451 452 453 454 455 456 457 458 459 460 461 462 463
          464 465 466 467 468 469 470 471 472 473 474 475 476 477 478 479
          480 481 482 483 484 485 486 487 488 489 490 491 492 493 494 495
          496 497 498 499 500 501 502 503 504 505 506 507 508 509 510 511
          512 513 514 515 516 517 518 519 520 521 522 523 524 525 526 527
          528 529 530 531 532 533 534 535 536 537 538 539 540 541 542 543
          544 545 546 547 548 549 550 551 552 553 554 555 556 557 558 559
          560 561 562 563 564 565 566 567 568 569 570 571 572 573 574 575
          576 577 578 579 580 581 582 583 584 585 586 587 588 589 590 591
          592 593 594 595 596 597 598 599 600 601 602 603 604 605 606 607
          608 609 610 611 612 613 614 615 616 617 618 619 620 621 622 623
          624 625 626 627 628 629 630 631 632 633 634 635 636 637 638 639
          640 641 642 643 644 645 646 647 648 649 650 651 652 653 654 655
          656 657 658 659 660 661 662 663 664 665 666 667 668 669 670 671
          672 673 674 675 676 677 678 679 680 681 682 683 684 685 686 687
          688 689 690 691 692 693 694 695 696 697 698 699 700 701 702 703
          704 705 706 707 708 709 710 711 712 713 714 715 716 717 718 719
          720 721 722 723 724 725 726 727 728 729 730 731 732 733 734 735
          736 737 738 739 740 741 742 743 744 745 746 747 748 749 750 751
          752 753 754 755 756 757 758 759 760 761 762 763 764 765 766 767
          768 769 770 771 772 773 774 775 776 777 778 779 780 781 782 783
          784 785 786 787 788 789 790 791 792 793 794 795 796 797 798 799
          800 801 802 803 804 805 806 807 808 809 810 811 812 813 814 815
          816 817 818 819 820 821 822 823 824 825 826 827 828 829 830 831
          832 833 834 835 836 837 838 839 840 841 842 843 844 845 846 847
          848 849 850 851 852 853 854 855 856 857 858 859 860 861 862 863
          864 865 866 867 868 869 870 871 872 873 874 875 876 877 878 879
          880 881 882 883 884 885 886 887 888 889 890 891 892 893 894 895
          896 897 898 899 900 901 902 903 904 905 906 907 908 909 910 911
          912 913 914 915 916 917 918 919 920 921 922 923 924 925 926 927
          928 929 930 931 932 933 934 935 936 937 938 939 940 941 942 943
          944 945 946 947 948 949 950 951 952 953 954 955 956 957 958 959
          960 961 962 963 964 965 966 967 968 969 970 971 972 973 974 975
          976 977 978 979 980 981 982 983 984 985 986 987 988 989 990 991
          992 993 994 995 996 997 998 999 1000 1001 1002 1003 1004 1005 1006 1007
          1008 1009 1010 1011 1012 1013 1014 1015 1016 1017 1018 1019 1020 1021 1022 1023
          1024 1025 1026 1027 1028 1029 1030 1031 1032 1033 1034 1035 1036 1037 1038 1039
          1040 1041 1042 1043 1044 1045 1046 1047 1048 1049 1050 1051 1052 1053 1054 1055
          1056 1057 1058 1059 1060 1061 1062 1063 1064 1065 1066 1067 1068 1069 1070 1071
          1072 1073 1074 1075 1076 1077 1078 1079 1080 1081 1082 1083 1084 1085 1086 1087
          1088 1089 1090 1091 1092 1093 1094 1095 1096 1097 1098 1099 1100 1101 1102 1103
          1104 1105 1106 1107 1108 1109 1110 1111 1112 1113 1114 1115 1116 1117 1118 1119
          1120 1121 1122 1123 1124 1125 1126 1127 1128 1129 1130 1131 1132 1133 1134 1135
          1136 1137 1138 1139 1140 1141 1142 1143 1144 1145 1146 1147 1148 1149 1150 1151
          1152 1153 1154 1155 1156 1157 1158 1159 1160 1161 1162 1163 1164 1165 1166 1167
          1168 1169 1170 1171 1172 1173 1174 1175 1176 1177 1178 1179 1180 1181 1182 1183
          1184 1185 1186 1187 1188 1189 1190 1191 1192 1193 1194 1195 1196 1197 1198 1199
          1200 1201 1202 1203 1204 1205 1206 1207 1208 1209 1210 1211 1212 1213 1214 1215
          1216 1217 1218 1219 1220 1221 1222 1223 1224 1225 1226 1227 1228 1229 1230 1231
          1232 1233 1234 1235 1236 1237 1238 1239 1240 1241 1242 1243 1244 1245 1246 1247
          1248 1249 1250 1251 1252 1253 1254 1255 1256 1257 1258 1259 1260 1261 1262 1263
          1264 1265 1266 1267 1268 1269 1270 1271 1272 1273 1274 1275 1276 1277 1278 1279
          1280 1281 1282 1283 1284 1285 1286 1287 1288 1289 1290 1291 1292 1293 1294 1295
          1296 1297 1298 1299 1300 1301 1302 1303 1304 1305 1306 1307 1308 1309 1310 1311
          1312 1313 1314 1315 1316 1317 1318 1319 1320 1321 1322 1323 1324 1325 1326 1327
          1328 1329 1330 1331 1332 1333 1334 1335 1336 1337 1338 1339 1340 1341 1342 1343
          1344 1345 1346 1347 1348 1349 1350 1351 1352 1353 1354 1355 1356 1357 1358 1359
          1360 1361 1362 1363 1364 1365 1366 1367 1368 1369 1370 1371 1372 1373 1374 1375
          1376 1377 1378 1379 1380 1381 1382 1383 1384 1385 1386 1387 1388 1389 1390 1391
          1392 1393 1394 1395 1396 1397 1398 1399 1400 1401 1402 1403 1404 1405 1406 1407
          1408 1409 1410 1411 1412 1413 1414 1415 1416 1417 1418 1419 1420 1421 1422 1423
          1424 1425 1426 1427 1428 1429 1430 1431 1432 1433 1434 1435 1436 1437 1438 1439
          1440 1441 1442 1443 1444 1445 1446 1447 1448 1449 1450 1451 1452 1453 1454 1455
          1456 1457 1458 1459 1460 1461 1462 1463 1464 1465 1466 1467 1468 1469 1470 1471
          1472 1473 1474 1475 1476 1477 1478 1479 1480 1481 1482 1483 1484 1485 1486 1487
          1488 1489 1490 1491 1492 1493 1494 1495 1496 1497 1498 1499 1500 1501 1502 1503
          1504 1505 1506 1507 1508 1509 1510 1511 1512 1513 1514 1515 1516 1517 1518 1519
          1520 1521 1522 1523 1524 1525 1526 1527 1528 1529 1530 1531 1532 1533 1534 1535
          1536 1537 1538 1539 1540 1541 1542 1543 1544 1545 1546 1547 1548 1549 1550 1551
          1552 1553 1554 1555 1556 1557 1558 1559 1560 1561 1562 1563 1564 1565 1566 1567
          1568 1569 1570 1571 1572 1573 1574 1575 1576 1577 1578 1579 1580 1581 1582 1583
          1584 1585 1586 1587 1588 1589 1590 1591 1592 1593 1594 1595 1596 1597 1598 1599
          1600 1601 1602 1603 1604 1605 1606 1607 1608 1609 1610 1611 1612 1613 1614 1615
          1616 1617 1618 1619 1620 1621 1622 1623 1624 1625 1626 1627 1628 1629 1630 1631
          1632 1633 1634 1635 1636 1637 1638 1639 1640 1641 1642 1643 1644 1645 1646 1647
          1648 1649 1650 1651 1652 1653 1654 1655 1656 1657 1658 1659 1660 1661 1662 1663
          1664 1665 1666 1667 1668 1669 1670 1671 1672 1673 1674 1675 1676 1677 1678 1679
          1680 1681 1682 1683 1684 1685 1686 1687 1688 1689 1690 1691 1692 1693 1694 1695
          1696 1697 1698 1699 1700 1701 1702 1703 1704 1705 1706 1707 1708 1709 1710 1711
          1712 1713 1714 1715 1716 1717 1718 1719 1720 1721 1722 1723 1724 1725 1726 1727
          1728 1729 1730 1731 1732 1733 1734 1735 1736 1737 1738 1739 1740 1741 1742 1743
          1744 1745 1746 1747 1748 1749 1750 1751 1752 1753 1754 1755 1756 1757 1758 1759
          1760 1761 1762 1763 1764 1765 1766 1767 1768 1769 1770 1771 1772 1773 1774 1775
          1776 1777 1778 1779 1780 1781 1782 1783 1784 1785 1786 1787 1788 1789 1790 1791
          1792 1793 1794 1795 1796 1797 1798 1799 1800 1801 1802 1803 1804 1805 1806 1807
          1808 1809 1810 1811 1812 1813 1814 1815 1816 1817 1818 1819 1820 1821 1822 1823
          1824 1825 1826 1827 1828 1829 1830 1831 1832 1833 1834 1835 1836 1837 1838 1839
          1840 1841 1842 1843 1844 1845 1846 1847 1848 1849 1850 1851 1852 1853 1854 1855
          1856 1857 1858 1859 1860 1861 1862 1863 1864 1865 1866 1867 1868 1869 1870 1871
          1872 1873 1874 1875 1876 1877 1878 1879 1880 1881 1882 1883 1884 1885 1886 1887
          1888 1889 1890 1891 1892 1893 1894 1895 1896 1897 1898 1899 1900 1901 1902 1903
          1904 1905 1906 1907 1908 1909 1910 1911 1912 1913 1914 1915 1916 1917 1918 1919
          1920 1921 1922 1923 1924 1925 1926 1927 1928 1929 1930 1931 1932 1933 1934 1935
          1936 1937 1938 1939 1940 1941 1942 1943 1944 1945 1946 1947 1948 1949 1950 1951
          1952 1953 1954 1955 1956 1957 1958 1959 1960 1961 1962 1963 1964 1965 1966 1967
          1968 1969 1970 1971 1972 1973 1974 1975 1976 1977 1978 1979 1980 1981 1982 1983
          1984 1985 1986 1987 1988 1989 1990 1991 1992 1993 1994 1995 1996 1997 1998 1999
          2000 2001 2002 2003 2004 2005 2006 2007 2008 2009 2010 2011 2012 2013 2014 2015
          2016 2017 2018 2019 2020 2021 2022 2023 2024 2025 2026 2027 2028 2029 2030 2031
          2032 2033 2034 2035 2036 2037 2038 2039 2040 2041 2042 2043 2044 2045 2046 2047
          2048 2049 2050 2051 2052 2053 2054 2055 2056 2057 2058 2059 2060 2061 2062 2063
          2064 2065 2066 2067 2068 2069 2070 2071 2072 2073 2074 2075 2076 2077 2078 2079
          2080 2081 2082 2083 2084 2085 2086 2087 2088 2089 2090 2091 2092 2093 2094 2095
          2096 2097 2098 2099 2100 2101 2102 2103 2104 2105 2106 2107 2108 2109 2110 2111
          2112 2113 2114 2115 2116 2117 2118 2119 2120 2121 2122 2123 2124 2125 2126 2127
          2128 2129 2130 2131 2132 2133 2134 2135 2136 2137 2138 2139 2140 2141 2142 2143
          2144 2145 2146 2147 2148 2149 2150 2151 2152 2153 2154 2155 2156 2157 2158 2159
          2160 2161 2162 2163 2164 2165 2166 2167 2168 2169 2170 2171 2172 2173 2174 2175
          2176 2177 2178 2179 2180 2181 2182 2183 2184 2185 2186 2187 2188 2189 2190 2191
          2192 2193 2194 2195 2196 2197 2198 2199 2200 2201 2202 2203 2204 2205 2206 2207
          2208 2209 2210 2211 2212 2213 2214 2215 2216 2217 2218 2219 2220 2221 2222 2223
          2224 2225 2226 2227 2228 2229 2230 2231 2232 2233 2234 2235 2236 2237 2238 2239
          2240 2241 2242 2243 2244 2245 2246 2247 2248 2249 2250 2251 2252 2253 2254 2255
          2256 2257 2258 2259 2260 2261 2262 2263 2264 2265 2266 2267 2268 2269 2270 2271
          2272 2273 2274 2275 2276 2277 2278 2279 2280 2281 2282 2283 2284 2285 2286 2287
          2288 2289 2290 2291 2292 2293 2294 2295 2296 2297 2298 2299 2300 2301 2302 2303
          2304 2305 2306 2307 2308 2309 2310 2311 2312 2313 2314 2315 2316 2317 2318 2319
          2320 2321 2322 2323 2324 2325 2326 2327 2328 2329 2330 2331 2332 2333 2334 2335
          2336 2337 2338 2339 2340 2341 2342 2343 2344 2345 2346 2347 2348 2349 2350 2351
          2352 2353 2354 2355 2356 2357 2358 2359 2360 2361 2362 2363 2364 2365 2366 2367
          2368 2369 2370 2371 2372 2373 2374 2375 2376 2377 2378 2379 2380 2381 2382 2383
          2384 2385 2386 2387 2388 2389 2390 2391 2392 2393 2394 2395 2396 2397 2398 2399
          2400 2401 2402 2403 2404 2405 2406 2407 2408 2409 2410 2411 2412 2413 2414 2415
          2416 2417 2418 2419 2420 2421 2422 2423 2424 2425 2426 2427 2428 2429 2430 2431
          2432 2433 2434 2435 2436 2437 2438 2439 2440 2441 2442 2443 2444 2445 2446 2447
          2448 2449 2450 2451 2452 2453 2454 2455 2456 2457 2458 2459 2460 2461 2462 2463
          2464 2465 2466 2467 2468 2469 2470 2471 2472 2473 2474 2475 2476 2477 2478 2479
          2480 2481 2482 2483 2484 2485 2486 2487 2488 2489 2490 2491 2492 2493 2494 2495
          2496 2497 2498 2499 2500 2501 2502 2503 2504 2505 2506 2507 2508 2509 2510 2511
          2512 2513 2514 2515 2516 2517 2518 2519 2520 2521 2522 2523 2524 2525 2526 2527
          2528 2529 2530 2531 2532 2533 2534 2535 2536 2537 2538 2539 2540 2541 2542 2543
          2544 2545 2546 2547 2548 2549 2550 2551 2552 2553 2554 2555 2556 2557 2558 2559
          2560 2561 2562 2563 2564 2565 2566 2567 2568 2569 2570 2571 2572 2573 2574 2575
          2576 2577 2578 2579 2580 2581 2582 2583 2584 2585 2586 2587 2588 2589 2590 2591
          2592 2593 2594 2595 2596 2597 2598 2599 2600 2601 2602 2603 2604 2605 2606 2607
          2608 2609 2610 2611 2612 2613 2614 2615 2616 2617 2618 2619 2620 2621 2622 2623
          2624 2625 2626 2627 2628 2629 2630 2631 2632 2633 2634 2635 2636 2637 2638 2639
          2640 2641 2642 2643 2644 2645 2646 2647 2648 2649 2650 2651 2652 2653 2654 2655
          2656 2657 2658 2659 2660 2661 2662 2663 2664 2665 2666 2667 2668 2669 2670 2671
          2672 2673 2674 2675 2676 2677 2678 2679 2680 2681 2682 2683 2684 2685 2686 2687
          2688 2689 2690 2691 2692 2693 2694 2695 2696 2697 2698 2699 2700 2701 2702 2703
          2704 2705 2706 2707 2708 2709 2710 2711 2712 2713 2714 2715 2716 2717 2718 2719
          2720 2721 2722 2723 2724 2725 2726 2727 2728 2729 2730 2731 2732 2733 2734 2735
          2736 2737 2738 2739 2740 2741 2742 2743 2744 2745 2746 2747 2748 2749 2750 2751
          2752 2753 2754 2755 2756 2757 2758 2759 2760 2761 2762 2763 2764 2765 2766 2767
          2768 2769 2770 2771 2772 2773 2774 2775 2776 2777 2778 2779 2780 2781 2782 2783
          2784 2785 2786 2787 2788 2789 2790 2791 2792 2793 2794 2795 2796 2797 2798 2799
          2800 2801 2802 2803 2804 2805 2806 2807 2808 2809 2810 2811 2812 2813 2814 2815
          2816 2817 2818 2819 2820 2821 2822 2823 2824 2825 2826 2827 2828 2829 2830 2831
          2832 2833 2834 2835 2836 2837 2838 2839 2840 2841 2842 2843 2844 2845 2846 2847
          2848 2849 2850 2851 2852 2853 2854 2855 2856 2857 2858 2859 2860 2861 2862 2863
          2864 2865 2866 2867 2868 2869 2870 2871 2872 2873 2874 2875 2876 2877 2878 2879
          2880 2881 2882 2883 2884 2885 2886 2887 2888 2889 2890 2891 2892 2893 2894 2895
          2896 2897 2898 2899 2900 2901 2902 2903 2904 2905 2906 2907 2908 2909 2910 2911
          2912 2913 2914 2915 2916 2917 2918 2919 2920 2921 2922 2923 2924 2925 2926 2927
          2928 2929 2930 2931 2932 2933 2934 2935 2936 2937 2938 2939 2940 2941 2942 2943
          2944 2945 2946 2947 2948 2949 2950 2951 2952 2953 2954 2955 2956 2957 2958 2959
          2960 2961 2962 2963 2964 2965 2966 2967 2968 2969 2970 2971 2972 2973 2974 2975
          2976 2977 2978 2979 2980 2981 2982 2983 2984 2985 2986 2987 2988 2989 2990 2991
          2992 2993 2994 2995 2996 2997 2998 2999 3000 3001 3002 3003 3004 3005 3006 3007
          3008 3009 3010 3011 3012 3013 3014 3015 3016 3017 3018 3019 3020 3021 3022 3023
          3024 3025 3026 3027 3028 3029 3030 3031 3032 3033 3034 3035 3036 3037 3038 3039
          3040 3041 3042 3043 3044 3045 3046 3047 3048 3049 3050 3051 3052 3053 3054 3055
          3056 3057 3058 3059 3060 3061 3062 3063 3064 3065 3066 3067 3068 3069 3070 3071
          3072 3073 3074 3075 3076 3077 3078 3079 3080 3081 3082 3083 3084 3085 3086 3087
          3088 3089 3090 3091 3092 3093 3094 3095 3096 3097 3098 3099 3100 3101 3102 3103
          3104 3105 3106 3107 3108 3109 3110 3111 3112 3113 3114 3115 3116 3117 3118 3119
          3120 3121 3122 3123 3124 3125 3126 3127 3128 3129 3130 3131 3132 3133 3134 3135
          3136 3137 3138 3139 3140 3141 3142 3143 3144 3145 3146 3147 3148 3149 3150 3151
          3152 3153 3154 3155 3156 3157 3158 3159 3160 3161 3162 3163 3164 3165 3166 3167
          3168 3169 3170 3171 3172 3173 3174 3175 3176 3177 3178 3179 3180 3181 3182 3183
          3184 3185 3186 3187 3188 3189 3190 3191 3192 3193 3194 3195 3196 3197 3198 3199
          3200 3201 3202 3203 3204 3205 3206 3207 3208 3209 3210 3211 3212 3213 3214 3215
          3216 3217 3218 3219 3220 3221 3222 3223 3224 3225 3226 3227 3228 3229 3230 3231
          3232 3233 3234 3235 3236 3237 3238 3239 3240 3241 3242 3243 3244 3245 3246 3247
          3248 3249 3250 3251 3252 3253 3254 3255 3256 3257 3258 3259 3260 3261 3262 3263
          3264 3265 3266 3267 3268 3269 3270 3271 3272 3273 3274 3275 3276 3277 3278 3279
          3280 3281 3282 3283 3284 3285 3286 3287 3288 3289 3290 3291 3292 3293 3294 3295
          3296 3297 3298 3299 3300 3301 3302 3303 3304 3305 3306 3307 3308 3309 3310 3311
          3312 3313 3314 3315 3316 3317 3318 3319 3320 3321 3322 3323 3324 3325 3326 3327
          3328 3329 3330 3331 3332 3333 3334 3335 3336 3337 3338 3339 3340 3341 3342 3343
          3344 3345 3346 3347 3348 3349 3350 3351 3352 3353 3354 3355 3356 3357 3358 3359
          3360 3361 3362 3363 3364 3365 3366 3367 3368 3369 3370 3371 3372 3373 3374 3375
          3376 3377 3378 3379 3380 3381 3382 3383 3384 3385 3386 3387 3388 3389 3390 3391
          3392 3393 3394 3395 3396 3397 3398 3399 3400 3401 3402 3403 3404 3405 3406 3407
          3408 3409 3410 3411 3412 3413 3414 3415 3416 3417 3418 3419 3420 3421 3422 3423
          3424 3425 3426 3427 3428 3429 3430 3431 3432 3433 3434 3435 3436 3437 3438 3439
          3440 3441 3442 3443 3444 3445 3446 3447 3448 3449 3450 3451 3452 3453 3454 3455
          3456 3457 3458 3459 3460 3461 3462 3463 3464 3465 3466 3467 3468 3469 3470 3471
          3472 3473 3474 3475 3476 3477 3478 3479 3480 3481 3482 3483 3484 3485 3486 3487
          3488 3489 3490 3491 3492 3493 3494 3495 3496 3497 3498 3499 3500 3501 3502 3503
          3504 3505 3506 3507 3508 3509 3510 3511 3512 3513 3514 3515 3516 3517 3518 3519
          3520 3521 3522 3523 3524 3525 3526 3527 3528 3529 3530 3531 3532 3533 3534 3535
          3536 3537 3538 3539 3540 3541 3542 3543 3544 3545 3546 3547 3548 3549 3550 3551
          3552 3553 3554 3555 3556 3557 3558 3559 3560 3561 3562 3563 3564 3565 3566 3567
          3568 3569 3570 3571 3572 3573 3574 3575 3576 3577 3578 3579 3580 3581 3582 3583
          3584 3585 3586 3587 3588 3589 3590 3591 3592 3593 3594 3595 3596 3597 3598 3599
          3600 3601 3602 3603 3604 3605 3606 3607 3608 3609 3610 3611 3612 3613 3614 3615
          3616 3617 3618 3619 3620 3621 3622 3623 3624 3625 3626 3627 3628 3629 3630 3631
          3632 3633 3634 3635 3636 3637 3638 3639 3640 3641 3642 3643 3644 3645 3646 3647
          3648 3649 3650 3651 3652 3653 3654 3655 3656 3657 3658 3659 3660 3661 3662 3663
          3664 3665 3666 3667 3668 3669 3670 3671 3672 3673 3674 3675 3676 3677 3678 3679
          3680 3681 3682 3683 3684 3685 3686 3687 3688 3689 3690 3691 3692 3693 3694 3695
          3696 3697 3698 3699 3700 3701 3702 3703 3704 3705 3706 3707 3708 3709 3710 3711
          3712 3713 3714 3715 3716 3717 3718 3719 3720 3721 3722 3723 3724 3725 3726 3727
          3728 3729 3730 3731 3732 3733 3734 3735 3736 3737 3738 3739 3740 3741 3742 3743
          3744 3745 3746 3747 3748 3749 3750 3751 3752 3753 3754 3755 3756 3757 3758 3759
          3760 3761 3762 3763 3764 3765 3766 3767 3768 3769 3770 3771 3772 3773 3774 3775
          3776 3777 3778 3779 3780 3781 3782 3783 3784 3785 3786 3787 3788 3789 3790 3791
          3792 3793 3794 3795 3796 3797 3798 3799 3800 3801 3802 3803 3804 3805 3806 3807
          3808 3809 3810 3811 3812 3813 3814 3815 3816 3817 3818 3819 3820 3821 3822 3823
          3824 3825 3826 3827 3828 3829 3830 3831 3832 3833 3834 3835 3836 3837 3838 3839
          3840 3841 3842 3843 3844 3845 3846 3847 3848 3849 3850 3851 3852 3853 3854 3855
          3856 3857 3858 3859 3860 3861 3862 3863 3864 3865 3866 3867 3868 3869 3870 3871
          3872 3873 3874 3875 3876 3877 3878 3879 3880 3881 3882 3883 3884 3885 3886 3887
          3888 3889 3890 3891 3892 3893 3894 3895 3896 3897 3898 3899 3900 3901 3902 3903
          3904 3905 3906 3907 3908 3909 3910 3911 3912 3913 3914 3915 3916 3917 3918 3919
          3920 3921 3922 3923 3924 3925 3926 3927 3928 3929 3930 3931 3932 3933 3934 3935
          3936 3937 3938 3939 3940 3941 3942 3943 3944 3945 3946 3947 3948 3949 3950 3951
          3952 3953 3954 3955 3956 3957 3958 3959 3960 3961 3962 3963 3964 3965 3966 3967
          3968 3969 3970 3971 3972 3973 3974 3975 3976 3977 3978 3979 3980 3981 3982 3983
          3984 3985 3986 3987 3988 3989 3990 3991 3992 3993 3994 3995 3996 3997 3998 3999
          4000 4001 4002 4003 4004
        </DataArray>
        <DataArray type="Int32" Name="node_type" format="ascii">
          1 1 1 1 1 1 1 1 1 1 1 1 1 1 1 1
          1 1 1 1 1 1 1 1 1 1 1 1 1 1 1 1
          1 1 1 1 1 1 1 1 1 1 1 1 1 1 1 1
          1 1 1 1 1 1 1 1 1 1 1 1 1 1 1 1
          1 1 1 1 1 1 1 1 1 1 1 1 1 1 1 1
          1 1 1 1 1 1 1 1 1 1 1 1 1 1 1 1
          1 1 1 1 1 1 1 1 1 1 1 1 1 1 1 1
          1 1 1 1 1 1 1 1 1 1 1 1 1 1 1 1
          1 1 1 1 1 1 1 1 1 1 1 1 1 1 1 1
          1 1 1 1 1 1 1 1 1 1 1 1 1 1 1 1
          1 1 1 1 1 1 1 1 1 1 1 1 1 1 1 1
          1 1 1 1 1 1 1 1 1 1 1 1 1 1 1 1
          1 1 1 1 1 1 1 1 1 1 1 1 1 1 1 1
          1 1 1 1 1 1 1 1 1 1 1 1 1 1 1 1
          1 1 1 1 1 1 1 1 1 1 1 1 1 1 1 1
          1 1 1 1 1 1 1 1 1 1 1 1 1 1 1 1
          1 1 1 1 1 1 1 1 1 1 1 1 1 1 1 1
          1 1 1 1 1 1 1 1 1 1 1 1 1 1 1 1
          1 1 1 1 1 1 1 1 1 1 1 1 1 1 1 1
          1 1 1 1 1 1 1 1 1 1 1 1 1 1 1 1
          1 1 1 1 1 1 1 1 1 1 1 1 1 1 1 1
          1 1 1 1 1 1 1 1 1 1 1 1 1 1 1 1
          1 1 1 1 1 1 1 1 1 1 1 1 1 1 1 1
          1 1 1 1 1 1 1 1 1 1 1 1 1 1 1 1
          1 1 1 1 1 1 1 1 1 1 1 1 1 1 1 1
          1 1 1 1 1 1 1 1 1 1 1 1 1 1 1 1
          1 1 1 1 1 1 1 1 1 1 1 1 1 1 1 1
          1 1 1 1 1 1 1 1 1 1 1 1 1 1 1 1
          1 1 1 1 1 1 1 1 1 1 1 1 1 1 1 1
          1 1 1 1 1 1 1 1 1 1 1 1 1 1 1 1
          1 1 1 1 1 1 1 1 1 1 1 1 1 1 1 1
          1 1 1 1 1 1 1 1 1 1 1 1 1 1 1 1
          1 1 1 1 1 1 1 1 1 1 1 1 1 1 1 1
          1 1 1 1 1 1 1 1 1 1 1 1 1 1 1 1
          1 1 1 1 1 1 1 1 1 1 1 1 1 1 1 1
          1 1 1 1 1 1 1 1 1 1 1 1 1 1 1 1
          1 1 1 1 1 1 1 1 1 1 1 1 1 1 1 1
          1 1 1 1 1 1 1 1 1 1 1 1 1 1 1 1
          1 1 1 1 1 1 1 1 1 1 1 1 1 1 1 1
          1 1 1 1 1 1 1 1 1 1 1 1 1 1 1 1
          1 1 1 1 1 1 1 1 1 1 1 1 1 1 1 1
          1 1 1 1 1 1 1 1 1 1 1 1 1 1 1 1
          1 1 1 1 1 1 1 1 1 1 1 1 1 1 1 1
          1 1 1 1 1 1 1 1 1 1 1 1 1 1 1 1
          1 1 1 1 1 1 1 1 1 1 1 1 1 1 1 1
          1 1 1 1 1 1 1 1 1 1 1 1 1 1 1 1
          1 1 1 1 1 1 1 1 1 1 1 1 1 1 1 1
          1 1 1 1 1 1 1 1 1 1 1 1 1 1 1 1
          1 1 1 1 1 1 1 1 1 1 1 1 1 1 1 1
          1 1 1 1 1 1 1 1 1 1 1 1 1 1 1 1
          1 1 1 1 1 1 1 1 1 1 1 1 1 1 1 1
          1 1 1 1 1 1 1 1 1 1 1 1 1 1 1 1
          1 1 1 1 1 1 1 1 1 1 1 1 1 1 1 1
          1 1 1 1 1 1 1 1 1 1 1 1 1 1 1 1
          1 1 1 1 1 1 1 1 1 1 1 1 1 1 1 1
          1 1 1 1 1 1 1 1 1 1 1 1 1 1 1 1
          1 1 1 1 1 1 1 1 1 1 1 1 1 1 1 1
          1 1 1 1 1 1 1 1 1 1 1 1 1 1 1 1
          1 1 1 1 1 1 1 1 1 1 1 1 1 1 1 1
          1 1 1 1 1 1 1 1 1 1 1 1 1 1 1 1
          1 1 1 1 1 1 1 1 1 1 1 1 1 1 1 1
          1 1 1 1 1 1 1 1 1 1 1 1 1 1 1 1
          1 1 1 1 1 1 1 1 1 1 1 1 1 1 1 1
          1 1 1 1 1 1 1 1 1 1 1 1 1 1 1 1
          1 1 1 1 1 1 1 1 1 1 1 1 1 1 1 1
          1 1 1 1 1 1 1 1 1 1 1 1 1 1 1 1
          1 1 1 1 1 1 1 1 1 1 1 1 1 1 1 1
          1 1 1 1 1 1 1 1 1 1 1 1 1 1 1 1
          1 1 1 1 1 1 1 1 1 1 1 1 1 1 1 1
          1 1 1 1 1 1 1 1 1 1 1 1 1 1 1 1
          1 1 1 1 1 1 1 1 1 1 1 1 1 1 1 1
          1 1 1 1 1 1 1 1 1 1 1 1 1 1 1 1
          1 1 1 1 1 1 1 1 1 1 1 1 1 1 1 1
          1 1 1 1 1 1 1 1 1 1 1 1 1 1 1 1
          1 1 1 1 1 1 1 1 1 1 1 1 1 1 1 1
          1 1 1 1 1 1 1 1 1 1 1 1 1 1 1 1
          1 1 1 1 1 1 1 1 1 1 1 1 1 1 1 1
          1 1 1 1 1 1 1 1 1 1 1 1 1 1 1 1
          1 1 1 1 1 1 1 1 1 1 1 1 1 1 1 1
          1 1 1 1 1 1 1 1 1 1 1 1 1 1 1 1
          1 1 1 1 1 1 1 1 1 1 1 1 1 1 1 1
          1 1 1 1 1 1 1 1 1 1 1 1 1 1 1 1
          1 1 1 1 1 1 1 1 1 1 1 1 1 1 1 1
          1 1 1 1 1 1 1 1 1 1 1 1 1 1 1 1
          1 1 1 1 1 1 1 1 1 1 1 1 1 1 1 1
          1 1 1 1 1 1 1 1 1 1 1 1 1 1 1 1
          1 1 1 1 1 1 1 1 1 1 1 1 1 1 1 1
          1 1 1 1 1 1 1 1 1 1 1 1 1 1 1 1
          1 1 1 1 1 1 1 1 1 1 1 1 1 1 1 1
          1 1 1 1 1 1 1 1 1 1 1 1 1 1 1 1
          1 1 1 1 1 1 1 1 1 1 1 1 1 1 1 1
          1 1 1 1 1 1 1 1 1 1 1 1 1 1 1 1
          1 1 1 1 1 1 1 1 1 1 1 1 1 1 1 1
          1 1 1 1 1 1 1 1 1 1 1 1 1 1 1 1
          1 1 1 1 1 1 1 1 1 1 1 1 1 1 1 1
          1 1 1 1 1 1 1 1 1 1 1 1 1 1 1 1
          1 1 1 1 1 1 1 1 1 1 1 1 1 1 1 1
          1 1 1 1 1 1 1 1 1 1 1 1 1 1 1 1
          1 1 1 1 1 1 1 1 1 1 1 1 1 1 1 1
          1 1 1 1 1 1 1 1 1 1 1 1 1 1 1 1
          1 1 1 1 1 1 1 1 1 1 1 1 1 1 1 1
          1 1 1 1 1 1 1 1 1 1 1 1 1 1 1 1
          1 1 1 1 1 1 1 1 1 1 1 1 1 1 1 1
          1 1 1 1 1 1 1 1 1 1 1 1 1 1 1 1
          1 1 1 1 1 1 1 1 1 1 1 1 1 1 1 1
          1 1 1 1 1 1 1 1 1 1 1 1 1 1 1 1
          1 1 1 1 1 1 1 1 1 1 1 1 1 1 1 1
          1 1 1 1 1 1 1 1 1 1 1 1 1 1 1 1
          1 1 1 1 1 1 1 1 1 1 1 1 1 1 1 1
          1 1 1 1 1 1 1 1 1 1 1 1 1 1 1 1
          1 1 1 1 1 1 1 1 1 1 1 1 1 1 1 1
          1 1 1 1 1 1 1 1 1 1 1 1 1 1 1 1
          1 1 1 1 1 1 1 1 1 1 1 1 1 1 1 1
          1 1 1 1 1 1 1 1 1 1 1 1 1 1 1 1
          1 1 1 1 1 1 1 1 1 1 1 1 1 1 1 1
          1 1 1 1 1 1 1 1 1 1 1 1 1 1 1 1
          1 1 1 1 1 1 1 1 1 1 1 1 1 1 1 1
          1 1 1 1 1 1 1 1 1 1 1 1 1 1 1 1
          1 1 1 1 1 1 1 1 1 1 1 1 1 1 1 1
          1 1 1 1 1 1 1 1 1 1 1 1 1 1 1 1
          1 1 1 1 1 1 1 1 1 1 1 1 1 1 1 1
          1 1 1 1 1 1 1 1 1 1 1 1 1 1 1 1
          1 1 1 1 1 1 1 1 1 1 1 1 1 1 1 1
          1 1 1 1 1 1 1 1 1 1 1 1 1 1 1 1
          1 1 1 1 1 1 1 1 1 1 1 1 1 1 1 1
          1 1 1 1 1 1 1 1 1 1 1 1 1 1 1 1
          1 1 1 1 1 1 1 1 1 1 1 1 1 1 1 1
          1 1 1 1 1 1 1 1 1 1 1 1 1 1 1 1
          1 1 1 1 1 1 1 1 1 1 1 1 1 1 1 1
          1 1 1 1 1 1 1 1 1 1 1 1 1 1 1 1
          1 1 1 1 1 1 1 1 1 1 1 1 1 1 1 1
          1 1 1 1 1 1 1 1 1 1 1 1 1 1 1 1
          1 1 1 1 1 1 1 1 1 1 1 1 1 1 1 1
          1 1 1 1 1 1 1 1 1 1 1 1 1 1 1 1
          1 1 1 1 1 1 1 1 1 1 1 1 1 1 1 1
          1 1 1 1 1 1 1 1 1 1 1 1 1 1 1 1
          1 1 1 1 1 1 1 1 1 1 1 1 1 1 1 1
          1 1 1 1 1 1 1 1 1 1 1 1 1 1 1 1
          1 1 1 1 1 1 1 1 1 1 1 1 1 1 1 1
          1 1 1 1 1 1 1 1 1 1 1 1 1 1 1 1
          1 1 1 1 1 1 1 1 1 1 1 1 1 1 1 1
          1 1 1 1 1 1 1 1 1 1 1 1 1 1 1 1
          1 1 1 1 1 1 1 1 1 1 1 1 1 1 1 1
          1 1 1 1 1 1 1 1 1 1 1 1 1 1 1 1
          1 1 1 1 1 1 1 1 1 1 1 1 1 1 1 1
          1 1 1 1 1 1 1 1 1 1 1 1 1 1 1 1
          1 1 1 1 1 1 1 1 1 1 1 1 1 1 1 1
          1 1 1 1 1 1 1 1 1 1 1 1 1 1 1 1
          1 1 1 1 1 1 1 1 1 1 1 1 1 1 1 1
          1 1 1 1 1 1 1 1 1 1 1 1 1 1 1 1
          1 1 1 1 1 1 1 1 1 1 1 1 1 1 1 1
          1 1 1 1 1 1 1 1 1 1 1 1 1 1 1 1
          1 1 1 1 1 1 1 1 1 1 1 1 1 1 1 1
          1 1 1 1 1 1 1 1 1 1 1 1 1 1 1 1
          1 1 1 1 1 1 1 1 1 1 1 1 1 1 1 1
          1 1 1 1 1 1 1 1 1 1 1 1 1 1 1 1
          1 1 1 1 1 1 1 1 1 1 1 1 1 1 1 1
          1 1 1 1 1 1 1 1 1 1 1 1 1 1 1 1
          1 1 1 1 1 1 1 1 1 1 1 1 1 1 1 1
          1 1 1 1 1 1 1 1 1 1 1 1 1 1 1 1
          1 1 1 1 1 1 1 1 1 1 1 1 1 1 1 1
          1 1 1 1 1 1 1 1 1 1 1 1 1 1 1 1
          1 1 1 1 1 1 1 1 1 1 1 1 1 1 1 1
          1 1 1 1 1 1 1 1 1 1 1 1 1 1 1 1
          1 1 1 1 1 1 1 1 1 1 1 1 1 1 1 1
          1 1 1 1 1 1 1 1 1 1 1 1 1 1 1 1
          1 1 1 1 1 1 1 1 1 1 1 1 1 1 1 1
          1 1 1 1 1 1 1 1 1 1 1 1 1 1 1 1
          1 1 1 1 1 1 1 1 1 1 1 1 1 1 1 1
          1 1 1 1 1 1 1 1 1 1 1 1 1 1 1 1
          1 1 1 1 1 1 1 1 1 1 1 1 1 1 1 1
          1 1 1 1 1 1 1 1 1 1 1 1 1 1 1 1
          1 1 1 1 1 1 1 1 1 1 1 1 1 1 1 1
          1 1 1 1 1 1 1 1 1 1 1 1 1 1 1 1
          1 1 1 1 1 1 1 1 1 1 1 1 1 1 1 1
          1 1 1 1 1 1 1 1 1 1 1 1 1 1 1 1
          1 1 1 1 1 1 1 1 1 1 1 1 1 1 1 1
          1 1 1 1 1 1 1 1 1 1 1 1 1 1 1 1
          1 1 1 1 1 1 1 1 1 1 1 1 1 1 1 1
          1 1 1 1 1 1 1 1 1 1 1 1 1 1 1 1
          1 1 1 1 1 1 1 1 1 1 1 1 1 1 1 1
          1 1 1 1 1 1 1 1 1 1 1 1 1 1 1 1
          1 1 1 1 1 1 1 1 1 1 1 1 1 1 1 1
          1 1 1 1 1 1 1 1 1 1 1 1 1 1 1 1
          1 1 1 1 1 1 1 1 1 1 1 1 1 1 1 1
          1 1 1 1 1 1 1 1 1 1 1 1 1 1 1 1
          1 1 1 1 1 1 1 1 1 1 1 1 1 1 1 1
          1 1 1 1 1 1 1 1 1 1 1 1 1 1 1 1
          1 1 1 1 1 1 1 1 1 1 1 1 1 1 1 1
          1 1 1 1 1 1 1 1 1 1 1 1 1 1 1 1
          1 1 1 1 1 1 1 1 1 1 1 1 1 1 1 1
          1 1 1 1 1 1 1 1 1 1 1 1 1 1 1 1
          1 1 1 1 1 1 1 1 1 1 1 1 1 1 1 1
          1 1 1 1 1 1 1 1 1 1 1 1 1 1 1 1
          1 1 1 1 1 1 1 1 1 1 1 1 1 1 1 1
          1 1 1 1 1 1 1 1 1 1 1 1 1 1 1 1
          1 1 1 1 1 1 1 1 1 1 1 1 1 1 1 1
          1 1 1 1 1 1 1 1 1 1 1 1 1 1 1 1
          1 1 1 1 1 1 1 1 1 1 1 1 1 1 1 1
          1 1 1 1 1 1 1 1 1 1 1 1 1 1 1 1
          1 1 1 1 1 1 1 1 1 1 1 1 1 1 1 1
          1 1 1 1 1 1 1 1 1 1 1 1 1 1 1 1
          1 1 1 1 1 1 1 1 1 1 1 1 1 1 1 1
          1 1 1 1 1 1 1 1 1 1 1 1 1 1 1 1
          1 1 1 1 1 1 1 1 1 1 1 1 1 1 1 1
          1 1 1 1 1 1 1 1 1 1 1 1 1 1 1 1
          1 1 1 1 1 1 1 1 1 1 1 1 1 1 1 1
          1 1 1 1 1 1 1 1 1 1 1 1 1 1 1 1
          1 1 1 1 1 1 1 1 1 1 1 1 1 1 1 1
          1 1 1 1 1 1 1 1 1 1 1 1 1 1 1 1
          1 1 1 1 1 1 1 1 1 1 1 1 1 1 1 1
          1 1 1 1 1 1 1 1 1 1 1 1 1 1 1 1
          1 1 1 1 1 1 1 1 1 1 1 1 1 1 1 1
          1 1 1 1 1 1 1 1 1 1 1 1 1 1 1 1
          1 1 1 1 1 1 1 1 1 1 1 1 1 1 1 1
          1 1 1 1 1 1 1 1 1 1 1 1 1 1 1 1
          1 1 1 1 1 1 1 1 1 1 1 1 1 1 1 1
          1 1 1 1 1 1 1 1 1 1 1 1 1 1 1 1
          1 1 1 1 1 1 1 1 1 1 1 1 1 1 1 1
          1 1 1 1 1 1 1 1 1 1 1 1 1 1 1 1
          1 1 1 1 1 1 1 1 1 1 1 1 1 1 1 1
          1 1 1 1 1 1 1 1 1 1 1 1 1 1 1 1
          1 1 1 1 1 1 1 1 1 1 1 1 1 1 1 1
          1 1 1 1 1 1 1 1 1 1 1 1 1 1 1 1
          1 1 1 1 1 1 1 1 1 1 1 1 1 1 1 1
          1 1 1 1 1 1 1 1 1 1 1 1 1 1 1 1
          1 1 1 1 1 1 1 1 1 1 1 1 1 1 1 1
          1 1 1 1 1 1 1 1 1 1 1 1 1 1 1 1
          1 1 1 1 1 1 1 1 1 1 1 1 1 1 1 1
          1 1 1 1 1 1 1 1 1 1 1 1 1 1 1 1
          1 1 1 1 1 1 1 1 1 1 1 1 1 1 1 1
          1 1 1 1 1 1 1 1 1 1 1 1 1 1 1 1
          1 1 1 1 1 1 1 1 1 1 1 1 1 1 1 1
          1 1 1 1 1 1 1 1 1 1 1 1 1 1 1 1
          1 1 1 1 1 1 1 1 1 1 1 1 1 1 1 1
          1 1 1 1 1 1 1 1 1 1 1 1 1 1 1 1
          1 1 1 1 1 1 1 1 1 1 1 1 1 1 1 1
          1 1 1 1 1 1 1 1 1 1 1 1 1 1 1 1
          1 1 1 1 1 1 1 1 1 1 1 1 1 1 1 1
          1 1 1 1 1 1 1 1 1 1 1 1 1 1 1 1
          1 1 1 1 1 1 1 1 1 1 1 1 1 1 1 1
          1 1 1 1 1 1 1 1 1 1 1 1 1 1 1 1
          1 1 1 1 1 1 1 1 1 1 1 1 1 1 1 1
          1 1 1 1 1 1 1 1 1 1 1 1 1 1 1 1
          1 1 1 1 1 1 1 1 1 1 1 1 1 1 1 1
          1 1 1 1 1 1 1 1 1 1 1 1 1 1 1 1
          1 1 1 1 1 1 1 1 1 1 1 1 1 1 1 1
          1 1 1 1 1 1 1 1 1 1 1 1 1 1 1 1
          1 1 1 1 1 1 1 1 1 1 1 1 1 1 1 1
          1 1 1 1 1 1 1 1 1 1 1 1 1 1 1 1
          1 1 1 1 1
        </DataArray>
        <DataArray type="Int32" Name="num_sharing_ranks" format="ascii">
          1 1 1 1 1 1 1 1 1 1 1 1 1 1 1 1
          1 1 1 1 1 1 1 1 1 1 1 1 1 1 1 1
          1 1 1 1 1 1 1 1 1 1 1 1 1 1 1 1
          1 1 1 1 1 1 1 1 1 1 1 1 1 1 1 1
          1 1 1 1 1 1 1 1 1 1 1 1 1 1 1 1
          1 1 1 1 1 1 1 1 1 1 1 1 1 1 1 1
          1 1 1 1 1 1 1 1 1 1 1 1 1 1 1 1
          1 1 1 1 1 1 1 1 1 1 1 1 1 1 1 1
          1 1 1 1 1 1 1 1 1 1 1 1 1 1 1 1
          1 1 1 1 1 1 1 1 1 1 1 1 1 1 1 1
          1 1 1 1 1 1 1 1 1 1 1 1 1 1 1 1
          1 1 1 1 1 1 1 1 1 1 1 1 1 1 1 1
          1 1 1 1 1 1 1 1 1 1 1 1 1 1 1 1
          1 1 1 1 1 1 1 1 1 1 1 1 1 1 1 1
          1 1 1 1 1 1 1 1 1 1 1 1 1 1 1 1
          1 1 1 1 1 1 1 1 1 1 1 1 1 1 1 1
          1 1 1 1 1 1 1 1 1 1 1 1 1 1 1 1
          1 1 1 1 1 1 1 1 1 1 1 1 1 1 1 1
          1 1 1 1 1 1 1 1 1 1 1 1 1 1 1 1
          1 1 1 1 1 1 1 1 1 1 1 1 1 1 1 1
          1 1 1 1 1 1 1 1 1 1 1 1 1 1 1 1
          1 1 1 1 1 1 1 1 1 1 1 1 1 1 1 1
          1 1 1 1 1 1 1 1 1 1 1 1 1 1 1 1
          1 1 1 1 1 1 1 1 1 1 1 1 1 1 1 1
          1 1 1 1 1 1 1 1 1 1 1 1 1 1 1 1
          1 1 1 1 1 1 1 1 1 1 1 1 1 1 1 1
          1 1 1 1 1 1 1 1 1 1 1 1 1 1 1 1
          1 1 1 1 1 1 1 1 1 1 1 1 1 1 1 1
          1 1 1 1 1 1 1 1 1 1 1 1 1 1 1 1
          1 1 1 1 1 1 1 1 1 1 1 1 1 1 1 1
          1 1 1 1 1 1 1 1 1 1 1 1 1 1 1 1
          1 1 1 1 1 1 1 1 1 1 1 1 1 1 1 1
          1 1 1 1 1 1 1 1 1 1 1 1 1 1 1 1
          1 1 1 1 1 1 1 1 1 1 1 1 1 1 1 1
          1 1 1 1 1 1 1 1 1 1 1 1 1 1 1 1
          1 1 1 1 1 1 1 1 1 1 1 1 1 1 1 1
          1 1 1 1 1 1 1 1 1 1 1 1 1 1 1 1
          1 1 1 1 1 1 1 1 1 1 1 1 1 1 1 1
          1 1 1 1 1 1 1 1 1 1 1 1 1 1 1 1
          1 1 1 1 1 1 1 1 1 1 1 1 1 1 1 1
          1 1 1 1 1 1 1 1 1 1 1 1 1 1 1 1
          1 1 1 1 1 1 1 1 1 1 1 1 1 1 1 1
          1 1 1 1 1 1 1 1 1 1 1 1 1 1 1 1
          1 1 1 1 1 1 1 1 1 1 1 1 1 1 1 1
          1 1 1 1 1 1 1 1 1 1 1 1 1 1 1 1
          1 1 1 1 1 1 1 1 1 1 1 1 1 1 1 1
          1 1 1 1 1 1 1 1 1 1 1 1 1 1 1 1
          1 1 1 1 1 1 1 1 1 1 1 1 1 1 1 1
          1 1 1 1 1 1 1 1 1 1 1 1 1 1 1 1
          1 1 1 1 1 1 1 1 1 1 1 1 1 1 1 1
          1 1 1 1 1 1 1 1 1 1 1 1 1 1 1 1
          1 1 1 1 1 1 1 1 1 1 1 1 1 1 1 1
          1 1 1 1 1 1 1 1 1 1 1 1 1 1 1 1
          1 1 1 1 1 1 1 1 1 1 1 1 1 1 1 1
          1 1 1 1 1 1 1 1 1 1 1 1 1 1 1 1
          1 1 1 1 1 1 1 1 1 1 1 1 1 1 1 1
          1 1 1 1 1 1 1 1 1 1 1 1 1 1 1 1
          1 1 1 1 1 1 1 1 1 1 1 1 1 1 1 1
          1 1 1 1 1 1 1 1 1 1 1 1 1 1 1 1
          1 1 1 1 1 1 1 1 1 1 1 1 1 1 1 1
          1 1 1 1 1 1 1 1 1 1 1 1 1 1 1 1
          1 1 1 1 1 1 1 1 1 1 1 1 1 1 1 1
          1 1 1 1 1 1 1 1 1 1 1 1 1 1 1 1
          1 1 1 1 1 1 1 1 1 1 1 1 1 1 1 1
          1 1 1 1 1 1 1 1 1 1 1 1 1 1 1 1
          1 1 1 1 1 1 1 1 1 1 1 1 1 1 1 1
          1 1 1 1 1 1 1 1 1 1 1 1 1 1 1 1
          1 1 1 1 1 1 1 1 1 1 1 1 1 1 1 1
          1 1 1 1 1 1 1 1 1 1 1 1 1 1 1 1
          1 1 1 1 1 1 1 1 1 1 1 1 1 1 1 1
          1 1 1 1 1 1 1 1 1 1 1 1 1 1 1 1
          1 1 1 1 1 1 1 1 1 1 1 1 1 1 1 1
          1 1 1 1 1 1 1 1 1 1 1 1 1 1 1 1
          1 1 1 1 1 1 1 1 1 1 1 1 1 1 1 1
          1 1 1 1 1 1 1 1 1 1 1 1 1 1 1 1
          1 1 1 1 1 1 1 1 1 1 1 1 1 1 1 1
          1 1 1 1 1 1 1 1 1 1 1 1 1 1 1 1
          1 1 1 1 1 1 1 1 1 1 1 1 1 1 1 1
          1 1 1 1 1 1 1 1 1 1 1 1 1 1 1 1
          1 1 1 1 1 1 1 1 1 1 1 1 1 1 1 1
          1 1 1 1 1 1 1 1 1 1 1 1 1 1 1 1
          1 1 1 1 1 1 1 1 1 1 1 1 1 1 1 1
          1 1 1 1 1 1 1 1 1 1 1 1 1 1 1 1
          1 1 1 1 1 1 1 1 1 1 1 1 1 1 1 1
          1 1 1 1 1 1 1 1 1 1 1 1 1 1 1 1
          1 1 1 1 1 1 1 1 1 1 1 1 1 1 1 1
          1 1 1 1 1 1 1 1 1 1 1 1 1 1 1 1
          1 1 1 1 1 1 1 1 1 1 1 1 1 1 1 1
          1 1 1 1 1 1 1 1 1 1 1 1 1 1 1 1
          1 1 1 1 1 1 1 1 1 1 1 1 1 1 1 1
          1 1 1 1 1 1 1 1 1 1 1 1 1 1 1 1
          1 1 1 1 1 1 1 1 1 1 1 1 1 1 1 1
          1 1 1 1 1 1 1 1 1 1 1 1 1 1 1 1
          1 1 1 1 1 1 1 1 1 1 1 1 1 1 1 1
          1 1 1 1 1 1 1 1 1 1 1 1 1 1 1 1
          1 1 1 1 1 1 1 1 1 1 1 1 1 1 1 1
          1 1 1 1 1 1 1 1 1 1 1 1 1 1 1 1
          1 1 1 1 1 1 1 1 1 1 1 1 1 1 1 1
          1 1 1 1 1 1 1 1 1 1 1 1 1 1 1 1
          1 1 1 1 1 1 1 1 1 1 1 1 1 1 1 1
          1 1 1 1 1 1 1 1 1 1 1 1 1 1 1 1
          1 1 1 1 1 1 1 1 1 1 1 1 1 1 1 1
          1 1 1 1 1 1 1 1 1 1 1 1 1 1 1 1
          1 1 1 1 1 1 1 1 1 1 1 1 1 1 1 1
          1 1 1 1 1 1 1 1 1 1 1 1 1 1 1 1
          1 1 1 1 1 1 1 1 1 1 1 1 1 1 1 1
          1 1 1 1 1 1 1 1 1 1 1 1 1 1 1 1
          1 1 1 1 1 1 1 1 1 1 1 1 1 1 1 1
          1 1 1 1 1 1 1 1 1 1 1 1 1 1 1 1
          1 1 1 1 1 1 1 1 1 1 1 1 1 1 1 1
          1 1 1 1 1 1 1 1 1 1 1 1 1 1 1 1
          1 1 1 1 1 1 1 1 1 1 1 1 1 1 1 1
          1 1 1 1 1 1 1 1 1 1 1 1 1 1 1 1
          1 1 1 1 1 1 1 1 1 1 1 1 1 1 1 1
          1 1 1 1 1 1 1 1 1 1 1 1 1 1 1 1
          1 1 1 1 1 1 1 1 1 1 1 1 1 1 1 1
          1 1 1 1 1 1 1 1 1 1 1 1 1 1 1 1
          1 1 1 1 1 1 1 1 1 1 1 1 1 1 1 1
          1 1 1 1 1 1 1 1 1 1 1 1 1 1 1 1
          1 1 1 1 1 1 1 1 1 1 1 1 1 1 1 1
          1 1 1 1 1 1 1 1 1 1 1 1 1 1 1 1
          1 1 1 1 1 1 1 1 1 1 1 1 1 1 1 1
          1 1 1 1 1 1 1 1 1 1 1 1 1 1 1 1
          1 1 1 1 1 1 1 1 1 1 1 1 1 1 1 1
          1 1 1 1 1 1 1 1 1 1 1 1 1 1 1 1
          1 1 1 1 1 1 1 1 1 1 1 1 1 1 1 1
          1 1 1 1 1 1 1 1 1 1 1 1 1 1 1 1
          1 1 1 1 1 1 1 1 1 1 1 1 1 1 1 1
          1 1 1 1 1 1 1 1 1 1 1 1 1 1 1 1
          1 1 1 1 1 1 1 1 1 1 1 1 1 1 1 1
          1 1 1 1 1 1 1 1 1 1 1 1 1 1 1 1
          1 1 1 1 1 1 1 1 1 1 1 1 1 1 1 1
          1 1 1 1 1 1 1 1 1 1 1 1 1 1 1 1
          1 1 1 1 1 1 1 1 1 1 1 1 1 1 1 1
          1 1 1 1 1 1 1 1 1 1 1 1 1 1 1 1
          1 1 1 1 1 1 1 1 1 1 1 1 1 1 1 1
          1 1 1 1 1 1 1 1 1 1 1 1 1 1 1 1
          1 1 1 1 1 1 1 1 1 1 1 1 1 1 1 1
          1 1 1 1 1 1 1 1 1 1 1 1 1 1 1 1
          1 1 1 1 1 1 1 1 1 1 1 1 1 1 1 1
          1 1 1 1 1 1 1 1 1 1 1 1 1 1 1 1
          1 1 1 1 1 1 1 1 1 1 1 1 1 1 1 1
          1 1 1 1 1 1 1 1 1 1 1 1 1 1 1 1
          1 1 1 1 1 1 1 1 1 1 1 1 1 1 1 1
          1 1 1 1 1 1 1 1 1 1 1 1 1 1 1 1
          1 1 1 1 1 1 1 1 1 1 1 1 1 1 1 1
          1 1 1 1 1 1 1 1 1 1 1 1 1 1 1 1
          1 1 1 1 1 1 1 1 1 1 1 1 1 1 1 1
          1 1 1 1 1 1 1 1 1 1 1 1 1 1 1 1
          1 1 1 1 1 1 1 1 1 1 1 1 1 1 1 1
          1 1 1 1 1 1 1 1 1 1 1 1 1 1 1 1
          1 1 1 1 1 1 1 1 1 1 1 1 1 1 1 1
          1 1 1 1 1 1 1 1 1 1 1 1 1 1 1 1
          1 1 1 1 1 1 1 1 1 1 1 1 1 1 1 1
          1 1 1 1 1 1 1 1 1 1 1 1 1 1 1 1
          1 1 1 1 1 1 1 1 1 1 1 1 1 1 1 1
          1 1 1 1 1 1 1 1 1 1 1 1 1 1 1 1
          1 1 1 1 1 1 1 1 1 1 1 1 1 1 1 1
          1 1 1 1 1 1 1 1 1 1 1 1 1 1 1 1
          1 1 1 1 1 1 1 1 1 1 1 1 1 1 1 1
          1 1 1 1 1 1 1 1 1 1 1 1 1 1 1 1
          1 1 1 1 1 1 1 1 1 1 1 1 1 1 1 1
          1 1 1 1 1 1 1 1 1 1 1 1 1 1 1 1
          1 1 1 1 1 1 1 1 1 1 1 1 1 1 1 1
          1 1 1 1 1 1 1 1 1 1 1 1 1 1 1 1
          1 1 1 1 1 1 1 1 1 1 1 1 1 1 1 1
          1 1 1 1 1 1 1 1 1 1 1 1 1 1 1 1
          1 1 1 1 1 1 1 1 1 1 1 1 1 1 1 1
          1 1 1 1 1 1 1 1 1 1 1 1 1 1 1 1
          1 1 1 1 1 1 1 1 1 1 1 1 1 1 1 1
          1 1 1 1 1 1 1 1 1 1 1 1 1 1 1 1
          1 1 1 1 1 1 1 1 1 1 1 1 1 1 1 1
          1 1 1 1 1 1 1 1 1 1 1 1 1 1 1 1
          1 1 1 1 1 1 1 1 1 1 1 1 1 1 1 1
          1 1 1 1 1 1 1 1 1 1 1 1 1 1 1 1
          1 1 1 1 1 1 1 1 1 1 1 1 1 1 1 1
          1 1 1 1 1 1 1 1 1 1 1 1 1 1 1 1
          1 1 1 1 1 1 1 1 1 1 1 1 1 1 1 1
          1 1 1 1 1 1 1 1 1 1 1 1 1 1 1 1
          1 1 1 1 1 1 1 1 1 1 1 1 1 1 1 1
          1 1 1 1 1 1 1 1 1 1 1 1 1 1 1 1
          1 1 1 1 1 1 1 1 1 1 1 1 1 1 1 1
          1 1 1 1 1 1 1 1 1 1 1 1 1 1 1 1
          1 1 1 1 1 1 1 1 1 1 1 1 1 1 1 1
          1 1 1 1 1 1 1 1 1 1 1 1 1 1 1 1
          1 1 1 1 1 1 1 1 1 1 1 1 1 1 1 1
          1 1 1 1 1 1 1 1 1 1 1 1 1 1 1 1
          1 1 1 1 1 1 1 1 1 1 1 1 1 1 1 1
          1 1 1 1 1 1 1 1 1 1 1 1 1 1 1 1
          1 1 1 1 1 1 1 1 1 1 1 1 1 1 1 1
          1 1 1 1 1 1 1 1 1 1 1 1 1 1 1 1
          1 1 1 1 1 1 1 1 1 1 1 1 1 1 1 1
          1 1 1 1 1 1 1 1 1 1 1 1 1 1 1 1
          1 1 1 1 1 1 1 1 1 1 1 1 1 1 1 1
          1 1 1 1 1 1 1 1 1 1 1 1 1 1 1 1
          1 1 1 1 1 1 1 1 1 1 1 1 1 1 1 1
          1 1 1 1 1 1 1 1 1 1 1 1 1 1 1 1
          1 1 1 1 1 1 1 1 1 1 1 1 1 1 1 1
          1 1 1 1 1 1 1 1 1 1 1 1 1 1 1 1
          1 1 1 1 1 1 1 1 1 1 1 1 1 1 1 1
          1 1 1 1 1 1 1 1 1 1 1 1 1 1 1 1
          1 1 1 1 1 1 1 1 1 1 1 1 1 1 1 1
          1 1 1 1 1 1 1 1 1 1 1 1 1 1 1 1
          1 1 1 1 1 1 1 1 1 1 1 1 1 1 1 1
          1 1 1 1 1 1 1 1 1 1 1 1 1 1 1 1
          1 1 1 1 1 1 1 1 1 1 1 1 1 1 1 1
          1 1 1 1 1 1 1 1 1 1 1 1 1 1 1 1
          1 1 1 1 1 1 1 1 1 1 1 1 1 1 1 1
          1 1 1 1 1 1 1 1 1 1 1 1 1 1 1 1
          1 1 1 1 1 1 1 1 1 1 1 1 1 1 1 1
          1 1 1 1 1 1 1 1 1 1 1 1 1 1 1 1
          1 1 1 1 1 1 1 1 1 1 1 1 1 1 1 1
          1 1 1 1 1 1 1 1 1 1 1 1 1 1 1 1
          1 1 1 1 1 1 1 1 1 1 1 1 1 1 1 1
          1 1 1 1 1 1 1 1 1 1 1 1 1 1 1 1
          1 1 1 1 1 1 1 1 1 1 1 1 1 1 1 1
          1 1 1 1 1 1 1 1 1 1 1 1 1 1 1 1
          1 1 1 1 1 1 1 1 1 1 1 1 1 1 1 1
          1 1 1 1 1 1 1 1 1 1 1 1 1 1 1 1
          1 1 1 1 1 1 1 1 1 1 1 1 1 1 1 1
          1 1 1 1 1 1 1 1 1 1 1 1 1 1 1 1
          1 1 1 1 1 1 1 1 1 1 1 1 1 1 1 1
          1 1 1 1 1 1 1 1 1 1 1 1 1 1 1 1
          1 1 1 1 1 1 1 1 1 1 1 1 1 1 1 1
          1 1 1 1 1 1 1 1 1 1 1 1 1 1 1 1
          1 1 1 1 1 1 1 1 1 1 1 1 1 1 1 1
          1 1 1 1 1 1 1 1 1 1 1 1 1 1 1 1
          1 1 1 1 1 1 1 1 1 1 1 1 1 1 1 1
          1 1 1 1 1 1 1 1 1 1 1 1 1 1 1 1
          1 1 1 1 1 1 1 1 1 1 1 1 1 1 1 1
          1 1 1 1 1 1 1 1 1 1 1 1 1 1 1 1
          1 1 1 1 1 1 1 1 1 1 1 1 1 1 1 1
          1 1 1 1 1 1 1 1 1 1 1 1 1 1 1 1
          1 1 1 1 1 1 1 1 1 1 1 1 1 1 1 1
          1 1 1 1 1 1 1 1 1 1 1 1 1 1 1 1
          1 1 1 1 1 1 1 1 1 1 1 1 1 1 1 1
          1 1 1 1 1 1 1 1 1 1 1 1 1 1 1 1
          1 1 1 1 1 1 1 1 1 1 1 1 1 1 1 1
          1 1 1 1 1 1 1 1 1 1 1 1 1 1 1 1
          1 1 1 1 1 1 1 1 1 1 1 1 1 1 1 1
          1 1 1 1 1 1 1 1 1 1 1 1 1 1 1 1
          1 1 1 1 1 1 1 1 1 1 1 1 1 1 1 1
          1 1 1 1 1 1 1 1 1 1 1 1 1 1 1 1
          1 1 1 1 1 1 1 1 1 1 1 1 1 1 1 1
          1 1 1 1 1 1 1 1 1 1 1 1 1 1 1 1
          1 1 1 1 1 1 1 1 1 1 1 1 1 1 1 1
          1 1 1 1 1 1 1 1 1 1 1 1 1 1 1 1
          1 1 1 1 1 1 1 1 1 1 1 1 1 1 1 1
          1 1 1 1 1 1 1 1 1 1 1 1 1 1 1 1
          1 1 1 1 1 1 1 1 1 1 1 1 1 1 1 1
          1 1 1 1 1
        </DataArray>
        <DataArray type="Int32" Name="owner_ranks" format="ascii">
          1 1 1 1 1 1 1 1 1 1 1 1 1 1 1 1
          1 1 1 1 1 1 1 1 1 1 1 1 1 1 1 1
          1 1 1 1 1 1 1 1 1 1 1 1 1 1 1 1
          1 1 1 1 1 1 1 1 1 1 1 1 1 1 1 1
          1 1 1 1 1 1 1 1 1 1 1 1 1 1 1 1
          1 1 1 1 1 1 1 1 1 1 1 1 1 1 1 1
          1 1 1 1 1 1 1 1 1 1 1 1 1 1 1 1
          1 1 1 1 1 1 1 1 1 1 1 1 1 1 1 1
          1 1 1 1 1 1 1 1 1 1 1 1 1 1 1 1
          1 1 1 1 1 1 1 1 1 1 1 1 1 1 1 1
          1 1 1 1 1 1 1 1 1 1 1 1 1 1 1 1
          1 1 1 1 1 1 1 1 1 1 1 1 1 1 1 1
          1 1 1 1 1 1 1 1 1 1 1 1 1 1 1 1
          1 1 1 1 1 1 1 1 1 1 1 1 1 1 1 1
          1 1 1 1 1 1 1 1 1 1 1 1 1 1 1 1
          1 1 1 1 1 1 1 1 1 1 1 1 1 1 1 1
          1 1 1 1 1 1 1 1 1 1 1 1 1 1 1 1
          1 1 1 1 1 1 1 1 1 1 1 1 1 1 1 1
          1 1 1 1 1 1 1 1 1 1 1 1 1 1 1 1
          1 1 1 1 1 1 1 1 1 1 1 1 1 1 1 1
          1 1 1 1 1 1 1 1 1 1 1 1 1 1 1 1
          1 1 1 1 1 1 1 1 1 1 1 1 1 1 1 1
          1 1 1 1 1 1 1 1 1 1 1 1 1 1 1 1
          1 1 1 1 1 1 1 1 1 1 1 1 1 1 1 1
          1 1 1 1 1 1 1 1 1 1 1 1 1 1 1 1
          1 1 1 1 1 1 1 1 1 1 1 1 1 1 1 1
          1 1 1 1 1 1 1 1 1 1 1 1 1 1 1 1
          1 1 1 1 1 1 1 1 1 1 1 1 1 1 1 1
          1 1 1 1 1 1 1 1 1 1 1 1 1 1 1 1
          1 1 1 1 1 1 1 1 1 1 1 1 1 1 1 1
          1 1 1 1 1 1 1 1 1 1 1 1 1 1 1 1
          1 1 1 1 1 1 1 1 1 1 1 1 1 1 1 1
          1 1 1 1 1 1 1 1 1 1 1 1 1 1 1 1
          1 1 1 1 1 1 1 1 1 1 1 1 1 1 1 1
          1 1 1 1 1 1 1 1 1 1 1 1 1 1 1 1
          1 1 1 1 1 1 1 1 1 1 1 1 1 1 1 1
          1 1 1 1 1 1 1 1 1 1 1 1 1 1 1 1
          1 1 1 1 1 1 1 1 1 1 1 1 1 1 1 1
          1 1 1 1 1 1 1 1 1 1 1 1 1 1 1 1
          1 1 1 1 1 1 1 1 1 1 1 1 1 1 1 1
          1 1 1 1 1 1 1 1 1 1 1 1 1 1 1 1
          1 1 1 1 1 1 1 1 1 1 1 1 1 1 1 1
          1 1 1 1 1 1 1 1 1 1 1 1 1 1 1 1
          1 1 1 1 1 1 1 1 1 1 1 1 1 1 1 1
          1 1 1 1 1 1 1 1 1 1 1 1 1 1 1 1
          1 1 1 1 1 1 1 1 1 1 1 1 1 1 1 1
          1 1 1 1 1 1 1 1 1 1 1 1 1 1 1 1
          1 1 1 1 1 1 1 1 1 1 1 1 1 1 1 1
          1 1 1 1 1 1 1 1 1 1 1 1 1 1 1 1
          1 1 1 1 1 1 1 1 1 1 1 1 1 1 1 1
          1 1 1 1 1 1 1 1 1 1 1 1 1 1 1 1
          1 1 1 1 1 1 1 1 1 1 1 1 1 1 1 1
          1 1 1 1 1 1 1 1 1 1 1 1 1 1 1 1
          1 1 1 1 1 1 1 1 1 1 1 1 1 1 1 1
          1 1 1 1 1 1 1 1 1 1 1 1 1 1 1 1
          1 1 1 1 1 1 1 1 1 1 1 1 1 1 1 1
          1 1 1 1 1 1 1 1 1 1 1 1 1 1 1 1
          1 1 1 1 1 1 1 1 1 1 1 1 1 1 1 1
          1 1 1 1 1 1 1 1 1 1 1 1 1 1 1 1
          1 1 1 1 1 1 1 1 1 1 1 1 1 1 1 1
          1 1 1 1 1 1 1 1 1 1 1 1 1 1 1 1
          1 1 1 1 1 1 1 1 1 1 1 1 1 1 1 1
          1 1 1 1 1 1 1 1 1 1 1 1 1 1 1 1
          1 1 1 1 1 1 1 1 1 1 1 1 1 1 1 1
          1 1 1 1 1 1 1 1 1 1 1 1 1 1 1 1
          1 1 1 1 1 1 1 1 1 1 1 1 1 1 1 1
          1 1 1 1 1 1 1 1 1 1 1 1 1 1 1 1
          1 1 1 1 1 1 1 1 1 1 1 1 1 1 1 1
          1 1 1 1 1 1 1 1 1 1 1 1 1 1 1 1
          1 1 1 1 1 1 1 1 1 1 1 1 1 1 1 1
          1 1 1 1 1 1 1 1 1 1 1 1 1 1 1 1
          1 1 1 1 1 1 1 1 1 1 1 1 1 1 1 1
          1 1 1 1 1 1 1 1 1 1 1 1 1 1 1 1
          1 1 1 1 1 1 1 1 1 1 1 1 1 1 1 1
          1 1 1 1 1 1 1 1 1 1 1 1 1 1 1 1
          1 1 1 1 1 1 1 1 1 1 1 1 1 1 1 1
          1 1 1 1 1 1 1 1 1 1 1 1 1 1 1 1
          1 1 1 1 1 1 1 1 1 1 1 1 1 1 1 1
          1 1 1 1 1 1 1 1 1 1 1 1 1 1 1 1
          1 1 1 1 1 1 1 1 1 1 1 1 1 1 1 1
          1 1 1 1 1 1 1 1 1 1 1 1 1 1 1 1
          1 1 1 1 1 1 1 1 1 1 1 1 1 1 1 1
          1 1 1 1 1 1 1 1 1 1 1 1 1 1 1 1
          1 1 1 1 1 1 1 1 1 1 1 1 1 1 1 1
          1 1 1 1 1 1 1 1 1 1 1 1 1 1 1 1
          1 1 1 1 1 1 1 1 1 1 1 1 1 1 1 1
          1 1 1 1 1 1 1 1 1 1 1 1 1 1 1 1
          1 1 1 1 1 1 1 1 1 1 1 1 1 1 1 1
          1 1 1 1 1 1 1 1 1 1 1 1 1 1 1 1
          1 1 1 1 1 1 1 1 1 1 1 1 1 1 1 1
          1 1 1 1 1 1 1 1 1 1 1 1 1 1 1 1
          1 1 1 1 1 1 1 1 1 1 1 1 1 1 1 1
          1 1 1 1 1 1 1 1 1 1 1 1 1 1 1 1
          1 1 1 1 1 1 1 1 1 1 1 1 1 1 1 1
          1 1 1 1 1 1 1 1 1 1 1 1 1 1 1 1
          1 1 1 1 1 1 1 1 1 1 1 1 1 1 1 1
          1 1 1 1 1 1 1 1 1 1 1 1 1 1 1 1
          1 1 1 1 1 1 1 1 1 1 1 1 1 1 1 1
          1 1 1 1 1 1 1 1 1 1 1 1 1 1 1 1
          1 1 1 1 1 1 1 1 1 1 1 1 1 1 1 1
          1 1 1 1 1 1 1 1 1 1 1 1 1 1 1 1
          1 1 1 1 1 1 1 1 1 1 1 1 1 1 1 1
          1 1 1 1 1 1 1 1 1 1 1 1 1 1 1 1
          1 1 1 1 1 1 1 1 1 1 1 1 1 1 1 1
          1 1 1 1 1 1 1 1 1 1 1 1 1 1 1 1
          1 1 1 1 1 1 1 1 1 1 1 1 1 1 1 1
          1 1 1 1 1 1 1 1 1 1 1 1 1 1 1 1
          1 1 1 1 1 1 1 1 1 1 1 1 1 1 1 1
          1 1 1 1 1 1 1 1 1 1 1 1 1 1 1 1
          1 1 1 1 1 1 1 1 1 1 1 1 1 1 1 1
          1 1 1 1 1 1 1 1 1 1 1 1 1 1 1 1
          1 1 1 1 1 1 1 1 1 1 1 1 1 1 1 1
          1 1 1 1 1 1 1 1 1 1 1 1 1 1 1 1
          1 1 1 1 1 1 1 1 1 1 1 1 1 1 1 1
          1 1 1 1 1 1 1 1 1 1 1 1 1 1 1 1
          1 1 1 1 1 1 1 1 1 1 1 1 1 1 1 1
          1 1 1 1 1 1 1 1 1 1 1 1 1 1 1 1
          1 1 1 1 1 1 1 1 1 1 1 1 1 1 1 1
          1 1 1 1 1 1 1 1 1 1 1 1 1 1 1 1
          1 1 1 1 1 1 1 1 1 1 1 1 1 1 1 1
          1 1 1 1 1 1 1 1 1 1 1 1 1 1 1 1
          1 1 1 1 1 1 1 1 1 1 1 1 1 1 1 1
          1 1 1 1 1 1 1 1 1 1 1 1 1 1 1 1
          1 1 1 1 1 1 1 1 1 1 1 1 1 1 1 1
          1 1 1 1 1 1 1 1 1 1 1 1 1 1 1 1
          1 1 1 1 1 1 1 1 1 1 1 1 1 1 1 1
          1 1 1 1 1 1 1 1 1 1 1 1 1 1 1 1
          1 1 1 1 1 1 1 1 1 1 1 1 1 1 1 1
          1 1 1 1 1 1 1 1 1 1 1 1 1 1 1 1
          1 1 1 1 1 1 1 1 1 1 1 1 1 1 1 1
          1 1 1 1 1 1 1 1 1 1 1 1 1 1 1 1
          1 1 1 1 1 1 1 1 1 1 1 1 1 1 1 1
          1 1 1 1 1 1 1 1 1 1 1 1 1 1 1 1
          1 1 1 1 1 1 1 1 1 1 1 1 1 1 1 1
          1 1 1 1 1 1 1 1 1 1 1 1 1 1 1 1
          1 1 1 1 1 1 1 1 1 1 1 1 1 1 1 1
          1 1 1 1 1 1 1 1 1 1 1 1 1 1 1 1
          1 1 1 1 1 1 1 1 1 1 1 1 1 1 1 1
          1 1 1 1 1 1 1 1 1 1 1 1 1 1 1 1
          1 1 1 1 1 1 1 1 1 1 1 1 1 1 1 1
          1 1 1 1 1 1 1 1 1 1 1 1 1 1 1 1
          1 1 1 1 1 1 1 1 1 1 1 1 1 1 1 1
          1 1 1 1 1 1 1 1 1 1 1 1 1 1 1 1
          1 1 1 1 1 1 1 1 1 1 1 1 1 1 1 1
          1 1 1 1 1 1 1 1 1 1 1 1 1 1 1 1
          1 1 1 1 1 1 1 1 1 1 1 1 1 1 1 1
          1 1 1 1 1 1 1 1 1 1 1 1 1 1 1 1
          1 1 1 1 1 1 1 1 1 1 1 1 1 1 1 1
          1 1 1 1 1 1 1 1 1 1 1 1 1 1 1 1
          1 1 1 1 1 1 1 1 1 1 1 1 1 1 1 1
          1 1 1 1 1 1 1 1 1 1 1 1 1 1 1 1
          1 1 1 1 1 1 1 1 1 1 1 1 1 1 1 1
          1 1 1 1 1 1 1 1 1 1 1 1 1 1 1 1
          1 1 1 1 1 1 1 1 1 1 1 1 1 1 1 1
          1 1 1 1 1 1 1 1 1 1 1 1 1 1 1 1
          1 1 1 1 1 1 1 1 1 1 1 1 1 1 1 1
          1 1 1 1 1 1 1 1 1 1 1 1 1 1 1 1
          1 1 1 1 1 1 1 1 1 1 1 1 1 1 1 1
          1 1 1 1 1 1 1 1 1 1 1 1 1 1 1 1
          1 1 1 1 1 1 1 1 1 1 1 1 1 1 1 1
          1 1 1 1 1 1 1 1 1 1 1 1 1 1 1 1
          1 1 1 1 1 1 1 1 1 1 1 1 1 1 1 1
          1 1 1 1 1 1 1 1 1 1 1 1 1 1 1 1
          1 1 1 1 1 1 1 1 1 1 1 1 1 1 1 1
          1 1 1 1 1 1 1 1 1 1 1 1 1 1 1 1
          1 1 1 1 1 1 1 1 1 1 1 1 1 1 1 1
          1 1 1 1 1 1 1 1 1 1 1 1 1 1 1 1
          1 1 1 1 1 1 1 1 1 1 1 1 1 1 1 1
          1 1 1 1 1 1 1 1 1 1 1 1 1 1 1 1
          1 1 1 1 1 1 1 1 1 1 1 1 1 1 1 1
          1 1 1 1 1 1 1 1 1 1 1 1 1 1 1 1
          1 1 1 1 1 1 1 1 1 1 1 1 1 1 1 1
          1 1 1 1 1 1 1 1 1 1 1 1 1 1 1 1
          1 1 1 1 1 1 1 1 1 1 1 1 1 1 1 1
          1 1 1 1 1 1 1 1 1 1 1 1 1 1 1 1
          1 1 1 1 1 1 1 1 1 1 1 1 1 1 1 1
          1 1 1 1 1 1 1 1 1 1 1 1 1 1 1 1
          1 1 1 1 1 1 1 1 1 1 1 1 1 1 1 1
          1 1 1 1 1 1 1 1 1 1 1 1 1 1 1 1
          1 1 1 1 1 1 1 1 1 1 1 1 1 1 1 1
          1 1 1 1 1 1 1 1 1 1 1 1 1 1 1 1
          1 1 1 1 1 1 1 1 1 1 1 1 1 1 1 1
          1 1 1 1 1 1 1 1 1 1 1 1 1 1 1 1
          1 1 1 1 1 1 1 1 1 1 1 1 1 1 1 1
          1 1 1 1 1 1 1 1 1 1 1 1 1 1 1 1
          1 1 1 1 1 1 1 1 1 1 1 1 1 1 1 1
          1 1 1 1 1 1 1 1 1 1 1 1 1 1 1 1
          1 1 1 1 1 1 1 1 1 1 1 1 1 1 1 1
          1 1 1 1 1 1 1 1 1 1 1 1 1 1 1 1
          1 1 1 1 1 1 1 1 1 1 1 1 1 1 1 1
          1 1 1 1 1 1 1 1 1 1 1 1 1 1 1 1
          1 1 1 1 1 1 1 1 1 1 1 1 1 1 1 1
          1 1 1 1 1 1 1 1 1 1 1 1 1 1 1 1
          1 1 1 1 1 1 1 1 1 1 1 1 1 1 1 1
          1 1 1 1 1 1 1 1 1 1 1 1 1 1 1 1
          1 1 1 1 1 1 1 1 1 1 1 1 1 1 1 1
          1 1 1 1 1 1 1 1 1 1 1 1 1 1 1 1
          1 1 1 1 1 1 1 1 1 1 1 1 1 1 1 1
          1 1 1 1 1 1 1 1 1 1 1 1 1 1 1 1
          1 1 1 1 1 1 1 1 1 1 1 1 1 1 1 1
          1 1 1 1 1 1 1 1 1 1 1 1 1 1 1 1
          1 1 1 1 1 1 1 1 1 1 1 1 1 1 1 1
          1 1 1 1 1 1 1 1 1 1 1 1 1 1 1 1
          1 1 1 1 1 1 1 1 1 1 1 1 1 1 1 1
          1 1 1 1 1 1 1 1 1 1 1 1 1 1 1 1
          1 1 1 1 1 1 1 1 1 1 1 1 1 1 1 1
          1 1 1 1 1 1 1 1 1 1 1 1 1 1 1 1
          1 1 1 1 1 1 1 1 1 1 1 1 1 1 1 1
          1 1 1 1 1 1 1 1 1 1 1 1 1 1 1 1
          1 1 1 1 1 1 1 1 1 1 1 1 1 1 1 1
          1 1 1 1 1 1 1 1 1 1 1 1 1 1 1 1
          1 1 1 1 1 1 1 1 1 1 1 1 1 1 1 1
          1 1 1 1 1 1 1 1 1 1 1 1 1 1 1 1
          1 1 1 1 1 1 1 1 1 1 1 1 1 1 1 1
          1 1 1 1 1 1 1 1 1 1 1 1 1 1 1 1
          1 1 1 1 1 1 1 1 1 1 1 1 1 1 1 1
          1 1 1 1 1 1 1 1 1 1 1 1 1 1 1 1
          1 1 1 1 1 1 1 1 1 1 1 1 1 1 1 1
          1 1 1 1 1 1 1 1 1 1 1 1 1 1 1 1
          1 1 1 1 1 1 1 1 1 1 1 1 1 1 1 1
          1 1 1 1 1 1 1 1 1 1 1 1 1 1 1 1
          1 1 1 1 1 1 1 1 1 1 1 1 1 1 1 1
          1 1 1 1 1 1 1 1 1 1 1 1 1 1 1 1
          1 1 1 1 1 1 1 1 1 1 1 1 1 1 1 1
          1 1 1 1 1 1 1 1 1 1 1 1 1 1 1 1
          1 1 1 1 1 1 1 1 1 1 1 1 1 1 1 1
          1 1 1 1 1 1 1 1 1 1 1 1 1 1 1 1
          1 1 1 1 1 1 1 1 1 1 1 1 1 1 1 1
          1 1 1 1 1 1 1 1 1 1 1 1 1 1 1 1
          1 1 1 1 1 1 1 1 1 1 1 1 1 1 1 1
          1 1 1 1 1 1 1 1 1 1 1 1 1 1 1 1
          1 1 1 1 1 1 1 1 1 1 1 1 1 1 1 1
          1 1 1 1 1 1 1 1 1 1 1 1 1 1 1 1
          1 1 1 1 1 1 1 1 1 1 1 1 1 1 1 1
          1 1 1 1 1 1 1 1 1 1 1 1 1 1 1 1
          1 1 1 1 1 1 1 1 1 1 1 1 1 1 1 1
          1 1 1 1 1 1 1 1 1 1 1 1 1 1 1 1
          1 1 1 1 1 1 1 1 1 1 1 1 1 1 1 1
          1 1 1 1 1 1 1 1 1 1 1 1 1 1 1 1
          1 1 1 1 1 1 1 1 1 1 1 1 1 1 1 1
          1 1 1 1 1 1 1 1 1 1 1 1 1 1 1 1
          1 1 1 1 1 1 1 1 1 1 1 1 1 1 1 1
          1 1 1 1 1 1 1 1 1 1 1 1 1 1 1 1
          1 1 1 1 1 1 1 1 1 1 1 1 1 1 1 1
          1 1 1 1 1 1 1 1 1 1 1 1 1 1 1 1
          1 1 1 1 1 1 1 1 1 1 1 1 1 1 1 1
          1 1 1 1 1 1 1 1 1 1 1 1 1 1 1 1
          1 1 1 1 1 1 1 1 1 1 1 1 1 1 1 1
          1 1 1 1 1 1 1 1 1 1 1 1 1 1 1 1
          1 1 1 1 1 1 1 1 1 1 1 1 1 1 1 1
          1 1 1 1 1
        </DataArray>
        <DataArray type="Int32" Name="communication_partners" format="ascii">
          -1 -1 -1 -1 -1 -1 -1 -1 -1 -1 -1 -1 -1 -1 -1 -1
          -1 -1 -1 -1 -1 -1 -1 -1 -1 -1 -1 -1 -1 -1 -1 -1
          -1 -1 -1 -1 -1 -1 -1 -1 -1 -1 -1 -1 -1 -1 -1 -1
          -1 -1 -1 -1 -1 -1 -1 -1 -1 -1 -1 -1 -1 -1 -1 -1
          -1 -1 -1 -1 -1 -1 -1 -1 -1 -1 -1 -1 -1 -1 -1 -1
          -1 -1 -1 -1 -1 -1 -1 -1 -1 -1 -1 -1 -1 -1 -1 -1
          -1 -1 -1 -1 -1 -1 -1 -1 -1 -1 -1 -1 -1 -1 -1 -1
          -1 -1 -1 -1 -1 -1 -1 -1 -1 -1 -1 -1 -1 -1 -1 -1
          -1 -1 -1 -1 -1 -1 -1 -1 -1 -1 -1 -1 -1 -1 -1 -1
          -1 -1 -1 -1 -1 -1 -1 -1 -1 -1 -1 -1 -1 -1 -1 -1
          -1 -1 -1 -1 -1 -1 -1 -1 -1 -1 -1 -1 -1 -1 -1 -1
          -1 -1 -1 -1 -1 -1 -1 -1 -1 -1 -1 -1 -1 -1 -1 -1
          -1 -1 -1 -1 -1 -1 -1 -1 -1 -1 -1 -1 -1 -1 -1 -1
          -1 -1 -1 -1 -1 -1 -1 -1 -1 -1 -1 -1 -1 -1 -1 -1
          -1 -1 -1 -1 -1 -1 -1 -1 -1 -1 -1 -1 -1 -1 -1 -1
          -1 -1 -1 -1 -1 -1 -1 -1 -1 -1 -1 -1 -1 -1 -1 -1
          -1 -1 -1 -1 -1 -1 -1 -1 -1 -1 -1 -1 -1 -1 -1 -1
          -1 -1 -1 -1 -1 -1 -1 -1 -1 -1 -1 -1 -1 -1 -1 -1
          -1 -1 -1 -1 -1 -1 -1 -1 -1 -1 -1 -1 -1 -1 -1 -1
          -1 -1 -1 -1 -1 -1 -1 -1 -1 -1 -1 -1 -1 -1 -1 -1
          -1 -1 -1 -1 -1 -1 -1 -1 -1 -1 -1 -1 -1 -1 -1 -1
          -1 -1 -1 -1 -1 -1 -1 -1 -1 -1 -1 -1 -1 -1 -1 -1
          -1 -1 -1 -1 -1 -1 -1 -1 -1 -1 -1 -1 -1 -1 -1 -1
          -1 -1 -1 -1 -1 -1 -1 -1 -1 -1 -1 -1 -1 -1 -1 -1
          -1 -1 -1 -1 -1 -1 -1 -1 -1 -1 -1 -1 -1 -1 -1 -1
          -1 -1 -1 -1 -1 -1 -1 -1 -1 -1 -1 -1 -1 -1 -1 -1
          -1 -1 -1 -1 -1 -1 -1 -1 -1 -1 -1 -1 -1 -1 -1 -1
          -1 -1 -1 -1 -1 -1 -1 -1 -1 -1 -1 -1 -1 -1 -1 -1
          -1 -1 -1 -1 -1 -1 -1 -1 -1 -1 -1 -1 -1 -1 -1 -1
          -1 -1 -1 -1 -1 -1 -1 -1 -1 -1 -1 -1 -1 -1 -1 -1
          -1 -1 -1 -1 -1 -1 -1 -1 -1 -1 -1 -1 -1 -1 -1 -1
          -1 -1 -1 -1 -1 -1 -1 -1 -1 -1 -1 -1 -1 -1 -1 -1
          -1 -1 -1 -1 -1 -1 -1 -1 -1 -1 -1 -1 -1 -1 -1 -1
          -1 -1 -1 -1 -1 -1 -1 -1 -1 -1 -1 -1 -1 -1 -1 -1
          -1 -1 -1 -1 -1 -1 -1 -1 -1 -1 -1 -1 -1 -1 -1 -1
          -1 -1 -1 -1 -1 -1 -1 -1 -1 -1 -1 -1 -1 -1 -1 -1
          -1 -1 -1 -1 -1 -1 -1 -1 -1 -1 -1 -1 -1 -1 -1 -1
          -1 -1 -1 -1 -1 -1 -1 -1 -1 -1 -1 -1 -1 -1 -1 -1
          -1 -1 -1 -1 -1 -1 -1 -1 -1 -1 -1 -1 -1 -1 -1 -1
          -1 -1 -1 -1 -1 -1 -1 -1 -1 -1 -1 -1 -1 -1 -1 -1
          -1 -1 -1 -1 -1 -1 -1 -1 -1 -1 -1 -1 -1 -1 -1 -1
          -1 -1 -1 -1 -1 -1 -1 -1 -1 -1 -1 -1 -1 -1 -1 -1
          -1 -1 -1 -1 -1 -1 -1 -1 -1 -1 -1 -1 -1 -1 -1 -1
          -1 -1 -1 -1 -1 -1 -1 -1 -1 -1 -1 -1 -1 -1 -1 -1
          -1 -1 -1 -1 -1 -1 -1 -1 -1 -1 -1 -1 -1 -1 -1 -1
          -1 -1 -1 -1 -1 -1 -1 -1 -1 -1 -1 -1 -1 -1 -1 -1
          -1 -1 -1 -1 -1 -1 -1 -1 -1 -1 -1 -1 -1 -1 -1 -1
          -1 -1 -1 -1 -1 -1 -1 -1 -1 -1 -1 -1 -1 -1 -1 -1
          -1 -1 -1 -1 -1 -1 -1 -1 -1 -1 -1 -1 -1 -1 -1 -1
          -1 -1 -1 -1 -1 -1 -1 -1 -1 -1 -1 -1 -1 -1 -1 -1
          -1 -1 -1 -1 -1 -1 -1 -1 -1 -1 -1 -1 -1 -1 -1 -1
          -1 -1 -1 -1 -1 -1 -1 -1 -1 -1 -1 -1 -1 -1 -1 -1
          -1 -1 -1 -1 -1 -1 -1 -1 -1 -1 -1 -1 -1 -1 -1 -1
          -1 -1 -1 -1 -1 -1 -1 -1 -1 -1 -1 -1 -1 -1 -1 -1
          -1 -1 -1 -1 -1 -1 -1 -1 -1 -1 -1 -1 -1 -1 -1 -1
          -1 -1 -1 -1 -1 -1 -1 -1 -1 -1 -1 -1 -1 -1 -1 -1
          -1 -1 -1 -1 -1 -1 -1 -1 -1 -1 -1 -1 -1 -1 -1 -1
          -1 -1 -1 -1 -1 -1 -1 -1 -1 -1 -1 -1 -1 -1 -1 -1
          -1 -1 -1 -1 -1 -1 -1 -1 -1 -1 -1 -1 -1 -1 -1 -1
          -1 -1 -1 -1 -1 -1 -1 -1 -1 -1 -1 -1 -1 -1 -1 -1
          -1 -1 -1 -1 -1 -1 -1 -1 -1 -1 -1 -1 -1 -1 -1 -1
          -1 -1 -1 -1 -1 -1 -1 -1 -1 -1 -1 -1 -1 -1 -1 -1
          -1 -1 -1 -1 -1 -1 -1 -1 -1 -1 -1 -1 -1 -1 -1 -1
          -1 -1 -1 -1 -1 -1 -1 -1 -1 -1 -1 -1 -1 -1 -1 -1
          -1 -1 -1 -1 -1 -1 -1 -1 -1 -1 -1 -1 -1 -1 -1 -1
          -1 -1 -1 -1 -1 -1 -1 -1 -1 -1 -1 -1 -1 -1 -1 -1
          -1 -1 -1 -1 -1 -1 -1 -1 -1 -1 -1 -1 -1 -1 -1 -1
          -1 -1 -1 -1 -1 -1 -1 -1 -1 -1 -1 -1 -1 -1 -1 -1
          -1 -1 -1 -1 -1 -1 -1 -1 -1 -1 -1 -1 -1 -1 -1 -1
          -1 -1 -1 -1 -1 -1 -1 -1 -1 -1 -1 -1 -1 -1 -1 -1
          -1 -1 -1 -1 -1 -1 -1 -1 -1 -1 -1 -1 -1 -1 -1 -1
          -1 -1 -1 -1 -1 -1 -1 -1 -1 -1 -1 -1 -1 -1 -1 -1
          -1 -1 -1 -1 -1 -1 -1 -1 -1 -1 -1 -1 -1 -1 -1 -1
          -1 -1 -1 -1 -1 -1 -1 -1 -1 -1 -1 -1 -1 -1 -1 -1
          -1 -1 -1 -1 -1 -1 -1 -1 -1 -1 -1 -1 -1 -1 -1 -1
          -1 -1 -1 -1 -1 -1 -1 -1 -1 -1 -1 -1 -1 -1 -1 -1
          -1 -1 -1 -1 -1 -1 -1 -1 -1 -1 -1 -1 -1 -1 -1 -1
          -1 -1 -1 -1 -1 -1 -1 -1 -1 -1 -1 -1 -1 -1 -1 -1
          -1 -1 -1 -1 -1 -1 -1 -1 -1 -1 -1 -1 -1 -1 -1 -1
          -1 -1 -1 -1 -1 -1 -1 -1 -1 -1 -1 -1 -1 -1 -1 -1
          -1 -1 -1 -1 -1 -1 -1 -1 -1 -1 -1 -1 -1 -1 -1 -1
          -1 -1 -1 -1 -1 -1 -1 -1 -1 -1 -1 -1 -1 -1 -1 -1
          -1 -1 -1 -1 -1 -1 -1 -1 -1 -1 -1 -1 -1 -1 -1 -1
          -1 -1 -1 -1 -1 -1 -1 -1 -1 -1 -1 -1 -1 -1 -1 -1
          -1 -1 -1 -1 -1 -1 -1 -1 -1 -1 -1 -1 -1 -1 -1 -1
          -1 -1 -1 -1 -1 -1 -1 -1 -1 -1 -1 -1 -1 -1 -1 -1
          -1 -1 -1 -1 -1 -1 -1 -1 -1 -1 -1 -1 -1 -1 -1 -1
          -1 -1 -1 -1 -1 -1 -1 -1 -1 -1 -1 -1 -1 -1 -1 -1
          -1 -1 -1 -1 -1 -1 -1 -1 -1 -1 -1 -1 -1 -1 -1 -1
          -1 -1 -1 -1 -1 -1 -1 -1 -1 -1 -1 -1 -1 -1 -1 -1
          -1 -1 -1 -1 -1 -1 -1 -1 -1 -1 -1 -1 -1 -1 -1 -1
          -1 -1 -1 -1 -1 -1 -1 -1 -1 -1 -1 -1 -1 -1 -1 -1
          -1 -1 -1 -1 -1 -1 -1 -1 -1 -1 -1 -1 -1 -1 -1 -1
          -1 -1 -1 -1 -1 -1 -1 -1 -1 -1 -1 -1 -1 -1 -1 -1
          -1 -1 -1 -1 -1 -1 -1 -1 -1 -1 -1 -1 -1 -1 -1 -1
          -1 -1 -1 -1 -1 -1 -1 -1 -1 -1 -1 -1 -1 -1 -1 -1
          -1 -1 -1 -1 -1 -1 -1 -1 -1 -1 -1 -1 -1 -1 -1 -1
          -1 -1 -1 -1 -1 -1 -1 -1 -1 -1 -1 -1 -1 -1 -1 -1
          -1 -1 -1 -1 -1 -1 -1 -1 -1 -1 -1 -1 -1 -1 -1 -1
          -1 -1 -1 -1 -1 -1 -1 -1 -1 -1 -1 -1 -1 -1 -1 -1
          -1 -1 -1 -1 -1 -1 -1 -1 -1 -1 -1 -1 -1 -1 -1 -1
          -1 -1 -1 -1 -1 -1 -1 -1 -1 -1 -1 -1 -1 -1 -1 -1
          -1 -1 -1 -1 -1 -1 -1 -1 -1 -1 -1 -1 -1 -1 -1 -1
          -1 -1 -1 -1 -1 -1 -1 -1 -1 -1 -1 -1 -1 -1 -1 -1
          -1 -1 -1 -1 -1 -1 -1 -1 -1 -1 -1 -1 -1 -1 -1 -1
          -1 -1 -1 -1 -1 -1 -1 -1 -1 -1 -1 -1 -1 -1 -1 -1
          -1 -1 -1 -1 -1 -1 -1 -1 -1 -1 -1 -1 -1 -1 -1 -1
          -1 -1 -1 -1 -1 -1 -1 -1 -1 -1 -1 -1 -1 -1 -1 -1
          -1 -1 -1 -1 -1 -1 -1 -1 -1 -1 -1 -1 -1 -1 -1 -1
          -1 -1 -1 -1 -1 -1 -1 -1 -1 -1 -1 -1 -1 -1 -1 -1
          -1 -1 -1 -1 -1 -1 -1 -1 -1 -1 -1 -1 -1 -1 -1 -1
          -1 -1 -1 -1 -1 -1 -1 -1 -1 -1 -1 -1 -1 -1 -1 -1
          -1 -1 -1 -1 -1 -1 -1 -1 -1 -1 -1 -1 -1 -1 -1 -1
          -1 -1 -1 -1 -1 -1 -1 -1 -1 -1 -1 -1 -1 -1 -1 -1
          -1 -1 -1 -1 -1 -1 -1 -1 -1 -1 -1 -1 -1 -1 -1 -1
          -1 -1 -1 -1 -1 -1 -1 -1 -1 -1 -1 -1 -1 -1 -1 -1
          -1 -1 -1 -1 -1 -1 -1 -1 -1 -1 -1 -1 -1 -1 -1 -1
          -1 -1 -1 -1 -1 -1 -1 -1 -1 -1 -1 -1 -1 -1 -1 -1
          -1 -1 -1 -1 -1 -1 -1 -1 -1 -1 -1 -1 -1 -1 -1 -1
          -1 -1 -1 -1 -1 -1 -1 -1 -1 -1 -1 -1 -1 -1 -1 -1
          -1 -1 -1 -1 -1 -1 -1 -1 -1 -1 -1 -1 -1 -1 -1 -1
          -1 -1 -1 -1 -1 -1 -1 -1 -1 -1 -1 -1 -1 -1 -1 -1
          -1 -1 -1 -1 -1 -1 -1 -1 -1 -1 -1 -1 -1 -1 -1 -1
          -1 -1 -1 -1 -1 -1 -1 -1 -1 -1 -1 -1 -1 -1 -1 -1
          -1 -1 -1 -1 -1 -1 -1 -1 -1 -1 -1 -1 -1 -1 -1 -1
          -1 -1 -1 -1 -1 -1 -1 -1 -1 -1 -1 -1 -1 -1 -1 -1
          -1 -1 -1 -1 -1 -1 -1 -1 -1 -1 -1 -1 -1 -1 -1 -1
          -1 -1 -1 -1 -1 -1 -1 -1 -1 -1 -1 -1 -1 -1 -1 -1
          -1 -1 -1 -1 -1 -1 -1 -1 -1 -1 -1 -1 -1 -1 -1 -1
          -1 -1 -1 -1 -1 -1 -1 -1 -1 -1 -1 -1 -1 -1 -1 -1
          -1 -1 -1 -1 -1 -1 -1 -1 -1 -1 -1 -1 -1 -1 -1 -1
          -1 -1 -1 -1 -1 -1 -1 -1 -1 -1 -1 -1 -1 -1 -1 -1
          -1 -1 -1 -1 -1 -1 -1 -1 -1 -1 -1 -1 -1 -1 -1 -1
          -1 -1 -1 -1 -1 -1 -1 -1 -1 -1 -1 -1 -1 -1 -1 -1
          -1 -1 -1 -1 -1 -1 -1 -1 -1 -1 -1 -1 -1 -1 -1 -1
          -1 -1 -1 -1 -1 -1 -1 -1 -1 -1 -1 -1 -1 -1 -1 -1
          -1 -1 -1 -1 -1 -1 -1 -1 -1 -1 -1 -1 -1 -1 -1 -1
          -1 -1 -1 -1 -1 -1 -1 -1 -1 -1 -1 -1 -1 -1 -1 -1
          -1 -1 -1 -1 -1 -1 -1 -1 -1 -1 -1 -1 -1 -1 -1 -1
          -1 -1 -1 -1 -1 -1 -1 -1 -1 -1 -1 -1 -1 -1 -1 -1
          -1 -1 -1 -1 -1 -1 -1 -1 -1 -1 -1 -1 -1 -1 -1 -1
          -1 -1 -1 -1 -1 -1 -1 -1 -1 -1 -1 -1 -1 -1 -1 -1
          -1 -1 -1 -1 -1 -1 -1 -1 -1 -1 -1 -1 -1 -1 -1 -1
          -1 -1 -1 -1 -1 -1 -1 -1 -1 -1 -1 -1 -1 -1 -1 -1
          -1 -1 -1 -1 -1 -1 -1 -1 -1 -1 -1 -1 -1 -1 -1 -1
          -1 -1 -1 -1 -1 -1 -1 -1 -1 -1 -1 -1 -1 -1 -1 -1
          -1 -1 -1 -1 -1 -1 -1 -1 -1 -1 -1 -1 -1 -1 -1 -1
          -1 -1 -1 -1 -1 -1 -1 -1 -1 -1 -1 -1 -1 -1 -1 -1
          -1 -1 -1 -1 -1 -1 -1 -1 -1 -1 -1 -1 -1 -1 -1 -1
          -1 -1 -1 -1 -1 -1 -1 -1 -1 -1 -1 -1 -1 -1 -1 -1
          -1 -1 -1 -1 -1 -1 -1 -1 -1 -1 -1 -1 -1 -1 -1 -1
          -1 -1 -1 -1 -1 -1 -1 -1 -1 -1 -1 -1 -1 -1 -1 -1
          -1 -1 -1 -1 -1 -1 -1 -1 -1 -1 -1 -1 -1 -1 -1 -1
          -1 -1 -1 -1 -1 -1 -1 -1 -1 -1 -1 -1 -1 -1 -1 -1
          -1 -1 -1 -1 -1 -1 -1 -1 -1 -1 -1 -1 -1 -1 -1 -1
          -1 -1 -1 -1 -1 -1 -1 -1 -1 -1 -1 -1 -1 -1 -1 -1
          -1 -1 -1 -1 -1 -1 -1 -1 -1 -1 -1 -1 -1 -1 -1 -1
          -1 -1 -1 -1 -1 -1 -1 -1 -1 -1 -1 -1 -1 -1 -1 -1
          -1 -1 -1 -1 -1 -1 -1 -1 -1 -1 -1 -1 -1 -1 -1 -1
          -1 -1 -1 -1 -1 -1 -1 -1 -1 -1 -1 -1 -1 -1 -1 -1
          -1 -1 -1 -1 -1 -1 -1 -1 -1 -1 -1 -1 -1 -1 -1 -1
          -1 -1 -1 -1 -1 -1 -1 -1 -1 -1 -1 -1 -1 -1 -1 -1
          -1 -1 -1 -1 -1 -1 -1 -1 -1 -1 -1 -1 -1 -1 -1 -1
          -1 -1 -1 -1 -1 -1 -1 -1 -1 -1 -1 -1 -1 -1 -1 -1
          -1 -1 -1 -1 -1 -1 -1 -1 -1 -1 -1 -1 -1 -1 -1 -1
          -1 -1 -1 -1 -1 -1 -1 -1 -1 -1 -1 -1 -1 -1 -1 -1
          -1 -1 -1 -1 -1 -1 -1 -1 -1 -1 -1 -1 -1 -1 -1 -1
          -1 -1 -1 -1 -1 -1 -1 -1 -1 -1 -1 -1 -1 -1 -1 -1
          -1 -1 -1 -1 -1 -1 -1 -1 -1 -1 -1 -1 -1 -1 -1 -1
          -1 -1 -1 -1 -1 -1 -1 -1 -1 -1 -1 -1 -1 -1 -1 -1
          -1 -1 -1 -1 -1 -1 -1 -1 -1 -1 -1 -1 -1 -1 -1 -1
          -1 -1 -1 -1 -1 -1 -1 -1 -1 -1 -1 -1 -1 -1 -1 -1
          -1 -1 -1 -1 -1 -1 -1 -1 -1 -1 -1 -1 -1 -1 -1 -1
          -1 -1 -1 -1 -1 -1 -1 -1 -1 -1 -1 -1 -1 -1 -1 -1
          -1 -1 -1 -1 -1 -1 -1 -1 -1 -1 -1 -1 -1 -1 -1 -1
          -1 -1 -1 -1 -1 -1 -1 -1 -1 -1 -1 -1 -1 -1 -1 -1
          -1 -1 -1 -1 -1 -1 -1 -1 -1 -1 -1 -1 -1 -1 -1 -1
          -1 -1 -1 -1 -1 -1 -1 -1 -1 -1 -1 -1 -1 -1 -1 -1
          -1 -1 -1 -1 -1 -1 -1 -1 -1 -1 -1 -1 -1 -1 -1 -1
          -1 -1 -1 -1 -1 -1 -1 -1 -1 -1 -1 -1 -1 -1 -1 -1
          -1 -1 -1 -1 -1 -1 -1 -1 -1 -1 -1 -1 -1 -1 -1 -1
          -1 -1 -1 -1 -1 -1 -1 -1 -1 -1 -1 -1 -1 -1 -1 -1
          -1 -1 -1 -1 -1 -1 -1 -1 -1 -1 -1 -1 -1 -1 -1 -1
          -1 -1 -1 -1 -1 -1 -1 -1 -1 -1 -1 -1 -1 -1 -1 -1
          -1 -1 -1 -1 -1 -1 -1 -1 -1 -1 -1 -1 -1 -1 -1 -1
          -1 -1 -1 -1 -1 -1 -1 -1 -1 -1 -1 -1 -1 -1 -1 -1
          -1 -1 -1 -1 -1 -1 -1 -1 -1 -1 -1 -1 -1 -1 -1 -1
          -1 -1 -1 -1 -1 -1 -1 -1 -1 -1 -1 -1 -1 -1 -1 -1
          -1 -1 -1 -1 -1 -1 -1 -1 -1 -1 -1 -1 -1 -1 -1 -1
          -1 -1 -1 -1 -1 -1 -1 -1 -1 -1 -1 -1 -1 -1 -1 -1
          -1 -1 -1 -1 -1 -1 -1 -1 -1 -1 -1 -1 -1 -1 -1 -1
          -1 -1 -1 -1 -1 -1 -1 -1 -1 -1 -1 -1 -1 -1 -1 -1
          -1 -1 -1 -1 -1 -1 -1 -1 -1 -1 -1 -1 -1 -1 -1 -1
          -1 -1 -1 -1 -1 -1 -1 -1 -1 -1 -1 -1 -1 -1 -1 -1
          -1 -1 -1 -1 -1 -1 -1 -1 -1 -1 -1 -1 -1 -1 -1 -1
          -1 -1 -1 -1 -1 -1 -1 -1 -1 -1 -1 -1 -1 -1 -1 -1
          -1 -1 -1 -1 -1 -1 -1 -1 -1 -1 -1 -1 -1 -1 -1 -1
          -1 -1 -1 -1 -1 -1 -1 -1 -1 -1 -1 -1 -1 -1 -1 -1
          -1 -1 -1 -1 -1 -1 -1 -1 -1 -1 -1 -1 -1 -1 -1 -1
          -1 -1 -1 -1 -1 -1 -1 -1 -1 -1 -1 -1 -1 -1 -1 -1
          -1 -1 -1 -1 -1 -1 -1 -1 -1 -1 -1 -1 -1 -1 -1 -1
          -1 -1 -1 -1 -1 -1 -1 -1 -1 -1 -1 -1 -1 -1 -1 -1
          -1 -1 -1 -1 -1 -1 -1 -1 -1 -1 -1 -1 -1 -1 -1 -1
          -1 -1 -1 -1 -1 -1 -1 -1 -1 -1 -1 -1 -1 -1 -1 -1
          -1 -1 -1 -1 -1 -1 -1 -1 -1 -1 -1 -1 -1 -1 -1 -1
          -1 -1 -1 -1 -1 -1 -1 -1 -1 -1 -1 -1 -1 -1 -1 -1
          -1 -1 -1 -1 -1 -1 -1 -1 -1 -1 -1 -1 -1 -1 -1 -1
          -1 -1 -1 -1 -1 -1 -1 -1 -1 -1 -1 -1 -1 -1 -1 -1
          -1 -1 -1 -1 -1 -1 -1 -1 -1 -1 -1 -1 -1 -1 -1 -1
          -1 -1 -1 -1 -1 -1 -1 -1 -1 -1 -1 -1 -1 -1 -1 -1
          -1 -1 -1 -1 -1 -1 -1 -1 -1 -1 -1 -1 -1 -1 -1 -1
          -1 -1 -1 -1 -1 -1 -1 -1 -1 -1 -1 -1 -1 -1 -1 -1
          -1 -1 -1 -1 -1 -1 -1 -1 -1 -1 -1 -1 -1 -1 -1 -1
          -1 -1 -1 -1 -1 -1 -1 -1 -1 -1 -1 -1 -1 -1 -1 -1
          -1 -1 -1 -1 -1 -1 -1 -1 -1 -1 -1 -1 -1 -1 -1 -1
          -1 -1 -1 -1 -1 -1 -1 -1 -1 -1 -1 -1 -1 -1 -1 -1
          -1 -1 -1 -1 -1 -1 -1 -1 -1 -1 -1 -1 -1 -1 -1 -1
          -1 -1 -1 -1 -1 -1 -1 -1 -1 -1 -1 -1 -1 -1 -1 -1
          -1 -1 -1 -1 -1 -1 -1 -1 -1 -1 -1 -1 -1 -1 -1 -1
          -1 -1 -1 -1 -1 -1 -1 -1 -1 -1 -1 -1 -1 -1 -1 -1
          -1 -1 -1 -1 -1 -1 -1 -1 -1 -1 -1 -1 -1 -1 -1 -1
          -1 -1 -1 -1 -1 -1 -1 -1 -1 -1 -1 -1 -1 -1 -1 -1
          -1 -1 -1 -1 -1 -1 -1 -1 -1 -1 -1 -1 -1 -1 -1 -1
          -1 -1 -1 -1 -1 -1 -1 -1 -1 -1 -1 -1 -1 -1 -1 -1
          -1 -1 -1 -1 -1 -1 -1 -1 -1 -1 -1 -1 -1 -1 -1 -1
          -1 -1 -1 -1 -1 -1 -1 -1 -1 -1 -1 -1 -1 -1 -1 -1
          -1 -1 -1 -1 -1 -1 -1 -1 -1 -1 -1 -1 -1 -1 -1 -1
          -1 -1 -1 -1 -1 -1 -1 -1 -1 -1 -1 -1 -1 -1 -1 -1
          -1 -1 -1 -1 -1 -1 -1 -1 -1 -1 -1 -1 -1 -1 -1 -1
          -1 -1 -1 -1 -1 -1 -1 -1 -1 -1 -1 -1 -1 -1 -1 -1
          -1 -1 -1 -1 -1 -1 -1 -1 -1 -1 -1 -1 -1 -1 -1 -1
          -1 -1 -1 -1 -1 -1 -1 -1 -1 -1 -1 -1 -1 -1 -1 -1
          -1 -1 -1 -1 -1 -1 -1 -1 -1 -1 -1 -1 -1 -1 -1 -1
          -1 -1 -1 -1 -1 -1 -1 -1 -1 -1 -1 -1 -1 -1 -1 -1
          -1 -1 -1 -1 -1 -1 -1 -1 -1 -1 -1 -1 -1 -1 -1 -1
          -1 -1 -1 -1 -1 -1 -1 -1 -1 -1 -1 -1 -1 -1 -1 -1
          -1 -1 -1 -1 -1 -1 -1 -1 -1 -1 -1 -1 -1 -1 -1 -1
          -1 -1 -1 -1 -1 -1 -1 -1 -1 -1 -1 -1 -1 -1 -1 -1
          -1 -1 -1 -1 -1 -1 -1 -1 -1 -1 -1 -1 -1 -1 -1 -1
          -1 -1 -1 -1 -1 -1 -1 -1 -1 -1 -1 -1 -1 -1 -1 -1
          -1 -1 -1 -1 -1 -1 -1 -1 -1 -1 -1 -1 -1 -1 -1 -1
          -1 -1 -1 -1 -1 -1 -1 -1 -1 -1 -1 -1 -1 -1 -1 -1
          -1 -1 -1 -1 -1 -1 -1 -1 -1 -1 -1 -1 -1 -1 -1 -1
          -1 -1 -1 -1 -1 -1 -1 -1 -1 -1 -1 -1 -1 -1 -1 -1
          -1 -1 -1 -1 -1 -1 -1 -1 -1 -1 -1 -1 -1 -1 -1 -1
          -1 -1 -1 -1 -1 -1 -1 -1 -1 -1 -1 -1 -1 -1 -1 -1
          -1 -1 -1 -1 -1 -1 -1 -1 -1 -1 -1 -1 -1 -1 -1 -1
          -1 -1 -1 -1 -1 -1 -1 -1 -1 -1 -1 -1 -1 -1 -1 -1
          -1 -1 -1 -1 -1 -1 -1 -1 -1 -1 -1 -1 -1 -1 -1 -1
          -1 -1 -1 -1 -1 -1 -1 -1 -1 -1 -1 -1 -1 -1 -1 -1
          -1 -1 -1 -1 -1
        </DataArray>
      </PointData>
      <CellData>
        <DataArray type="Int32" Name="CellEntityIds" format="ascii">
          1 1 1 1 1 1 1 1 1 1 1 1 1 1 1 1
          1 1 1 1 1 1 1 1 1 1 1 1 1 1 1 1
          1 1 1 1 1 1 1 1 1 1 1 1 1 1 1 1
          1 1 1 1 1 1 1 1 1 1 1 1 1 1 1 1
          1 1 1 1 1 1 1 1 1 1 1 1 1 1 1 1
          1 1 1 1 1 1 1 1 1 1 1 1 1 1 1 1
          1 1 1 1 1 1 1 1 1 1 1 1 1 1 1 1
          1 1 1 1 1 1 1 1 1 1 1 1 1 1 1 1
          1 1 1 1 1 1 1 1 1 1 1 1 1 1 1 1
          1 1 1 1 1 1 1 1 1 1 1 1 1 1 1 1
          1 1 1 1 1 1 1 1 1 1 1 1 1 1 1 1
          1 1 1 1 1 1 1 1 1 1 1 1 1 1 1 1
          1 1 1 1 1 1 1 1 1 1 1 1 1 1 1 1
          1 1 1 1 1 1 1 1 1 1 1 1 1 1 1 1
          1 1 1 1 1 1 1 1 1 1 1 1 1 1 1 1
          1 1 1 1 1 1 1 1 1 1 1 1 1 1 1 1
          1 1 1 1 1 1 1 1 1 1 1 1 1 1 1 1
          1 1 1 1 1 1 1 1 1 1 1 1 1 1 1 1
          1 1 1 1 1 1 1 1 1 1 1 1 1 1 1 1
          1 1 1 1 1 1 1 1 1 1 1 1 1 1 1 1
          1 1 1 1 1 1 1 1 1 1 1 1 1 1 1 1
          1 1 1 1 1 1 1 1 1 1 1 1 1 1 1 1
          1 1 1 1 1 1 1 1 1 1 1 1 1 1 1 1
          1 1 1 1 1 1 1 1 1 1 1 1 1 1 1 1
          1 1 1 1 1 1 1 1 1 1 1 1 1 1 1 1
          1 1 1 1 1 1 1 1 1 1 1 1 1 1 1 1
          1 1 1 1 1 1 1 1 1 1 1 1 1 1 1 1
          1 1 1 1 1 1 1 1 1 1 1 1 1 1 1 1
          1 1 1 1 1 1 1 1 1 1 1 1 1 1 1 1
          1 1 1 1 1 1 1 1 1 1 1 1 1 1 1 1
          1 1 1 1 1 1 1 1 1 1 1 1 1 1 1 1
          1 1 1 1 1 1 1 1 1 1 1 1 1 1 1 1
          1 1 1 1 1 1 1 1 1 1 1 1 1 1 1 1
          1 1 1 1 1 1 1 1 1 1 1 1 1 1 1 1
          1 1 1 1 1 1 1 1 1 1 1 1 1 1 1 1
          1 1 1 1 1 1 1 1 1 1 1 1 1 1 1 1
          1 1 1 1 1 1 1 1 1 1 1 1 1 1 1 1
          1 1 1 1 1 1 1 1 1 1 1 1 1 1 1 1
          1 1 1 1 1 1 1 1 1 1 1 1 1 1 1 1
          1 1 1 1 1 1 1 1 1 1 1 1 1 1 1 1
          1 1 1 1 1 1 1 1 1 1 1 1 1 1 1 1
          1 1 1 1 1 1 1 1 1 1 1 1 1 1 1 1
          1 1 1 1 1 1 1 1 1 1 1 1 1 1 1 1
          1 1 1 1 1 1 1 1 1 1 1 1 1 1 1 1
          1 1 1 1 1 1 1 1 1 1 1 1 1 1 1 1
          1 1 1 1 1 1 1 1 1 1 1 1 1 1 1 1
          1 1 1 1 1 1 1 1 1 1 1 1 1 1 1 1
          1 1 1 1 1 1 1 1 1 1 1 1 1 1 1 1
          1 1 1 1 1 1 1 1 1 1 1 1 1 1 1 1
          1 1 1 1 1 1 1 1 1 1 1 1 1 1 1 1
          1 1 1 1 1 1 1 1 1 1 1 1 1 1 1 1
          1 1 1 1 1 1 1 1 1 1 1 1 1 1 1 1
          1 1 1 1 1 1 1 1 1 1 1 1 1 1 1 1
          1 1 1 1 1 1 1 1 1 1 1 1 1 1 1 1
          1 1 1 1 1 1 1 1 1 1 1 1 1 1 1 1
          1 1 1 1 1 1 1 1 1 1 1 1 1 1 1 1
          1 1 1 1 1 1 1 1 1 1 1 1 1 1 1 1
          1 1 1 1 1 1 1 1 1 1 1 1 1 1 1 1
          1 1 1 1 1 1 1 1 1 1 1 1 1 1 1 1
          1 1 1 1 1 1 1 1 1 1 1 1 1 1 1 1
          1 1 1 1 1 1 1 1 1 1 1 1 1 1 1 1
          1 1 1 1 1 1 1 1 1 1 1 1 1 1 1 1
          1 1 1 1 1 1 1 1 1 1 1 1 1 1 1 1
          1 1 1 1 1 1 1 1 1 1 1 1 1 1 1 1
          1 1 1 1 1 1 1 1 1 1 1 1 1 1 1 1
          1 1 1 1 1 1 1 1 1 1 1 1 1 1 1 1
          1 1 1 1 1 1 1 1 1 1 1 1 1 1 1 1
          1 1 1 1 1 1 1 1 1 1 1 1 1 1 1 1
          1 1 1 1 1 1 1 1 1 1 1 1 1 1 1 1
          1 1 1 1 1 1 1 1 1 1 1 1 1 1 1 1
          1 1 1 1 1 1 1 1 1 1 1 1 1 1 1 1
          1 1 1 1 1 1 1 1 1 1 1 1 1 1 1 1
          1 1 1 1 1 1 1 1 1 1 1 1 1 1 1 1
          1 1 1 1 1 1 1 1 1 1 1 1 1 1 1 1
          1 1 1 1 1 1 1 1 1 1 1 1 1 1 1 1
          1 1 1 1 1 1 1 1 1 1 1 1 1 1 1 1
          1 1 1 1 1 1 1 1 1 1 1 1 1 1 1 1
          1 1 1 1 1 1 1 1 1 1 1 1 1 1 1 1
          1 1 1 1 1 1 1 1 1 1 1 1 1 1 1 1
          1 1 1 1 1 1 1 1 1 1 1 1 1 1 1 1
          1 1 1 1 1 1 1 1 1 1 1 1 1 1 1 1
          1 1 1 1 1 1 1 1 1 1 1 1 1 1 1 1
          1 1 1 1 1 1 1 1 1 1 1 1 1 1 1 1
          1 1 1 1 1 1 1 1 1 1 1 1 1 1 1 1
          1 1 1 1 1 1 1 1 1 1 1 1 1 1 1 1
          1 1 1 1 1 1 1 1 1 1 1 1 1 1 1 1
          1 1 1 1 1 1 1 1 1 1 1 1 1 1 1 1
          1 1 1 1 1 1 1 1 1 1 1 1 1 1 1 1
          1 1 1 1 1 1 1 1 1 1 1 1 1 1 1 1
          1 1 1 1 1 1 1 1 1 1 1 1 1 1 1 1
          1 1 1 1 1 1 1 1 1 1 1 1 1 1 1 1
          1 1 1 1 1 1 1 1 1 1 1 1 1 1 1 1
          1 1 1 1 1 1 1 1 1 1 1 1 1 1 1 1
          1 1 1 1 1 1 1 1 1 1 1 1 1 1 1 1
          1 1 1 1 1 1 1 1 1 1 1 1 1 1 1 1
          1 1 1 1 1 1 1 1 1 1 1 1 1 1 1 1
          1 1 1 1 1 1 1 1 1 1 1 1 1 1 1 1
          1 1 1 1 1 1 1 1 1 1 1 1 1 1 1 1
          1 1 1 1 1 1 1 1 1 1 1 1 1 1 1 1
          1 1 1 1 1 1 1 1 1 1 1 1 1 1 1 1
          1 1 1 1 1 1 1 1 1 1 1 1 1 1 1 1
          1 1 1 1 1 1 1 1 1 1 1 1 1 1 1 1
          1 1 1 1 1 1 1 1 1 1 1 1 1 1 1 1
          1 1 1 1 1 1 1 1 1 1 1 1 1 1 1 1
          1 1 1 1 1 1 1 1 1 1 1 1 1 1 1 1
          1 1 1 1 1 1 1 1 1 1 1 1 1 1 1 1
          1 1 1 1 1 1 1 1 1 1 1 1 1 1 1 1
          1 1 1 1 1 1 1 1 1 1 1 1 1 1 1 1
          1 1 1 1 1 1 1 1 1 1 1 1 1 1 1 1
          1 1 1 1 1 1 1 1 1 1 1 1 1 1 1 1
          1 1 1 1 1 1 1 1 1 1 1 1 1 1 1 1
          1 1 1 1 1 1 1 1 1 1 1 1 1 1 1 1
          1 1 1 1 1 1 1 1 1 1 1 1 1 1 1 1
          1 1 1 1 1 1 1 1 1 1 1 1 1 1 1 1
          1 1 1 1 1 1 1 1 1 1 1 1 1 1 1 1
          1 1 1 1 1 1 1 1 1 1 1 1 1 1 1 1
          1 1 1 1 1 1 1 1 1 1 1 1 1 1 1 1
          1 1 1 1 1 1 1 1 1 1 1 1 1 1 1 1
          1 1 1 1 1 1 1 1 1 1 1 1 1 1 1 1
          1 1 1 1 1 1 1 1 1 1 1 1 1 1 1 1
          1 1 1 1 1 1 1 1 1 1 1 1 1 1 1 1
          1 1 1 1 1 1 1 1 1 1 1 1 1 1 1 1
          1 1 1 1 1 1 1 1 1 1 1 1 1 1 1 1
          1 1 1 1 1 1 1 1 1 1 1 1 1 1 1 1
          1 1 1 1 1 1 1 1 1 1 1 1 1 1 1 1
          1 1 1 1 1 1 1 1 1 1 1 1 1 1 1 1
          1 1 1 1 1 1 1 1 1 1 1 1 1 1 1 1
          1 1 1 1 1 1 1 1 1 1 1 1 1 1 1 1
          1 1 1 1 1 1 1 1 1 1 1 1 1 1 1 1
          1 1 1 1 1 1 1 1 1 1 1 1 1 1 1 1
          1 1 1 1 1 1 1 1 1 1 1 1 1 1 1 1
          1 1 1 1 1 1 1 1 1 1 1 1 1 1 1 1
          1 1 1 1 1 1 1 1 1 1 1 1 1 1 1 1
          1 1 1 1 1 1 1 1 1 1 1 1 1 1 1 1
          1 1 1 1 1 1 1 1 1 1 1 1 1 1 1 1
          1 1 1 1 1 1 1 1 1 1 1 1 1 1 1 1
          1 1 1 1 1 1 1 1 1 1 1 1 1 1 1 1
          1 1 1 1 1 1 1 1 1 1 1 1 1 1 1 1
          1 1 1 1 1 1 1 1 1 1 1 1 1 1 1 1
          1 1 1 1 1 1 1 1 1 1 1 1 1 1 1 1
          1 1 1 1 1 1 1 1 1 1 1 1 1 1 1 1
          1 1 1 1 1 1 1 1 1 1 1 1 1 1 1 1
          1 1 1 1 1 1 1 1 1 1 1 1 1 1 1 1
          1 1 1 1 1 1 1 1 1 1 1 1 1 1 1 1
          1 1 1 1 1 1 1 1 1 1 1 1 1 1 1 1
          1 1 1 1 1 1 1 1 1 1 1 1 1 1 1 1
          1 1 1 1 1 1 1 1 1 1 1 1 1 1 1 1
          1 1 1 1 1 1 1 1 1 1 1 1 1 1 1 1
          1 1 1 1 1 1 1 1 1 1 1 1 1 1 1 1
          1 1 1 1 1 1 1 1 1 1 1 1 1 1 1 1
          1 1 1 1 1 1 1 1 1 1 1 1 1 1 1 1
          1 1 1 1 1 1 1 1 1 1 1 1 1 1 1 1
          1 1 1 1 1 1 1 1 1 1 1 1 1 1 1 1
          1 1 1 1 1 1 1 1 1 1 1 1 1 1 1 1
          1 1 1 1 1 1 1 1 1 1 1 1 1 1 1 1
          1 1 1 1 1 1 1 1 1 1 1 1 1 1 1 1
          1 1 1 1 1 1 1 1 1 1 1 1 1 1 1 1
          1 1 1 1 1 1 1 1 1 1 1 1 1 1 1 1
          1 1 1 1 1 1 1 1 1 1 1 1 1 1 1 1
          1 1 1 1 1 1 1 1 1 1 1 1 1 1 1 1
          1 1 1 1 1 1 1 1 1 1 1 1 1 1 1 1
          1 1 1 1 1 1 1 1 1 1 1 1 1 1 1 1
          1 1 1 1 1 1 1 1 1 1 1 1 1 1 1 1
          1 1 1 1 1 1 1 1 1 1 1 1 1 1 1 1
          1 1 1 1 1 1 1 1 1 1 1 1 1 1 1 1
          1 1 1 1 1 1 1 1 1 1 1 1 1 1 1 1
          1 1 1 1 1 1 1 1 1 1 1 1 1 1 1 1
          1 1 1 1 1 1 1 1 1 1 1 1 1 1 1 1
          1 1 1 1 1 1 1 1 1 1 1 1 1 1 1 1
          1 1 1 1 1 1 1 1 1 1 1 1 1 1 1 1
          1 1 1 1 1 1 1 1 1 1 1 1 1 1 1 1
          1 1 1 1 1 1 1 1 1 1 1 1 1 1 1 1
          1 1 1 1 1 1 1 1 1 1 1 1 1 1 1 1
          1 1 1 1 1 1 1 1 1 1 1 1 1 1 1 1
          1 1 1 1 1 1 1 1 1 1 1 1 1 1 1 1
          1 1 1 1 1 1 1 1 1 1 1 1 1 1 1 1
          1 1 1 1 1 1 1 1 1 1 1 1 1 1 1 1
          1 1 1 1 1 1 1 1 1 1 1 1 1 1 1 1
          1 1 1 1 1 1 1 1 1 1 1 1 1 1 1 1
          1 1 1 1 1 1 1 1 1 1 1 1 1 1 1 1
          1 1 1 1 1 1 1 1 1 1 1 1 1 1 1 1
          1 1 1 1 1 1 1 1 1 1 1 1 1 1 1 1
          1 1 1 1 1 1 1 1 1 1 1 1 1 1 1 1
          1 1 1 1 1 1 1 1 1 1 1 1 1 1 1 1
          1 1 1 1 1 1 1 1 1 1 1 1 1 1 1 1
          1 1 1 1 1 1 1 1 1 1 1 1 1 1 1 1
          1 1 1 1 1 1 1 1 1 1 1 1 1 1 1 1
          1 1 1 1 1 1 1 1 1 1 1 1 1 1 1 1
          1 1 1 1 1 1 1 1 1 1 1 1 1 1 1 1
          1 1 1 1 1 1 1 1 1 1 1 1 1 1 1 1
          1 1 1 1 1 1 1 1 1 1 1 1 1 1 1 1
          1 1 1 1 1 1 1 1 1 1 1 1 1 1 1 1
          1 1 1 1 1 1 1 1 1 1 1 1 1 1 1 1
          1 1 1 1 1 1 1 1 1 1 1 1 1 1 1 1
          1 1 1 1 1 1 1 1 1 1 1 1 1 1 1 1
          1 1 1 1 1 1 1 1 1 1 1 1 1 1 1 1
          1 1 1 1 1 1 1 1 1 1 1 1 1 1 1 1
          1 1 1 1 1 1 1 1 1 1 1 1 1 1 1 1
          1 1 1 1 1 1 1 1 1 1 1 1 1 1 1 1
          1 1 1 1 1 1 1 1 1 1 1 1 1 1 1 1
          1 1 1 1 1 1 1 1 1 1 1 1 1 1 1 1
          1 1 1 1 1 1 1 1 1 1 1 1 1 1 1 1
          1 1 1 1 1 1 1 1 1 1 1 1 1 1 1 1
          1 1 1 1 1 1 1 1 1 1 1 1 1 1 1 1
          1 1 1 1 1 1 1 1 1 1 1 1 1 1 1 1
          1 1 1 1 1 1 1 1 1 1 1 1 1 1 1 1
          1 1 1 1 1 1 1 1 1 1 1 1 1 1 1 1
          1 1 1 1 1 1 1 1 1 1 1 1 1 1 1 1
          1 1 1 1 1 1 1 1 1 1 1 1 1 1 1 1
          1 1 1 1 1 1 1 1 1 1 1 1 1 1 1 1
          1 1 1 1 1 1 1 1 1 1 1 1 1 1 1 1
          1 1 1 1 1 1 1 1 1 1 1 1 1 1 1 1
          1 1 1 1 1 1 1 1 1 1 1 1 1 1 1 1
          1 1 1 1 1 1 1 1 1 1 1 1 1 1 1 1
          1 1 1 1 1 1 1 1 1 1 1 1 1 1 1 1
          1 1 1 1 1 1 1 1 1 1 1 1 1 1 1 1
          1 1 1 1 1 1 1 1 1 1 1 1 1 1 1 1
          1 1 1 1 1 1 1 1 1 1 1 1 1 1 1 1
          1 1 1 1 1 1 1 1 1 1 1 1 1 1 1 1
          1 1 1 1 1 1 1 1 1 1 1 1 1 1 1 1
          1 1 1 1 1 1 1 1 1 1 1 1 1 1 1 1
          1 1 1 1 1 1 1 1 1 1 1 1 1 1 1 1
          1 1 1 1 1 1 1 1 1 1 1 1 1 1 1 1
          1 1 1 1 1 1 1 1 1 1 1 1 1 1 1 1
          1 1 1 1 1 1 1 1 1 1 1 1 1 1 1 1
          1 1 1 1 1 1 1 1 1 1 1 1 1 1 1 1
          1 1 1 1 1 1 1 1 1 1 1 1 1 1 1 1
          1 1 1 1 1 1 1 1 1 1 1 1 1 1 1 1
          1 1 1 1 1 1 1 1 1 1 1 1 1 1 1 1
          1 1 1 1 1 1 1 1 1 1 1 1 1 1 1 1
          1 1 1 1 1 1 1 1 1 1 1 1 1 1 1 1
          1 1 1 1 1 1 1 1 1 1 1 1 1 1 1 1
          1 1 1 1 1 1 1 1 1 1 1 1 1 1 1 1
          1 1 1 1 1 1 1 1 1 1 1 1 1 1 1 1
          1 1 1 1 1 1 1 1 1 1 1 1 1 1 1 1
          1 1 1 1 1 1 1 1 1 1 1 1 1 1 1 1
          1 1 1 1 1 1 1 1 1 1 1 1 1 1 1 1
          1 1 1 1 1 1 1 1 1 1 1 1 1 1 1 1
          1 1 1 1 1 1 1 1 1 1 1 1 1 1 1 1
          1 1 1 1 1 1 1 1 1 1 1 1 1 1 1 1
          1 1 1 1 1 1 1 1 1 1 1 1 1 1 1 1
          1 1 1 1 1 1 1 1 1 1 1 1 1 1 1 1
          1 1 1 1 1 1 1 1 1 1 1 1 1 1 1 1
          1 1 1 1 1 1 1 1 1 1 1 1 1 1 1 1
          1 1 1 1 1 1 1 1 1 1 1 1 1 1 1 1
          1 1 1 1 1 1 1 1 1 1 1 1 1 1 1 1
          1 1 1 1 1 1 1 1 1 1 1 1 1 1 1 1
          1 1 1 1 1 1 1 1 1 1 1 1 1 1 1 1
          1 1 1 1 1 1 1 1 1 1 1 1 1 1 1 1
          1 1 1 1 1 1 1 1 1 1 1 1 1 1 1 1
          1 1 1 1 1 1 1 1 1 1 1 1 1 1 1 1
          1 1 1 1 1 1 1 1 1 1 1 1 1 1 1 1
          1 1 1 1 1 1 1 1 1 1 1 1 1 1 1 1
          1 1 1 1 1 1 1 1 1 1 1 1 1 1 1 1
          1 1 1 1 1 1 1 1 1 1 1 1 1 1 1 1
          1 1 1 1 1 1 1 1 1 1 1 1 1 1 1 1
          1 1 1 1 1 1 1 1 1 1 1 1 1 1 1 1
          1 1 1 1 1 1 1 1 1 1 1 1 1 1 1 1
          1 1 1 1 1 1 1 1 1 1 1 1 1 1 1 1
          1 1 1 1 1 1 1 1 1 1 1 1 1 1 1 1
          1 1 1 1 1 1 1 1 1 1 1 1 1 1 1 1
          1 1 1 1 1 1 1 1 1 1 1 1 1 1 1 1
          1 1 1 1 1 1 1 1 1 1 1 1 1 1 1 1
          1 1 1 1 1 1 1 1 1 1 1 1 1 1 1 1
          1 1 1 1 1 1 1 1 1 1 1 1 1 1 1 1
          1 1 1 1 1 1 1 1 1 1 1 1 1 1 1 1
          1 1 1 1 1 1 1 1 1 1 1 1 1 1 1 1
          1 1 1 1 1 1 1 1 1 1 1 1 1 1 1 1
          1 1 1 1 1 1 1 1 1 1 1 1 1 1 1 1
          1 1 1 1 1 1 1 1 1 1 1 1 1 1 1 1
          1 1 1 1 1 1 1 1 1 1 1 1 1 1 1 1
          1 1 1 1 1 1 1 1 1 1 1 1 1 1 1 1
          1 1 1 1 1 1 1 1 1 1 1 1 1 1 1 1
          1 1 1 1 1 1 1 1 1 1 1 1 1 1 1 1
          1 1 1 1 1 1 1 1 1 1 1 1 1 1 1 1
          1 1 1 1 1 1 1 1 1 1 1 1 1 1 1 1
          1 1 1 1 1 1 1 1 1 1 1 1 1 1 1 1
          1 1 1 1 1 1 1 1 1 1 1 1 1 1 1 1
          1 1 1 1 1 1 1 1 1 1 1 1 1 1 1 1
          1 1 1 1 1 1 1 1 1 1 1 1 1 1 1 1
          1 1 1 1 1 1 1 1 1 1 1 1 1 1 1 1
          1 1 1 1 1 1 1 1 1 1 1 1 1 1 1 1
          1 1 1 1 1 1 1 1 1 1 1 1 1 1 1 1
          1 1 1 1 1 1 1 1 1 1 1 1 1 1 1 1
          1 1 1 1 1 1 1 1 1 1 1 1 1 1 1 1
          1 1 1 1 1 1 1 1 1 1 1 1 1 1 1 1
          1 1 1 1 1 1 1 1 1 1 1 1 1 1 1 1
          1 1 1 1 1 1 1 1 1 1 1 1 1 1 1 1
          1 1 1 1 1 1 1 1 1 1 1 1 1 1 1 1
          1 1 1 1 1 1 1 1 1 1 1 1 1 1 1 1
          1 1 1 1 1 1 1 1 1 1 1 1 1 1 1 1
          1 1 1 1 1 1 1 1 1 1 1 1 1 1 1 1
          1 1 1 1 1 1 1 1 1 1 1 1 1 1 1 1
          1 1 1 1 1 1 1 1 1 1 1 1 1 1 1 1
          1 1 1 1 1 1 1 1 1 1 1 1 1 1 1 1
          1 1 1 1 1 1 1 1 1 1 1 1 1 1 1 1
          1 1 1 1 1 1 1 1 1 1 1 1 1 1 1 1
          1 1 1 1 1 1 1 1 1 1 1 1 1 1 1 1
          1 1 1 1 1 1 1 1 1 1 1 1 1 1 1 1
          1 1 1 1 1 1 1 1 1 1 1 1 1 1 1 1
          1 1 1 1 1 1 1 1 1 1 1 1 1 1 1 1
          1 1 1 1 1 1 1 1 1 1 1 1 1 1 1 1
          1 1 1 1 1 1 1 1 1 1 1 1 1 1 1 1
          1 1 1 1 1 1 1 1 1 1 1 1 1 1 1 1
          1 1 1 1 1 1 1 1 1 1 1 1 1 1 1 1
          1 1 1 1 1 1 1 1 1 1 1 1 1 1 1 1
          1 1 1 1 1 1 1 1 1 1 1 1 1 1 1 1
          1 1 1 1 1 1 1 1 1 1 1 1 1 1 1 1
          1 1 1 1 1 1 1 1 1 1 1 1 1 1 1 1
          1 1 1 1 1 1 1 1 1 1 1 1 1 1 1 1
          1 1 1 1 1 1 1 1 1 1 1 1 1 1 1 1
          1 1 1 1 1 1 1 1 1 1 1 1 1 1 1 1
          1 1 1 1 1 1 1 1 1 1 1 1 1 1 1 1
          1 1 1 1 1 1 1 1 1 1 1 1 1 1 1 1
          1 1 1 1 1 1 1 1 1 1 1 1 1 1 1 1
          1 1 1 1 1 1 1 1 1 1 1 1 1 1 1 1
          1 1 1 1 1 1 1 1 1 1 1 1 1 1 1 1
          1 1 1 1 1 1 1 1 1 1 1 1 1 1 1 1
          1 1 1 1 1 1 1 1 1 1 1 1 1 1 1 1
          1 1 1 1 1 1 1 1 1 1 1 1 1 1 1 1
          1 1 1 1 1 1 1 1 1 1 1 1 1 1 1 1
          1 1 1 1 1 1 1 1 1 1 1 1 1 1 1 1
          1 1 1 1 1 1 1 1 1 1 1 1 1 1 1 1
          1 1 1 1 1 1 1 1 1 1 1 1 1 1 1 1
          1 1 1 1 1 1 1 1 1 1 1 1 1 1 1 1
          1 1 1 1 1 1 1 1 1 1 1 1 1 1 1 1
          1 1 1 1 1 1 1 1 1 1 1 1 1 1 1 1
          1 1 1 1 1 1 1 1 1 1 1 1 1 1 1 1
          1 1 1 1 1 1 1 1 1 1 1 1 1 1 1 1
          1 1 1 1 1 1 1 1 1 1 1 1 1 1 1 1
          1 1 1 1 1 1 1 1 1 1 1 1 1 1 1 1
          1 1 1 1 1 1 1 1 1 1 1 1 1 1 1 1
          1 1 1 1 1 1 1 1 1 1 1 1 1 1 1 1
          1 1 1 1 1 1 1 1 1 1 1 1 1 1 1 1
          1 1 1 1 1 1 1 1 1 1 1 1 1 1 1 1
          1 1 1 1 1 1 1 1 1 1 1 1 1 1 1 1
          1 1 1 1 1 1 1 1 1 1 1 1 1 1 1 1
          1 1 1 1 1 1 1 1 1 1 1 1 1 1 1 1
          1 1 1 1 1 1 1 1 1 1 1 1 1 1 1 1
          1 1 1 1 1 1 1 1 1 1 1 1 1 1 1 1
          1 1 1 1 1 1 1 1 1 1 1 1 1 1 1 1
          1 1 1 1 1 1 1 1 1 1 1 1 1 1 1 1
          1 1 1 1 1 1 1 1 1 1 1 1 1 1 1 1
          1 1 1 1 1 1 1 1 1 1 1 1 1 1 1 1
          1 1 1 1 1 1 1 1 1 1 1 1 1 1 1 1
          1 1 1 1 1 1 1 1 1 1 1 1 1 1 1 1
          1 1 1 1 1 1 1 1 1 1 1 1 1 1 1 1
          1 1 1 1 1 1 1 1 1 1 1 1 1 1 1 1
          1 1 1 1 1 1 1 1 1 1 1 1 1 1 1 1
          1 1 1 1 1 1 1 1 1 1 1 1 1 1 1 1
          1 1 1 1 1 1 1 1 1 1 1 1 1 1 1 1
          1 1 1 1 1 1 1 1 1 1 1 1 1 1 1 1
          1 1 1 1 1 1 1 1 1 1 1 1 1 1 1 1
          1 1 1 1 1 1 1 1 1 1 1 1 1 1 1 1
          1 1 1 1 1 1 1 1 1 1 1 1 1 1 1 1
          1 1 1 1 1 1 1 1 1 1 1 1 1 1 1 1
          1 1 1 1 1 1 1 1 1 1 1 1 1 1 1 1
          1 1 1 1 1 1 1 1 1 1 1 1 1 1 1 1
          1 1 1 1 1 1 1 1 1 1 1 1 1 1 1 1
          1 1 1 1 1 1 1 1 1 1 1 1 1 1 1 1
          1 1 1 1 1 1 1 1 1 1 1 1 1 1 1 1
          1 1 1 1 1 1 1 1 1 1 1 1 1 1 1 1
          1 1 1 1 1 1 1 1 1 1 1 1 1 1 1 1
          1 1 1 1 1 1 1 1 1 1 1 1 1 1 1 1
          1 1 1 1 1 1 1 1 1 1 1 1 1 1 1 1
          1 1 1 1 1 1 1 1 1 1 1 1 1 1 1 1
          1 1 1 1 1 1 1 1 1 1 1 1 1 1 1 1
          1 1 1 1 1 1 1 1 1 1 1 1 1 1 1 1
          1 1 1 1 1 1 1 1 1 1 1 1 1 1 1 1
          1 1 1 1 1 1 1 1 1 1 1 1 1 1 1 1
          1 1 1 1 1 1 1 1 1 1 1 1 1 1 1 1
          1 1 1 1 1 1 1 1 1 1 1 1 1 1 1 1
          1 1 1 1 1 1 1 1 1 1 1 1 1 1 1 1
          1 1 1 1 1 1 1 1 1 1 1 1 1 1 1 1
          1 1 1 1 1 1 1 1 1 1 1 1 1 1 1 1
          1 1 1 1 1 1 1 1 1 1 1 1 1 1 1 1
          1 1 1 1 1 1 1 1 1 1 1 1 1 1 1 1
          1 1 1 1 1 1 1 1 1 1 1 1 1 1 1 1
          1 1 1 1 1 1 1 1 1 1 1 1 1 1 1 1
          1 1 1 1 1 1 1 1 1 1 1 1 1 1 1 1
          1 1 1 1 1 1 1 1 1 1 1 1 1 1 1 1
          1 1 1 1 1 1 1 1 1 1 1 1 1 1 1 1
          1 1 1 1 1 1 1 1 1 1 1 1 1 1 1 1
          1 1 1 1 1 1 1 1 1 1 1 1 1 1 1 1
          1 1 1 1 1 1 1 1 1 1 1 1 1 1 1 1
          1 1 1 1 1 1 1 1 1 1 1 1 1 1 1 1
          1 1 1 1 1 1 1 1 1 1 1 1 1 1 1 1
          1 1 1 1 1 1 1 1 1 1 1 1 1 1 1 1
          1 1 1 1 1 1 1 1 1 1 1 1 1 1 1 1
          1 1 1 1 1 1 1 1 1 1 1 1 1 1 1 1
          1 1 1 1 1 1 1 1 1 1 1 1 1 1 1 1
          1 1 1 1 1 1 1 1 1 1 1 1 1 1 1 1
          1 1 1 1 1 1 1 1 1 1 1 1 1 1 1 1
          1 1 1 1 1 1 1 1 1 1 1 1 1 1 1 1
          1 1 1 1 1 1 1 1 1 1 1 1 1 1 1 1
          1 1 1 1 1 1 1 1 1 1 1 1 1 1 1 1
          1 1 1 1 1 1 1 1 1 1 1 1 1 1 1 1
          1 1 1 1 1 1 1 1 1 1 1 1 1 1 1 1
          1 1 1 1 1 1 1 1 1 1 1 1 1 1 1 1
          1 1 1 1 1 1 1 1 1 1 1 1 1 1 1 1
          2 2 2 2 2 2 2 2 2 2 2 2 2 2 2 2
          2 2 2 2 2 2 2 2 2 2 2 2 2 2 2 2
          2 2 2 2 2 2 2 2 2 2 2 2 2 2 2 2
          2 2 2 2 2 2 2 2 2 2 2 2 2 2 2 2
          2 2 2 2 2 2 2 2 2 2 2 2 2 2 2 2
          2 2 2 2 2 2 2 2 2 2 2 2 2 2 2 2
          2 2 2 2 2 2 2 2 2 2 2 2 2 2 2 2
          2 2 2 2 2 2 2 2 2 2 2 2 2 2 2 2
          2 2 2 2 2 2 2 2 2 2 2 2 2 2 2 2
          2 2 2 2 2 2 2 2 2 2 2 2 2 2 2 2
          2 2 2 2 2 2 2 2 2 2 2 2 2 2 2 2
          2 2 2 2 2 2 2 2 2 2 2 2 2 2 2 2
          2 2 2 2 2 2 2 2 2 2 2 2 2 2 2 2
          2 2 2 2 2 2 2 2 2 2 2 2 2 2 2 2
          2 2 2 2 2 2 2 2 2 2 2 2 2 2 2 2
          2 2 2 2 2 2 2 2 2 2 2 2 2 2 2 2
          2 2 2 2 2 2 2 2 2 2 2 2 2 2 2 2
          2 2 2 2 2 2 2 2 2 2 2 2 2 2 2 2
          2 2 2 2 2 2 2 2 2 2 2 2 2 2 2 2
          2 2 2 2 2 2 2 2 2 2 2 2 2 2 2 2
          2 2 2 2 2 2 2 2 2 2 2 2 2 2 2 2
          2 2 2 2 2 2 2 2 2 2 2 2 2 2 2 2
          2 2 2 2 2 2 2 2 2 2 2 2 2 2 2 2
          2 2 2 2 2 2 2 2 2 2 2 2 2 2 2 2
          2 2 2 2 2 2 2 2 2 2 2 2 2 2 2 2
          2 2 2 2 2 2 2 2 2 2 2 2 2 2 2 2
          2 2 2 2 2 2 2 2 2 2 2 2 2 2 2 2
          2 2 2 2 2 2 2 2 2 2 2 2 2 2 2 2
          2 2 2 2 2 2 2 2 2 2 2 2 2 2 2 2
          2 2 2 2 2 2 2 2 2 2 2 2 2 2 2 2
          2 2 2 2 2 2 2 2 2 2 2 2 2 2 2 2
          2 2 2 2 2 2 2 2 2 2 2 2 2 2 2 2
          2 2 2 2 2 2 2 2 2 2 2 2 2 2 2 2
          2 2 2 2 2 2 2 2 2 2 2 2 2 2 2 2
          2 2 2 2 2 2 2 2 2 2 2 2 2 2 2 2
          2 2 2 2 2 2 2 2 2 2 2 2 2 2 2 2
          2 2 2 2 2 2 2 2 2 2 2 2 2 2 2 2
          2 2 2 2 2 2 2 2 2 2 2 2 2 2 2 2
          2 2 2 2 2 2 2 2 2 2 2 2 2 2 2 2
          2 2 2 2 2 2 2 2 2 2 2 2 2 2 2 2
          2 2 2 2 2 2 2 2 2 2 2 2 2 2 2 2
          2 2 2 2 2 2 2 2 2 2 2 2 2 2 2 2
          2 2 2 2 2 2 2 2 2 2 2 2 2 2 2 2
          2 2 2 2 2 2 2 2 2 2 2 2 2 2 2 2
          2 2 2 2 2 2 2 2 2 2 2 2 2 2 2 2
          2 2 2 2 2 2 2 2 2 2 2 2 2 2 2 2
          2 2 2 2 2 2 2 2 2 2 2 2 2 2 2 2
          2 2 2 2 2 2 2 2 2 2 2 2 2 2 2 2
          2 2 2 2 2 2 2 2 2 2 2 2 2 2 2 2
          2 2 2 2 2 2 2 2 2 2 2 2 2 2 2 2
          3 3 3 3 4 4 4 4 4 4 4 4 4 4 4 4
          4 4 4 4 4 4 4 4 4 4 4 4 4 4 4 4
          4 4 4 4 4 4 4 4 4 4 4 4 4 4 4 4
          4 4 4 4 4 4 4 4 4 4 4 4 4 4 4 4
          4 4 4 4 4 4 4 4 4 4 4 4 4 4 4 4
          4 4 4 4 4 4 4 4 4 4 4 4 4 4 4 4
          4 4 4 4 4 4 4 4 4 4 4 4 4 4 4 4
          4 4 4 4 4 4 4 4 4 4 4 4 4 4 4 4
          4 4 4 4 4 4 4 4 4 4 4 4 4 4 4 4
          4 4 4 4 4 4 4 4 4 4 4 4 4 4 4 4
          4 4 4 4 4 4 4 4 4 4 4 4 4 4 4 4
          4 4 4 4 4 4 4 4 4 4 4 4 4 4 4 4
          4 4 4 4 4 4 4 4 4 4 4 4 4 4 4 4
          4 4 4 4 4 4 4 4 4 4 4 4 4 4 4 4
          4 4 4 4 4 4 4 4 4 4 4 4 4 4 4 4
          4 4 4 4 4 4 4 4 4 4 4 4 4 4 4 4
          4 4 4 4 4 4 4 4 4 4 4 4 4 4 4 4
          4 4 4 4 4 4 4 4 4 4 4 4 4 4 4 4
          4 4 4 4 4 4 4 4 4 4 4 4 4 4 4 4
          4 4 4 4 4 4 4 4 4 4 4 4 4 4 4 4
          4 4 4 4 4 4 4 4 4 4 4 4 4 4 4 4
          4 4 4 4 4 4 4 4 4 4 4 4 4 4 4 4
          4 4 4 4 4 4 4 4 4 4 4 4 4 4 4 4
          4 4 4 4 4 4 4 4 4 4 4 4 4 4 4 4
          4 4 4 4 4 4 4 4 4 4 4 4 4 4 4 4
          4 4 4 4 4 4 4 4 4 4 4 4 4 4 4 4
          4 4 4 4 4 4 4 4 4 4 4 4 4 4 4 4
          4 4 4 4 4 4 4 4 4 4 4 4 4 4 4 4
          4 4 4 4 4 4 4 4 4 4 4 4 4 4 4 4
          4 4 4 4 4 4 4 4 4 4 4 4 4 4 4 4
          4 4 4 4 4 4 4 4 4 4 4 4 4 4 4 4
          4 4 4 4 4 4 4 4 4 4 4 4 4 4 4 4
          4 4 4 4 4 4 4 4 4 4 4 4 4 4 4 4
          4 4 4 4 4 4 4 4 4 4 4 4 4 4 4 4
          4 4 4 4 4 4 4 4 4 4 4 4 4 4 4 4
          4 4 4 4 4 4 4 4 4 4 4 4 4 4 4 4
          4 4 4 4 4 4 4 4 4 4 4 4 4 4 4 4
          4 4 4 4 4 4 4 4 4 4 4 4 4 4 4 4
          4 4 4 4 4 4 4 4 4 4 4 4 4 4 4 4
          4 4 4 4 4 4 4 4 4 4 4 4 4 4 4 4
          4 4 4 4 4 4 4 4 4 4 4 4 4 4 4 4
          4 4 4 4 4 4 4 4 4 4 4 4 4 4 4 4
          4 4 4 4 4 4 4 4 4 4 4 4 4 4 4 4
          4 4 4 4 4 4 4 4 4 4 4 4 4 4 4 4
          4 4 4 4 4 4 4 4 4 4 4 4 4 4 4 4
          4 4 4 4 4 4 4 4 4 4 4 4 4 4 4 4
          4 4 4 4 4 4 4 4 4 4 4 4 4 4 4 4
          4 4 4 4 4 4 4 4 4 4 4 4 4 4 4 4
          4 4 4 4 4 4 4 4 4 4 4 4 4 4 4 4
          4 4 4 4 4 4 4 4 4 4 4 4 4 4 4 4
          4 4 4 4 5 5 5 5
        </DataArray>
        <DataArray type="Int32" Name="rank" format="ascii">
          0 0 0 0 0 0 0 0 0 0 0 0 0 0 0 0
          0 0 0 0 0 0 0 0 0 0 0 0 0 0 0 0
          0 0 0 0 0 0 0 0 0 0 0 0 0 0 0 0
          0 0 0 0 0 0 0 0 0 0 0 0 0 0 0 0
          0 0 0 0 0 0 0 0 0 0 0 0 0 0 0 0
          0 0 0 0 0 0 0 0 0 0 0 0 0 0 0 0
          0 0 0 0 0 0 0 0 0 0 0 0 0 0 0 0
          0 0 0 0 0 0 0 0 0 0 0 0 0 0 0 0
          0 0 0 0 0 0 0 0 0 0 0 0 0 0 0 0
          0 0 0 0 0 0 0 0 0 0 0 0 0 0 0 0
          0 0 0 0 0 0 0 0 0 0 0 0 0 0 0 0
          0 0 0 0 0 0 0 0 0 0 0 0 0 0 0 0
          0 0 0 0 0 0 0 0 0 0 0 0 0 0 0 0
          0 0 0 0 0 0 0 0 0 0 0 0 0 0 0 0
          0 0 0 0 0 0 0 0 0 0 0 0 0 0 0 0
          0 0 0 0 0 0 0 0 0 0 0 0 0 0 0 0
          0 0 0 0 0 0 0 0 0 0 0 0 0 0 0 0
          0 0 0 0 0 0 0 0 0 0 0 0 0 0 0 0
          0 0 0 0 0 0 0 0 0 0 0 0 0 0 0 0
          0 0 0 0 0 0 0 0 0 0 0 0 0 0 0 0
          0 0 0 0 0 0 0 0 0 0 0 0 0 0 0 0
          0 0 0 0 0 0 0 0 0 0 0 0 0 0 0 0
          0 0 0 0 0 0 0 0 0 0 0 0 0 0 0 0
          0 0 0 0 0 0 0 0 0 0 0 0 0 0 0 0
          0 0 0 0 0 0 0 0 0 0 0 0 0 0 0 0
          0 0 0 0 0 0 0 0 0 0 0 0 0 0 0 0
          0 0 0 0 0 0 0 0 0 0 0 0 0 0 0 0
          0 0 0 0 0 0 0 0 0 0 0 0 0 0 0 0
          0 0 0 0 0 0 0 0 0 0 0 0 0 0 0 0
          0 0 0 0 0 0 0 0 0 0 0 0 0 0 0 0
          0 0 0 0 0 0 0 0 0 0 0 0 0 0 0 0
          0 0 0 0 0 0 0 0 0 0 0 0 0 0 0 0
          0 0 0 0 0 0 0 0 0 0 0 0 0 0 0 0
          0 0 0 0 0 0 0 0 0 0 0 0 0 0 0 0
          0 0 0 0 0 0 0 0 0 0 0 0 0 0 0 0
          0 0 0 0 0 0 0 0 0 0 0 0 0 0 0 0
          0 0 0 0 0 0 0 0 0 0 0 0 0 0 0 0
          0 0 0 0 0 0 0 0 0 0 0 0 0 0 0 0
          0 0 0 0 0 0 0 0 0 0 0 0 0 0 0 0
          0 0 0 0 0 0 0 0 0 0 0 0 0 0 0 0
          0 0 0 0 0 0 0 0 0 0 0 0 0 0 0 0
          0 0 0 0 0 0 0 0 0 0 0 0 0 0 0 0
          0 0 0 0 0 0 0 0 0 0 0 0 0 0 0 0
          0 0 0 0 0 0 0 0 0 0 0 0 0 0 0 0
          0 0 0 0 0 0 0 0 0 0 0 0 0 0 0 0
          0 0 0 0 0 0 0 0 0 0 0 0 0 0 0 0
          0 0 0 0 0 0 0 0 0 0 0 0 0 0 0 0
          0 0 0 0 0 0 0 0 0 0 0 0 0 0 0 0
          0 0 0 0 0 0 0 0 0 0 0 0 0 0 0 0
          0 0 0 0 0 0 0 0 0 0 0 0 0 0 0 0
          0 0 0 0 0 0 0 0 0 0 0 0 0 0 0 0
          0 0 0 0 0 0 0 0 0 0 0 0 0 0 0 0
          0 0 0 0 0 0 0 0 0 0 0 0 0 0 0 0
          0 0 0 0 0 0 0 0 0 0 0 0 0 0 0 0
          0 0 0 0 0 0 0 0 0 0 0 0 0 0 0 0
          0 0 0 0 0 0 0 0 0 0 0 0 0 0 0 0
          0 0 0 0 0 0 0 0 0 0 0 0 0 0 0 0
          0 0 0 0 0 0 0 0 0 0 0 0 0 0 0 0
          0 0 0 0 0 0 0 0 0 0 0 0 0 0 0 0
          0 0 0 0 0 0 0 0 0 0 0 0 0 0 0 0
          0 0 0 0 0 0 0 0 0 0 0 0 0 0 0 0
          0 0 0 0 0 0 0 0 0 0 0 0 0 0 0 0
          0 0 0 0 0 0 0 0 0 0 0 0 0 0 0 0
          0 0 0 0 0 0 0 0 0 0 0 0 0 0 0 0
          0 0 0 0 0 0 0 0 0 0 0 0 0 0 0 0
          0 0 0 0 0 0 0 0 0 0 0 0 0 0 0 0
          0 0 0 0 0 0 0 0 0 0 0 0 0 0 0 0
          0 0 0 0 0 0 0 0 0 0 0 0 0 0 0 0
          0 0 0 0 0 0 0 0 0 0 0 0 0 0 0 0
          0 0 0 0 0 0 0 0 0 0 0 0 0 0 0 0
          0 0 0 0 0 0 0 0 0 0 0 0 0 0 0 0
          0 0 0 0 0 0 0 0 0 0 0 0 0 0 0 0
          0 0 0 0 0 0 0 0 0 0 0 0 0 0 0 0
          0 0 0 0 0 0 0 0 0 0 0 0 0 0 0 0
          0 0 0 0 0 0 0 0 0 0 0 0 0 0 0 0
          0 0 0 0 0 0 0 0 0 0 0 0 0 0 0 0
          0 0 0 0 0 0 0 0 0 0 0 0 0 0 0 0
          0 0 0 0 0 0 0 0 0 0 0 0 0 0 0 0
          0 0 0 0 0 0 0 0 0 0 0 0 0 0 0 0
          0 0 0 0 0 0 0 0 0 0 0 0 0 0 0 0
          0 0 0 0 0 0 0 0 0 0 0 0 0 0 0 0
          0 0 0 0 0 0 0 0 0 0 0 0 0 0 0 0
          0 0 0 0 0 0 0 0 0 0 0 0 0 0 0 0
          0 0 0 0 0 0 0 0 0 0 0 0 0 0 0 0
          0 0 0 0 0 0 0 0 0 0 0 0 0 0 0 0
          0 0 0 0 0 0 0 0 0 0 0 0 0 0 0 0
          0 0 0 0 0 0 0 0 0 0 0 0 0 0 0 0
          0 0 0 0 0 0 0 0 0 0 0 0 0 0 0 0
          0 0 0 0 0 0 0 0 0 0 0 0 0 0 0 0
          0 0 0 0 0 0 0 0 0 0 0 0 0 0 0 0
          0 0 0 0 0 0 0 0 0 0 0 0 0 0 0 0
          0 0 0 0 0 0 0 0 0 0 0 0 0 0 0 0
          0 0 0 0 0 0 0 0 0 0 0 0 0 0 0 0
          0 0 0 0 0 0 0 0 0 0 0 0 0 0 0 0
          0 0 0 0 0 0 0 0 0 0 0 0 0 0 0 0
          0 0 0 0 0 0 0 0 0 0 0 0 0 0 0 0
          0 0 0 0 0 0 0 0 0 0 0 0 0 0 0 0
          0 0 0 0 0 0 0 0 0 0 0 0 0 0 0 0
          0 0 0 0 0 0 0 0 0 0 0 0 0 0 0 0
          0 0 0 0 0 0 0 0 0 0 0 0 0 0 0 0
          0 0 0 0 0 0 0 0 0 0 0 0 0 0 0 0
          0 0 0 0 0 0 0 0 0 0 0 0 0 0 0 0
          0 0 0 0 0 0 0 0 0 0 0 0 0 0 0 0
          0 0 0 0 0 0 0 0 0 0 0 0 0 0 0 0
          0 0 0 0 0 0 0 0 0 0 0 0 0 0 0 0
          0 0 0 0 0 0 0 0 0 0 0 0 0 0 0 0
          0 0 0 0 0 0 0 0 0 0 0 0 0 0 0 0
          0 0 0 0 0 0 0 0 0 0 0 0 0 0 0 0
          0 0 0 0 0 0 0 0 0 0 0 0 0 0 0 0
          0 0 0 0 0 0 0 0 0 0 0 0 0 0 0 0
          0 0 0 0 0 0 0 0 0 0 0 0 0 0 0 0
          0 0 0 0 0 0 0 0 0 0 0 0 0 0 0 0
          0 0 0 0 0 0 0 0 0 0 0 0 0 0 0 0
          0 0 0 0 0 0 0 0 0 0 0 0 0 0 0 0
          0 0 0 0 0 0 0 0 0 0 0 0 0 0 0 0
          0 0 0 0 0 0 0 0 0 0 0 0 0 0 0 0
          0 0 0 0 0 0 0 0 0 0 0 0 0 0 0 0
          0 0 0 0 0 0 0 0 0 0 0 0 0 0 0 0
          0 0 0 0 0 0 0 0 0 0 0 0 0 0 0 0
          0 0 0 0 0 0 0 0 0 0 0 0 0 0 0 0
          0 0 0 0 0 0 0 0 0 0 0 0 0 0 0 0
          0 0 0 0 0 0 0 0 0 0 0 0 0 0 0 0
          0 0 0 0 0 0 0 0 0 0 0 0 0 0 0 0
          0 0 0 0 0 0 0 0 0 0 0 0 0 0 0 0
          0 0 0 0 0 0 0 0 0 0 0 0 0 0 0 0
          0 0 0 0 0 0 0 0 0 0 0 0 0 0 0 0
          0 0 0 0 0 0 0 0 0 0 0 0 0 0 0 0
          0 0 0 0 0 0 0 0 0 0 0 0 0 0 0 0
          0 0 0 0 0 0 0 0 0 0 0 0 0 0 0 0
          0 0 0 0 0 0 0 0 0 0 0 0 0 0 0 0
          0 0 0 0 0 0 0 0 0 0 0 0 0 0 0 0
          0 0 0 0 0 0 0 0 0 0 0 0 0 0 0 0
          0 0 0 0 0 0 0 0 0 0 0 0 0 0 0 0
          0 0 0 0 0 0 0 0 0 0 0 0 0 0 0 0
          0 0 0 0 0 0 0 0 0 0 0 0 0 0 0 0
          0 0 0 0 0 0 0 0 0 0 0 0 0 0 0 0
          0 0 0 0 0 0 0 0 0 0 0 0 0 0 0 0
          0 0 0 0 0 0 0 0 0 0 0 0 0 0 0 0
          0 0 0 0 0 0 0 0 0 0 0 0 0 0 0 0
          0 0 0 0 0 0 0 0 0 0 0 0 0 0 0 0
          0 0 0 0 0 0 0 0 0 0 0 0 0 0 0 0
          0 0 0 0 0 0 0 0 0 0 0 0 0 0 0 0
          0 0 0 0 0 0 0 0 0 0 0 0 0 0 0 0
          0 0 0 0 0 0 0 0 0 0 0 0 0 0 0 0
          0 0 0 0 0 0 0 0 0 0 0 0 0 0 0 0
          0 0 0 0 0 0 0 0 0 0 0 0 0 0 0 0
          0 0 0 0 0 0 0 0 0 0 0 0 0 0 0 0
          0 0 0 0 0 0 0 0 0 0 0 0 0 0 0 0
          0 0 0 0 0 0 0 0 0 0 0 0 0 0 0 0
          0 0 0 0 0 0 0 0 0 0 0 0 0 0 0 0
          0 0 0 0 0 0 0 0 0 0 0 0 0 0 0 0
          0 0 0 0 0 0 0 0 0 0 0 0 0 0 0 0
          0 0 0 0 0 0 0 0 0 0 0 0 0 0 0 0
          0 0 0 0 0 0 0 0 0 0 0 0 0 0 0 0
          0 0 0 0 0 0 0 0 0 0 0 0 0 0 0 0
          0 0 0 0 0 0 0 0 0 0 0 0 0 0 0 0
          0 0 0 0 0 0 0 0 0 0 0 0 0 0 0 0
          0 0 0 0 0 0 0 0 0 0 0 0 0 0 0 0
          0 0 0 0 0 0 0 0 0 0 0 0 0 0 0 0
          0 0 0 0 0 0 0 0 0 0 0 0 0 0 0 0
          0 0 0 0 0 0 0 0 0 0 0 0 0 0 0 0
          0 0 0 0 0 0 0 0 0 0 0 0 0 0 0 0
          0 0 0 0 0 0 0 0 0 0 0 0 0 0 0 0
          0 0 0 0 0 0 0 0 0 0 0 0 0 0 0 0
          0 0 0 0 0 0 0 0 0 0 0 0 0 0 0 0
          0 0 0 0 0 0 0 0 0 0 0 0 0 0 0 0
          0 0 0 0 0 0 0 0 0 0 0 0 0 0 0 0
          0 0 0 0 0 0 0 0 0 0 0 0 0 0 0 0
          0 0 0 0 0 0 0 0 0 0 0 0 0 0 0 0
          0 0 0 0 0 0 0 0 0 0 0 0 0 0 0 0
          0 0 0 0 0 0 0 0 0 0 0 0 0 0 0 0
          0 0 0 0 0 0 0 0 0 0 0 0 0 0 0 0
          0 0 0 0 0 0 0 0 0 0 0 0 0 0 0 0
          0 0 0 0 0 0 0 0 0 0 0 0 0 0 0 0
          0 0 0 0 0 0 0 0 0 0 0 0 0 0 0 0
          0 0 0 0 0 0 0 0 0 0 0 0 0 0 0 0
          0 0 0 0 0 0 0 0 0 0 0 0 0 0 0 0
          0 0 0 0 0 0 0 0 0 0 0 0 0 0 0 0
          0 0 0 0 0 0 0 0 0 0 0 0 0 0 0 0
          0 0 0 0 0 0 0 0 0 0 0 0 0 0 0 0
          0 0 0 0 0 0 0 0 0 0 0 0 0 0 0 0
          0 0 0 0 0 0 0 0 0 0 0 0 0 0 0 0
          0 0 0 0 0 0 0 0 0 0 0 0 0 0 0 0
          0 0 0 0 0 0 0 0 0 0 0 0 0 0 0 0
          0 0 0 0 0 0 0 0 0 0 0 0 0 0 0 0
          0 0 0 0 0 0 0 0 0 0 0 0 0 0 0 0
          0 0 0 0 0 0 0 0 0 0 0 0 0 0 0 0
          0 0 0 0 0 0 0 0 0 0 0 0 0 0 0 0
          0 0 0 0 0 0 0 0 0 0 0 0 0 0 0 0
          0 0 0 0 0 0 0 0 0 0 0 0 0 0 0 0
          0 0 0 0 0 0 0 0 0 0 0 0 0 0 0 0
          0 0 0 0 0 0 0 0 0 0 0 0 0 0 0 0
          0 0 0 0 0 0 0 0 0 0 0 0 0 0 0 0
          0 0 0 0 0 0 0 0 0 0 0 0 0 0 0 0
          0 0 0 0 0 0 0 0 0 0 0 0 0 0 0 0
          0 0 0 0 0 0 0 0 0 0 0 0 0 0 0 0
          0 0 0 0 0 0 0 0 0 0 0 0 0 0 0 0
          0 0 0 0 0 0 0 0 0 0 0 0 0 0 0 0
          0 0 0 0 0 0 0 0 0 0 0 0 0 0 0 0
          0 0 0 0 0 0 0 0 0 0 0 0 0 0 0 0
          0 0 0 0 0 0 0 0 0 0 0 0 0 0 0 0
          0 0 0 0 0 0 0 0 0 0 0 0 0 0 0 0
          0 0 0 0 0 0 0 0 0 0 0 0 0 0 0 0
          0 0 0 0 0 0 0 0 0 0 0 0 0 0 0 0
          0 0 0 0 0 0 0 0 0 0 0 0 0 0 0 0
          0 0 0 0 0 0 0 0 0 0 0 0 0 0 0 0
          0 0 0 0 0 0 0 0 0 0 0 0 0 0 0 0
          0 0 0 0 0 0 0 0 0 0 0 0 0 0 0 0
          0 0 0 0 0 0 0 0 0 0 0 0 0 0 0 0
          0 0 0 0 0 0 0 0 0 0 0 0 0 0 0 0
          0 0 0 0 0 0 0 0 0 0 0 0 0 0 0 0
          0 0 0 0 0 0 0 0 0 0 0 0 0 0 0 0
          0 0 0 0 0 0 0 0 0 0 0 0 0 0 0 0
          0 0 0 0 0 0 0 0 0 0 0 0 0 0 0 0
          0 0 0 0 0 0 0 0 0 0 0 0 0 0 0 0
          0 0 0 0 0 0 0 0 0 0 0 0 0 0 0 0
          0 0 0 0 0 0 0 0 0 0 0 0 0 0 0 0
          0 0 0 0 0 0 0 0 0 0 0 0 0 0 0 0
          0 0 0 0 0 0 0 0 0 0 0 0 0 0 0 0
          0 0 0 0 0 0 0 0 0 0 0 0 0 0 0 0
          0 0 0 0 0 0 0 0 0 0 0 0 0 0 0 0
          0 0 0 0 0 0 0 0 0 0 0 0 0 0 0 0
          0 0 0 0 0 0 0 0 0 0 0 0 0 0 0 0
          0 0 0 0 0 0 0 0 0 0 0 0 0 0 0 0
          0 0 0 0 0 0 0 0 0 0 0 0 0 0 0 0
          0 0 0 0 0 0 0 0 0 0 0 0 0 0 0 0
          0 0 0 0 0 0 0 0 0 0 0 0 0 0 0 0
          0 0 0 0 0 0 0 0 0 0 0 0 0 0 0 0
          0 0 0 0 0 0 0 0 0 0 0 0 0 0 0 0
          0 0 0 0 0 0 0 0 0 0 0 0 0 0 0 0
          0 0 0 0 0 0 0 0 0 0 0 0 0 0 0 0
          0 0 0 0 0 0 0 0 0 0 0 0 0 0 0 0
          0 0 0 0 0 0 0 0 0 0 0 0 0 0 0 0
          0 0 0 0 0 0 0 0 0 0 0 0 0 0 0 0
          0 0 0 0 0 0 0 0 0 0 0 0 0 0 0 0
          0 0 0 0 0 0 0 0 0 0 0 0 0 0 0 0
          0 0 0 0 0 0 0 0 0 0 0 0 0 0 0 0
          0 0 0 0 0 0 0 0 0 0 0 0 0 0 0 0
          0 0 0 0 0 0 0 0 0 0 0 0 0 0 0 0
          0 0 0 0 0 0 0 0 0 0 0 0 0 0 0 0
          0 0 0 0 0 0 0 0 0 0 0 0 0 0 0 0
          0 0 0 0 0 0 0 0 0 0 0 0 0 0 0 0
          0 0 0 0 0 0 0 0 0 0 0 0 0 0 0 0
          0 0 0 0 0 0 0 0 0 0 0 0 0 0 0 0
          0 0 0 0 0 0 0 0 0 0 0 0 0 0 0 0
          0 0 0 0 0 0 0 0 0 0 0 0 0 0 0 0
          0 0 0 0 0 0 0 0 0 0 0 0 0 0 0 0
          0 0 0 0 0 0 0 0 0 0 0 0 0 0 0 0
          0 0 0 0 0 0 0 0 0 0 0 0 0 0 0 0
          0 0 0 0 0 0 0 0 0 0 0 0 0 0 0 0
          0 0 0 0 0 0 0 0 0 0 0 0 0 0 0 0
          0 0 0 0 0 0 0 0 0 0 0 0 0 0 0 0
          0 0 0 0 0 0 0 0 0 0 0 0 0 0 0 0
          0 0 0 0 0 0 0 0 0 0 0 0 0 0 0 0
          0 0 0 0 0 0 0 0 0 0 0 0 0 0 0 0
          0 0 0 0 0 0 0 0 0 0 0 0 0 0 0 0
          0 0 0 0 0 0 0 0 0 0 0 0 0 0 0 0
          0 0 0 0 0 0 0 0 0 0 0 0 0 0 0 0
          0 0 0 0 0 0 0 0 0 0 0 0 0 0 0 0
          0 0 0 0 0 0 0 0 0 0 0 0 0 0 0 0
          0 0 0 0 0 0 0 0 0 0 0 0 0 0 0 0
          0 0 0 0 0 0 0 0 0 0 0 0 0 0 0 0
          0 0 0 0 0 0 0 0 0 0 0 0 0 0 0 0
          0 0 0 0 0 0 0 0 0 0 0 0 0 0 0 0
          0 0 0 0 0 0 0 0 0 0 0 0 0 0 0 0
          0 0 0 0 0 0 0 0 0 0 0 0 0 0 0 0
          0 0 0 0 0 0 0 0 0 0 0 0 0 0 0 0
          0 0 0 0 0 0 0 0 0 0 0 0 0 0 0 0
          0 0 0 0 0 0 0 0 0 0 0 0 0 0 0 0
          0 0 0 0 0 0 0 0 0 0 0 0 0 0 0 0
          0 0 0 0 0 0 0 0 0 0 0 0 0 0 0 0
          0 0 0 0 0 0 0 0 0 0 0 0 0 0 0 0
          0 0 0 0 0 0 0 0 0 0 0 0 0 0 0 0
          0 0 0 0 0 0 0 0 0 0 0 0 0 0 0 0
          0 0 0 0 0 0 0 0 0 0 0 0 0 0 0 0
          0 0 0 0 0 0 0 0 0 0 0 0 0 0 0 0
          0 0 0 0 0 0 0 0 0 0 0 0 0 0 0 0
          0 0 0 0 0 0 0 0 0 0 0 0 0 0 0 0
          0 0 0 0 0 0 0 0 0 0 0 0 0 0 0 0
          0 0 0 0 0 0 0 0 0 0 0 0 0 0 0 0
          0 0 0 0 0 0 0 0 0 0 0 0 0 0 0 0
          0 0 0 0 0 0 0 0 0 0 0 0 0 0 0 0
          0 0 0 0 0 0 0 0 0 0 0 0 0 0 0 0
          0 0 0 0 0 0 0 0 0 0 0 0 0 0 0 0
          0 0 0 0 0 0 0 0 0 0 0 0 0 0 0 0
          0 0 0 0 0 0 0 0 0 0 0 0 0 0 0 0
          0 0 0 0 0 0 0 0 0 0 0 0 0 0 0 0
          0 0 0 0 0 0 0 0 0 0 0 0 0 0 0 0
          0 0 0 0 0 0 0 0 0 0 0 0 0 0 0 0
          0 0 0 0 0 0 0 0 0 0 0 0 0 0 0 0
          0 0 0 0 0 0 0 0 0 0 0 0 0 0 0 0
          0 0 0 0 0 0 0 0 0 0 0 0 0 0 0 0
          0 0 0 0 0 0 0 0 0 0 0 0 0 0 0 0
          0 0 0 0 0 0 0 0 0 0 0 0 0 0 0 0
          0 0 0 0 0 0 0 0 0 0 0 0 0 0 0 0
          0 0 0 0 0 0 0 0 0 0 0 0 0 0 0 0
          0 0 0 0 0 0 0 0 0 0 0 0 0 0 0 0
          0 0 0 0 0 0 0 0 0 0 0 0 0 0 0 0
          0 0 0 0 0 0 0 0 0 0 0 0 0 0 0 0
          0 0 0 0 0 0 0 0 0 0 0 0 0 0 0 0
          0 0 0 0 0 0 0 0 0 0 0 0 0 0 0 0
          0 0 0 0 0 0 0 0 0 0 0 0 0 0 0 0
          0 0 0 0 0 0 0 0 0 0 0 0 0 0 0 0
          0 0 0 0 0 0 0 0 0 0 0 0 0 0 0 0
          0 0 0 0 0 0 0 0 0 0 0 0 0 0 0 0
          0 0 0 0 0 0 0 0 0 0 0 0 0 0 0 0
          0 0 0 0 0 0 0 0 0 0 0 0 0 0 0 0
          0 0 0 0 0 0 0 0 0 0 0 0 0 0 0 0
          0 0 0 0 0 0 0 0 0 0 0 0 0 0 0 0
          0 0 0 0 0 0 0 0 0 0 0 0 0 0 0 0
          0 0 0 0 0 0 0 0 0 0 0 0 0 0 0 0
          0 0 0 0 0 0 0 0 0 0 0 0 0 0 0 0
          0 0 0 0 0 0 0 0 0 0 0 0 0 0 0 0
          0 0 0 0 0 0 0 0 0 0 0 0 0 0 0 0
          0 0 0 0 0 0 0 0 0 0 0 0 0 0 0 0
          0 0 0 0 0 0 0 0 0 0 0 0 0 0 0 0
          0 0 0 0 0 0 0 0 0 0 0 0 0 0 0 0
          0 0 0 0 0 0 0 0 0 0 0 0 0 0 0 0
          0 0 0 0 0 0 0 0 0 0 0 0 0 0 0 0
          0 0 0 0 0 0 0 0 0 0 0 0 0 0 0 0
          0 0 0 0 0 0 0 0 0 0 0 0 0 0 0 0
          0 0 0 0 0 0 0 0 0 0 0 0 0 0 0 0
          0 0 0 0 0 0 0 0 0 0 0 0 0 0 0 0
          0 0 0 0 0 0 0 0 0 0 0 0 0 0 0 0
          0 0 0 0 0 0 0 0 0 0 0 0 0 0 0 0
          0 0 0 0 0 0 0 0 0 0 0 0 0 0 0 0
          0 0 0 0 0 0 0 0 0 0 0 0 0 0 0 0
          0 0 0 0 0 0 0 0 0 0 0 0 0 0 0 0
          0 0 0 0 0 0 0 0 0 0 0 0 0 0 0 0
          0 0 0 0 0 0 0 0 0 0 0 0 0 0 0 0
          0 0 0 0 0 0 0 0 0 0 0 0 0 0 0 0
          0 0 0 0 0 0 0 0 0 0 0 0 0 0 0 0
          0 0 0 0 0 0 0 0 0 0 0 0 0 0 0 0
          0 0 0 0 0 0 0 0 0 0 0 0 0 0 0 0
          0 0 0 0 0 0 0 0 0 0 0 0 0 0 0 0
          0 0 0 0 0 0 0 0 0 0 0 0 0 0 0 0
          0 0 0 0 0 0 0 0 0 0 0 0 0 0 0 0
          0 0 0 0 0 0 0 0 0 0 0 0 0 0 0 0
          0 0 0 0 0 0 0 0 0 0 0 0 0 0 0 0
          0 0 0 0 0 0 0 0 0 0 0 0 0 0 0 0
          0 0 0 0 0 0 0 0 0 0 0 0 0 0 0 0
          0 0 0 0 0 0 0 0 0 0 0 0 0 0 0 0
          0 0 0 0 0 0 0 0 0 0 0 0 0 0 0 0
          0 0 0 0 0 0 0 0 0 0 0 0 0 0 0 0
          0 0 0 0 0 0 0 0 0 0 0 0 0 0 0 0
          0 0 0 0 0 0 0 0 0 0 0 0 0 0 0 0
          0 0 0 0 0 0 0 0 0 0 0 0 0 0 0 0
          0 0 0 0 0 0 0 0 0 0 0 0 0 0 0 0
          0 0 0 0 0 0 0 0 0 0 0 0 0 0 0 0
          0 0 0 0 0 0 0 0 0 0 0 0 0 0 0 0
          0 0 0 0 0 0 0 0 0 0 0 0 0 0 0 0
          0 0 0 0 0 0 0 0 0 0 0 0 0 0 0 0
          0 0 0 0 0 0 0 0 0 0 0 0 0 0 0 0
          0 0 0 0 0 0 0 0 0 0 0 0 0 0 0 0
          0 0 0 0 0 0 0 0 0 0 0 0 0 0 0 0
          0 0 0 0 0 0 0 0 0 0 0 0 0 0 0 0
          0 0 0 0 0 0 0 0 0 0 0 0 0 0 0 0
          0 0 0 0 0 0 0 0 0 0 0 0 0 0 0 0
          0 0 0 0 0 0 0 0 0 0 0 0 0 0 0 0
          0 0 0 0 0 0 0 0 0 0 0 0 0 0 0 0
          0 0 0 0 0 0 0 0 0 0 0 0 0 0 0 0
          0 0 0 0 0 0 0 0 0 0 0 0 0 0 0 0
          0 0 0 0 0 0 0 0 0 0 0 0 0 0 0 0
          0 0 0 0 0 0 0 0 0 0 0 0 0 0 0 0
          0 0 0 0 0 0 0 0 0 0 0 0 0 0 0 0
          0 0 0 0 0 0 0 0 0 0 0 0 0 0 0 0
          0 0 0 0 0 0 0 0 0 0 0 0 0 0 0 0
          0 0 0 0 0 0 0 0 0 0 0 0 0 0 0 0
          0 0 0 0 0 0 0 0 0 0 0 0 0 0 0 0
          0 0 0 0 0 0 0 0 0 0 0 0 0 0 0 0
          0 0 0 0 0 0 0 0 0 0 0 0 0 0 0 0
          0 0 0 0 0 0 0 0 0 0 0 0 0 0 0 0
          0 0 0 0 0 0 0 0 0 0 0 0 0 0 0 0
          0 0 0 0 0 0 0 0 0 0 0 0 0 0 0 0
          0 0 0 0 0 0 0 0 0 0 0 0 0 0 0 0
          0 0 0 0 0 0 0 0 0 0 0 0 0 0 0 0
          0 0 0 0 0 0 0 0 0 0 0 0 0 0 0 0
          0 0 0 0 0 0 0 0 0 0 0 0 0 0 0 0
          0 0 0 0 0 0 0 0 0 0 0 0 0 0 0 0
          0 0 0 0 0 0 0 0 0 0 0 0 0 0 0 0
          0 0 0 0 0 0 0 0 0 0 0 0 0 0 0 0
          0 0 0 0 0 0 0 0 0 0 0 0 0 0 0 0
          0 0 0 0 0 0 0 0 0 0 0 0 0 0 0 0
          0 0 0 0 0 0 0 0 0 0 0 0 0 0 0 0
          0 0 0 0 0 0 0 0 0 0 0 0 0 0 0 0
          0 0 0 0 0 0 0 0 0 0 0 0 0 0 0 0
          0 0 0 0 0 0 0 0 0 0 0 0 0 0 0 0
          0 0 0 0 0 0 0 0 0 0 0 0 0 0 0 0
          0 0 0 0 0 0 0 0 0 0 0 0 0 0 0 0
          0 0 0 0 0 0 0 0 0 0 0 0 0 0 0 0
          0 0 0 0 0 0 0 0 0 0 0 0 0 0 0 0
          0 0 0 0 0 0 0 0 0 0 0 0 0 0 0 0
          0 0 0 0 0 0 0 0 0 0 0 0 0 0 0 0
          0 0 0 0 0 0 0 0 0 0 0 0 0 0 0 0
          0 0 0 0 0 0 0 0 0 0 0 0 0 0 0 0
          0 0 0 0 0 0 0 0 0 0 0 0 0 0 0 0
          0 0 0 0 0 0 0 0 0 0 0 0 0 0 0 0
          0 0 0 0 0 0 0 0 0 0 0 0 0 0 0 0
          0 0 0 0 0 0 0 0 0 0 0 0 0 0 0 0
          0 0 0 0 0 0 0 0 0 0 0 0 0 0 0 0
          0 0 0 0 0 0 0 0 0 0 0 0 0 0 0 0
          0 0 0 0 0 0 0 0 0 0 0 0 0 0 0 0
          0 0 0 0 0 0 0 0 0 0 0 0 0 0 0 0
          0 0 0 0 0 0 0 0 0 0 0 0 0 0 0 0
          0 0 0 0 0 0 0 0 0 0 0 0 0 0 0 0
          0 0 0 0 0 0 0 0 0 0 0 0 0 0 0 0
          0 0 0 0 0 0 0 0 0 0 0 0 0 0 0 0
          0 0 0 0 0 0 0 0 0 0 0 0 0 0 0 0
          0 0 0 0 0 0 0 0 0 0 0 0 0 0 0 0
          0 0 0 0 0 0 0 0 0 0 0 0 0 0 0 0
          0 0 0 0 0 0 0 0 0 0 0 0 0 0 0 0
          0 0 0 0 0 0 0 0 0 0 0 0 0 0 0 0
          0 0 0 0 0 0 0 0 0 0 0 0 0 0 0 0
          0 0 0 0 0 0 0 0 0 0 0 0 0 0 0 0
          0 0 0 0 0 0 0 0 0 0 0 0 0 0 0 0
          0 0 0 0 0 0 0 0 0 0 0 0 0 0 0 0
          0 0 0 0 0 0 0 0 0 0 0 0 0 0 0 0
          0 0 0 0 0 0 0 0 0 0 0 0 0 0 0 0
          0 0 0 0 0 0 0 0 0 0 0 0 0 0 0 0
          0 0 0 0 0 0 0 0 0 0 0 0 0 0 0 0
          0 0 0 0 0 0 0 0 0 0 0 0 0 0 0 0
          0 0 0 0 0 0 0 0 0 0 0 0 0 0 0 0
          0 0 0 0 0 0 0 0 0 0 0 0 0 0 0 0
          0 0 0 0 0 0 0 0 0 0 0 0 0 0 0 0
          0 0 0 0 0 0 0 0 0 0 0 0 0 0 0 0
          0 0 0 0 0 0 0 0 0 0 0 0 0 0 0 0
          0 0 0 0 0 0 0 0 0 0 0 0 0 0 0 0
          0 0 0 0 0 0 0 0 0 0 0 0 0 0 0 0
          0 0 0 0 0 0 0 0 0 0 0 0 0 0 0 0
          0 0 0 0 0 0 0 0 0 0 0 0 0 0 0 0
          0 0 0 0 0 0 0 0 0 0 0 0 0 0 0 0
          0 0 0 0 0 0 0 0 0 0 0 0 0 0 0 0
          0 0 0 0 0 0 0 0 0 0 0 0 0 0 0 0
          0 0 0 0 0 0 0 0 0 0 0 0 0 0 0 0
          0 0 0 0 0 0 0 0 0 0 0 0 0 0 0 0
          0 0 0 0 0 0 0 0 0 0 0 0 0 0 0 0
          0 0 0 0 0 0 0 0 0 0 0 0 0 0 0 0
          0 0 0 0 0 0 0 0 0 0 0 0 0 0 0 0
          0 0 0 0 0 0 0 0 0 0 0 0 0 0 0 0
          0 0 0 0 0 0 0 0 0 0 0 0 0 0 0 0
          0 0 0 0 0 0 0 0 0 0 0 0 0 0 0 0
          0 0 0 0 0 0 0 0 0 0 0 0 0 0 0 0
          0 0 0 0 0 0 0 0 0 0 0 0 0 0 0 0
          0 0 0 0 0 0 0 0 0 0 0 0 0 0 0 0
          0 0 0 0 0 0 0 0 0 0 0 0 0 0 0 0
          0 0 0 0 0 0 0 0 0 0 0 0 0 0 0 0
          0 0 0 0 0 0 0 0 0 0 0 0 0 0 0 0
          0 0 0 0 0 0 0 0 0 0 0 0 0 0 0 0
          0 0 0 0 0 0 0 0 0 0 0 0 0 0 0 0
          0 0 0 0 0 0 0 0 0 0 0 0 0 0 0 0
          0 0 0 0 0 0 0 0 0 0 0 0 0 0 0 0
          0 0 0 0 0 0 0 0 0 0 0 0 0 0 0 0
          0 0 0 0 0 0 0 0 0 0 0 0 0 0 0 0
          0 0 0 0 0 0 0 0 0 0 0 0 0 0 0 0
          0 0 0 0 0 0 0 0 0 0 0 0 0 0 0 0
          0 0 0 0 0 0 0 0 0 0 0 0 0 0 0 0
          0 0 0 0 0 0 0 0 0 0 0 0 0 0 0 0
          0 0 0 0 0 0 0 0 0 0 0 0 0 0 0 0
          0 0 0 0 0 0 0 0 0 0 0 0 0 0 0 0
          0 0 0 0 0 0 0 0 0 0 0 0 0 0 0 0
          0 0 0 0 0 0 0 0 0 0 0 0 0 0 0 0
          0 0 0 0 0 0 0 0 0 0 0 0 0 0 0 0
          0 0 0 0 0 0 0 0 0 0 0 0 0 0 0 0
          0 0 0 0 0 0 0 0 0 0 0 0 0 0 0 0
          0 0 0 0 0 0 0 0 0 0 0 0 0 0 0 0
          0 0 0 0 0 0 0 0 0 0 0 0 0 0 0 0
          0 0 0 0 0 0 0 0 0 0 0 0 0 0 0 0
          0 0 0 0 0 0 0 0 0 0 0 0 0 0 0 0
          0 0 0 0 0 0 0 0 0 0 0 0 0 0 0 0
          0 0 0 0 0 0 0 0 0 0 0 0 0 0 0 0
          0 0 0 0 0 0 0 0 0 0 0 0 0 0 0 0
          0 0 0 0 0 0 0 0 0 0 0 0 0 0 0 0
          0 0 0 0 0 0 0 0 0 0 0 0 0 0 0 0
          0 0 0 0 0 0 0 0 0 0 0 0 0 0 0 0
          0 0 0 0 0 0 0 0 0 0 0 0 0 0 0 0
          0 0 0 0 0 0 0 0 0 0 0 0 0 0 0 0
          0 0 0 0 0 0 0 0 0 0 0 0 0 0 0 0
          0 0 0 0 0 0 0 0 0 0 0 0 0 0 0 0
          0 0 0 0 0 0 0 0 0 0 0 0 0 0 0 0
          0 0 0 0 0 0 0 0 0 0 0 0 0 0 0 0
          0 0 0 0 0 0 0 0 0 0 0 0 0 0 0 0
          0 0 0 0 0 0 0 0 0 0 0 0 0 0 0 0
          0 0 0 0 0 0 0 0 0 0 0 0 0 0 0 0
          0 0 0 0 0 0 0 0 0 0 0 0 0 0 0 0
          0 0 0 0 0 0 0 0 0 0 0 0 0 0 0 0
          0 0 0 0 0 0 0 0 0 0 0 0 0 0 0 0
          0 0 0 0 0 0 0 0 0 0 0 0 0 0 0 0
          0 0 0 0 0 0 0 0 0 0 0 0 0 0 0 0
          0 0 0 0 0 0 0 0 0 0 0 0 0 0 0 0
          0 0 0 0 0 0 0 0 0 0 0 0 0 0 0 0
          0 0 0 0 0 0 0 0 0 0 0 0 0 0 0 0
          0 0 0 0 0 0 0 0 0 0 0 0 0 0 0 0
          0 0 0 0 0 0 0 0 0 0 0 0 0 0 0 0
          0 0 0 0 0 0 0 0 0 0 0 0 0 0 0 0
          0 0 0 0 0 0 0 0 0 0 0 0 0 0 0 0
          0 0 0 0 0 0 0 0 0 0 0 0 0 0 0 0
          0 0 0 0 0 0 0 0 0 0 0 0 0 0 0 0
          0 0 0 0 0 0 0 0 0 0 0 0 0 0 0 0
          0 0 0 0 0 0 0 0 0 0 0 0 0 0 0 0
          0 0 0 0 0 0 0 0 0 0 0 0 0 0 0 0
          0 0 0 0 0 0 0 0
        </DataArray>
        <DataArray type="Int32" Name="color" format="ascii">
          1 2 2 3 1 4 2 1 4 5 6 7 5 8 3 6
          1 2 2 3 1 4 2 1 4 5 6 7 5 8 3 6
          1 2 2 3 1 4 2 1 4 5 6 7 5 8 3 6
          1 2 2 3 1 4 2 1 4 5 6 7 5 8 3 6
          1 2 2 3 1 4 2 1 4 5 6 7 5 8 3 6
          1 2 2 3 1 4 2 1 4 5 6 7 5 8 3 6
          1 2 2 3 1 4 2 1 4 5 6 7 5 8 3 6
          1 2 2 3 1 4 2 1 4 5 6 7 5 8 3 6
          1 2 2 3 1 4 2 1 4 5 6 7 5 8 3 6
          1 2 2 3 1 4 2 1 4 5 6 7 5 8 3 6
          1 2 2 3 1 4 2 1 4 5 6 7 5 8 3 6
          1 2 2 3 1 4 2 1 4 5 6 7 5 8 3 6
          1 2 2 3 1 4 2 1 4 5 6 7 5 8 3 6
          1 2 2 3 1 4 2 1 4 5 6 7 5 8 3 6
          1 2 2 3 1 4 2 1 4 5 6 7 5 8 3 6
          1 2 2 3 1 4 2 1 4 5 6 7 5 8 3 6
          1 2 2 3 1 4 2 1 4 5 6 7 5 8 3 6
          1 2 2 3 1 4 2 1 4 5 6 7 5 8 3 6
          1 2 2 3 1 4 2 1 4 5 6 7 5 8 3 6
          1 2 2 3 1 4 2 1 4 5 6 7 5 8 3 6
          1 2 2 3 1 4 2 1 4 5 6 7 5 8 3 6
          1 2 2 3 1 4 2 1 4 5 6 7 5 8 3 6
          1 2 2 3 1 4 2 1 4 5 6 7 5 8 3 6
          1 2 2 3 1 4 2 1 4 5 6 7 5 8 3 6
          1 2 2 3 1 4 2 1 4 5 6 7 5 8 3 6
          1 2 2 3 1 4 2 1 4 5 6 7 5 8 3 6
          1 2 2 3 1 4 2 1 4 5 6 7 5 8 3 6
          1 2 2 3 1 4 2 1 4 5 6 7 5 8 3 6
          1 2 2 3 1 4 2 1 4 5 6 7 5 8 3 6
          1 2 2 3 1 4 2 1 4 5 6 7 5 8 3 6
          1 2 2 3 1 4 2 1 4 5 6 7 5 8 3 6
          1 2 2 3 1 4 2 1 4 5 6 7 5 8 3 6
          1 2 2 3 1 4 2 1 4 5 6 7 5 8 3 6
          1 2 2 3 1 4 2 1 4 5 6 7 5 8 3 6
          1 2 2 3 1 4 2 1 4 5 6 7 5 8 3 6
          1 2 2 3 1 4 2 1 4 5 6 7 5 8 3 6
          1 2 2 3 1 4 2 1 4 5 6 7 5 8 3 6
          1 2 2 3 1 4 2 1 4 5 6 7 5 8 3 6
          1 2 2 3 1 4 2 1 4 5 6 7 5 8 3 6
          1 2 2 3 1 4 2 1 4 5 6 7 5 8 3 6
          1 2 2 3 1 4 2 1 4 5 6 7 5 8 3 6
          1 2 2 3 1 4 2 1 4 5 6 7 5 8 3 6
          1 2 2 3 1 4 2 1 4 5 6 7 5 8 3 6
          1 2 2 3 1 4 2 1 4 5 6 7 5 8 3 6
          1 2 2 3 1 4 2 1 4 5 6 7 5 8 3 6
          1 2 2 3 1 4 2 1 4 5 6 7 5 8 3 6
          1 2 2 3 1 4 2 1 4 5 6 7 5 8 3 6
          1 2 2 3 1 4 2 1 4 5 6 7 5 8 3 6
          1 2 2 3 1 4 2 1 4 5 6 7 5 8 3 6
          1 2 2 3 1 4 2 1 4 5 6 7 5 8 3 6
          1 2 2 3 1 4 2 1 4 5 6 7 5 8 3 6
          1 2 2 3 1 4 2 1 4 5 6 7 5 8 3 6
          1 2 2 3 1 4 2 1 4 5 6 7 5 8 3 6
          1 2 2 3 1 4 2 1 4 5 6 7 5 8 3 6
          1 2 2 3 1 4 2 1 4 5 6 7 5 8 3 6
          1 2 2 3 1 4 2 1 4 5 6 7 5 8 3 6
          1 2 2 3 1 4 2 1 4 5 6 7 5 8 3 6
          1 2 2 3 1 4 2 1 4 5 6 7 5 8 3 6
          1 2 2 3 1 4 2 1 4 5 6 7 5 8 3 6
          1 2 2 3 1 4 2 1 4 5 6 7 5 8 3 6
          1 2 2 3 1 4 2 1 4 5 6 7 5 8 3 6
          1 2 2 3 1 4 2 1 4 5 6 7 5 8 3 6
          1 2 2 3 1 4 2 1 4 5 6 7 5 8 3 6
          1 2 2 3 1 4 2 1 4 5 6 7 5 8 3 6
          1 2 2 3 1 4 2 1 4 5 6 7 5 8 3 6
          1 2 2 3 1 4 2 1 4 5 6 7 5 8 3 6
          1 2 2 3 1 4 2 1 4 5 6 7 5 8 3 6
          1 2 2 3 1 4 2 1 4 5 6 7 5 8 3 6
          1 2 2 3 1 4 2 1 4 5 6 7 5 8 3 6
          1 2 2 3 1 4 2 1 4 5 6 7 5 8 3 6
          1 2 2 3 1 4 2 1 4 5 6 7 5 8 3 6
          1 2 2 3 1 4 2 1 4 5 6 7 5 8 3 6
          1 2 2 3 1 4 2 1 4 5 6 7 5 8 3 6
          1 2 2 3 1 4 2 1 4 5 6 7 5 8 3 6
          1 2 2 3 1 4 2 1 4 5 6 7 5 8 3 6
          1 2 2 3 1 4 2 1 4 5 6 7 5 8 3 6
          1 2 2 3 1 4 2 1 4 5 6 7 5 8 3 6
          1 2 2 3 1 4 2 1 4 5 6 7 5 8 3 6
          1 2 2 3 1 4 2 1 4 5 6 7 5 8 3 6
          1 2 2 3 1 4 2 1 4 5 6 7 5 8 3 6
          1 2 2 3 1 4 2 1 4 5 6 7 5 8 3 6
          1 2 2 3 1 4 2 1 4 5 6 7 5 8 3 6
          1 2 2 3 1 4 2 1 4 5 6 7 5 8 3 6
          1 2 2 3 1 4 2 1 4 5 6 7 5 8 3 6
          1 2 2 3 1 4 2 1 4 5 6 7 5 8 3 6
          1 2 2 3 1 4 2 1 4 5 6 7 5 8 3 6
          1 2 2 3 1 4 2 1 4 5 6 7 5 8 3 6
          1 2 2 3 1 4 2 1 4 5 6 7 5 8 3 6
          1 2 2 3 1 4 2 1 4 5 6 7 5 8 3 6
          1 2 2 3 1 4 2 1 4 5 6 7 5 8 3 6
          1 2 2 3 1 4 2 1 4 5 6 7 5 8 3 6
          1 2 2 3 1 4 2 1 4 5 6 7 5 8 3 6
          1 2 2 3 1 4 2 1 4 5 6 7 5 8 3 6
          1 2 2 3 1 4 2 1 4 5 6 7 5 8 3 6
          1 2 2 3 1 4 2 1 4 5 6 7 5 8 3 6
          1 2 2 3 1 4 2 1 4 5 6 7 5 8 3 6
          1 2 2 3 1 4 2 1 4 5 6 7 5 8 3 6
          1 2 2 3 1 4 2 1 4 5 6 7 5 8 3 6
          1 2 2 3 1 4 2 1 4 5 6 7 5 8 3 6
          1 2 2 3 1 4 2 1 4 5 6 7 5 8 3 6
          1 2 2 3 1 4 2 1 4 5 6 7 5 8 3 6
          1 2 2 3 1 4 2 1 4 5 6 7 5 8 3 6
          1 2 2 3 1 4 2 1 4 5 6 7 5 8 3 6
          1 2 2 3 1 4 2 1 4 5 6 7 5 8 3 6
          1 2 2 3 1 4 2 1 4 5 6 7 5 8 3 6
          1 2 2 3 1 4 2 1 4 5 6 7 5 8 3 6
          1 2 2 3 1 4 2 1 4 5 6 7 5 8 3 6
          1 2 2 3 1 4 2 1 4 5 6 7 5 8 3 6
          1 2 2 3 1 4 2 1 4 5 6 7 5 8 3 6
          1 2 2 3 1 4 2 1 4 5 6 7 5 8 3 6
          1 2 2 3 1 4 2 1 4 5 6 7 5 8 3 6
          1 2 2 3 1 4 2 1 4 5 6 7 5 8 3 6
          1 2 2 3 1 4 2 1 4 5 6 7 5 8 3 6
          1 2 2 3 1 4 2 1 4 5 6 7 5 8 3 6
          1 2 2 3 1 4 2 1 4 5 6 7 5 8 3 6
          1 2 2 3 1 4 2 1 4 5 6 7 5 8 3 6
          1 2 2 3 1 4 2 1 4 5 6 7 5 8 3 6
          1 2 2 3 1 4 2 1 4 5 6 7 5 8 3 6
          1 2 2 3 1 4 2 1 4 5 6 7 5 8 3 6
          1 2 2 3 1 4 2 1 4 5 6 7 5 8 3 6
          1 2 2 3 1 4 2 1 4 5 6 7 5 8 3 6
          1 2 2 3 1 4 2 1 4 5 6 7 5 8 3 6
          1 2 2 3 1 4 2 1 4 5 6 7 5 8 3 6
          1 2 2 3 1 4 2 1 4 5 6 7 5 8 3 6
          1 2 2 3 1 4 2 1 4 5 6 7 5 8 3 6
          1 2 2 3 1 4 2 1 4 5 6 7 5 8 3 6
          1 2 2 3 1 4 2 1 4 5 6 7 5 8 3 6
          1 2 2 3 1 4 2 1 4 5 6 7 5 8 3 6
          1 2 2 3 1 4 2 1 4 5 6 7 5 8 3 6
          1 2 2 3 1 4 2 1 4 5 6 7 5 8 3 6
          1 2 2 3 1 4 2 1 4 5 6 7 5 8 3 6
          1 2 2 3 1 4 2 1 4 5 6 7 5 8 3 6
          1 2 2 3 1 4 2 1 4 5 6 7 5 8 3 6
          1 2 2 3 1 4 2 1 4 5 6 7 5 8 3 6
          1 2 2 3 1 4 2 1 4 5 6 7 5 8 3 6
          1 2 2 3 1 4 2 1 4 5 6 7 5 8 3 6
          1 2 2 3 1 4 2 1 4 5 6 7 5 8 3 6
          1 2 2 3 1 4 2 1 4 5 6 7 5 8 3 6
          1 2 2 3 1 4 2 1 4 5 6 7 5 8 3 6
          1 2 2 3 1 4 2 1 4 5 6 7 5 8 3 6
          1 2 2 3 1 4 2 1 4 5 6 7 5 8 3 6
          1 2 2 3 1 4 2 1 4 5 6 7 5 8 3 6
          1 2 2 3 1 4 2 1 4 5 6 7 5 8 3 6
          1 2 2 3 1 4 2 1 4 5 6 7 5 8 3 6
          1 2 2 3 1 4 2 1 4 5 6 7 5 8 3 6
          1 2 2 3 1 4 2 1 4 5 6 7 5 8 3 6
          1 2 2 3 1 4 2 1 4 5 6 7 5 8 3 6
          1 2 2 3 1 4 2 1 4 5 6 7 5 8 3 6
          1 2 2 3 1 4 2 1 4 5 6 7 5 8 3 6
          1 2 2 3 1 4 2 1 4 5 6 7 5 8 3 6
          1 2 2 3 1 4 2 1 4 5 6 7 5 8 3 6
          1 2 2 3 1 4 2 1 4 5 6 7 5 8 3 6
          1 2 2 3 1 4 2 1 4 5 6 7 5 8 3 6
          1 2 2 3 1 4 2 1 4 5 6 7 5 8 3 6
          1 2 2 3 1 4 2 1 4 5 6 7 5 8 3 6
          1 2 2 3 1 4 2 1 4 5 6 7 5 8 3 6
          1 2 2 3 1 4 2 1 4 5 6 7 5 8 3 6
          1 2 2 3 1 4 2 1 4 5 6 7 5 8 3 6
          1 2 2 3 1 4 2 1 4 5 6 7 5 8 3 6
          1 2 2 3 1 4 2 1 4 5 6 7 5 8 3 6
          1 2 2 3 1 4 2 1 4 5 6 7 5 8 3 6
          1 2 2 3 1 4 2 1 4 5 6 7 5 8 3 6
          1 2 2 3 1 4 2 1 4 5 6 7 5 8 3 6
          1 2 2 3 1 4 2 1 4 5 6 7 5 8 3 6
          1 2 2 3 1 4 2 1 4 5 6 7 5 8 3 6
          1 2 2 3 1 4 2 1 4 5 6 7 5 8 3 6
          1 2 2 3 1 4 2 1 4 5 6 7 5 8 3 6
          1 2 2 3 1 4 2 1 4 5 6 7 5 8 3 6
          1 2 2 3 1 4 2 1 4 5 6 7 5 8 3 6
          1 2 2 3 1 4 2 1 4 5 6 7 5 8 3 6
          1 2 2 3 1 4 2 1 4 5 6 7 5 8 3 6
          1 2 2 3 1 4 2 1 4 5 6 7 5 8 3 6
          1 2 2 3 1 4 2 1 4 5 6 7 5 8 3 6
          1 2 2 3 1 4 2 1 4 5 6 7 5 8 3 6
          1 2 2 3 1 4 2 1 4 5 6 7 5 8 3 6
          1 2 2 3 1 4 2 1 4 5 6 7 5 8 3 6
          1 2 2 3 1 4 2 1 4 5 6 7 5 8 3 6
          1 2 2 3 1 4 2 1 4 5 6 7 5 8 3 6
          1 2 2 3 1 4 2 1 4 5 6 7 5 8 3 6
          1 2 2 3 1 4 2 1 4 5 6 7 5 8 3 6
          1 2 2 3 1 4 2 1 4 5 6 7 5 8 3 6
          1 2 2 3 1 4 2 1 4 5 6 7 5 8 3 6
          1 2 2 3 1 4 2 1 4 5 6 7 5 8 3 6
          1 2 2 3 1 4 2 1 4 5 6 7 5 8 3 6
          1 2 2 3 1 4 2 1 4 5 6 7 5 8 3 6
          1 2 2 3 1 4 2 1 4 5 6 7 5 8 3 6
          1 2 2 3 1 4 2 1 4 5 6 7 5 8 3 6
          1 2 2 3 1 4 2 1 4 5 6 7 5 8 3 6
          1 2 2 3 1 4 2 1 4 5 6 7 5 8 3 6
          1 2 2 3 1 4 2 1 4 5 6 7 5 8 3 6
          1 2 2 3 1 4 2 1 4 5 6 7 5 8 3 6
          1 2 2 3 1 4 2 1 4 5 6 7 5 8 3 6
          1 2 2 3 1 4 2 1 4 5 6 7 5 8 3 6
          1 2 2 3 1 4 2 1 4 5 6 7 5 8 3 6
          1 2 2 3 1 4 2 1 4 5 6 7 5 8 3 6
          1 2 2 3 1 4 2 1 4 5 6 7 5 8 3 6
          1 2 2 3 1 4 2 1 4 5 6 7 5 8 3 6
          1 2 2 3 1 4 2 1 4 5 6 7 5 8 3 6
          1 2 2 3 1 4 2 1 4 5 6 7 5 8 3 6
          1 2 2 3 1 4 2 1 4 5 6 7 5 8 3 6
          1 2 2 3 1 4 2 1 4 5 6 7 5 8 3 6
          1 2 2 3 1 4 2 1 4 5 6 7 5 8 3 6
          1 2 2 3 1 4 2 1 4 5 6 7 5 8 3 6
          1 2 2 3 1 4 2 1 4 5 6 7 5 8 3 6
          1 2 2 3 1 4 2 1 4 5 6 7 5 8 3 6
          1 2 2 3 1 4 2 1 4 5 6 7 5 8 3 6
          1 2 2 3 1 4 2 1 4 5 6 7 5 8 3 6
          1 2 2 3 1 4 2 1 4 5 6 7 5 8 3 6
          1 2 2 3 1 4 2 1 4 5 6 7 5 8 3 6
          1 2 2 3 1 4 2 1 4 5 6 7 5 8 3 6
          1 2 2 3 1 4 2 1 4 5 6 7 5 8 3 6
          1 2 2 3 1 4 2 1 4 5 6 7 5 8 3 6
          1 2 2 3 1 4 2 1 4 5 6 7 5 8 3 6
          1 2 2 3 1 4 2 1 4 5 6 7 5 8 3 6
          1 2 2 3 1 4 2 1 4 5 6 7 5 8 3 6
          1 2 2 3 1 4 2 1 4 5 6 7 5 8 3 6
          1 2 2 3 1 4 2 1 4 5 6 7 5 8 3 6
          1 2 2 3 1 4 2 1 4 5 6 7 5 8 3 6
          1 2 2 3 1 4 2 1 4 5 6 7 5 8 3 6
          1 2 2 3 1 4 2 1 4 5 6 7 5 8 3 6
          1 2 2 3 1 4 2 1 4 5 6 7 5 8 3 6
          1 2 2 3 1 4 2 1 4 5 6 7 5 8 3 6
          1 2 2 3 1 4 2 1 4 5 6 7 5 8 3 6
          1 2 2 3 1 4 2 1 4 5 6 7 5 8 3 6
          1 2 2 3 1 4 2 1 4 5 6 7 5 8 3 6
          1 2 2 3 1 4 2 1 4 5 6 7 5 8 3 6
          1 2 2 3 1 4 2 1 4 5 6 7 5 8 3 6
          1 2 2 3 1 4 2 1 4 5 6 7 5 8 3 6
          1 2 2 3 1 4 2 1 4 5 6 7 5 8 3 6
          1 2 2 3 1 4 2 1 4 5 6 7 5 8 3 6
          1 2 2 3 1 4 2 1 4 5 6 7 5 8 3 6
          1 2 2 3 1 4 2 1 4 5 6 7 5 8 3 6
          1 2 2 3 1 4 2 1 4 5 6 7 5 8 3 6
          1 2 2 3 1 4 2 1 4 5 6 7 5 8 3 6
          1 2 2 3 1 4 2 1 4 5 6 7 5 8 3 6
          1 2 2 3 1 4 2 1 4 5 6 7 5 8 3 6
          1 2 2 3 1 4 2 1 4 5 6 7 5 8 3 6
          1 2 2 3 1 4 2 1 4 5 6 7 5 8 3 6
          1 2 2 3 1 4 2 1 4 5 6 7 5 8 3 6
          1 2 2 3 1 4 2 1 4 5 6 7 5 8 3 6
          1 2 2 3 1 4 2 1 4 5 6 7 5 8 3 6
          1 2 2 3 1 4 2 1 4 5 6 7 5 8 3 6
          1 2 2 3 1 4 2 1 4 5 6 7 5 8 3 6
          1 2 2 3 1 4 2 1 4 5 6 7 5 8 3 6
          1 2 2 3 1 4 2 1 4 5 6 7 5 8 3 6
          1 2 2 3 1 4 2 1 4 5 6 7 5 8 3 6
          1 2 2 3 1 4 2 1 4 5 6 7 5 8 3 6
          1 2 2 3 1 4 2 1 4 5 6 7 5 8 3 6
          1 2 2 3 1 4 2 1 4 5 6 7 5 8 3 6
          1 2 2 3 1 4 2 1 4 5 6 7 5 8 3 6
          1 2 2 3 1 4 2 1 4 5 6 7 5 8 3 6
          1 2 2 3 1 4 2 1 4 5 6 7 5 8 3 6
          1 2 2 3 1 4 2 1 4 5 6 7 5 8 3 6
          1 2 2 3 1 4 2 1 4 5 6 7 5 8 3 6
          1 2 2 3 1 4 2 1 4 5 6 7 5 8 3 6
          1 2 2 3 1 4 2 1 4 5 6 7 5 8 3 6
          1 2 2 3 1 4 2 1 4 5 6 7 5 8 3 6
          1 2 2 3 1 4 2 1 4 5 6 7 5 8 3 6
          1 2 2 3 1 4 2 1 4 5 6 7 5 8 3 6
          1 2 2 3 1 4 2 1 4 5 6 7 5 8 3 6
          1 2 2 3 1 4 2 1 4 5 6 7 5 8 3 6
          1 2 2 3 1 4 2 1 4 5 6 7 5 8 3 6
          1 2 2 3 1 4 2 1 4 5 6 7 5 8 3 6
          1 2 2 3 1 4 2 1 4 5 6 7 5 8 3 6
          1 2 2 3 1 4 2 1 4 5 6 7 5 8 3 6
          1 2 2 3 1 4 2 1 4 5 6 7 5 8 3 6
          1 2 2 3 1 4 2 1 4 5 6 7 5 8 3 6
          1 2 2 3 1 4 2 1 4 5 6 7 5 8 3 6
          1 2 2 3 1 4 2 1 4 5 6 7 5 8 3 6
          1 2 2 3 1 4 2 1 4 5 6 7 5 8 3 6
          1 2 2 3 1 4 2 1 4 5 6 7 5 8 3 6
          1 2 2 3 1 4 2 1 4 5 6 7 5 8 3 6
          1 2 2 3 1 4 2 1 4 5 6 7 5 8 3 6
          1 2 2 3 1 4 2 1 4 5 6 7 5 8 3 6
          1 2 2 3 1 4 2 1 4 5 6 7 5 8 3 6
          1 2 2 3 1 4 2 1 4 5 6 7 5 8 3 6
          1 2 2 3 1 4 2 1 4 5 6 7 5 8 3 6
          1 2 2 3 1 4 2 1 4 5 6 7 5 8 3 6
          1 2 2 3 1 4 2 1 4 5 6 7 5 8 3 6
          1 2 2 3 1 4 2 1 4 5 6 7 5 8 3 6
          1 2 2 3 1 4 2 1 4 5 6 7 5 8 3 6
          1 2 2 3 1 4 2 1 4 5 6 7 5 8 3 6
          1 2 2 3 1 4 2 1 4 5 6 7 5 8 3 6
          1 2 2 3 1 4 2 1 4 5 6 7 5 8 3 6
          1 2 2 3 1 4 2 1 4 5 6 7 5 8 3 6
          1 2 2 3 1 4 2 1 4 5 6 7 5 8 3 6
          1 2 2 3 1 4 2 1 4 5 6 7 5 8 3 6
          1 2 2 3 1 4 2 1 4 5 6 7 5 8 3 6
          1 2 2 3 1 4 2 1 4 5 6 7 5 8 3 6
          1 2 2 3 1 4 2 1 4 5 6 7 5 8 3 6
          1 2 2 3 1 4 2 1 4 5 6 7 5 8 3 6
          1 2 2 3 1 4 2 1 4 5 6 7 5 8 3 6
          1 2 2 3 1 4 2 1 4 5 6 7 5 8 3 6
          1 2 2 3 1 4 2 1 4 5 6 7 5 8 3 6
          1 2 2 3 1 4 2 1 4 5 6 7 5 8 3 6
          1 2 2 3 1 4 2 1 4 5 6 7 5 8 3 6
          1 2 2 3 1 4 2 1 4 5 6 7 5 8 3 6
          1 2 2 3 1 4 2 1 4 5 6 7 5 8 3 6
          1 2 2 3 1 4 2 1 4 5 6 7 5 8 3 6
          1 2 2 3 1 4 2 1 4 5 6 7 5 8 3 6
          1 2 2 3 1 4 2 1 4 5 6 7 5 8 3 6
          1 2 2 3 1 4 2 1 4 5 6 7 5 8 3 6
          1 2 2 3 1 4 2 1 4 5 6 7 5 8 3 6
          1 2 2 3 1 4 2 1 4 5 6 7 5 8 3 6
          1 2 2 3 1 4 2 1 4 5 6 7 5 8 3 6
          1 2 2 3 1 4 2 1 4 5 6 7 5 8 3 6
          1 2 2 3 1 4 2 1 4 5 6 7 5 8 3 6
          1 2 2 3 1 4 2 1 4 5 6 7 5 8 3 6
          1 2 2 3 1 4 2 1 4 5 6 7 5 8 3 6
          1 2 2 3 1 4 2 1 4 5 6 7 5 8 3 6
          1 2 2 3 1 4 2 1 4 5 6 7 5 8 3 6
          1 2 2 3 1 4 2 1 4 5 6 7 5 8 3 6
          1 2 2 3 1 4 2 1 4 5 6 7 5 8 3 6
          1 2 2 3 1 4 2 1 4 5 6 7 5 8 3 6
          1 2 2 3 1 4 2 1 4 5 6 7 5 8 3 6
          1 2 2 3 1 4 2 1 4 5 6 7 5 8 3 6
          1 2 2 3 1 4 2 1 4 5 6 7 5 8 3 6
          1 2 2 3 1 4 2 1 4 5 6 7 5 8 3 6
          1 2 2 3 1 4 2 1 4 5 6 7 5 8 3 6
          1 2 2 3 1 4 2 1 4 5 6 7 5 8 3 6
          1 2 2 3 1 4 2 1 4 5 6 7 5 8 3 6
          1 2 2 3 1 4 2 1 4 5 6 7 5 8 3 6
          1 2 2 3 1 4 2 1 4 5 6 7 5 8 3 6
          1 2 2 3 1 4 2 1 4 5 6 7 5 8 3 6
          1 2 2 3 1 4 2 1 4 5 6 7 5 8 3 6
          1 2 2 3 1 4 2 1 4 5 6 7 5 8 3 6
          1 2 2 3 1 4 2 1 4 5 6 7 5 8 3 6
          1 2 2 3 1 4 2 1 4 5 6 7 5 8 3 6
          1 2 2 3 1 4 2 1 4 5 6 7 5 8 3 6
          1 2 2 3 1 4 2 1 4 5 6 7 5 8 3 6
          1 2 2 3 1 4 2 1 4 5 6 7 5 8 3 6
          1 2 2 3 1 4 2 1 4 5 6 7 5 8 3 6
          1 2 2 3 1 4 2 1 4 5 6 7 5 8 3 6
          1 2 2 3 1 4 2 1 4 5 6 7 5 8 3 6
          1 2 2 3 1 4 2 1 4 5 6 7 5 8 3 6
          1 2 2 3 1 4 2 1 4 5 6 7 5 8 3 6
          1 2 2 3 1 4 2 1 4 5 6 7 5 8 3 6
          1 2 2 3 1 4 2 1 4 5 6 7 5 8 3 6
          1 2 2 3 1 4 2 1 4 5 6 7 5 8 3 6
          1 2 2 3 1 4 2 1 4 5 6 7 5 8 3 6
          1 2 2 3 1 4 2 1 4 5 6 7 5 8 3 6
          1 2 2 3 1 4 2 1 4 5 6 7 5 8 3 6
          1 2 2 3 1 4 2 1 4 5 6 7 5 8 3 6
          1 2 2 3 1 4 2 1 4 5 6 7 5 8 3 6
          1 2 2 3 1 4 2 1 4 5 6 7 5 8 3 6
          1 2 2 3 1 4 2 1 4 5 6 7 5 8 3 6
          1 2 2 3 1 4 2 1 4 5 6 7 5 8 3 6
          1 2 2 3 1 4 2 1 4 5 6 7 5 8 3 6
          1 2 2 3 1 4 2 1 4 5 6 7 5 8 3 6
          1 2 2 3 1 4 2 1 4 5 6 7 5 8 3 6
          1 2 2 3 1 4 2 1 4 5 6 7 5 8 3 6
          1 2 2 3 1 4 2 1 4 5 6 7 5 8 3 6
          1 2 2 3 1 4 2 1 4 5 6 7 5 8 3 6
          1 2 2 3 1 4 2 1 4 5 6 7 5 8 3 6
          1 2 2 3 1 4 2 1 4 5 6 7 5 8 3 6
          1 2 2 3 1 4 2 1 4 5 6 7 5 8 3 6
          1 2 2 3 1 4 2 1 4 5 6 7 5 8 3 6
          1 2 2 3 1 4 2 1 4 5 6 7 5 8 3 6
          1 2 2 3 1 4 2 1 4 5 6 7 5 8 3 6
          1 2 2 3 1 4 2 1 4 5 6 7 5 8 3 6
          1 2 2 3 1 4 2 1 4 5 6 7 5 8 3 6
          1 2 2 3 1 4 2 1 4 5 6 7 5 8 3 6
          1 2 2 3 1 4 2 1 4 5 6 7 5 8 3 6
          1 2 2 3 1 4 2 1 4 5 6 7 5 8 3 6
          1 2 2 3 1 4 2 1 4 5 6 7 5 8 3 6
          1 2 2 3 1 4 2 1 4 5 6 7 5 8 3 6
          1 2 2 3 1 4 2 1 4 5 6 7 5 8 3 6
          1 2 2 3 1 4 2 1 4 5 6 7 5 8 3 6
          1 2 2 3 1 4 2 1 4 5 6 7 5 8 3 6
          1 2 2 3 1 4 2 1 4 5 6 7 5 8 3 6
          1 2 2 3 1 4 2 1 4 5 6 7 5 8 3 6
          1 2 2 3 1 4 2 1 4 5 6 7 5 8 3 6
          1 2 2 3 1 4 2 1 4 5 6 7 5 8 3 6
          1 2 2 3 1 4 2 1 4 5 6 7 5 8 3 6
          1 2 2 3 1 4 2 1 4 5 6 7 5 8 3 6
          1 2 2 3 1 4 2 1 4 5 6 7 5 8 3 6
          1 2 2 3 1 4 2 1 4 5 6 7 5 8 3 6
          1 2 2 3 1 4 2 1 4 5 6 7 5 8 3 6
          1 2 2 3 1 4 2 1 4 5 6 7 5 8 3 6
          1 2 2 3 1 4 2 1 4 5 6 7 5 8 3 6
          1 2 2 3 1 4 2 1 4 5 6 7 5 8 3 6
          1 2 2 3 1 4 2 1 4 5 6 7 5 8 3 6
          1 2 2 3 1 4 2 1 4 5 6 7 5 8 3 6
          1 2 2 3 1 4 2 1 4 5 6 7 5 8 3 6
          1 2 2 3 1 4 2 1 4 5 6 7 5 8 3 6
          1 2 2 3 1 4 2 1 4 5 6 7 5 8 3 6
          1 2 2 3 1 4 2 1 4 5 6 7 5 8 3 6
          1 2 2 3 1 4 2 1 4 5 6 7 5 8 3 6
          1 2 2 3 1 4 2 1 4 5 6 7 5 8 3 6
          1 2 2 3 1 4 2 1 4 5 6 7 5 8 3 6
          1 2 2 3 1 4 2 1 4 5 6 7 5 8 3 6
          1 2 2 3 1 4 2 1 4 5 6 7 5 8 3 6
          1 2 2 3 1 4 2 1 4 5 6 7 5 8 3 6
          1 2 2 3 1 4 2 1 4 5 6 7 5 8 3 6
          1 2 2 3 1 4 2 1 4 5 6 7 5 8 3 6
          1 2 2 3 1 4 2 1 4 5 6 7 5 8 3 6
          1 2 2 3 1 4 2 1 4 5 6 7 5 8 3 6
          1 2 2 3 1 4 2 1 4 5 6 7 5 8 3 6
          1 2 2 3 1 4 2 1 4 5 6 7 5 8 3 6
          1 2 2 3 1 4 2 1 4 5 6 7 5 8 3 6
          3 6 3 6 3 6 3 6 3 6 3 6 3 6 3 6
          3 6 3 6 3 6 3 6 3 6 3 6 3 6 3 6
          3 6 3 6 3 6 3 6 3 6 3 6 3 6 3 6
          3 6 3 6 3 6 3 6 3 6 3 6 3 6 3 6
          3 6 3 6 3 6 3 6 3 6 3 6 3 6 3 6
          3 6 3 6 3 6 3 6 3 6 3 6 3 6 3 6
          3 6 3 6 3 6 3 6 3 6 3 6 3 6 3 6
          3 6 3 6 3 6 3 6 3 6 3 6 3 6 3 6
          3 6 3 6 3 6 3 6 3 6 3 6 3 6 3 6
          3 6 3 6 3 6 3 6 3 6 3 6 3 6 3 6
          3 6 3 6 3 6 3 6 3 6 3 6 3 6 3 6
          3 6 3 6 3 6 3 6 3 6 3 6 3 6 3 6
          3 6 3 6 3 6 3 6 3 6 3 6 3 6 3 6
          3 6 3 6 3 6 3 6 3 6 3 6 3 6 3 6
          3 6 3 6 3 6 3 6 3 6 3 6 3 6 3 6
          3 6 3 6 3 6 3 6 3 6 3 6 3 6 3 6
          3 6 3 6 3 6 3 6 3 6 3 6 3 6 3 6
          3 6 3 6 3 6 3 6 3 6 3 6 3 6 3 6
          3 6 3 6 3 6 3 6 3 6 3 6 3 6 3 6
          3 6 3 6 3 6 3 6 3 6 3 6 3 6 3 6
          3 6 3 6 3 6 3 6 3 6 3 6 3 6 3 6
          3 6 3 6 3 6 3 6 3 6 3 6 3 6 3 6
          3 6 3 6 3 6 3 6 3 6 3 6 3 6 3 6
          3 6 3 6 3 6 3 6 3 6 3 6 3 6 3 6
          3 6 3 6 3 6 3 6 3 6 3 6 3 6 3 6
          3 6 3 6 3 6 3 6 3 6 3 6 3 6 3 6
          3 6 3 6 3 6 3 6 3 6 3 6 3 6 3 6
          3 6 3 6 3 6 3 6 3 6 3 6 3 6 3 6
          3 6 3 6 3 6 3 6 3 6 3 6 3 6 3 6
          3 6 3 6 3 6 3 6 3 6 3 6 3 6 3 6
          3 6 3 6 3 6 3 6 3 6 3 6 3 6 3 6
          3 6 3 6 3 6 3 6 3 6 3 6 3 6 3 6
          3 6 3 6 3 6 3 6 3 6 3 6 3 6 3 6
          3 6 3 6 3 6 3 6 3 6 3 6 3 6 3 6
          3 6 3 6 3 6 3 6 3 6 3 6 3 6 3 6
          3 6 3 6 3 6 3 6 3 6 3 6 3 6 3 6
          3 6 3 6 3 6 3 6 3 6 3 6 3 6 3 6
          3 6 3 6 3 6 3 6 3 6 3 6 3 6 3 6
          3 6 3 6 3 6 3 6 3 6 3 6 3 6 3 6
          3 6 3 6 3 6 3 6 3 6 3 6 3 6 3 6
          3 6 3 6 3 6 3 6 3 6 3 6 3 6 3 6
          3 6 3 6 3 6 3 6 3 6 3 6 3 6 3 6
          3 6 3 6 3 6 3 6 3 6 3 6 3 6 3 6
          3 6 3 6 3 6 3 6 3 6 3 6 3 6 3 6
          3 6 3 6 3 6 3 6 3 6 3 6 3 6 3 6
          3 6 3 6 3 6 3 6 3 6 3 6 3 6 3 6
          3 6 3 6 3 6 3 6 3 6 3 6 3 6 3 6
          3 6 3 6 3 6 3 6 3 6 3 6 3 6 3 6
          3 6 3 6 3 6 3 6 3 6 3 6 3 6 3 6
          3 6 3 6 3 6 3 6 3 6 3 6 3 6 3 1
          4 5 3 5 4 5 4 5 4 5 4 5 4 5 4 5
          4 5 4 5 4 5 4 5 4 5 4 5 4 5 4 5
          4 5 4 5 4 5 4 5 4 5 4 5 4 5 4 5
          4 5 4 5 4 5 4 5 4 5 4 5 4 5 4 5
          4 5 4 5 4 5 4 5 4 5 4 5 4 5 4 5
          4 5 4 5 4 5 4 5 4 5 4 5 4 5 4 5
          4 5 4 5 4 5 4 5 4 5 4 5 4 5 4 5
          4 5 4 5 4 5 4 5 4 5 4 5 4 5 4 5
          4 5 4 5 4 5 4 5 4 5 4 5 4 5 4 5
          4 5 4 5 4 5 4 5 4 5 4 5 4 5 4 5
          4 5 4 5 4 5 4 5 4 5 4 5 4 5 4 5
          4 5 4 5 4 5 4 5 4 5 4 5 4 5 4 5
          4 5 4 5 4 5 4 5 4 5 4 5 4 5 4 5
          4 5 4 5 4 5 4 5 4 5 4 5 4 5 4 5
          4 5 4 5 4 5 4 5 4 5 4 5 4 5 4 5
          4 5 4 5 4 5 4 5 4 5 4 5 4 5 4 5
          4 5 4 5 4 5 4 5 4 5 4 5 4 5 4 5
          4 5 4 5 4 5 4 5 4 5 4 5 4 5 4 5
          4 5 4 5 4 5 4 5 4 5 4 5 4 5 4 5
          4 5 4 5 4 5 4 5 4 5 4 5 4 5 4 5
          4 5 4 5 4 5 4 5 4 5 4 5 4 5 4 5
          4 5 4 5 4 5 4 5 4 5 4 5 4 5 4 5
          4 5 4 5 4 5 4 5 4 5 4 5 4 5 4 5
          4 5 4 5 4 5 4 5 4 5 4 5 4 5 4 5
          4 5 4 5 4 5 4 5 4 5 4 5 4 5 4 5
          4 5 4 5 4 5 4 5 4 5 4 5 4 5 4 5
          4 5 4 5 4 5 4 5 4 5 4 5 4 5 4 5
          4 5 4 5 4 5 4 5 4 5 4 5 4 5 4 5
          4 5 4 5 4 5 4 5 4 5 4 5 4 5 4 5
          4 5 4 5 4 5 4 5 4 5 4 5 4 5 4 5
          4 5 4 5 4 5 4 5 4 5 4 5 4 5 4 5
          4 5 4 5 4 5 4 5 4 5 4 5 4 5 4 5
          4 5 4 5 4 5 4 5 4 5 4 5 4 5 4 5
          4 5 4 5 4 5 4 5 4 5 4 5 4 5 4 5
          4 5 4 5 4 5 4 5 4 5 4 5 4 5 4 5
          4 5 4 5 4 5 4 5 4 5 4 5 4 5 4 5
          4 5 4 5 4 5 4 5 4 5 4 5 4 5 4 5
          4 5 4 5 4 5 4 5 4 5 4 5 4 5 4 5
          4 5 4 5 4 5 4 5 4 5 4 5 4 5 4 5
          4 5 4 5 4 5 4 5 4 5 4 5 4 5 4 5
          4 5 4 5 4 5 4 5 4 5 4 5 4 5 4 5
          4 5 4 5 4 5 4 5 4 5 4 5 4 5 4 5
          4 5 4 5 4 5 4 5 4 5 4 5 4 5 4 5
          4 5 4 5 4 5 4 5 4 5 4 5 4 5 4 5
          4 5 4 5 4 5 4 5 4 5 4 5 4 5 4 5
          4 5 4 5 4 5 4 5 4 5 4 5 4 5 4 5
          4 5 4 5 4 5 4 5 4 5 4 5 4 5 4 5
          4 5 4 5 4 5 4 5 4 5 4 5 4 5 4 5
          4 5 4 5 4 5 4 5 4 5 4 5 4 5 4 5
          4 5 4 5 4 5 4 5 4 5 4 5 4 5 4 5
          4 5 4 2 2 1 2 1
        </DataArray>
      </CellData>
      <Points>
        <DataArray type="Float64" Name="Points" NumberOfComponents="3" format="ascii">
          0 0 0 0.001 0 0 0.002 0 0 0.0030000000000000001 0 0 0.0040000000000000001 0 0 0
          0 0.00025000000000000001 0.001 0 0.00025000000000000001 0.002 0 0.00025000000000000001 0.0030000000000000001 0 0.00025000000000000001 0.0040000000000000001 0 0.00025000000000000001 0 0
          0.00050000000000000001 0.001 0 0.00050000000000000001 0.002 0 0.00050000000000000001 0.0030000000000000001 0 0.00050000000000000001 0.0040000000000000001 0 0.00050000000000000001 0 0 0.00075000000000000012
          0.001 0 0.00075000000000000012 0.002 0 0.00075000000000000012 0.0030000000000000001 0 0.00075000000000000012 0.0040000000000000001 0 0.00075000000000000012 0 0 0.001 0.001
          0 0.001 0.002 0 0.001 0.0030000000000000001 0 0.001 0.0040000000000000001 0 0.001 0 0 0.00125 0.001 0
          0.00125 0.002 0 0.00125 0.0030000000000000001 0 0.00125 0.0040000000000000001 0 0.00125 0 0 0.0015000000000000002 0.001 0 0.0015000000000000002
          0.002 0 0.0015000000000000002 0.0030000000000000001 0 0.0015000000000000002 0.0040000000000000001 0 0.0015000000000000002 0 0 0.0017500000000000003 0.001 0 0.0017500000000000003 0.002
          0 0.0017500000000000003 0.0030000000000000001 0 0.0017500000000000003 0.0040000000000000001 0 0.0017500000000000003 0 0 0.002 0.001 0 0.002 0.002 0
          0.002 0.0030000000000000001 0 0.002 0.0040000000000000001 0 0.002 0 0 0.0022500000000000003 0.001 0 0.0022500000000000003 0.002 0 0.0022500000000000003
          0.0030000000000000001 0 0.0022500000000000003 0.0040000000000000001 0 0.0022500000000000003 0 0 0.0025000000000000001 0.001 0 0.0025000000000000001 0.002 0 0.0025000000000000001 0.0030000000000000001
          0 0.0025000000000000001 0.0040000000000000001 0 0.0025000000000000001 0 0 0.0027500000000000003 0.001 0 0.0027500000000000003 0.002 0 0.0027500000000000003 0.0030000000000000001 0
          0.0027500000000000003 0.0040000000000000001 0 0.0027500000000000003 0 0 0.0030000000000000005 0.001 0 0.0030000000000000005 0.002 0 0.0030000000000000005 0.0030000000000000001 0 0.0030000000000000005
          0.0040000000000000001 0 0.0030000000000000005 0 0 0.0032500000000000003 0.001 0 0.0032500000000000003 0.002 0 0.0032500000000000003 0.0030000000000000001 0 0.0032500000000000003 0.0040000000000000001
          0 0.0032500000000000003 0 0 0.0035000000000000005 0.001 0 0.0035000000000000005 0.002 0 0.0035000000000000005 0.0030000000000000001 0 0.0035000000000000005 0.0040000000000000001 0
          0.0035000000000000005 0 0 0.0037499999999999999 0.001 0 0.0037499999999999999 0.002 0 0.0037499999999999999 0.0030000000000000001 0 0.0037499999999999999 0.0040000000000000001 0 0.0037499999999999999
          0 0 0.0040000000000000001 0.001 0 0.0040000000000000001 0.002 0 0.0040000000000000001 0.0030000000000000001 0 0.0040000000000000001 0.0040000000000000001 0 0.0040000000000000001 0
          0 0.0042500000000000003 0.001 0 0.0042500000000000003 0.002 0 0.0042500000000000003 0.0030000000000000001 0 0.0042500000000000003 0.0040000000000000001 0 0.0042500000000000003 0 0
          0.0045000000000000005 0.001 0 0.0045000000000000005 0.002 0 0.0045000000000000005 0.0030000000000000001 0 0.0045000000000000005 0.0040000000000000001 0 0.0045000000000000005 0 0 0.0047500000000000007
          0.001 0 0.0047500000000000007 0.002 0 0.0047500000000000007 0.0030000000000000001 0 0.0047500000000000007 0.0040000000000000001 0 0.0047500000000000007 0 0 0.0050000000000000001 0.001
          0 0.0050000000000000001 0.002 0 0.0050000000000000001 0.0030000000000000001 0 0.0050000000000000001 0.0040000000000000001 0 0.0050000000000000001 0 0 0.0052500000000000003 0.001 0
          0.0052500000000000003 0.002 0 0.0052500000000000003 0.0030000000000000001 0 0.0052500000000000003 0.0040000000000000001 0 0.0052500000000000003 0 0 0.0055000000000000005 0.001 0 0.0055000000000000005
          0.002 0 0.0055000000000000005 0.0030000000000000001 0 0.0055000000000000005 0.0040000000000000001 0 0.0055000000000000005 0 0 0.0057500000000000008 0.001 0 0.0057500000000000008 0.002
          0 0.0057500000000000008 0.0030000000000000001 0 0.0057500000000000008 0.0040000000000000001 0 0.0057500000000000008 0 0 0.006000000000000001 0.001 0 0.006000000000000001 0.002 0
          0.006000000000000001 0.0030000000000000001 0 0.006000000000000001 0.0040000000000000001 0 0.006000000000000001 0 0 0.0062500000000000003 0.001 0 0.0062500000000000003 0.002 0 0.0062500000000000003
          0.0030000000000000001 0 0.0062500000000000003 0.0040000000000000001 0 0.0062500000000000003 0 0 0.0065000000000000006 0.001 0 0.0065000000000000006 0.002 0 0.0065000000000000006 0.0030000000000000001
          0 0.0065000000000000006 0.0040000000000000001 0 0.0065000000000000006 0 0 0.0067500000000000008 0.001 0 0.0067500000000000008 0.002 0 0.0067500000000000008 0.0030000000000000001 0
          0.0067500000000000008 0.0040000000000000001 0 0.0067500000000000008 0 0 0.007000000000000001 0.001 0 0.007000000000000001 0.002 0 0.007000000000000001 0.0030000000000000001 0 0.007000000000000001
          0.0040000000000000001 0 0.007000000000000001 0 0 0.0072500000000000012 0.001 0 0.0072500000000000012 0.002 0 0.0072500000000000012 0.0030000000000000001 0 0.0072500000000000012 0.0040000000000000001
          0 0.0072500000000000012 0 0 0.0074999999999999997 0.001 0 0.0074999999999999997 0.002 0 0.0074999999999999997 0.0030000000000000001 0 0.0074999999999999997 0.0040000000000000001 0
          0.0074999999999999997 0 0 0.0077499999999999999 0.001 0 0.0077499999999999999 0.002 0 0.0077499999999999999 0.0030000000000000001 0 0.0077499999999999999 0.0040000000000000001 0 0.0077499999999999999
          0 0 0.0080000000000000002 0.001 0 0.0080000000000000002 0.002 0 0.0080000000000000002 0.0030000000000000001 0 0.0080000000000000002 0.0040000000000000001 0 0.0080000000000000002 0
          0 0.0082500000000000004 0.001 0 0.0082500000000000004 0.002 0 0.0082500000000000004 0.0030000000000000001 0 0.0082500000000000004 0.0040000000000000001 0 0.0082500000000000004 0 0
          0.0085000000000000006 0.001 0 0.0085000000000000006 0.002 0 0.0085000000000000006 0.0030000000000000001 0 0.0085000000000000006 0.0040000000000000001 0 0.0085000000000000006 0 0 0.0087500000000000008
          0.001 0 0.0087500000000000008 0.002 0 0.0087500000000000008 0.0030000000000000001 0 0.0087500000000000008 0.0040000000000000001 0 0.0087500000000000008 0 0 0.0090000000000000011 0.001
          0 0.0090000000000000011 0.002 0 0.0090000000000000011 0.0030000000000000001 0 0.0090000000000000011 0.0040000000000000001 0 0.0090000000000000011 0 0 0.0092500000000000013 0.001 0
          0.0092500000000000013 0.002 0 0.0092500000000000013 0.0030000000000000001 0 0.0092500000000000013 0.0040000000000000001 0 0.0092500000000000013 0 0 0.0095000000000000015 0.001 0 0.0095000000000000015
          0.002 0 0.0095000000000000015 0.0030000000000000001 0 0.0095000000000000015 0.0040000000000000001 0 0.0095000000000000015 0 0 0.0097500000000000017 0.001 0 0.0097500000000000017 0.002
          0 0.0097500000000000017 0.0030000000000000001 0 0.0097500000000000017 0.0040000000000000001 0 0.0097500000000000017 0 0 0.01 0.001 0 0.01 0.002 0
          0.01 0.0030000000000000001 0 0.01 0.0040000000000000001 0 0.01 0 0 0.010250000000000002 0.001 0 0.010250000000000002 0.002 0 0.010250000000000002
          0.0030000000000000001 0 0.010250000000000002 0.0040000000000000001 0 0.010250000000000002 0 0 0.010500000000000001 0.001 0 0.010500000000000001 0.002 0 0.010500000000000001 0.0030000000000000001
          0 0.010500000000000001 0.0040000000000000001 0 0.010500000000000001 0 0 0.010749999999999999 0.001 0 0.010749999999999999 0.002 0 0.010749999999999999 0.0030000000000000001 0
          0.010749999999999999 0.0040000000000000001 0 0.010749999999999999 0 0 0.011000000000000001 0.001 0 0.011000000000000001 0.002 0 0.011000000000000001 0.0030000000000000001 0 0.011000000000000001
          0.0040000000000000001 0 0.011000000000000001 0 0 0.01125 0.001 0 0.01125 0.002 0 0.01125 0.0030000000000000001 0 0.01125 0.0040000000000000001
          0 0.01125 0 0 0.011500000000000002 0.001 0 0.011500000000000002 0.002 0 0.011500000000000002 0.0030000000000000001 0 0.011500000000000002 0.0040000000000000001 0
          0.011500000000000002 0 0 0.01175 0.001 0 0.01175 0.002 0 0.01175 0.0030000000000000001 0 0.01175 0.0040000000000000001 0 0.01175
          0 0 0.012000000000000002 0.001 0 0.012000000000000002 0.002 0 0.012000000000000002 0.0030000000000000001 0 0.012000000000000002 0.0040000000000000001 0 0.012000000000000002 0
          0 0.01225 0.001 0 0.01225 0.002 0 0.01225 0.0030000000000000001 0 0.01225 0.0040000000000000001 0 0.01225 0 0
          0.012500000000000001 0.001 0 0.012500000000000001 0.002 0 0.012500000000000001 0.0030000000000000001 0 0.012500000000000001 0.0040000000000000001 0 0.012500000000000001 0 0 0.012750000000000001
          0.001 0 0.012750000000000001 0.002 0 0.012750000000000001 0.0030000000000000001 0 0.012750000000000001 0.0040000000000000001 0 0.012750000000000001 0 0 0.013000000000000001 0.001
          0 0.013000000000000001 0.002 0 0.013000000000000001 0.0030000000000000001 0 0.013000000000000001 0.0040000000000000001 0 0.013000000000000001 0 0 0.013250000000000001 0.001 0
          0.013250000000000001 0.002 0 0.013250000000000001 0.0030000000000000001 0 0.013250000000000001 0.0040000000000000001 0 0.013250000000000001 0 0 0.013500000000000002 0.001 0 0.013500000000000002
          0.002 0 0.013500000000000002 0.0030000000000000001 0 0.013500000000000002 0.0040000000000000001 0 0.013500000000000002 0 0 0.01375 0.001 0 0.01375 0.002
          0 0.01375 0.0030000000000000001 0 0.01375 0.0040000000000000001 0 0.01375 0 0 0.014000000000000002 0.001 0 0.014000000000000002 0.002 0
          0.014000000000000002 0.0030000000000000001 0 0.014000000000000002 0.0040000000000000001 0 0.014000000000000002 0 0 0.014250000000000001 0.001 0 0.014250000000000001 0.002 0 0.014250000000000001
          0.0030000000000000001 0 0.014250000000000001 0.0040000000000000001 0 0.014250000000000001 0 0 0.014500000000000002 0.001 0 0.014500000000000002 0.002 0 0.014500000000000002 0.0030000000000000001
          0 0.014500000000000002 0.0040000000000000001 0 0.014500000000000002 0 0 0.014750000000000001 0.001 0 0.014750000000000001 0.002 0 0.014750000000000001 0.0030000000000000001 0
          0.014750000000000001 0.0040000000000000001 0 0.014750000000000001 0 0 0.014999999999999999 0.001 0 0.014999999999999999 0.002 0 0.014999999999999999 0.0030000000000000001 0 0.014999999999999999
          0.0040000000000000001 0 0.014999999999999999 0 0 0.015250000000000001 0.001 0 0.015250000000000001 0.002 0 0.015250000000000001 0.0030000000000000001 0 0.015250000000000001 0.0040000000000000001
          0 0.015250000000000001 0 0 0.0155 0.001 0 0.0155 0.002 0 0.0155 0.0030000000000000001 0 0.0155 0.0040000000000000001 0
          0.0155 0 0 0.01575 0.001 0 0.01575 0.002 0 0.01575 0.0030000000000000001 0 0.01575 0.0040000000000000001 0 0.01575
          0 0 0.016 0.001 0 0.016 0.002 0 0.016 0.0030000000000000001 0 0.016 0.0040000000000000001 0 0.016 0
          0 0.016250000000000001 0.001 0 0.016250000000000001 0.002 0 0.016250000000000001 0.0030000000000000001 0 0.016250000000000001 0.0040000000000000001 0 0.016250000000000001 0 0
          0.016500000000000001 0.001 0 0.016500000000000001 0.002 0 0.016500000000000001 0.0030000000000000001 0 0.016500000000000001 0.0040000000000000001 0 0.016500000000000001 0 0 0.016750000000000001
          0.001 0 0.016750000000000001 0.002 0 0.016750000000000001 0.0030000000000000001 0 0.016750000000000001 0.0040000000000000001 0 0.016750000000000001 0 0 0.017000000000000001 0.001
          0 0.017000000000000001 0.002 0 0.017000000000000001 0.0030000000000000001 0 0.017000000000000001 0.0040000000000000001 0 0.017000000000000001 0 0 0.017250000000000001 0.001 0
          0.017250000000000001 0.002 0 0.017250000000000001 0.0030000000000000001 0 0.017250000000000001 0.0040000000000000001 0 0.017250000000000001 0 0 0.017500000000000002 0.001 0 0.017500000000000002
          0.002 0 0.017500000000000002 0.0030000000000000001 0 0.017500000000000002 0.0040000000000000001 0 0.017500000000000002 0 0 0.017750000000000002 0.001 0 0.017750000000000002 0.002
          0 0.017750000000000002 0.0030000000000000001 0 0.017750000000000002 0.0040000000000000001 0 0.017750000000000002 0 0 0.018000000000000002 0.001 0 0.018000000000000002 0.002 0
          0.018000000000000002 0.0030000000000000001 0 0.018000000000000002 0.0040000000000000001 0 0.018000000000000002 0 0 0.018250000000000002 0.001 0 0.018250000000000002 0.002 0 0.018250000000000002
          0.0030000000000000001 0 0.018250000000000002 0.0040000000000000001 0 0.018250000000000002 0 0 0.018500000000000003 0.001 0 0.018500000000000003 0.002 0 0.018500000000000003 0.0030000000000000001
          0 0.018500000000000003 0.0040000000000000001 0 0.018500000000000003 0 0 0.018749999999999999 0.001 0 0.018749999999999999 0.002 0 0.018749999999999999 0.0030000000000000001 0
          0.018749999999999999 0.0040000000000000001 0 0.018749999999999999 0 0 0.019000000000000003 0.001 0 0.019000000000000003 0.002 0 0.019000000000000003 0.0030000000000000001 0 0.019000000000000003
          0.0040000000000000001 0 0.019000000000000003 0 0 0.01925 0.001 0 0.01925 0.002 0 0.01925 0.0030000000000000001 0 0.01925 0.0040000000000000001
          0 0.01925 0 0 0.019500000000000003 0.001 0 0.019500000000000003 0.002 0 0.019500000000000003 0.0030000000000000001 0 0.019500000000000003 0.0040000000000000001 0
          0.019500000000000003 0 0 0.01975 0.001 0 0.01975 0.002 0 0.01975 0.0030000000000000001 0 0.01975 0.0040000000000000001 0 0.01975
          0 0 0.02 0.001 0 0.02 0.002 0 0.02 0.0030000000000000001 0 0.02 0.0040000000000000001 0 0.02 0
          0 0.020250000000000001 0.001 0 0.020250000000000001 0.002 0 0.020250000000000001 0.0030000000000000001 0 0.020250000000000001 0.0040000000000000001 0 0.020250000000000001 0 0
          0.020500000000000004 0.001 0 0.020500000000000004 0.002 0 0.020500000000000004 0.0030000000000000001 0 0.020500000000000004 0.0040000000000000001 0 0.020500000000000004 0 0 0.020750000000000001
          0.001 0 0.020750000000000001 0.002 0 0.020750000000000001 0.0030000000000000001 0 0.020750000000000001 0.0040000000000000001 0 0.020750000000000001 0 0 0.021000000000000001 0.001
          0 0.021000000000000001 0.002 0 0.021000000000000001 0.0030000000000000001 0 0.021000000000000001 0.0040000000000000001 0 0.021000000000000001 0 0 0.021250000000000002 0.001 0
          0.021250000000000002 0.002 0 0.021250000000000002 0.0030000000000000001 0 0.021250000000000002 0.0040000000000000001 0 0.021250000000000002 0 0 0.021499999999999998 0.001 0 0.021499999999999998
          0.002 0 0.021499999999999998 0.0030000000000000001 0 0.021499999999999998 0.0040000000000000001 0 0.021499999999999998 0 0 0.021750000000000002 0.001 0 0.021750000000000002 0.002
          0 0.021750000000000002 0.0030000000000000001 0 0.021750000000000002 0.0040000000000000001 0 0.021750000000000002 0 0 0.022000000000000002 0.001 0 0.022000000000000002 0.002 0
          0.022000000000000002 0.0030000000000000001 0 0.022000000000000002 0.0040000000000000001 0 0.022000000000000002 0 0 0.022250000000000002 0.001 0 0.022250000000000002 0.002 0 0.022250000000000002
          0.0030000000000000001 0 0.022250000000000002 0.0040000000000000001 0 0.022250000000000002 0 0 0.022499999999999999 0.001 0 0.022499999999999999 0.002 0 0.022499999999999999 0.0030000000000000001
          0 0.022499999999999999 0.0040000000000000001 0 0.022499999999999999 0 0 0.022749999999999999 0.001 0 0.022749999999999999 0.002 0 0.022749999999999999 0.0030000000000000001 0
          0.022749999999999999 0.0040000000000000001 0 0.022749999999999999 0 0 0.023000000000000003 0.001 0 0.023000000000000003 0.002 0 0.023000000000000003 0.0030000000000000001 0 0.023000000000000003
          0.0040000000000000001 0 0.023000000000000003 0 0 0.023250000000000003 0.001 0 0.023250000000000003 0.002 0 0.023250000000000003 0.0030000000000000001 0 0.023250000000000003 0.0040000000000000001
          0 0.023250000000000003 0 0 0.0235 0.001 0 0.0235 0.002 0 0.0235 0.0030000000000000001 0 0.0235 0.0040000000000000001 0
          0.0235 0 0 0.02375 0.001 0 0.02375 0.002 0 0.02375 0.0030000000000000001 0 0.02375 0.0040000000000000001 0 0.02375
          0 0 0.024000000000000004 0.001 0 0.024000000000000004 0.002 0 0.024000000000000004 0.0030000000000000001 0 0.024000000000000004 0.0040000000000000001 0 0.024000000000000004 0
          0 0.024250000000000004 0.001 0 0.024250000000000004 0.002 0 0.024250000000000004 0.0030000000000000001 0 0.024250000000000004 0.0040000000000000001 0 0.024250000000000004 0 0
          0.024500000000000001 0.001 0 0.024500000000000001 0.002 0 0.024500000000000001 0.0030000000000000001 0 0.024500000000000001 0.0040000000000000001 0 0.024500000000000001 0 0 0.024750000000000001
          0.001 0 0.024750000000000001 0.002 0 0.024750000000000001 0.0030000000000000001 0 0.024750000000000001 0.0040000000000000001 0 0.024750000000000001 0 0 0.025000000000000001 0.001
          0 0.025000000000000001 0.002 0 0.025000000000000001 0.0030000000000000001 0 0.025000000000000001 0.0040000000000000001 0 0.025000000000000001 0 0 0.025250000000000005 0.001 0
          0.025250000000000005 0.002 0 0.025250000000000005 0.0030000000000000001 0 0.025250000000000005 0.0040000000000000001 0 0.025250000000000005 0 0 0.025500000000000002 0.001 0 0.025500000000000002
          0.002 0 0.025500000000000002 0.0030000000000000001 0 0.025500000000000002 0.0040000000000000001 0 0.025500000000000002 0 0 0.025750000000000002 0.001 0 0.025750000000000002 0.002
          0 0.025750000000000002 0.0030000000000000001 0 0.025750000000000002 0.0040000000000000001 0 0.025750000000000002 0 0 0.026000000000000002 0.001 0 0.026000000000000002 0.002 0
          0.026000000000000002 0.0030000000000000001 0 0.026000000000000002 0.0040000000000000001 0 0.026000000000000002 0 0 0.026249999999999999 0.001 0 0.026249999999999999 0.002 0 0.026249999999999999
          0.0030000000000000001 0 0.026249999999999999 0.0040000000000000001 0 0.026249999999999999 0 0 0.026500000000000003 0.001 0 0.026500000000000003 0.002 0 0.026500000000000003 0.0030000000000000001
          0 0.026500000000000003 0.0040000000000000001 0 0.026500000000000003 0 0 0.026750000000000003 0.001 0 0.026750000000000003 0.002 0 0.026750000000000003 0.0030000000000000001 0
          0.026750000000000003 0.0040000000000000001 0 0.026750000000000003 0 0 0.027000000000000003 0.001 0 0.027000000000000003 0.002 0 0.027000000000000003 0.0030000000000000001 0 0.027000000000000003
          0.0040000000000000001 0 0.027000000000000003 0 0 0.02725 0.001 0 0.02725 0.002 0 0.02725 0.0030000000000000001 0 0.02725 0.0040000000000000001
          0 0.02725 0 0 0.0275 0.001 0 0.0275 0.002 0 0.0275 0.0030000000000000001 0 0.0275 0.0040000000000000001 0
          0.0275 0 0 0.027750000000000004 0.001 0 0.027750000000000004 0.002 0 0.027750000000000004 0.0030000000000000001 0 0.027750000000000004 0.0040000000000000001 0 0.027750000000000004
          0 0 0.028000000000000004 0.001 0 0.028000000000000004 0.002 0 0.028000000000000004 0.0030000000000000001 0 0.028000000000000004 0.0040000000000000001 0 0.028000000000000004 0
          0 0.028250000000000001 0.001 0 0.028250000000000001 0.002 0 0.028250000000000001 0.0030000000000000001 0 0.028250000000000001 0.0040000000000000001 0 0.028250000000000001 0 0
          0.028500000000000001 0.001 0 0.028500000000000001 0.002 0 0.028500000000000001 0.0030000000000000001 0 0.028500000000000001 0.0040000000000000001 0 0.028500000000000001 0 0 0.028750000000000001
          0.001 0 0.028750000000000001 0.002 0 0.028750000000000001 0.0030000000000000001 0 0.028750000000000001 0.0040000000000000001 0 0.028750000000000001 0 0 0.029000000000000005 0.001
          0 0.029000000000000005 0.002 0 0.029000000000000005 0.0030000000000000001 0 0.029000000000000005 0.0040000000000000001 0 0.029000000000000005 0 0 0.029250000000000002 0.001 0
          0.029250000000000002 0.002 0 0.029250000000000002 0.0030000000000000001 0 0.029250000000000002 0.0040000000000000001 0 0.029250000000000002 0 0 0.029500000000000002 0.001 0 0.029500000000000002
          0.002 0 0.029500000000000002 0.0030000000000000001 0 0.029500000000000002 0.0040000000000000001 0 0.029500000000000002 0 0 0.029750000000000002 0.001 0 0.029750000000000002 0.002
          0 0.029750000000000002 0.0030000000000000001 0 0.029750000000000002 0.0040000000000000001 0 0.029750000000000002 0 0 0.029999999999999999 0.001 0 0.029999999999999999 0.002 0
          0.029999999999999999 0.0030000000000000001 0 0.029999999999999999 0.0040000000000000001 0 0.029999999999999999 0 0 0.030250000000000003 0.001 0 0.030250000000000003 0.002 0 0.030250000000000003
          0.0030000000000000001 0 0.030250000000000003 0.0040000000000000001 0 0.030250000000000003 0 0 0.030500000000000003 0.001 0 0.030500000000000003 0.002 0 0.030500000000000003 0.0030000000000000001
          0 0.030500000000000003 0.0040000000000000001 0 0.030500000000000003 0 0 0.030750000000000003 0.001 0 0.030750000000000003 0.002 0 0.030750000000000003 0.0030000000000000001 0
          0.030750000000000003 0.0040000000000000001 0 0.030750000000000003 0 0 0.031 0.001 0 0.031 0.002 0 0.031 0.0030000000000000001 0 0.031
          0.0040000000000000001 0 0.031 0 0 0.03125 0.001 0 0.03125 0.002 0 0.03125 0.0030000000000000001 0 0.03125 0.0040000000000000001
          0 0.03125 0 0 0.0315 0.001 0 0.0315 0.002 0 0.0315 0.0030000000000000001 0 0.0315 0.0040000000000000001 0
          0.0315 0 0 0.03175 0.001 0 0.03175 0.002 0 0.03175 0.0030000000000000001 0 0.03175 0.0040000000000000001 0 0.03175
          0 0 0.032000000000000001 0.001 0 0.032000000000000001 0.002 0 0.032000000000000001 0.0030000000000000001 0 0.032000000000000001 0.0040000000000000001 0 0.032000000000000001 0
          0 0.032250000000000001 0.001 0 0.032250000000000001 0.002 0 0.032250000000000001 0.0030000000000000001 0 0.032250000000000001 0.0040000000000000001 0 0.032250000000000001 0 0
          0.032500000000000001 0.001 0 0.032500000000000001 0.002 0 0.032500000000000001 0.0030000000000000001 0 0.032500000000000001 0.0040000000000000001 0 0.032500000000000001 0 0 0.032750000000000001
          0.001 0 0.032750000000000001 0.002 0 0.032750000000000001 0.0030000000000000001 0 0.032750000000000001 0.0040000000000000001 0 0.032750000000000001 0 0 0.033000000000000002 0.001
          0 0.033000000000000002 0.002 0 0.033000000000000002 0.0030000000000000001 0 0.033000000000000002 0.0040000000000000001 0 0.033000000000000002 0 0 0.033250000000000002 0.001 0
          0.033250000000000002 0.002 0 0.033250000000000002 0.0030000000000000001 0 0.033250000000000002 0.0040000000000000001 0 0.033250000000000002 0 0 0.033500000000000002 0.001 0 0.033500000000000002
          0.002 0 0.033500000000000002 0.0030000000000000001 0 0.033500000000000002 0.0040000000000000001 0 0.033500000000000002 0 0 0.033750000000000002 0.001 0 0.033750000000000002 0.002
          0 0.033750000000000002 0.0030000000000000001 0 0.033750000000000002 0.0040000000000000001 0 0.033750000000000002 0 0 0.034000000000000002 0.001 0 0.034000000000000002 0.002 0
          0.034000000000000002 0.0030000000000000001 0 0.034000000000000002 0.0040000000000000001 0 0.034000000000000002 0 0 0.034250000000000003 0.001 0 0.034250000000000003 0.002 0 0.034250000000000003
          0.0030000000000000001 0 0.034250000000000003 0.0040000000000000001 0 0.034250000000000003 0 0 0.034500000000000003 0.001 0 0.034500000000000003 0.002 0 0.034500000000000003 0.0030000000000000001
          0 0.034500000000000003 0.0040000000000000001 0 0.034500000000000003 0 0 0.034750000000000003 0.001 0 0.034750000000000003 0.002 0 0.034750000000000003 0.0030000000000000001 0
          0.034750000000000003 0.0040000000000000001 0 0.034750000000000003 0 0 0.035000000000000003 0.001 0 0.035000000000000003 0.002 0 0.035000000000000003 0.0030000000000000001 0 0.035000000000000003
          0.0040000000000000001 0 0.035000000000000003 0 0 0.035250000000000004 0.001 0 0.035250000000000004 0.002 0 0.035250000000000004 0.0030000000000000001 0 0.035250000000000004 0.0040000000000000001
          0 0.035250000000000004 0 0 0.035500000000000004 0.001 0 0.035500000000000004 0.002 0 0.035500000000000004 0.0030000000000000001 0 0.035500000000000004 0.0040000000000000001 0
          0.035500000000000004 0 0 0.035750000000000004 0.001 0 0.035750000000000004 0.002 0 0.035750000000000004 0.0030000000000000001 0 0.035750000000000004 0.0040000000000000001 0 0.035750000000000004
          0 0 0.036000000000000004 0.001 0 0.036000000000000004 0.002 0 0.036000000000000004 0.0030000000000000001 0 0.036000000000000004 0.0040000000000000001 0 0.036000000000000004 0
          0 0.036249999999999998 0.001 0 0.036249999999999998 0.002 0 0.036249999999999998 0.0030000000000000001 0 0.036249999999999998 0.0040000000000000001 0 0.036249999999999998 0 0
          0.036500000000000005 0.001 0 0.036500000000000005 0.002 0 0.036500000000000005 0.0030000000000000001 0 0.036500000000000005 0.0040000000000000001 0 0.036500000000000005 0 0 0.036750000000000005
          0.001 0 0.036750000000000005 0.002 0 0.036750000000000005 0.0030000000000000001 0 0.036750000000000005 0.0040000000000000001 0 0.036750000000000005 0 0 0.037000000000000005 0.001
          0 0.037000000000000005 0.002 0 0.037000000000000005 0.0030000000000000001 0 0.037000000000000005 0.0040000000000000001 0 0.037000000000000005 0 0 0.037249999999999998 0.001 0
          0.037249999999999998 0.002 0 0.037249999999999998 0.0030000000000000001 0 0.037249999999999998 0.0040000000000000001 0 0.037249999999999998 0 0 0.037499999999999999 0.001 0 0.037499999999999999
          0.002 0 0.037499999999999999 0.0030000000000000001 0 0.037499999999999999 0.0040000000000000001 0 0.037499999999999999 0 0 0.037750000000000006 0.001 0 0.037750000000000006 0.002
          0 0.037750000000000006 0.0030000000000000001 0 0.037750000000000006 0.0040000000000000001 0 0.037750000000000006 0 0 0.038000000000000006 0.001 0 0.038000000000000006 0.002 0
          0.038000000000000006 0.0030000000000000001 0 0.038000000000000006 0.0040000000000000001 0 0.038000000000000006 0 0 0.038249999999999999 0.001 0 0.038249999999999999 0.002 0 0.038249999999999999
          0.0030000000000000001 0 0.038249999999999999 0.0040000000000000001 0 0.038249999999999999 0 0 0.0385 0.001 0 0.0385 0.002 0 0.0385 0.0030000000000000001
          0 0.0385 0.0040000000000000001 0 0.0385 0 0 0.03875 0.001 0 0.03875 0.002 0 0.03875 0.0030000000000000001 0
          0.03875 0.0040000000000000001 0 0.03875 0 0 0.039000000000000007 0.001 0 0.039000000000000007 0.002 0 0.039000000000000007 0.0030000000000000001 0 0.039000000000000007
          0.0040000000000000001 0 0.039000000000000007 0 0 0.03925 0.001 0 0.03925 0.002 0 0.03925 0.0030000000000000001 0 0.03925 0.0040000000000000001
          0 0.03925 0 0 0.0395 0.001 0 0.0395 0.002 0 0.0395 0.0030000000000000001 0 0.0395 0.0040000000000000001 0
          0.0395 0 0 0.039750000000000001 0.001 0 0.039750000000000001 0.002 0 0.039750000000000001 0.0030000000000000001 0 0.039750000000000001 0.0040000000000000001 0 0.039750000000000001
          0 0 0.040000000000000001 0.001 0 0.040000000000000001 0.002 0 0.040000000000000001 0.0030000000000000001 0 0.040000000000000001 0.0040000000000000001 0 0.040000000000000001 0
          0 0.040250000000000001 0.001 0 0.040250000000000001 0.002 0 0.040250000000000001 0.0030000000000000001 0 0.040250000000000001 0.0040000000000000001 0 0.040250000000000001 0 0
          0.040500000000000001 0.001 0 0.040500000000000001 0.002 0 0.040500000000000001 0.0030000000000000001 0 0.040500000000000001 0.0040000000000000001 0 0.040500000000000001 0 0 0.040750000000000001
          0.001 0 0.040750000000000001 0.002 0 0.040750000000000001 0.0030000000000000001 0 0.040750000000000001 0.0040000000000000001 0 0.040750000000000001 0 0 0.041000000000000009 0.001
          0 0.041000000000000009 0.002 0 0.041000000000000009 0.0030000000000000001 0 0.041000000000000009 0.0040000000000000001 0 0.041000000000000009 0 0 0.041250000000000002 0.001 0
          0.041250000000000002 0.002 0 0.041250000000000002 0.0030000000000000001 0 0.041250000000000002 0.0040000000000000001 0 0.041250000000000002 0 0 0.041500000000000002 0.001 0 0.041500000000000002
          0.002 0 0.041500000000000002 0.0030000000000000001 0 0.041500000000000002 0.0040000000000000001 0 0.041500000000000002 0 0 0.041749999999999995 0.001 0 0.041749999999999995 0.002
          0 0.041749999999999995 0.0030000000000000001 0 0.041749999999999995 0.0040000000000000001 0 0.041749999999999995 0 0 0.042000000000000003 0.001 0 0.042000000000000003 0.002 0
          0.042000000000000003 0.0030000000000000001 0 0.042000000000000003 0.0040000000000000001 0 0.042000000000000003 0 0 0.042250000000000003 0.001 0 0.042250000000000003 0.002 0 0.042250000000000003
          0.0030000000000000001 0 0.042250000000000003 0.0040000000000000001 0 0.042250000000000003 0 0 0.042500000000000003 0.001 0 0.042500000000000003 0.002 0 0.042500000000000003 0.0030000000000000001
          0 0.042500000000000003 0.0040000000000000001 0 0.042500000000000003 0 0 0.042750000000000003 0.001 0 0.042750000000000003 0.002 0 0.042750000000000003 0.0030000000000000001 0
          0.042750000000000003 0.0040000000000000001 0 0.042750000000000003 0 0 0.042999999999999997 0.001 0 0.042999999999999997 0.002 0 0.042999999999999997 0.0030000000000000001 0 0.042999999999999997
          0.0040000000000000001 0 0.042999999999999997 0 0 0.043250000000000004 0.001 0 0.043250000000000004 0.002 0 0.043250000000000004 0.0030000000000000001 0 0.043250000000000004 0.0040000000000000001
          0 0.043250000000000004 0 0 0.043500000000000004 0.001 0 0.043500000000000004 0.002 0 0.043500000000000004 0.0030000000000000001 0 0.043500000000000004 0.0040000000000000001 0
          0.043500000000000004 0 0 0.043749999999999997 0.001 0 0.043749999999999997 0.002 0 0.043749999999999997 0.0030000000000000001 0 0.043749999999999997 0.0040000000000000001 0 0.043749999999999997
          0 0 0.044000000000000004 0.001 0 0.044000000000000004 0.002 0 0.044000000000000004 0.0030000000000000001 0 0.044000000000000004 0.0040000000000000001 0 0.044000000000000004 0
          0 0.044249999999999998 0.001 0 0.044249999999999998 0.002 0 0.044249999999999998 0.0030000000000000001 0 0.044249999999999998 0.0040000000000000001 0 0.044249999999999998 0 0
          0.044500000000000005 0.001 0 0.044500000000000005 0.002 0 0.044500000000000005 0.0030000000000000001 0 0.044500000000000005 0.0040000000000000001 0 0.044500000000000005 0 0 0.044750000000000005
          0.001 0 0.044750000000000005 0.002 0 0.044750000000000005 0.0030000000000000001 0 0.044750000000000005 0.0040000000000000001 0 0.044750000000000005 0 0 0.044999999999999998 0.001
          0 0.044999999999999998 0.002 0 0.044999999999999998 0.0030000000000000001 0 0.044999999999999998 0.0040000000000000001 0 0.044999999999999998 0 0 0.045250000000000005 0.001 0
          0.045250000000000005 0.002 0 0.045250000000000005 0.0030000000000000001 0 0.045250000000000005 0.0040000000000000001 0 0.045250000000000005 0 0 0.045499999999999999 0.001 0 0.045499999999999999
          0.002 0 0.045499999999999999 0.0030000000000000001 0 0.045499999999999999 0.0040000000000000001 0 0.045499999999999999 0 0 0.045749999999999999 0.001 0 0.045749999999999999 0.002
          0 0.045749999999999999 0.0030000000000000001 0 0.045749999999999999 0.0040000000000000001 0 0.045749999999999999 0 0 0.046000000000000006 0.001 0 0.046000000000000006 0.002 0
          0.046000000000000006 0.0030000000000000001 0 0.046000000000000006 0.0040000000000000001 0 0.046000000000000006 0 0 0.046249999999999999 0.001 0 0.046249999999999999 0.002 0 0.046249999999999999
          0.0030000000000000001 0 0.046249999999999999 0.0040000000000000001 0 0.046249999999999999 0 0 0.046500000000000007 0.001 0 0.046500000000000007 0.002 0 0.046500000000000007 0.0030000000000000001
          0 0.046500000000000007 0.0040000000000000001 0 0.046500000000000007 0 0 0.04675 0.001 0 0.04675 0.002 0 0.04675 0.0030000000000000001 0
          0.04675 0.0040000000000000001 0 0.04675 0 0 0.047 0.001 0 0.047 0.002 0 0.047 0.0030000000000000001 0 0.047
          0.0040000000000000001 0 0.047 0 0 0.047250000000000007 0.001 0 0.047250000000000007 0.002 0 0.047250000000000007 0.0030000000000000001 0 0.047250000000000007 0.0040000000000000001
          0 0.047250000000000007 0 0 0.047500000000000001 0.001 0 0.047500000000000001 0.002 0 0.047500000000000001 0.0030000000000000001 0 0.047500000000000001 0.0040000000000000001 0
          0.047500000000000001 0 0 0.047750000000000001 0.001 0 0.047750000000000001 0.002 0 0.047750000000000001 0.0030000000000000001 0 0.047750000000000001 0.0040000000000000001 0 0.047750000000000001
          0 0 0.048000000000000008 0.001 0 0.048000000000000008 0.002 0 0.048000000000000008 0.0030000000000000001 0 0.048000000000000008 0.0040000000000000001 0 0.048000000000000008 0
          0 0.048250000000000001 0.001 0 0.048250000000000001 0.002 0 0.048250000000000001 0.0030000000000000001 0 0.048250000000000001 0.0040000000000000001 0 0.048250000000000001 0 0
          0.048500000000000008 0.001 0 0.048500000000000008 0.002 0 0.048500000000000008 0.0030000000000000001 0 0.048500000000000008 0.0040000000000000001 0 0.048500000000000008 0 0 0.048750000000000002
          0.001 0 0.048750000000000002 0.002 0 0.048750000000000002 0.0030000000000000001 0 0.048750000000000002 0.0040000000000000001 0 0.048750000000000002 0 0 0.049000000000000002 0.001
          0 0.049000000000000002 0.002 0 0.049000000000000002 0.0030000000000000001 0 0.049000000000000002 0.0040000000000000001 0 0.049000000000000002 0 0 0.049250000000000009 0.001 0
          0.049250000000000009 0.002 0 0.049250000000000009 0.0030000000000000001 0 0.049250000000000009 0.0040000000000000001 0 0.049250000000000009 0 0 0.049500000000000002 0.001 0 0.049500000000000002
          0.002 0 0.049500000000000002 0.0030000000000000001 0 0.049500000000000002 0.0040000000000000001 0 0.049500000000000002 0 0 0.049750000000000003 0.001 0 0.049750000000000003 0.002
          0 0.049750000000000003 0.0030000000000000001 0 0.049750000000000003 0.0040000000000000001 0 0.049750000000000003 0 0 0.050000000000000003 0.001 0 0.050000000000000003 0.002 0
          0.050000000000000003 0.0030000000000000001 0 0.050000000000000003 0.0040000000000000001 0 0.050000000000000003 0 0 0.050250000000000003 0.001 0 0.050250000000000003 0.002 0 0.050250000000000003
          0.0030000000000000001 0 0.050250000000000003 0.0040000000000000001 0 0.050250000000000003 0 0 0.05050000000000001 0.001 0 0.05050000000000001 0.002 0 0.05050000000000001 0.0030000000000000001
          0 0.05050000000000001 0.0040000000000000001 0 0.05050000000000001 0 0 0.050750000000000003 0.001 0 0.050750000000000003 0.002 0 0.050750000000000003 0.0030000000000000001 0
          0.050750000000000003 0.0040000000000000001 0 0.050750000000000003 0 0 0.051000000000000004 0.001 0 0.051000000000000004 0.002 0 0.051000000000000004 0.0030000000000000001 0 0.051000000000000004
          0.0040000000000000001 0 0.051000000000000004 0 0 0.051249999999999997 0.001 0 0.051249999999999997 0.002 0 0.051249999999999997 0.0030000000000000001 0 0.051249999999999997 0.0040000000000000001
          0 0.051249999999999997 0 0 0.051500000000000004 0.001 0 0.051500000000000004 0.002 0 0.051500000000000004 0.0030000000000000001 0 0.051500000000000004 0.0040000000000000001 0
          0.051500000000000004 0 0 0.051750000000000004 0.001 0 0.051750000000000004 0.002 0 0.051750000000000004 0.0030000000000000001 0 0.051750000000000004 0.0040000000000000001 0 0.051750000000000004
          0 0 0.052000000000000005 0.001 0 0.052000000000000005 0.002 0 0.052000000000000005 0.0030000000000000001 0 0.052000000000000005 0.0040000000000000001 0 0.052000000000000005 0
          0 0.052250000000000005 0.001 0 0.052250000000000005 0.002 0 0.052250000000000005 0.0030000000000000001 0 0.052250000000000005 0.0040000000000000001 0 0.052250000000000005 0 0
          0.052499999999999998 0.001 0 0.052499999999999998 0.002 0 0.052499999999999998 0.0030000000000000001 0 0.052499999999999998 0.0040000000000000001 0 0.052499999999999998 0 0 0.052750000000000005
          0.001 0 0.052750000000000005 0.002 0 0.052750000000000005 0.0030000000000000001 0 0.052750000000000005 0.0040000000000000001 0 0.052750000000000005 0 0 0.053000000000000005 0.001
          0 0.053000000000000005 0.002 0 0.053000000000000005 0.0030000000000000001 0 0.053000000000000005 0.0040000000000000001 0 0.053000000000000005 0 0 0.053249999999999999 0.001 0
          0.053249999999999999 0.002 0 0.053249999999999999 0.0030000000000000001 0 0.053249999999999999 0.0040000000000000001 0 0.053249999999999999 0 0 0.053500000000000006 0.001 0 0.053500000000000006
          0.002 0 0.053500000000000006 0.0030000000000000001 0 0.053500000000000006 0.0040000000000000001 0 0.053500000000000006 0 0 0.053749999999999999 0.001 0 0.053749999999999999 0.002
          0 0.053749999999999999 0.0030000000000000001 0 0.053749999999999999 0.0040000000000000001 0 0.053749999999999999 0 0 0.054000000000000006 0.001 0 0.054000000000000006 0.002 0
          0.054000000000000006 0.0030000000000000001 0 0.054000000000000006 0.0040000000000000001 0 0.054000000000000006 0 0 0.054250000000000007 0.001 0 0.054250000000000007 0.002 0 0.054250000000000007
          0.0030000000000000001 0 0.054250000000000007 0.0040000000000000001 0 0.054250000000000007 0 0 0.0545 0.001 0 0.0545 0.002 0 0.0545 0.0030000000000000001
          0 0.0545 0.0040000000000000001 0 0.0545 0 0 0.054750000000000007 0.001 0 0.054750000000000007 0.002 0 0.054750000000000007 0.0030000000000000001 0
          0.054750000000000007 0.0040000000000000001 0 0.054750000000000007 0 0 0.055 0.001 0 0.055 0.002 0 0.055 0.0030000000000000001 0 0.055
          0.0040000000000000001 0 0.055 0 0 0.05525 0.001 0 0.05525 0.002 0 0.05525 0.0030000000000000001 0 0.05525 0.0040000000000000001
          0 0.05525 0 0 0.055500000000000008 0.001 0 0.055500000000000008 0.002 0 0.055500000000000008 0.0030000000000000001 0 0.055500000000000008 0.0040000000000000001 0
          0.055500000000000008 0 0 0.055750000000000001 0.001 0 0.055750000000000001 0.002 0 0.055750000000000001 0.0030000000000000001 0 0.055750000000000001 0.0040000000000000001 0 0.055750000000000001
          0 0 0.056000000000000008 0.001 0 0.056000000000000008 0.002 0 0.056000000000000008 0.0030000000000000001 0 0.056000000000000008 0.0040000000000000001 0 0.056000000000000008 0
          0 0.056250000000000001 0.001 0 0.056250000000000001 0.002 0 0.056250000000000001 0.0030000000000000001 0 0.056250000000000001 0.0040000000000000001 0 0.056250000000000001 0 0
          0.056500000000000002 0.001 0 0.056500000000000002 0.002 0 0.056500000000000002 0.0030000000000000001 0 0.056500000000000002 0.0040000000000000001 0 0.056500000000000002 0 0 0.056750000000000009
          0.001 0 0.056750000000000009 0.002 0 0.056750000000000009 0.0030000000000000001 0 0.056750000000000009 0.0040000000000000001 0 0.056750000000000009 0 0 0.057000000000000002 0.001
          0 0.057000000000000002 0.002 0 0.057000000000000002 0.0030000000000000001 0 0.057000000000000002 0.0040000000000000001 0 0.057000000000000002 0 0 0.057250000000000002 0.001 0
          0.057250000000000002 0.002 0 0.057250000000000002 0.0030000000000000001 0 0.057250000000000002 0.0040000000000000001 0 0.057250000000000002 0 0 0.057500000000000002 0.001 0 0.057500000000000002
          0.002 0 0.057500000000000002 0.0030000000000000001 0 0.057500000000000002 0.0040000000000000001 0 0.057500000000000002 0 0 0.057750000000000003 0.001 0 0.057750000000000003 0.002
          0 0.057750000000000003 0.0030000000000000001 0 0.057750000000000003 0.0040000000000000001 0 0.057750000000000003 0 0 0.05800000000000001 0.001 0 0.05800000000000001 0.002 0
          0.05800000000000001 0.0030000000000000001 0 0.05800000000000001 0.0040000000000000001 0 0.05800000000000001 0 0 0.058250000000000003 0.001 0 0.058250000000000003 0.002 0 0.058250000000000003
          0.0030000000000000001 0 0.058250000000000003 0.0040000000000000001 0 0.058250000000000003 0 0 0.058500000000000003 0.001 0 0.058500000000000003 0.002 0 0.058500000000000003 0.0030000000000000001
          0 0.058500000000000003 0.0040000000000000001 0 0.058500000000000003 0 0 0.058749999999999997 0.001 0 0.058749999999999997 0.002 0 0.058749999999999997 0.0030000000000000001 0
          0.058749999999999997 0.0040000000000000001 0 0.058749999999999997 0 0 0.059000000000000004 0.001 0 0.059000000000000004 0.002 0 0.059000000000000004 0.0030000000000000001 0 0.059000000000000004
          0.0040000000000000001 0 0.059000000000000004 0 0 0.059250000000000004 0.001 0 0.059250000000000004 0.002 0 0.059250000000000004 0.0030000000000000001 0 0.059250000000000004 0.0040000000000000001
          0 0.059250000000000004 0 0 0.059500000000000004 0.001 0 0.059500000000000004 0.002 0 0.059500000000000004 0.0030000000000000001 0 0.059500000000000004 0.0040000000000000001 0
          0.059500000000000004 0 0 0.059750000000000004 0.001 0 0.059750000000000004 0.002 0 0.059750000000000004 0.0030000000000000001 0 0.059750000000000004 0.0040000000000000001 0 0.059750000000000004
          0 0 0.059999999999999998 0.001 0 0.059999999999999998 0.002 0 0.059999999999999998 0.0030000000000000001 0 0.059999999999999998 0.0040000000000000001 0 0.059999999999999998 0
          0 0.060250000000000005 0.001 0 0.060250000000000005 0.002 0 0.060250000000000005 0.0030000000000000001 0 0.060250000000000005 0.0040000000000000001 0 0.060250000000000005 0 0
          0.060500000000000005 0.001 0 0.060500000000000005 0.002 0 0.060500000000000005 0.0030000000000000001 0 0.060500000000000005 0.0040000000000000001 0 0.060500000000000005 0 0 0.060749999999999998
          0.001 0 0.060749999999999998 0.002 0 0.060749999999999998 0.0030000000000000001 0 0.060749999999999998 0.0040000000000000001 0 0.060749999999999998 0 0 0.061000000000000006 0.001
          0 0.061000000000000006 0.002 0 0.061000000000000006 0.0030000000000000001 0 0.061000000000000006 0.0040000000000000001 0 0.061000000000000006 0 0 0.061249999999999999 0.001 0
          0.061249999999999999 0.002 0 0.061249999999999999 0.0030000000000000001 0 0.061249999999999999 0.0040000000000000001 0 0.061249999999999999 0 0 0.061500000000000006 0.001 0 0.061500000000000006
          0.002 0 0.061500000000000006 0.0030000000000000001 0 0.061500000000000006 0.0040000000000000001 0 0.061500000000000006 0 0 0.061750000000000006 0.001 0 0.061750000000000006 0.002
          0 0.061750000000000006 0.0030000000000000001 0 0.061750000000000006 0.0040000000000000001 0 0.061750000000000006 0 0 0.062 0.001 0 0.062 0.002 0
          0.062 0.0030000000000000001 0 0.062 0.0040000000000000001 0 0.062 0 0 0.062250000000000007 0.001 0 0.062250000000000007 0.002 0 0.062250000000000007
          0.0030000000000000001 0 0.062250000000000007 0.0040000000000000001 0 0.062250000000000007 0 0 0.0625 0.001 0 0.0625 0.002 0 0.0625 0.0030000000000000001
          0 0.0625 0.0040000000000000001 0 0.0625 0 0 0.06275 0.001 0 0.06275 0.002 0 0.06275 0.0030000000000000001 0
          0.06275 0.0040000000000000001 0 0.06275 0 0 0.063 0.001 0 0.063 0.002 0 0.063 0.0030000000000000001 0 0.063
          0.0040000000000000001 0 0.063 0 0 0.063250000000000001 0.001 0 0.063250000000000001 0.002 0 0.063250000000000001 0.0030000000000000001 0 0.063250000000000001 0.0040000000000000001
          0 0.063250000000000001 0 0 0.063500000000000001 0.001 0 0.063500000000000001 0.002 0 0.063500000000000001 0.0030000000000000001 0 0.063500000000000001 0.0040000000000000001 0
          0.063500000000000001 0 0 0.063750000000000001 0.001 0 0.063750000000000001 0.002 0 0.063750000000000001 0.0030000000000000001 0 0.063750000000000001 0.0040000000000000001 0 0.063750000000000001
          0 0 0.064000000000000001 0.001 0 0.064000000000000001 0.002 0 0.064000000000000001 0.0030000000000000001 0 0.064000000000000001 0.0040000000000000001 0 0.064000000000000001 0
          0 0.064250000000000002 0.001 0 0.064250000000000002 0.002 0 0.064250000000000002 0.0030000000000000001 0 0.064250000000000002 0.0040000000000000001 0 0.064250000000000002 0 0
          0.064500000000000002 0.001 0 0.064500000000000002 0.002 0 0.064500000000000002 0.0030000000000000001 0 0.064500000000000002 0.0040000000000000001 0 0.064500000000000002 0 0 0.064750000000000002
          0.001 0 0.064750000000000002 0.002 0 0.064750000000000002 0.0030000000000000001 0 0.064750000000000002 0.0040000000000000001 0 0.064750000000000002 0 0 0.065000000000000002 0.001
          0 0.065000000000000002 0.002 0 0.065000000000000002 0.0030000000000000001 0 0.065000000000000002 0.0040000000000000001 0 0.065000000000000002 0 0 0.065250000000000002 0.001 0
          0.065250000000000002 0.002 0 0.065250000000000002 0.0030000000000000001 0 0.065250000000000002 0.0040000000000000001 0 0.065250000000000002 0 0 0.065500000000000003 0.001 0 0.065500000000000003
          0.002 0 0.065500000000000003 0.0030000000000000001 0 0.065500000000000003 0.0040000000000000001 0 0.065500000000000003 0 0 0.065750000000000003 0.001 0 0.065750000000000003 0.002
          0 0.065750000000000003 0.0030000000000000001 0 0.065750000000000003 0.0040000000000000001 0 0.065750000000000003 0 0 0.066000000000000003 0.001 0 0.066000000000000003 0.002 0
          0.066000000000000003 0.0030000000000000001 0 0.066000000000000003 0.0040000000000000001 0 0.066000000000000003 0 0 0.066250000000000003 0.001 0 0.066250000000000003 0.002 0 0.066250000000000003
          0.0030000000000000001 0 0.066250000000000003 0.0040000000000000001 0 0.066250000000000003 0 0 0.066500000000000004 0.001 0 0.066500000000000004 0.002 0 0.066500000000000004 0.0030000000000000001
          0 0.066500000000000004 0.0040000000000000001 0 0.066500000000000004 0 0 0.066750000000000004 0.001 0 0.066750000000000004 0.002 0 0.066750000000000004 0.0030000000000000001 0
          0.066750000000000004 0.0040000000000000001 0 0.066750000000000004 0 0 0.067000000000000004 0.001 0 0.067000000000000004 0.002 0 0.067000000000000004 0.0030000000000000001 0 0.067000000000000004
          0.0040000000000000001 0 0.067000000000000004 0 0 0.067250000000000004 0.001 0 0.067250000000000004 0.002 0 0.067250000000000004 0.0030000000000000001 0 0.067250000000000004 0.0040000000000000001
          0 0.067250000000000004 0 0 0.067500000000000004 0.001 0 0.067500000000000004 0.002 0 0.067500000000000004 0.0030000000000000001 0 0.067500000000000004 0.0040000000000000001 0
          0.067500000000000004 0 0 0.067750000000000005 0.001 0 0.067750000000000005 0.002 0 0.067750000000000005 0.0030000000000000001 0 0.067750000000000005 0.0040000000000000001 0 0.067750000000000005
          0 0 0.068000000000000005 0.001 0 0.068000000000000005 0.002 0 0.068000000000000005 0.0030000000000000001 0 0.068000000000000005 0.0040000000000000001 0 0.068000000000000005 0
          0 0.068250000000000005 0.001 0 0.068250000000000005 0.002 0 0.068250000000000005 0.0030000000000000001 0 0.068250000000000005 0.0040000000000000001 0 0.068250000000000005 0 0
          0.068500000000000005 0.001 0 0.068500000000000005 0.002 0 0.068500000000000005 0.0030000000000000001 0 0.068500000000000005 0.0040000000000000001 0 0.068500000000000005 0 0 0.068750000000000006
          0.001 0 0.068750000000000006 0.002 0 0.068750000000000006 0.0030000000000000001 0 0.068750000000000006 0.0040000000000000001 0 0.068750000000000006 0 0 0.069000000000000006 0.001
          0 0.069000000000000006 0.002 0 0.069000000000000006 0.0030000000000000001 0 0.069000000000000006 0.0040000000000000001 0 0.069000000000000006 0 0 0.069250000000000006 0.001 0
          0.069250000000000006 0.002 0 0.069250000000000006 0.0030000000000000001 0 0.069250000000000006 0.0040000000000000001 0 0.069250000000000006 0 0 0.069500000000000006 0.001 0 0.069500000000000006
          0.002 0 0.069500000000000006 0.0030000000000000001 0 0.069500000000000006 0.0040000000000000001 0 0.069500000000000006 0 0 0.069750000000000006 0.001 0 0.069750000000000006 0.002
          0 0.069750000000000006 0.0030000000000000001 0 0.069750000000000006 0.0040000000000000001 0 0.069750000000000006 0 0 0.070000000000000007 0.001 0 0.070000000000000007 0.002 0
          0.070000000000000007 0.0030000000000000001 0 0.070000000000000007 0.0040000000000000001 0 0.070000000000000007 0 0 0.070250000000000007 0.001 0 0.070250000000000007 0.002 0 0.070250000000000007
          0.0030000000000000001 0 0.070250000000000007 0.0040000000000000001 0 0.070250000000000007 0 0 0.070500000000000007 0.001 0 0.070500000000000007 0.002 0 0.070500000000000007 0.0030000000000000001
          0 0.070500000000000007 0.0040000000000000001 0 0.070500000000000007 0 0 0.070750000000000007 0.001 0 0.070750000000000007 0.002 0 0.070750000000000007 0.0030000000000000001 0
          0.070750000000000007 0.0040000000000000001 0 0.070750000000000007 0 0 0.071000000000000008 0.001 0 0.071000000000000008 0.002 0 0.071000000000000008 0.0030000000000000001 0 0.071000000000000008
          0.0040000000000000001 0 0.071000000000000008 0 0 0.071249999999999994 0.001 0 0.071249999999999994 0.002 0 0.071249999999999994 0.0030000000000000001 0 0.071249999999999994 0.0040000000000000001
          0 0.071249999999999994 0 0 0.071500000000000008 0.001 0 0.071500000000000008 0.002 0 0.071500000000000008 0.0030000000000000001 0 0.071500000000000008 0.0040000000000000001 0
          0.071500000000000008 0 0 0.071750000000000008 0.001 0 0.071750000000000008 0.002 0 0.071750000000000008 0.0030000000000000001 0 0.071750000000000008 0.0040000000000000001 0 0.071750000000000008
          0 0 0.072000000000000008 0.001 0 0.072000000000000008 0.002 0 0.072000000000000008 0.0030000000000000001 0 0.072000000000000008 0.0040000000000000001 0 0.072000000000000008 0
          0 0.072250000000000009 0.001 0 0.072250000000000009 0.002 0 0.072250000000000009 0.0030000000000000001 0 0.072250000000000009 0.0040000000000000001 0 0.072250000000000009 0 0
          0.072499999999999995 0.001 0 0.072499999999999995 0.002 0 0.072499999999999995 0.0030000000000000001 0 0.072499999999999995 0.0040000000000000001 0 0.072499999999999995 0 0 0.072750000000000009
          0.001 0 0.072750000000000009 0.002 0 0.072750000000000009 0.0030000000000000001 0 0.072750000000000009 0.0040000000000000001 0 0.072750000000000009 0 0 0.073000000000000009 0.001
          0 0.073000000000000009 0.002 0 0.073000000000000009 0.0030000000000000001 0 0.073000000000000009 0.0040000000000000001 0 0.073000000000000009 0 0 0.073249999999999996 0.001 0
          0.073249999999999996 0.002 0 0.073249999999999996 0.0030000000000000001 0 0.073249999999999996 0.0040000000000000001 0 0.073249999999999996 0 0 0.07350000000000001 0.001 0 0.07350000000000001
          0.002 0 0.07350000000000001 0.0030000000000000001 0 0.07350000000000001 0.0040000000000000001 0 0.07350000000000001 0 0 0.073749999999999996 0.001 0 0.073749999999999996 0.002
          0 0.073749999999999996 0.0030000000000000001 0 0.073749999999999996 0.0040000000000000001 0 0.073749999999999996 0 0 0.07400000000000001 0.001 0 0.07400000000000001 0.002 0
          0.07400000000000001 0.0030000000000000001 0 0.07400000000000001 0.0040000000000000001 0 0.07400000000000001 0 0 0.07425000000000001 0.001 0 0.07425000000000001 0.002 0 0.07425000000000001
          0.0030000000000000001 0 0.07425000000000001 0.0040000000000000001 0 0.07425000000000001 0 0 0.074499999999999997 0.001 0 0.074499999999999997 0.002 0 0.074499999999999997 0.0030000000000000001
          0 0.074499999999999997 0.0040000000000000001 0 0.074499999999999997 0 0 0.074750000000000011 0.001 0 0.074750000000000011 0.002 0 0.074750000000000011 0.0030000000000000001 0
          0.074750000000000011 0.0040000000000000001 0 0.074750000000000011 0 0 0.074999999999999997 0.001 0 0.074999999999999997 0.002 0 0.074999999999999997 0.0030000000000000001 0 0.074999999999999997
          0.0040000000000000001 0 0.074999999999999997 0 0 0.075249999999999997 0.001 0 0.075249999999999997 0.002 0 0.075249999999999997 0.0030000000000000001 0 0.075249999999999997 0.0040000000000000001
          0 0.075249999999999997 0 0 0.075500000000000012 0.001 0 0.075500000000000012 0.002 0 0.075500000000000012 0.0030000000000000001 0 0.075500000000000012 0.0040000000000000001 0
          0.075500000000000012 0 0 0.075749999999999998 0.001 0 0.075749999999999998 0.002 0 0.075749999999999998 0.0030000000000000001 0 0.075749999999999998 0.0040000000000000001 0 0.075749999999999998
          0 0 0.076000000000000012 0.001 0 0.076000000000000012 0.002 0 0.076000000000000012 0.0030000000000000001 0 0.076000000000000012 0.0040000000000000001 0 0.076000000000000012 0
          0 0.076249999999999998 0.001 0 0.076249999999999998 0.002 0 0.076249999999999998 0.0030000000000000001 0 0.076249999999999998 0.0040000000000000001 0 0.076249999999999998 0 0
          0.076499999999999999 0.001 0 0.076499999999999999 0.002 0 0.076499999999999999 0.0030000000000000001 0 0.076499999999999999 0.0040000000000000001 0 0.076499999999999999 0 0 0.076750000000000013
          0.001 0 0.076750000000000013 0.002 0 0.076750000000000013 0.0030000000000000001 0 0.076750000000000013 0.0040000000000000001 0 0.076750000000000013 0 0 0.076999999999999999 0.001
          0 0.076999999999999999 0.002 0 0.076999999999999999 0.0030000000000000001 0 0.076999999999999999 0.0040000000000000001 0 0.076999999999999999 0 0 0.077249999999999999 0.001 0
          0.077249999999999999 0.002 0 0.077249999999999999 0.0030000000000000001 0 0.077249999999999999 0.0040000000000000001 0 0.077249999999999999 0 0 0.077499999999999999 0.001 0 0.077499999999999999
          0.002 0 0.077499999999999999 0.0030000000000000001 0 0.077499999999999999 0.0040000000000000001 0 0.077499999999999999 0 0 0.07775 0.001 0 0.07775 0.002
          0 0.07775 0.0030000000000000001 0 0.07775 0.0040000000000000001 0 0.07775 0 0 0.078000000000000014 0.001 0 0.078000000000000014 0.002 0
          0.078000000000000014 0.0030000000000000001 0 0.078000000000000014 0.0040000000000000001 0 0.078000000000000014 0 0 0.07825 0.001 0 0.07825 0.002 0 0.07825
          0.0030000000000000001 0 0.07825 0.0040000000000000001 0 0.07825 0 0 0.0785 0.001 0 0.0785 0.002 0 0.0785 0.0030000000000000001
          0 0.0785 0.0040000000000000001 0 0.0785 0 0 0.078750000000000001 0.001 0 0.078750000000000001 0.002 0 0.078750000000000001 0.0030000000000000001 0
          0.078750000000000001 0.0040000000000000001 0 0.078750000000000001 0 0 0.079000000000000001 0.001 0 0.079000000000000001 0.002 0 0.079000000000000001 0.0030000000000000001 0 0.079000000000000001
          0.0040000000000000001 0 0.079000000000000001 0 0 0.079250000000000001 0.001 0 0.079250000000000001 0.002 0 0.079250000000000001 0.0030000000000000001 0 0.079250000000000001 0.0040000000000000001
          0 0.079250000000000001 0 0 0.079500000000000001 0.001 0 0.079500000000000001 0.002 0 0.079500000000000001 0.0030000000000000001 0 0.079500000000000001 0.0040000000000000001 0
          0.079500000000000001 0 0 0.079750000000000001 0.001 0 0.079750000000000001 0.002 0 0.079750000000000001 0.0030000000000000001 0 0.079750000000000001 0.0040000000000000001 0 0.079750000000000001
          0 0 0.080000000000000002 0.001 0 0.080000000000000002 0.002 0 0.080000000000000002 0.0030000000000000001 0 0.080000000000000002 0.0040000000000000001 0 0.080000000000000002 0
          0 0.080250000000000002 0.001 0 0.080250000000000002 0.002 0 0.080250000000000002 0.0030000000000000001 0 0.080250000000000002 0.0040000000000000001 0 0.080250000000000002 0 0
          0.080500000000000002 0.001 0 0.080500000000000002 0.002 0 0.080500000000000002 0.0030000000000000001 0 0.080500000000000002 0.0040000000000000001 0 0.080500000000000002 0 0 0.080750000000000016
          0.001 0 0.080750000000000016 0.002 0 0.080750000000000016 0.0030000000000000001 0 0.080750000000000016 0.0040000000000000001 0 0.080750000000000016 0 0 0.081000000000000003 0.001
          0 0.081000000000000003 0.002 0 0.081000000000000003 0.0030000000000000001 0 0.081000000000000003 0.0040000000000000001 0 0.081000000000000003 0 0 0.081250000000000003 0.001 0
          0.081250000000000003 0.002 0 0.081250000000000003 0.0030000000000000001 0 0.081250000000000003 0.0040000000000000001 0 0.081250000000000003 0 0 0.081500000000000003 0.001 0 0.081500000000000003
          0.002 0 0.081500000000000003 0.0030000000000000001 0 0.081500000000000003 0.0040000000000000001 0 0.081500000000000003 0 0 0.081750000000000003 0.001 0 0.081750000000000003 0.002
          0 0.081750000000000003 0.0030000000000000001 0 0.081750000000000003 0.0040000000000000001 0 0.081750000000000003 0 0 0.082000000000000017 0.001 0 0.082000000000000017 0.002 0
          0.082000000000000017 0.0030000000000000001 0 0.082000000000000017 0.0040000000000000001 0 0.082000000000000017 0 0 0.08224999999999999 0.001 0 0.08224999999999999 0.002 0 0.08224999999999999
          0.0030000000000000001 0 0.08224999999999999 0.0040000000000000001 0 0.08224999999999999 0 0 0.082500000000000004 0.001 0 0.082500000000000004 0.002 0 0.082500000000000004 0.0030000000000000001
          0 0.082500000000000004 0.0040000000000000001 0 0.082500000000000004 0 0 0.082750000000000004 0.001 0 0.082750000000000004 0.002 0 0.082750000000000004 0.0030000000000000001 0
          0.082750000000000004 0.0040000000000000001 0 0.082750000000000004 0 0 0.083000000000000004 0.001 0 0.083000000000000004 0.002 0 0.083000000000000004 0.0030000000000000001 0 0.083000000000000004
          0.0040000000000000001 0 0.083000000000000004 0 0 0.083250000000000005 0.001 0 0.083250000000000005 0.002 0 0.083250000000000005 0.0030000000000000001 0 0.083250000000000005 0.0040000000000000001
          0 0.083250000000000005 0 0 0.083499999999999991 0.001 0 0.083499999999999991 0.002 0 0.083499999999999991 0.0030000000000000001 0 0.083499999999999991 0.0040000000000000001 0
          0.083499999999999991 0 0 0.083750000000000005 0.001 0 0.083750000000000005 0.002 0 0.083750000000000005 0.0030000000000000001 0 0.083750000000000005 0.0040000000000000001 0 0.083750000000000005
          0 0 0.084000000000000005 0.001 0 0.084000000000000005 0.002 0 0.084000000000000005 0.0030000000000000001 0 0.084000000000000005 0.0040000000000000001 0 0.084000000000000005 0
          0 0.084250000000000005 0.001 0 0.084250000000000005 0.002 0 0.084250000000000005 0.0030000000000000001 0 0.084250000000000005 0.0040000000000000001 0 0.084250000000000005 0 0
          0.084500000000000006 0.001 0 0.084500000000000006 0.002 0 0.084500000000000006 0.0030000000000000001 0 0.084500000000000006 0.0040000000000000001 0 0.084500000000000006 0 0 0.084749999999999992
          0.001 0 0.084749999999999992 0.002 0 0.084749999999999992 0.0030000000000000001 0 0.084749999999999992 0.0040000000000000001 0 0.084749999999999992 0 0 0.085000000000000006 0.001
          0 0.085000000000000006 0.002 0 0.085000000000000006 0.0030000000000000001 0 0.085000000000000006 0.0040000000000000001 0 0.085000000000000006 0 0 0.085250000000000006 0.001 0
          0.085250000000000006 0.002 0 0.085250000000000006 0.0030000000000000001 0 0.085250000000000006 0.0040000000000000001 0 0.085250000000000006 0 0 0.085500000000000007 0.001 0 0.085500000000000007
          0.002 0 0.085500000000000007 0.0030000000000000001 0 0.085500000000000007 0.0040000000000000001 0 0.085500000000000007 0 0 0.085750000000000007 0.001 0 0.085750000000000007 0.002
          0 0.085750000000000007 0.0030000000000000001 0 0.085750000000000007 0.0040000000000000001 0 0.085750000000000007 0 0 0.085999999999999993 0.001 0 0.085999999999999993 0.002 0
          0.085999999999999993 0.0030000000000000001 0 0.085999999999999993 0.0040000000000000001 0 0.085999999999999993 0 0 0.086249999999999993 0.001 0 0.086249999999999993 0.002 0 0.086249999999999993
          0.0030000000000000001 0 0.086249999999999993 0.0040000000000000001 0 0.086249999999999993 0 0 0.086500000000000007 0.001 0 0.086500000000000007 0.002 0 0.086500000000000007 0.0030000000000000001
          0 0.086500000000000007 0.0040000000000000001 0 0.086500000000000007 0 0 0.086750000000000008 0.001 0 0.086750000000000008 0.002 0 0.086750000000000008 0.0030000000000000001 0
          0.086750000000000008 0.0040000000000000001 0 0.086750000000000008 0 0 0.087000000000000008 0.001 0 0.087000000000000008 0.002 0 0.087000000000000008 0.0030000000000000001 0 0.087000000000000008
          0.0040000000000000001 0 0.087000000000000008 0 0 0.087249999999999994 0.001 0 0.087249999999999994 0.002 0 0.087249999999999994 0.0030000000000000001 0 0.087249999999999994 0.0040000000000000001
          0 0.087249999999999994 0 0 0.087499999999999994 0.001 0 0.087499999999999994 0.002 0 0.087499999999999994 0.0030000000000000001 0 0.087499999999999994 0.0040000000000000001 0
          0.087499999999999994 0 0 0.087750000000000009 0.001 0 0.087750000000000009 0.002 0 0.087750000000000009 0.0030000000000000001 0 0.087750000000000009 0.0040000000000000001 0 0.087750000000000009
          0 0 0.088000000000000009 0.001 0 0.088000000000000009 0.002 0 0.088000000000000009 0.0030000000000000001 0 0.088000000000000009 0.0040000000000000001 0 0.088000000000000009 0
          0 0.088250000000000009 0.001 0 0.088250000000000009 0.002 0 0.088250000000000009 0.0030000000000000001 0 0.088250000000000009 0.0040000000000000001 0 0.088250000000000009 0 0
          0.088499999999999995 0.001 0 0.088499999999999995 0.002 0 0.088499999999999995 0.0030000000000000001 0 0.088499999999999995 0.0040000000000000001 0 0.088499999999999995 0 0 0.088749999999999996
          0.001 0 0.088749999999999996 0.002 0 0.088749999999999996 0.0030000000000000001 0 0.088749999999999996 0.0040000000000000001 0 0.088749999999999996 0 0 0.08900000000000001 0.001
          0 0.08900000000000001 0.002 0 0.08900000000000001 0.0030000000000000001 0 0.08900000000000001 0.0040000000000000001 0 0.08900000000000001 0 0 0.08925000000000001 0.001 0
          0.08925000000000001 0.002 0 0.08925000000000001 0.0030000000000000001 0 0.08925000000000001 0.0040000000000000001 0 0.08925000000000001 0 0 0.08950000000000001 0.001 0 0.08950000000000001
          0.002 0 0.08950000000000001 0.0030000000000000001 0 0.08950000000000001 0.0040000000000000001 0 0.08950000000000001 0 0 0.089749999999999996 0.001 0 0.089749999999999996 0.002
          0 0.089749999999999996 0.0030000000000000001 0 0.089749999999999996 0.0040000000000000001 0 0.089749999999999996 0 0 0.089999999999999997 0.001 0 0.089999999999999997 0.002 0
          0.089999999999999997 0.0030000000000000001 0 0.089999999999999997 0.0040000000000000001 0 0.089999999999999997 0 0 0.090249999999999997 0.001 0 0.090249999999999997 0.002 0 0.090249999999999997
          0.0030000000000000001 0 0.090249999999999997 0.0040000000000000001 0 0.090249999999999997 0 0 0.090500000000000011 0.001 0 0.090500000000000011 0.002 0 0.090500000000000011 0.0030000000000000001
          0 0.090500000000000011 0.0040000000000000001 0 0.090500000000000011 0 0 0.090750000000000011 0.001 0 0.090750000000000011 0.002 0 0.090750000000000011 0.0030000000000000001 0
          0.090750000000000011 0.0040000000000000001 0 0.090750000000000011 0 0 0.090999999999999998 0.001 0 0.090999999999999998 0.002 0 0.090999999999999998 0.0030000000000000001 0 0.090999999999999998
          0.0040000000000000001 0 0.090999999999999998 0 0 0.091249999999999998 0.001 0 0.091249999999999998 0.002 0 0.091249999999999998 0.0030000000000000001 0 0.091249999999999998 0.0040000000000000001
          0 0.091249999999999998 0 0 0.091499999999999998 0.001 0 0.091499999999999998 0.002 0 0.091499999999999998 0.0030000000000000001 0 0.091499999999999998 0.0040000000000000001 0
          0.091499999999999998 0 0 0.091750000000000012 0.001 0 0.091750000000000012 0.002 0 0.091750000000000012 0.0030000000000000001 0 0.091750000000000012 0.0040000000000000001 0 0.091750000000000012
          0 0 0.092000000000000012 0.001 0 0.092000000000000012 0.002 0 0.092000000000000012 0.0030000000000000001 0 0.092000000000000012 0.0040000000000000001 0 0.092000000000000012 0
          0 0.092249999999999999 0.001 0 0.092249999999999999 0.002 0 0.092249999999999999 0.0030000000000000001 0 0.092249999999999999 0.0040000000000000001 0 0.092249999999999999 0 0
          0.092499999999999999 0.001 0 0.092499999999999999 0.002 0 0.092499999999999999 0.0030000000000000001 0 0.092499999999999999 0.0040000000000000001 0 0.092499999999999999 0 0 0.092749999999999999
          0.001 0 0.092749999999999999 0.002 0 0.092749999999999999 0.0030000000000000001 0 0.092749999999999999 0.0040000000000000001 0 0.092749999999999999 0 0 0.093000000000000013 0.001
          0 0.093000000000000013 0.002 0 0.093000000000000013 0.0030000000000000001 0 0.093000000000000013 0.0040000000000000001 0 0.093000000000000013 0 0 0.093250000000000013 0.001 0
          0.093250000000000013 0.002 0 0.093250000000000013 0.0030000000000000001 0 0.093250000000000013 0.0040000000000000001 0 0.093250000000000013 0 0 0.0935 0.001 0 0.0935
          0.002 0 0.0935 0.0030000000000000001 0 0.0935 0.0040000000000000001 0 0.0935 0 0 0.09375 0.001 0 0.09375 0.002
          0 0.09375 0.0030000000000000001 0 0.09375 0.0040000000000000001 0 0.09375 0 0 0.094 0.001 0 0.094 0.002 0
          0.094 0.0030000000000000001 0 0.094 0.0040000000000000001 0 0.094 0 0 0.09425 0.001 0 0.09425 0.002 0 0.09425
          0.0030000000000000001 0 0.09425 0.0040000000000000001 0 0.09425 0 0 0.094500000000000015 0.001 0 0.094500000000000015 0.002 0 0.094500000000000015 0.0030000000000000001
          0 0.094500000000000015 0.0040000000000000001 0 0.094500000000000015 0 0 0.094750000000000001 0.001 0 0.094750000000000001 0.002 0 0.094750000000000001 0.0030000000000000001 0
          0.094750000000000001 0.0040000000000000001 0 0.094750000000000001 0 0 0.095000000000000001 0.001 0 0.095000000000000001 0.002 0 0.095000000000000001 0.0030000000000000001 0 0.095000000000000001
          0.0040000000000000001 0 0.095000000000000001 0 0 0.095250000000000001 0.001 0 0.095250000000000001 0.002 0 0.095250000000000001 0.0030000000000000001 0 0.095250000000000001 0.0040000000000000001
          0 0.095250000000000001 0 0 0.095500000000000002 0.001 0 0.095500000000000002 0.002 0 0.095500000000000002 0.0030000000000000001 0 0.095500000000000002 0.0040000000000000001 0
          0.095500000000000002 0 0 0.095750000000000016 0.001 0 0.095750000000000016 0.002 0 0.095750000000000016 0.0030000000000000001 0 0.095750000000000016 0.0040000000000000001 0 0.095750000000000016
          0 0 0.096000000000000016 0.001 0 0.096000000000000016 0.002 0 0.096000000000000016 0.0030000000000000001 0 0.096000000000000016 0.0040000000000000001 0 0.096000000000000016 0
          0 0.096250000000000002 0.001 0 0.096250000000000002 0.002 0 0.096250000000000002 0.0030000000000000001 0 0.096250000000000002 0.0040000000000000001 0 0.096250000000000002 0 0
          0.096500000000000002 0.001 0 0.096500000000000002 0.002 0 0.096500000000000002 0.0030000000000000001 0 0.096500000000000002 0.0040000000000000001 0 0.096500000000000002 0 0 0.096750000000000003
          0.001 0 0.096750000000000003 0.002 0 0.096750000000000003 0.0030000000000000001 0 0.096750000000000003 0.0040000000000000001 0 0.096750000000000003 0 0 0.097000000000000017 0.001
          0 0.097000000000000017 0.002 0 0.097000000000000017 0.0030000000000000001 0 0.097000000000000017 0.0040000000000000001 0 0.097000000000000017 0 0 0.097250000000000017 0.001 0
          0.097250000000000017 0.002 0 0.097250000000000017 0.0030000000000000001 0 0.097250000000000017 0.0040000000000000001 0 0.097250000000000017 0 0 0.097500000000000003 0.001 0 0.097500000000000003
          0.002 0 0.097500000000000003 0.0030000000000000001 0 0.097500000000000003 0.0040000000000000001 0 0.097500000000000003 0 0 0.097750000000000004 0.001 0 0.097750000000000004 0.002
          0 0.097750000000000004 0.0030000000000000001 0 0.097750000000000004 0.0040000000000000001 0 0.097750000000000004 0 0 0.098000000000000004 0.001 0 0.098000000000000004 0.002 0
          0.098000000000000004 0.0030000000000000001 0 0.098000000000000004 0.0040000000000000001 0 0.098000000000000004 0 0 0.098250000000000004 0.001 0 0.098250000000000004 0.002 0 0.098250000000000004
          0.0030000000000000001 0 0.098250000000000004 0.0040000000000000001 0 0.098250000000000004 0 0 0.098500000000000018 0.001 0 0.098500000000000018 0.002 0 0.098500000000000018 0.0030000000000000001
          0 0.098500000000000018 0.0040000000000000001 0 0.098500000000000018 0 0 0.098750000000000004 0.001 0 0.098750000000000004 0.002 0 0.098750000000000004 0.0030000000000000001 0
          0.098750000000000004 0.0040000000000000001 0 0.098750000000000004 0 0 0.099000000000000005 0.001 0 0.099000000000000005 0.002 0 0.099000000000000005 0.0030000000000000001 0 0.099000000000000005
          0.0040000000000000001 0 0.099000000000000005 0 0 0.099250000000000005 0.001 0 0.099250000000000005 0.002 0 0.099250000000000005 0.0030000000000000001 0 0.099250000000000005 0.0040000000000000001
          0 0.099250000000000005 0 0 0.099500000000000005 0.001 0 0.099500000000000005 0.002 0 0.099500000000000005 0.0030000000000000001 0 0.099500000000000005 0.0040000000000000001 0
          0.099500000000000005 0 0 0.099750000000000019 0.001 0 0.099750000000000019 0.002 0 0.099750000000000019 0.0030000000000000001 0 0.099750000000000019 0.0040000000000000001 0 0.099750000000000019
          0 0 0.10000000000000001 0.001 0 0.10000000000000001 0.002 0 0.10000000000000001 0.0030000000000000001 0 0.10000000000000001 0.0040000000000000001 0 0.10000000000000001 0
          0 0.10025000000000001 0.001 0 0.10025000000000001 0.002 0 0.10025000000000001 0.0030000000000000001 0 0.10025000000000001 0.0040000000000000001 0 0.10025000000000001 0 0
          0.10050000000000001 0.001 0 0.10050000000000001 0.002 0 0.10050000000000001 0.0030000000000000001 0 0.10050000000000001 0.0040000000000000001 0 0.10050000000000001 0 0 0.10075000000000001
          0.001 0 0.10075000000000001 0.002 0 0.10075000000000001 0.0030000000000000001 0 0.10075000000000001 0.0040000000000000001 0 0.10075000000000001 0 0 0.10100000000000002 0.001
          0 0.10100000000000002 0.002 0 0.10100000000000002 0.0030000000000000001 0 0.10100000000000002 0.0040000000000000001 0 0.10100000000000002 0 0 0.10125000000000001 0.001 0
          0.10125000000000001 0.002 0 0.10125000000000001 0.0030000000000000001 0 0.10125000000000001 0.0040000000000000001 0 0.10125000000000001 0 0 0.10150000000000001 0.001 0 0.10150000000000001
          0.002 0 0.10150000000000001 0.0030000000000000001 0 0.10150000000000001 0.0040000000000000001 0 0.10150000000000001 0 0 0.10175000000000001 0.001 0 0.10175000000000001 0.002
          0 0.10175000000000001 0.0030000000000000001 0 0.10175000000000001 0.0040000000000000001 0 0.10175000000000001 0 0 0.10200000000000001 0.001 0 0.10200000000000001 0.002 0
          0.10200000000000001 0.0030000000000000001 0 0.10200000000000001 0.0040000000000000001 0 0.10200000000000001 0 0 0.10225000000000001 0.001 0 0.10225000000000001 0.002 0 0.10225000000000001
          0.0030000000000000001 0 0.10225000000000001 0.0040000000000000001 0 0.10225000000000001 0 0 0.10249999999999999 0.001 0 0.10249999999999999 0.002 0 0.10249999999999999 0.0030000000000000001
          0 0.10249999999999999 0.0040000000000000001 0 0.10249999999999999 0 0 0.10275000000000001 0.001 0 0.10275000000000001 0.002 0 0.10275000000000001 0.0030000000000000001 0
          0.10275000000000001 0.0040000000000000001 0 0.10275000000000001 0 0 0.10300000000000001 0.001 0 0.10300000000000001 0.002 0 0.10300000000000001 0.0030000000000000001 0 0.10300000000000001
          0.0040000000000000001 0 0.10300000000000001 0 0 0.10325000000000001 0.001 0 0.10325000000000001 0.002 0 0.10325000000000001 0.0030000000000000001 0 0.10325000000000001 0.0040000000000000001
          0 0.10325000000000001 0 0 0.10350000000000001 0.001 0 0.10350000000000001 0.002 0 0.10350000000000001 0.0030000000000000001 0 0.10350000000000001 0.0040000000000000001 0
          0.10350000000000001 0 0 0.10375 0.001 0 0.10375 0.002 0 0.10375 0.0030000000000000001 0 0.10375 0.0040000000000000001 0 0.10375
          0 0 0.10400000000000001 0.001 0 0.10400000000000001 0.002 0 0.10400000000000001 0.0030000000000000001 0 0.10400000000000001 0.0040000000000000001 0 0.10400000000000001 0
          0 0.10425000000000001 0.001 0 0.10425000000000001 0.002 0 0.10425000000000001 0.0030000000000000001 0 0.10425000000000001 0.0040000000000000001 0 0.10425000000000001 0 0
          0.10450000000000001 0.001 0 0.10450000000000001 0.002 0 0.10450000000000001 0.0030000000000000001 0 0.10450000000000001 0.0040000000000000001 0 0.10450000000000001 0 0 0.10475000000000001
          0.001 0 0.10475000000000001 0.002 0 0.10475000000000001 0.0030000000000000001 0 0.10475000000000001 0.0040000000000000001 0 0.10475000000000001 0 0 0.105 0.001
          0 0.105 0.002 0 0.105 0.0030000000000000001 0 0.105 0.0040000000000000001 0 0.105 0 0 0.10525000000000001 0.001 0
          0.10525000000000001 0.002 0 0.10525000000000001 0.0030000000000000001 0 0.10525000000000001 0.0040000000000000001 0 0.10525000000000001 0 0 0.10550000000000001 0.001 0 0.10550000000000001
          0.002 0 0.10550000000000001 0.0030000000000000001 0 0.10550000000000001 0.0040000000000000001 0 0.10550000000000001 0 0 0.10575000000000001 0.001 0 0.10575000000000001 0.002
          0 0.10575000000000001 0.0030000000000000001 0 0.10575000000000001 0.0040000000000000001 0 0.10575000000000001 0 0 0.10600000000000001 0.001 0 0.10600000000000001 0.002 0
          0.10600000000000001 0.0030000000000000001 0 0.10600000000000001 0.0040000000000000001 0 0.10600000000000001 0 0 0.10625 0.001 0 0.10625 0.002 0 0.10625
          0.0030000000000000001 0 0.10625 0.0040000000000000001 0 0.10625 0 0 0.1065 0.001 0 0.1065 0.002 0 0.1065 0.0030000000000000001
          0 0.1065 0.0040000000000000001 0 0.1065 0 0 0.10675000000000001 0.001 0 0.10675000000000001 0.002 0 0.10675000000000001 0.0030000000000000001 0
          0.10675000000000001 0.0040000000000000001 0 0.10675000000000001 0 0 0.10700000000000001 0.001 0 0.10700000000000001 0.002 0 0.10700000000000001 0.0030000000000000001 0 0.10700000000000001
          0.0040000000000000001 0 0.10700000000000001 0 0 0.10725000000000001 0.001 0 0.10725000000000001 0.002 0 0.10725000000000001 0.0030000000000000001 0 0.10725000000000001 0.0040000000000000001
          0 0.10725000000000001 0 0 0.1075 0.001 0 0.1075 0.002 0 0.1075 0.0030000000000000001 0 0.1075 0.0040000000000000001 0
          0.1075 0 0 0.10775 0.001 0 0.10775 0.002 0 0.10775 0.0030000000000000001 0 0.10775 0.0040000000000000001 0 0.10775
          0 0 0.10800000000000001 0.001 0 0.10800000000000001 0.002 0 0.10800000000000001 0.0030000000000000001 0 0.10800000000000001 0.0040000000000000001 0 0.10800000000000001 0
          0 0.10825000000000001 0.001 0 0.10825000000000001 0.002 0 0.10825000000000001 0.0030000000000000001 0 0.10825000000000001 0.0040000000000000001 0 0.10825000000000001 0 0
          0.10850000000000001 0.001 0 0.10850000000000001 0.002 0 0.10850000000000001 0.0030000000000000001 0 0.10850000000000001 0.0040000000000000001 0 0.10850000000000001 0 0 0.10875
          0.001 0 0.10875 0.002 0 0.10875 0.0030000000000000001 0 0.10875 0.0040000000000000001 0 0.10875 0 0 0.109 0.001
          0 0.109 0.002 0 0.109 0.0030000000000000001 0 0.109 0.0040000000000000001 0 0.109 0 0 0.10925000000000001 0.001 0
          0.10925000000000001 0.002 0 0.10925000000000001 0.0030000000000000001 0 0.10925000000000001 0.0040000000000000001 0 0.10925000000000001 0 0 0.10950000000000001 0.001 0 0.10950000000000001
          0.002 0 0.10950000000000001 0.0030000000000000001 0 0.10950000000000001 0.0040000000000000001 0 0.10950000000000001 0 0 0.10975000000000001 0.001 0 0.10975000000000001 0.002
          0 0.10975000000000001 0.0030000000000000001 0 0.10975000000000001 0.0040000000000000001 0 0.10975000000000001 0 0 0.11 0.001 0 0.11 0.002 0
          0.11 0.0030000000000000001 0 0.11 0.0040000000000000001 0 0.11 0 0 0.11025 0.001 0 0.11025 0.002 0 0.11025
          0.0030000000000000001 0 0.11025 0.0040000000000000001 0 0.11025 0 0 0.1105 0.001 0 0.1105 0.002 0 0.1105 0.0030000000000000001
          0 0.1105 0.0040000000000000001 0 0.1105 0 0 0.11075000000000002 0.001 0 0.11075000000000002 0.002 0 0.11075000000000002 0.0030000000000000001 0
          0.11075000000000002 0.0040000000000000001 0 0.11075000000000002 0 0 0.11100000000000002 0.001 0 0.11100000000000002 0.002 0 0.11100000000000002 0.0030000000000000001 0 0.11100000000000002
          0.0040000000000000001 0 0.11100000000000002 0 0 0.11125 0.001 0 0.11125 0.002 0 0.11125 0.0030000000000000001 0 0.11125 0.0040000000000000001
          0 0.11125 0 0 0.1115 0.001 0 0.1115 0.002 0 0.1115 0.0030000000000000001 0 0.1115 0.0040000000000000001 0
          0.1115 0 0 0.11175 0.001 0 0.11175 0.002 0 0.11175 0.0030000000000000001 0 0.11175 0.0040000000000000001 0 0.11175
          0 0 0.11200000000000002 0.001 0 0.11200000000000002 0.002 0 0.11200000000000002 0.0030000000000000001 0 0.11200000000000002 0.0040000000000000001 0 0.11200000000000002 0
          0 0.11225000000000002 0.001 0 0.11225000000000002 0.002 0 0.11225000000000002 0.0030000000000000001 0 0.11225000000000002 0.0040000000000000001 0 0.11225000000000002 0 0
          0.1125 0.001 0 0.1125 0.002 0 0.1125 0.0030000000000000001 0 0.1125 0.0040000000000000001 0 0.1125 0 0 0.11275
          0.001 0 0.11275 0.002 0 0.11275 0.0030000000000000001 0 0.11275 0.0040000000000000001 0 0.11275 0 0 0.113 0.001
          0 0.113 0.002 0 0.113 0.0030000000000000001 0 0.113 0.0040000000000000001 0 0.113 0 0 0.11325000000000002 0.001 0
          0.11325000000000002 0.002 0 0.11325000000000002 0.0030000000000000001 0 0.11325000000000002 0.0040000000000000001 0 0.11325000000000002 0 0 0.11350000000000002 0.001 0 0.11350000000000002
          0.002 0 0.11350000000000002 0.0030000000000000001 0 0.11350000000000002 0.0040000000000000001 0 0.11350000000000002 0 0 0.11375 0.001 0 0.11375 0.002
          0 0.11375 0.0030000000000000001 0 0.11375 0.0040000000000000001 0 0.11375 0 0 0.114 0.001 0 0.114 0.002 0
          0.114 0.0030000000000000001 0 0.114 0.0040000000000000001 0 0.114 0 0 0.11425 0.001 0 0.11425 0.002 0 0.11425
          0.0030000000000000001 0 0.11425 0.0040000000000000001 0 0.11425 0 0 0.1145 0.001 0 0.1145 0.002 0 0.1145 0.0030000000000000001
          0 0.1145 0.0040000000000000001 0 0.1145 0 0 0.11475000000000002 0.001 0 0.11475000000000002 0.002 0 0.11475000000000002 0.0030000000000000001 0
          0.11475000000000002 0.0040000000000000001 0 0.11475000000000002 0 0 0.115 0.001 0 0.115 0.002 0 0.115 0.0030000000000000001 0 0.115
          0.0040000000000000001 0 0.115 0 0 0.11525000000000001 0.001 0 0.11525000000000001 0.002 0 0.11525000000000001 0.0030000000000000001 0 0.11525000000000001 0.0040000000000000001
          0 0.11525000000000001 0 0 0.11550000000000001 0.001 0 0.11550000000000001 0.002 0 0.11550000000000001 0.0030000000000000001 0 0.11550000000000001 0.0040000000000000001 0
          0.11550000000000001 0 0 0.11575000000000001 0.001 0 0.11575000000000001 0.002 0 0.11575000000000001 0.0030000000000000001 0 0.11575000000000001 0.0040000000000000001 0 0.11575000000000001
          0 0 0.11600000000000002 0.001 0 0.11600000000000002 0.002 0 0.11600000000000002 0.0030000000000000001 0 0.11600000000000002 0.0040000000000000001 0 0.11600000000000002 0
          0 0.11625000000000001 0.001 0 0.11625000000000001 0.002 0 0.11625000000000001 0.0030000000000000001 0 0.11625000000000001 0.0040000000000000001 0 0.11625000000000001 0 0
          0.11650000000000001 0.001 0 0.11650000000000001 0.002 0 0.11650000000000001 0.0030000000000000001 0 0.11650000000000001 0.0040000000000000001 0 0.11650000000000001 0 0 0.11675000000000001
          0.001 0 0.11675000000000001 0.002 0 0.11675000000000001 0.0030000000000000001 0 0.11675000000000001 0.0040000000000000001 0 0.11675000000000001 0 0 0.11700000000000001 0.001
          0 0.11700000000000001 0.002 0 0.11700000000000001 0.0030000000000000001 0 0.11700000000000001 0.0040000000000000001 0 0.11700000000000001 0 0 0.11725000000000002 0.001 0
          0.11725000000000002 0.002 0 0.11725000000000002 0.0030000000000000001 0 0.11725000000000002 0.0040000000000000001 0 0.11725000000000002 0 0 0.11749999999999999 0.001 0 0.11749999999999999
          0.002 0 0.11749999999999999 0.0030000000000000001 0 0.11749999999999999 0.0040000000000000001 0 0.11749999999999999 0 0 0.11775000000000001 0.001 0 0.11775000000000001 0.002
          0 0.11775000000000001 0.0030000000000000001 0 0.11775000000000001 0.0040000000000000001 0 0.11775000000000001 0 0 0.11800000000000001 0.001 0 0.11800000000000001 0.002 0
          0.11800000000000001 0.0030000000000000001 0 0.11800000000000001 0.0040000000000000001 0 0.11800000000000001 0 0 0.11825000000000001 0.001 0 0.11825000000000001 0.002 0 0.11825000000000001
          0.0030000000000000001 0 0.11825000000000001 0.0040000000000000001 0 0.11825000000000001 0 0 0.11850000000000001 0.001 0 0.11850000000000001 0.002 0 0.11850000000000001 0.0030000000000000001
          0 0.11850000000000001 0.0040000000000000001 0 0.11850000000000001 0 0 0.11874999999999999 0.001 0 0.11874999999999999 0.002 0 0.11874999999999999 0.0030000000000000001 0
          0.11874999999999999 0.0040000000000000001 0 0.11874999999999999 0 0 0.11900000000000001 0.001 0 0.11900000000000001 0.002 0 0.11900000000000001 0.0030000000000000001 0 0.11900000000000001
          0.0040000000000000001 0 0.11900000000000001 0 0 0.11925000000000001 0.001 0 0.11925000000000001 0.002 0 0.11925000000000001 0.0030000000000000001 0 0.11925000000000001 0.0040000000000000001
          0 0.11925000000000001 0 0 0.11950000000000001 0.001 0 0.11950000000000001 0.002 0 0.11950000000000001 0.0030000000000000001 0 0.11950000000000001 0.0040000000000000001 0
          0.11950000000000001 0 0 0.11975000000000001 0.001 0 0.11975000000000001 0.002 0 0.11975000000000001 0.0030000000000000001 0 0.11975000000000001 0.0040000000000000001 0 0.11975000000000001
          0 0 0.12 0.001 0 0.12 0.002 0 0.12 0.0030000000000000001 0 0.12 0.0040000000000000001 0 0.12 0
          0 0.12025000000000001 0.001 0 0.12025000000000001 0.002 0 0.12025000000000001 0.0030000000000000001 0 0.12025000000000001 0.0040000000000000001 0 0.12025000000000001 0 0
          0.12050000000000001 0.001 0 0.12050000000000001 0.002 0 0.12050000000000001 0.0030000000000000001 0 0.12050000000000001 0.0040000000000000001 0 0.12050000000000001 0 0 0.12075000000000001
          0.001 0 0.12075000000000001 0.002 0 0.12075000000000001 0.0030000000000000001 0 0.12075000000000001 0.0040000000000000001 0 0.12075000000000001 0 0 0.12100000000000001 0.001
          0 0.12100000000000001 0.002 0 0.12100000000000001 0.0030000000000000001 0 0.12100000000000001 0.0040000000000000001 0 0.12100000000000001 0 0 0.12125 0.001 0
          0.12125 0.002 0 0.12125 0.0030000000000000001 0 0.12125 0.0040000000000000001 0 0.12125 0 0 0.1215 0.001 0 0.1215
          0.002 0 0.1215 0.0030000000000000001 0 0.1215 0.0040000000000000001 0 0.1215 0 0 0.12175000000000001 0.001 0 0.12175000000000001 0.002
          0 0.12175000000000001 0.0030000000000000001 0 0.12175000000000001 0.0040000000000000001 0 0.12175000000000001 0 0 0.12200000000000001 0.001 0 0.12200000000000001 0.002 0
          0.12200000000000001 0.0030000000000000001 0 0.12200000000000001 0.0040000000000000001 0 0.12200000000000001 0 0 0.12225000000000001 0.001 0 0.12225000000000001 0.002 0 0.12225000000000001
          0.0030000000000000001 0 0.12225000000000001 0.0040000000000000001 0 0.12225000000000001 0 0 0.1225 0.001 0 0.1225 0.002 0 0.1225 0.0030000000000000001
          0 0.1225 0.0040000000000000001 0 0.1225 0 0 0.12275 0.001 0 0.12275 0.002 0 0.12275 0.0030000000000000001 0
          0.12275 0.0040000000000000001 0 0.12275 0 0 0.12300000000000001 0.001 0 0.12300000000000001 0.002 0 0.12300000000000001 0.0030000000000000001 0 0.12300000000000001
          0.0040000000000000001 0 0.12300000000000001 0 0 0.12325000000000001 0.001 0 0.12325000000000001 0.002 0 0.12325000000000001 0.0030000000000000001 0 0.12325000000000001 0.0040000000000000001
          0 0.12325000000000001 0 0 0.12350000000000001 0.001 0 0.12350000000000001 0.002 0 0.12350000000000001 0.0030000000000000001 0 0.12350000000000001 0.0040000000000000001 0
          0.12350000000000001 0 0 0.12375 0.001 0 0.12375 0.002 0 0.12375 0.0030000000000000001 0 0.12375 0.0040000000000000001 0 0.12375
          0 0 0.124 0.001 0 0.124 0.002 0 0.124 0.0030000000000000001 0 0.124 0.0040000000000000001 0 0.124 0
          0 0.12425000000000001 0.001 0 0.12425000000000001 0.002 0 0.12425000000000001 0.0030000000000000001 0 0.12425000000000001 0.0040000000000000001 0 0.12425000000000001 0 0
          0.12450000000000001 0.001 0 0.12450000000000001 0.002 0 0.12450000000000001 0.0030000000000000001 0 0.12450000000000001 0.0040000000000000001 0 0.12450000000000001 0 0 0.12475000000000001
          0.001 0 0.12475000000000001 0.002 0 0.12475000000000001 0.0030000000000000001 0 0.12475000000000001 0.0040000000000000001 0 0.12475000000000001 0 0 0.125 0.001
          0 0.125 0.002 0 0.125 0.0030000000000000001 0 0.125 0.0040000000000000001 0 0.125 0 0 0.12525 0.001 0
          0.12525 0.002 0 0.12525 0.0030000000000000001 0 0.12525 0.0040000000000000001 0 0.12525 0 0 0.1255 0.001 0 0.1255
          0.002 0 0.1255 0.0030000000000000001 0 0.1255 0.0040000000000000001 0 0.1255 0 0 0.12575 0.001 0 0.12575 0.002
          0 0.12575 0.0030000000000000001 0 0.12575 0.0040000000000000001 0 0.12575 0 0 0.126 0.001 0 0.126 0.002 0
          0.126 0.0030000000000000001 0 0.126 0.0040000000000000001 0 0.126 0 0 0.12625 0.001 0 0.12625 0.002 0 0.12625
          0.0030000000000000001 0 0.12625 0.0040000000000000001 0 0.12625 0 0 0.1265 0.001 0 0.1265 0.002 0 0.1265 0.0030000000000000001
          0 0.1265 0.0040000000000000001 0 0.1265 0 0 0.12675 0.001 0 0.12675 0.002 0 0.12675 0.0030000000000000001 0
          0.12675 0.0040000000000000001 0 0.12675 0 0 0.127 0.001 0 0.127 0.002 0 0.127 0.0030000000000000001 0 0.127
          0.0040000000000000001 0 0.127 0 0 0.12725 0.001 0 0.12725 0.002 0 0.12725 0.0030000000000000001 0 0.12725 0.0040000000000000001
          0 0.12725 0 0 0.1275 0.001 0 0.1275 0.002 0 0.1275 0.0030000000000000001 0 0.1275 0.0040000000000000001 0
          0.1275 0 0 0.12775 0.001 0 0.12775 0.002 0 0.12775 0.0030000000000000001 0 0.12775 0.0040000000000000001 0 0.12775
          0 0 0.128 0.001 0 0.128 0.002 0 0.128 0.0030000000000000001 0 0.128 0.0040000000000000001 0 0.128 0
          0 0.12825 0.001 0 0.12825 0.002 0 0.12825 0.0030000000000000001 0 0.12825 0.0040000000000000001 0 0.12825 0 0
          0.1285 0.001 0 0.1285 0.002 0 0.1285 0.0030000000000000001 0 0.1285 0.0040000000000000001 0 0.1285 0 0 0.12875
          0.001 0 0.12875 0.002 0 0.12875 0.0030000000000000001 0 0.12875 0.0040000000000000001 0 0.12875 0 0 0.129 0.001
          0 0.129 0.002 0 0.129 0.0030000000000000001 0 0.129 0.0040000000000000001 0 0.129 0 0 0.12925 0.001 0
          0.12925 0.002 0 0.12925 0.0030000000000000001 0 0.12925 0.0040000000000000001 0 0.12925 0 0 0.1295 0.001 0 0.1295
          0.002 0 0.1295 0.0030000000000000001 0 0.1295 0.0040000000000000001 0 0.1295 0 0 0.12975 0.001 0 0.12975 0.002
          0 0.12975 0.0030000000000000001 0 0.12975 0.0040000000000000001 0 0.12975 0 0 0.13 0.001 0 0.13 0.002 0
          0.13 0.0030000000000000001 0 0.13 0.0040000000000000001 0 0.13 0 0 0.13025 0.001 0 0.13025 0.002 0 0.13025
          0.0030000000000000001 0 0.13025 0.0040000000000000001 0 0.13025 0 0 0.1305 0.001 0 0.1305 0.002 0 0.1305 0.0030000000000000001
          0 0.1305 0.0040000000000000001 0 0.1305 0 0 0.13075000000000001 0.001 0 0.13075000000000001 0.002 0 0.13075000000000001 0.0030000000000000001 0
          0.13075000000000001 0.0040000000000000001 0 0.13075000000000001 0 0 0.13100000000000001 0.001 0 0.13100000000000001 0.002 0 0.13100000000000001 0.0030000000000000001 0 0.13100000000000001
          0.0040000000000000001 0 0.13100000000000001 0 0 0.13125000000000001 0.001 0 0.13125000000000001 0.002 0 0.13125000000000001 0.0030000000000000001 0 0.13125000000000001 0.0040000000000000001
          0 0.13125000000000001 0 0 0.13150000000000001 0.001 0 0.13150000000000001 0.002 0 0.13150000000000001 0.0030000000000000001 0 0.13150000000000001 0.0040000000000000001 0
          0.13150000000000001 0 0 0.13175000000000001 0.001 0 0.13175000000000001 0.002 0 0.13175000000000001 0.0030000000000000001 0 0.13175000000000001 0.0040000000000000001 0 0.13175000000000001
          0 0 0.13200000000000001 0.001 0 0.13200000000000001 0.002 0 0.13200000000000001 0.0030000000000000001 0 0.13200000000000001 0.0040000000000000001 0 0.13200000000000001 0
          0 0.13225000000000001 0.001 0 0.13225000000000001 0.002 0 0.13225000000000001 0.0030000000000000001 0 0.13225000000000001 0.0040000000000000001 0 0.13225000000000001 0 0
          0.13250000000000001 0.001 0 0.13250000000000001 0.002 0 0.13250000000000001 0.0030000000000000001 0 0.13250000000000001 0.0040000000000000001 0 0.13250000000000001 0 0 0.13275000000000001
          0.001 0 0.13275000000000001 0.002 0 0.13275000000000001 0.0030000000000000001 0 0.13275000000000001 0.0040000000000000001 0 0.13275000000000001 0 0 0.13300000000000001 0.001
          0 0.13300000000000001 0.002 0 0.13300000000000001 0.0030000000000000001 0 0.13300000000000001 0.0040000000000000001 0 0.13300000000000001 0 0 0.13325000000000001 0.001 0
          0.13325000000000001 0.002 0 0.13325000000000001 0.0030000000000000001 0 0.13325000000000001 0.0040000000000000001 0 0.13325000000000001 0 0 0.13350000000000001 0.001 0 0.13350000000000001
          0.002 0 0.13350000000000001 0.0030000000000000001 0 0.13350000000000001 0.0040000000000000001 0 0.13350000000000001 0 0 0.13375000000000001 0.001 0 0.13375000000000001 0.002
          0 0.13375000000000001 0.0030000000000000001 0 0.13375000000000001 0.0040000000000000001 0 0.13375000000000001 0 0 0.13400000000000001 0.001 0 0.13400000000000001 0.002 0
          0.13400000000000001 0.0030000000000000001 0 0.13400000000000001 0.0040000000000000001 0 0.13400000000000001 0 0 0.13425000000000001 0.001 0 0.13425000000000001 0.002 0 0.13425000000000001
          0.0030000000000000001 0 0.13425000000000001 0.0040000000000000001 0 0.13425000000000001 0 0 0.13450000000000001 0.001 0 0.13450000000000001 0.002 0 0.13450000000000001 0.0030000000000000001
          0 0.13450000000000001 0.0040000000000000001 0 0.13450000000000001 0 0 0.13475000000000001 0.001 0 0.13475000000000001 0.002 0 0.13475000000000001 0.0030000000000000001 0
          0.13475000000000001 0.0040000000000000001 0 0.13475000000000001 0 0 0.13500000000000001 0.001 0 0.13500000000000001 0.002 0 0.13500000000000001 0.0030000000000000001 0 0.13500000000000001
          0.0040000000000000001 0 0.13500000000000001 0 0 0.13525000000000001 0.001 0 0.13525000000000001 0.002 0 0.13525000000000001 0.0030000000000000001 0 0.13525000000000001 0.0040000000000000001
          0 0.13525000000000001 0 0 0.13550000000000001 0.001 0 0.13550000000000001 0.002 0 0.13550000000000001 0.0030000000000000001 0 0.13550000000000001 0.0040000000000000001 0
          0.13550000000000001 0 0 0.13575000000000001 0.001 0 0.13575000000000001 0.002 0 0.13575000000000001 0.0030000000000000001 0 0.13575000000000001 0.0040000000000000001 0 0.13575000000000001
          0 0 0.13600000000000001 0.001 0 0.13600000000000001 0.002 0 0.13600000000000001 0.0030000000000000001 0 0.13600000000000001 0.0040000000000000001 0 0.13600000000000001 0
          0 0.13625000000000001 0.001 0 0.13625000000000001 0.002 0 0.13625000000000001 0.0030000000000000001 0 0.13625000000000001 0.0040000000000000001 0 0.13625000000000001 0 0
          0.13650000000000001 0.001 0 0.13650000000000001 0.002 0 0.13650000000000001 0.0030000000000000001 0 0.13650000000000001 0.0040000000000000001 0 0.13650000000000001 0 0 0.13675000000000001
          0.001 0 0.13675000000000001 0.002 0 0.13675000000000001 0.0030000000000000001 0 0.13675000000000001 0.0040000000000000001 0 0.13675000000000001 0 0 0.13700000000000001 0.001
          0 0.13700000000000001 0.002 0 0.13700000000000001 0.0030000000000000001 0 0.13700000000000001 0.0040000000000000001 0 0.13700000000000001 0 0 0.13725000000000001 0.001 0
          0.13725000000000001 0.002 0 0.13725000000000001 0.0030000000000000001 0 0.13725000000000001 0.0040000000000000001 0 0.13725000000000001 0 0 0.13750000000000001 0.001 0 0.13750000000000001
          0.002 0 0.13750000000000001 0.0030000000000000001 0 0.13750000000000001 0.0040000000000000001 0 0.13750000000000001 0 0 0.13775000000000001 0.001 0 0.13775000000000001 0.002
          0 0.13775000000000001 0.0030000000000000001 0 0.13775000000000001 0.0040000000000000001 0 0.13775000000000001 0 0 0.13800000000000001 0.001 0 0.13800000000000001 0.002 0
          0.13800000000000001 0.0030000000000000001 0 0.13800000000000001 0.0040000000000000001 0 0.13800000000000001 0 0 0.13825000000000001 0.001 0 0.13825000000000001 0.002 0 0.13825000000000001
          0.0030000000000000001 0 0.13825000000000001 0.0040000000000000001 0 0.13825000000000001 0 0 0.13850000000000001 0.001 0 0.13850000000000001 0.002 0 0.13850000000000001 0.0030000000000000001
          0 0.13850000000000001 0.0040000000000000001 0 0.13850000000000001 0 0 0.13875000000000001 0.001 0 0.13875000000000001 0.002 0 0.13875000000000001 0.0030000000000000001 0
          0.13875000000000001 0.0040000000000000001 0 0.13875000000000001 0 0 0.13900000000000001 0.001 0 0.13900000000000001 0.002 0 0.13900000000000001 0.0030000000000000001 0 0.13900000000000001
          0.0040000000000000001 0 0.13900000000000001 0 0 0.13925000000000001 0.001 0 0.13925000000000001 0.002 0 0.13925000000000001 0.0030000000000000001 0 0.13925000000000001 0.0040000000000000001
          0 0.13925000000000001 0 0 0.13950000000000001 0.001 0 0.13950000000000001 0.002 0 0.13950000000000001 0.0030000000000000001 0 0.13950000000000001 0.0040000000000000001 0
          0.13950000000000001 0 0 0.13975000000000001 0.001 0 0.13975000000000001 0.002 0 0.13975000000000001 0.0030000000000000001 0 0.13975000000000001 0.0040000000000000001 0 0.13975000000000001
          0 0 0.14000000000000001 0.001 0 0.14000000000000001 0.002 0 0.14000000000000001 0.0030000000000000001 0 0.14000000000000001 0.0040000000000000001 0 0.14000000000000001 0
          0 0.14025000000000001 0.001 0 0.14025000000000001 0.002 0 0.14025000000000001 0.0030000000000000001 0 0.14025000000000001 0.0040000000000000001 0 0.14025000000000001 0 0
          0.14050000000000001 0.001 0 0.14050000000000001 0.002 0 0.14050000000000001 0.0030000000000000001 0 0.14050000000000001 0.0040000000000000001 0 0.14050000000000001 0 0 0.14075000000000001
          0.001 0 0.14075000000000001 0.002 0 0.14075000000000001 0.0030000000000000001 0 0.14075000000000001 0.0040000000000000001 0 0.14075000000000001 0 0 0.14100000000000001 0.001
          0 0.14100000000000001 0.002 0 0.14100000000000001 0.0030000000000000001 0 0.14100000000000001 0.0040000000000000001 0 0.14100000000000001 0 0 0.14124999999999999 0.001 0
          0.14124999999999999 0.002 0 0.14124999999999999 0.0030000000000000001 0 0.14124999999999999 0.0040000000000000001 0 0.14124999999999999 0 0 0.14150000000000001 0.001 0 0.14150000000000001
          0.002 0 0.14150000000000001 0.0030000000000000001 0 0.14150000000000001 0.0040000000000000001 0 0.14150000000000001 0 0 0.14175000000000001 0.001 0 0.14175000000000001 0.002
          0 0.14175000000000001 0.0030000000000000001 0 0.14175000000000001 0.0040000000000000001 0 0.14175000000000001 0 0 0.14200000000000002 0.001 0 0.14200000000000002 0.002 0
          0.14200000000000002 0.0030000000000000001 0 0.14200000000000002 0.0040000000000000001 0 0.14200000000000002 0 0 0.14225000000000002 0.001 0 0.14225000000000002 0.002 0 0.14225000000000002
          0.0030000000000000001 0 0.14225000000000002 0.0040000000000000001 0 0.14225000000000002 0 0 0.14249999999999999 0.001 0 0.14249999999999999 0.002 0 0.14249999999999999 0.0030000000000000001
          0 0.14249999999999999 0.0040000000000000001 0 0.14249999999999999 0 0 0.14275000000000002 0.001 0 0.14275000000000002 0.002 0 0.14275000000000002 0.0030000000000000001 0
          0.14275000000000002 0.0040000000000000001 0 0.14275000000000002 0 0 0.14300000000000002 0.001 0 0.14300000000000002 0.002 0 0.14300000000000002 0.0030000000000000001 0 0.14300000000000002
          0.0040000000000000001 0 0.14300000000000002 0 0 0.14325000000000002 0.001 0 0.14325000000000002 0.002 0 0.14325000000000002 0.0030000000000000001 0 0.14325000000000002 0.0040000000000000001
          0 0.14325000000000002 0 0 0.14350000000000002 0.001 0 0.14350000000000002 0.002 0 0.14350000000000002 0.0030000000000000001 0 0.14350000000000002 0.0040000000000000001 0
          0.14350000000000002 0 0 0.14374999999999999 0.001 0 0.14374999999999999 0.002 0 0.14374999999999999 0.0030000000000000001 0 0.14374999999999999 0.0040000000000000001 0 0.14374999999999999
          0 0 0.14400000000000002 0.001 0 0.14400000000000002 0.002 0 0.14400000000000002 0.0030000000000000001 0 0.14400000000000002 0.0040000000000000001 0 0.14400000000000002 0
          0 0.14425000000000002 0.001 0 0.14425000000000002 0.002 0 0.14425000000000002 0.0030000000000000001 0 0.14425000000000002 0.0040000000000000001 0 0.14425000000000002 0 0
          0.14450000000000002 0.001 0 0.14450000000000002 0.002 0 0.14450000000000002 0.0030000000000000001 0 0.14450000000000002 0.0040000000000000001 0 0.14450000000000002 0 0 0.14475000000000002
          0.001 0 0.14475000000000002 0.002 0 0.14475000000000002 0.0030000000000000001 0 0.14475000000000002 0.0040000000000000001 0 0.14475000000000002 0 0 0.14499999999999999 0.001
          0 0.14499999999999999 0.002 0 0.14499999999999999 0.0030000000000000001 0 0.14499999999999999 0.0040000000000000001 0 0.14499999999999999 0 0 0.14524999999999999 0.001 0
          0.14524999999999999 0.002 0 0.14524999999999999 0.0030000000000000001 0 0.14524999999999999 0.0040000000000000001 0 0.14524999999999999 0 0 0.14550000000000002 0.001 0 0.14550000000000002
          0.002 0 0.14550000000000002 0.0030000000000000001 0 0.14550000000000002 0.0040000000000000001 0 0.14550000000000002 0 0 0.14575000000000002 0.001 0 0.14575000000000002 0.002
          0 0.14575000000000002 0.0030000000000000001 0 0.14575000000000002 0.0040000000000000001 0 0.14575000000000002 0 0 0.14600000000000002 0.001 0 0.14600000000000002 0.002 0
          0.14600000000000002 0.0030000000000000001 0 0.14600000000000002 0.0040000000000000001 0 0.14600000000000002 0 0 0.14624999999999999 0.001 0 0.14624999999999999 0.002 0 0.14624999999999999
          0.0030000000000000001 0 0.14624999999999999 0.0040000000000000001 0 0.14624999999999999 0 0 0.14649999999999999 0.001 0 0.14649999999999999 0.002 0 0.14649999999999999 0.0030000000000000001
          0 0.14649999999999999 0.0040000000000000001 0 0.14649999999999999 0 0 0.14675000000000002 0.001 0 0.14675000000000002 0.002 0 0.14675000000000002 0.0030000000000000001 0
          0.14675000000000002 0.0040000000000000001 0 0.14675000000000002 0 0 0.14700000000000002 0.001 0 0.14700000000000002 0.002 0 0.14700000000000002 0.0030000000000000001 0 0.14700000000000002
          0.0040000000000000001 0 0.14700000000000002 0 0 0.14725000000000002 0.001 0 0.14725000000000002 0.002 0 0.14725000000000002 0.0030000000000000001 0 0.14725000000000002 0.0040000000000000001
          0 0.14725000000000002 0 0 0.14749999999999999 0.001 0 0.14749999999999999 0.002 0 0.14749999999999999 0.0030000000000000001 0 0.14749999999999999 0.0040000000000000001 0
          0.14749999999999999 0 0 0.14774999999999999 0.001 0 0.14774999999999999 0.002 0 0.14774999999999999 0.0030000000000000001 0 0.14774999999999999 0.0040000000000000001 0 0.14774999999999999
          0 0 0.14800000000000002 0.001 0 0.14800000000000002 0.002 0 0.14800000000000002 0.0030000000000000001 0 0.14800000000000002 0.0040000000000000001 0 0.14800000000000002 0
          0 0.14825000000000002 0.001 0 0.14825000000000002 0.002 0 0.14825000000000002 0.0030000000000000001 0 0.14825000000000002 0.0040000000000000001 0 0.14825000000000002 0 0
          0.14850000000000002 0.001 0 0.14850000000000002 0.002 0 0.14850000000000002 0.0030000000000000001 0 0.14850000000000002 0.0040000000000000001 0 0.14850000000000002 0 0 0.14874999999999999
          0.001 0 0.14874999999999999 0.002 0 0.14874999999999999 0.0030000000000000001 0 0.14874999999999999 0.0040000000000000001 0 0.14874999999999999 0 0 0.14899999999999999 0.001
          0 0.14899999999999999 0.002 0 0.14899999999999999 0.0030000000000000001 0 0.14899999999999999 0.0040000000000000001 0 0.14899999999999999 0 0 0.14924999999999999 0.001 0
          0.14924999999999999 0.002 0 0.14924999999999999 0.0030000000000000001 0 0.14924999999999999 0.0040000000000000001 0 0.14924999999999999 0 0 0.14950000000000002 0.001 0 0.14950000000000002
          0.002 0 0.14950000000000002 0.0030000000000000001 0 0.14950000000000002 0.0040000000000000001 0 0.14950000000000002 0 0 0.14975000000000002 0.001 0 0.14975000000000002 0.002
          0 0.14975000000000002 0.0030000000000000001 0 0.14975000000000002 0.0040000000000000001 0 0.14975000000000002 0 0 0.14999999999999999 0.001 0 0.14999999999999999 0.002 0
          0.14999999999999999 0.0030000000000000001 0 0.14999999999999999 0.0040000000000000001 0 0.14999999999999999 0 0 0.15024999999999999 0.001 0 0.15024999999999999 0.002 0 0.15024999999999999
          0.0030000000000000001 0 0.15024999999999999 0.0040000000000000001 0 0.15024999999999999 0 0 0.15049999999999999 0.001 0 0.15049999999999999 0.002 0 0.15049999999999999 0.0030000000000000001
          0 0.15049999999999999 0.0040000000000000001 0 0.15049999999999999 0 0 0.15075000000000002 0.001 0 0.15075000000000002 0.002 0 0.15075000000000002 0.0030000000000000001 0
          0.15075000000000002 0.0040000000000000001 0 0.15075000000000002 0 0 0.15100000000000002 0.001 0 0.15100000000000002 0.002 0 0.15100000000000002 0.0030000000000000001 0 0.15100000000000002
          0.0040000000000000001 0 0.15100000000000002 0 0 0.15125 0.001 0 0.15125 0.002 0 0.15125 0.0030000000000000001 0 0.15125 0.0040000000000000001
          0 0.15125 0 0 0.1515 0.001 0 0.1515 0.002 0 0.1515 0.0030000000000000001 0 0.1515 0.0040000000000000001 0
          0.1515 0 0 0.15175 0.001 0 0.15175 0.002 0 0.15175 0.0030000000000000001 0 0.15175 0.0040000000000000001 0 0.15175
          0 0 0.15200000000000002 0.001 0 0.15200000000000002 0.002 0 0.15200000000000002 0.0030000000000000001 0 0.15200000000000002 0.0040000000000000001 0 0.15200000000000002 0
          0 0.15225000000000002 0.001 0 0.15225000000000002 0.002 0 0.15225000000000002 0.0030000000000000001 0 0.15225000000000002 0.0040000000000000001 0 0.15225000000000002 0 0
          0.1525 0.001 0 0.1525 0.002 0 0.1525 0.0030000000000000001 0 0.1525 0.0040000000000000001 0 0.1525 0 0 0.15275
          0.001 0 0.15275 0.002 0 0.15275 0.0030000000000000001 0 0.15275 0.0040000000000000001 0 0.15275 0 0 0.153 0.001
          0 0.153 0.002 0 0.153 0.0030000000000000001 0 0.153 0.0040000000000000001 0 0.153 0 0 0.15325 0.001 0
          0.15325 0.002 0 0.15325 0.0030000000000000001 0 0.15325 0.0040000000000000001 0 0.15325 0 0 0.15350000000000003 0.001 0 0.15350000000000003
          0.002 0 0.15350000000000003 0.0030000000000000001 0 0.15350000000000003 0.0040000000000000001 0 0.15350000000000003 0 0 0.15375 0.001 0 0.15375 0.002
          0 0.15375 0.0030000000000000001 0 0.15375 0.0040000000000000001 0 0.15375 0 0 0.154 0.001 0 0.154 0.002 0
          0.154 0.0030000000000000001 0 0.154 0.0040000000000000001 0 0.154 0 0 0.15425 0.001 0 0.15425 0.002 0 0.15425
          0.0030000000000000001 0 0.15425 0.0040000000000000001 0 0.15425 0 0 0.1545 0.001 0 0.1545 0.002 0 0.1545 0.0030000000000000001
          0 0.1545 0.0040000000000000001 0 0.1545 0 0 0.15475000000000003 0.001 0 0.15475000000000003 0.002 0 0.15475000000000003 0.0030000000000000001 0
          0.15475000000000003 0.0040000000000000001 0 0.15475000000000003 0 0 0.155 0.001 0 0.155 0.002 0 0.155 0.0030000000000000001 0 0.155
          0.0040000000000000001 0 0.155 0 0 0.15525 0.001 0 0.15525 0.002 0 0.15525 0.0030000000000000001 0 0.15525 0.0040000000000000001
          0 0.15525 0 0 0.1555 0.001 0 0.1555 0.002 0 0.1555 0.0030000000000000001 0 0.1555 0.0040000000000000001 0
          0.1555 0 0 0.15575 0.001 0 0.15575 0.002 0 0.15575 0.0030000000000000001 0 0.15575 0.0040000000000000001 0 0.15575
          0 0 0.15600000000000003 0.001 0 0.15600000000000003 0.002 0 0.15600000000000003 0.0030000000000000001 0 0.15600000000000003 0.0040000000000000001 0 0.15600000000000003 0
          0 0.15625 0.001 0 0.15625 0.002 0 0.15625 0.0030000000000000001 0 0.15625 0.0040000000000000001 0 0.15625 0 0
          0.1565 0.001 0 0.1565 0.002 0 0.1565 0.0030000000000000001 0 0.1565 0.0040000000000000001 0 0.1565 0 0 0.15675
          0.001 0 0.15675 0.002 0 0.15675 0.0030000000000000001 0 0.15675 0.0040000000000000001 0 0.15675 0 0 0.157 0.001
          0 0.157 0.002 0 0.157 0.0030000000000000001 0 0.157 0.0040000000000000001 0 0.157 0 0 0.15725 0.001 0
          0.15725 0.002 0 0.15725 0.0030000000000000001 0 0.15725 0.0040000000000000001 0 0.15725 0 0 0.1575 0.001 0 0.1575
          0.002 0 0.1575 0.0030000000000000001 0 0.1575 0.0040000000000000001 0 0.1575 0 0 0.15775 0.001 0 0.15775 0.002
          0 0.15775 0.0030000000000000001 0 0.15775 0.0040000000000000001 0 0.15775 0 0 0.158 0.001 0 0.158 0.002 0
          0.158 0.0030000000000000001 0 0.158 0.0040000000000000001 0 0.158 0 0 0.15825 0.001 0 0.15825 0.002 0 0.15825
          0.0030000000000000001 0 0.15825 0.0040000000000000001 0 0.15825 0 0 0.1585 0.001 0 0.1585 0.002 0 0.1585 0.0030000000000000001
          0 0.1585 0.0040000000000000001 0 0.1585 0 0 0.15875 0.001 0 0.15875 0.002 0 0.15875 0.0030000000000000001 0
          0.15875 0.0040000000000000001 0 0.15875 0 0 0.159 0.001 0 0.159 0.002 0 0.159 0.0030000000000000001 0 0.159
          0.0040000000000000001 0 0.159 0 0 0.15925 0.001 0 0.15925 0.002 0 0.15925 0.0030000000000000001 0 0.15925 0.0040000000000000001
          0 0.15925 0 0 0.1595 0.001 0 0.1595 0.002 0 0.1595 0.0030000000000000001 0 0.1595 0.0040000000000000001 0
          0.1595 0 0 0.15975 0.001 0 0.15975 0.002 0 0.15975 0.0030000000000000001 0 0.15975 0.0040000000000000001 0 0.15975
          0 0 0.16 0.001 0 0.16 0.002 0 0.16 0.0030000000000000001 0 0.16 0.0040000000000000001 0 0.16 0
          0 0.16025000000000003 0.001 0 0.16025000000000003 0.002 0 0.16025000000000003 0.0030000000000000001 0 0.16025000000000003 0.0040000000000000001 0 0.16025000000000003 0 0
          0.1605 0.001 0 0.1605 0.002 0 0.1605 0.0030000000000000001 0 0.1605 0.0040000000000000001 0 0.1605 0 0 0.16075
          0.001 0 0.16075 0.002 0 0.16075 0.0030000000000000001 0 0.16075 0.0040000000000000001 0 0.16075 0 0 0.161 0.001
          0 0.161 0.002 0 0.161 0.0030000000000000001 0 0.161 0.0040000000000000001 0 0.161 0 0 0.16125 0.001 0
          0.16125 0.002 0 0.16125 0.0030000000000000001 0 0.16125 0.0040000000000000001 0 0.16125 0 0 0.16150000000000003 0.001 0 0.16150000000000003
          0.002 0 0.16150000000000003 0.0030000000000000001 0 0.16150000000000003 0.0040000000000000001 0 0.16150000000000003 0 0 0.16175 0.001 0 0.16175 0.002
          0 0.16175 0.0030000000000000001 0 0.16175 0.0040000000000000001 0 0.16175 0 0 0.16200000000000001 0.001 0 0.16200000000000001 0.002 0
          0.16200000000000001 0.0030000000000000001 0 0.16200000000000001 0.0040000000000000001 0 0.16200000000000001 0 0 0.16225000000000001 0.001 0 0.16225000000000001 0.002 0 0.16225000000000001
          0.0030000000000000001 0 0.16225000000000001 0.0040000000000000001 0 0.16225000000000001 0 0 0.16250000000000001 0.001 0 0.16250000000000001 0.002 0 0.16250000000000001 0.0030000000000000001
          0 0.16250000000000001 0.0040000000000000001 0 0.16250000000000001 0 0 0.16275000000000003 0.001 0 0.16275000000000003 0.002 0 0.16275000000000003 0.0030000000000000001 0
          0.16275000000000003 0.0040000000000000001 0 0.16275000000000003 0 0 0.16300000000000001 0.001 0 0.16300000000000001 0.002 0 0.16300000000000001 0.0030000000000000001 0 0.16300000000000001
          0.0040000000000000001 0 0.16300000000000001 0 0 0.16325000000000001 0.001 0 0.16325000000000001 0.002 0 0.16325000000000001 0.0030000000000000001 0 0.16325000000000001 0.0040000000000000001
          0 0.16325000000000001 0 0 0.16350000000000001 0.001 0 0.16350000000000001 0.002 0 0.16350000000000001 0.0030000000000000001 0 0.16350000000000001 0.0040000000000000001 0
          0.16350000000000001 0 0 0.16375000000000001 0.001 0 0.16375000000000001 0.002 0 0.16375000000000001 0.0030000000000000001 0 0.16375000000000001 0.0040000000000000001 0 0.16375000000000001
          0 0 0.16400000000000003 0.001 0 0.16400000000000003 0.002 0 0.16400000000000003 0.0030000000000000001 0 0.16400000000000003 0.0040000000000000001 0 0.16400000000000003 0
          0 0.16425000000000001 0.001 0 0.16425000000000001 0.002 0 0.16425000000000001 0.0030000000000000001 0 0.16425000000000001 0.0040000000000000001 0 0.16425000000000001 0 0
          0.16449999999999998 0.001 0 0.16449999999999998 0.002 0 0.16449999999999998 0.0030000000000000001 0 0.16449999999999998 0.0040000000000000001 0 0.16449999999999998 0 0 0.16475000000000001
          0.001 0 0.16475000000000001 0.002 0 0.16475000000000001 0.0030000000000000001 0 0.16475000000000001 0.0040000000000000001 0 0.16475000000000001 0 0 0.16500000000000001 0.001
          0 0.16500000000000001 0.002 0 0.16500000000000001 0.0030000000000000001 0 0.16500000000000001 0.0040000000000000001 0 0.16500000000000001 0 0 0.16525000000000001 0.001 0
          0.16525000000000001 0.002 0 0.16525000000000001 0.0030000000000000001 0 0.16525000000000001 0.0040000000000000001 0 0.16525000000000001 0 0 0.16550000000000001 0.001 0 0.16550000000000001
          0.002 0 0.16550000000000001 0.0030000000000000001 0 0.16550000000000001 0.0040000000000000001 0 0.16550000000000001 0 0 0.16574999999999998 0.001 0 0.16574999999999998 0.002
          0 0.16574999999999998 0.0030000000000000001 0 0.16574999999999998 0.0040000000000000001 0 0.16574999999999998 0 0 0.16600000000000001 0.001 0 0.16600000000000001 0.002 0
          0.16600000000000001 0.0030000000000000001 0 0.16600000000000001 0.0040000000000000001 0 0.16600000000000001 0 0 0.16625000000000001 0.001 0 0.16625000000000001 0.002 0 0.16625000000000001
          0.0030000000000000001 0 0.16625000000000001 0.0040000000000000001 0 0.16625000000000001 0 0 0.16650000000000001 0.001 0 0.16650000000000001 0.002 0 0.16650000000000001 0.0030000000000000001
          0 0.16650000000000001 0.0040000000000000001 0 0.16650000000000001 0 0 0.16675000000000001 0.001 0 0.16675000000000001 0.002 0 0.16675000000000001 0.0030000000000000001 0
          0.16675000000000001 0.0040000000000000001 0 0.16675000000000001 0 0 0.16699999999999998 0.001 0 0.16699999999999998 0.002 0 0.16699999999999998 0.0030000000000000001 0 0.16699999999999998
          0.0040000000000000001 0 0.16699999999999998 0 0 0.16725000000000001 0.001 0 0.16725000000000001 0.002 0 0.16725000000000001 0.0030000000000000001 0 0.16725000000000001 0.0040000000000000001
          0 0.16725000000000001 0 0 0.16750000000000001 0.001 0 0.16750000000000001 0.002 0 0.16750000000000001 0.0030000000000000001 0 0.16750000000000001 0.0040000000000000001 0
          0.16750000000000001 0 0 0.16775000000000001 0.001 0 0.16775000000000001 0.002 0 0.16775000000000001 0.0030000000000000001 0 0.16775000000000001 0.0040000000000000001 0 0.16775000000000001
          0 0 0.16800000000000001 0.001 0 0.16800000000000001 0.002 0 0.16800000000000001 0.0030000000000000001 0 0.16800000000000001 0.0040000000000000001 0 0.16800000000000001 0
          0 0.16824999999999998 0.001 0 0.16824999999999998 0.002 0 0.16824999999999998 0.0030000000000000001 0 0.16824999999999998 0.0040000000000000001 0 0.16824999999999998 0 0
          0.16850000000000001 0.001 0 0.16850000000000001 0.002 0 0.16850000000000001 0.0030000000000000001 0 0.16850000000000001 0.0040000000000000001 0 0.16850000000000001 0 0 0.16875000000000001
          0.001 0 0.16875000000000001 0.002 0 0.16875000000000001 0.0030000000000000001 0 0.16875000000000001 0.0040000000000000001 0 0.16875000000000001 0 0 0.16900000000000001 0.001
          0 0.16900000000000001 0.002 0 0.16900000000000001 0.0030000000000000001 0 0.16900000000000001 0.0040000000000000001 0 0.16900000000000001 0 0 0.16925000000000001 0.001 0
          0.16925000000000001 0.002 0 0.16925000000000001 0.0030000000000000001 0 0.16925000000000001 0.0040000000000000001 0 0.16925000000000001 0 0 0.16949999999999998 0.001 0 0.16949999999999998
          0.002 0 0.16949999999999998 0.0030000000000000001 0 0.16949999999999998 0.0040000000000000001 0 0.16949999999999998 0 0 0.16975000000000001 0.001 0 0.16975000000000001 0.002
          0 0.16975000000000001 0.0030000000000000001 0 0.16975000000000001 0.0040000000000000001 0 0.16975000000000001 0 0 0.17000000000000001 0.001 0 0.17000000000000001 0.002 0
          0.17000000000000001 0.0030000000000000001 0 0.17000000000000001 0.0040000000000000001 0 0.17000000000000001 0 0 0.17025000000000001 0.001 0 0.17025000000000001 0.002 0 0.17025000000000001
          0.0030000000000000001 0 0.17025000000000001 0.0040000000000000001 0 0.17025000000000001 0 0 0.17050000000000001 0.001 0 0.17050000000000001 0.002 0 0.17050000000000001 0.0030000000000000001
          0 0.17050000000000001 0.0040000000000000001 0 0.17050000000000001 0 0 0.17074999999999999 0.001 0 0.17074999999999999 0.002 0 0.17074999999999999 0.0030000000000000001 0
          0.17074999999999999 0.0040000000000000001 0 0.17074999999999999 0 0 0.17100000000000001 0.001 0 0.17100000000000001 0.002 0 0.17100000000000001 0.0030000000000000001 0 0.17100000000000001
          0.0040000000000000001 0 0.17100000000000001 0 0 0.17125000000000001 0.001 0 0.17125000000000001 0.002 0 0.17125000000000001 0.0030000000000000001 0 0.17125000000000001 0.0040000000000000001
          0 0.17125000000000001 0 0 0.17150000000000001 0.001 0 0.17150000000000001 0.002 0 0.17150000000000001 0.0030000000000000001 0 0.17150000000000001 0.0040000000000000001 0
          0.17150000000000001 0 0 0.17175000000000001 0.001 0 0.17175000000000001 0.002 0 0.17175000000000001 0.0030000000000000001 0 0.17175000000000001 0.0040000000000000001 0 0.17175000000000001
          0 0 0.17199999999999999 0.001 0 0.17199999999999999 0.002 0 0.17199999999999999 0.0030000000000000001 0 0.17199999999999999 0.0040000000000000001 0 0.17199999999999999 0
          0 0.17225000000000001 0.001 0 0.17225000000000001 0.002 0 0.17225000000000001 0.0030000000000000001 0 0.17225000000000001 0.0040000000000000001 0 0.17225000000000001 0 0
          0.17249999999999999 0.001 0 0.17249999999999999 0.002 0 0.17249999999999999 0.0030000000000000001 0 0.17249999999999999 0.0040000000000000001 0 0.17249999999999999 0 0 0.17275000000000001
          0.001 0 0.17275000000000001 0.002 0 0.17275000000000001 0.0030000000000000001 0 0.17275000000000001 0.0040000000000000001 0 0.17275000000000001 0 0 0.17300000000000001 0.001
          0 0.17300000000000001 0.002 0 0.17300000000000001 0.0030000000000000001 0 0.17300000000000001 0.0040000000000000001 0 0.17300000000000001 0 0 0.17324999999999999 0.001 0
          0.17324999999999999 0.002 0 0.17324999999999999 0.0030000000000000001 0 0.17324999999999999 0.0040000000000000001 0 0.17324999999999999 0 0 0.17350000000000002 0.001 0 0.17350000000000002
          0.002 0 0.17350000000000002 0.0030000000000000001 0 0.17350000000000002 0.0040000000000000001 0 0.17350000000000002 0 0 0.17374999999999999 0.001 0 0.17374999999999999 0.002
          0 0.17374999999999999 0.0030000000000000001 0 0.17374999999999999 0.0040000000000000001 0 0.17374999999999999 0 0 0.17400000000000002 0.001 0 0.17400000000000002 0.002 0
          0.17400000000000002 0.0030000000000000001 0 0.17400000000000002 0.0040000000000000001 0 0.17400000000000002 0 0 0.17425000000000002 0.001 0 0.17425000000000002 0.002 0 0.17425000000000002
          0.0030000000000000001 0 0.17425000000000002 0.0040000000000000001 0 0.17425000000000002 0 0 0.17449999999999999 0.001 0 0.17449999999999999 0.002 0 0.17449999999999999 0.0030000000000000001
          0 0.17449999999999999 0.0040000000000000001 0 0.17449999999999999 0 0 0.17475000000000002 0.001 0 0.17475000000000002 0.002 0 0.17475000000000002 0.0030000000000000001 0
          0.17475000000000002 0.0040000000000000001 0 0.17475000000000002 0 0 0.17499999999999999 0.001 0 0.17499999999999999 0.002 0 0.17499999999999999 0.0030000000000000001 0 0.17499999999999999
          0.0040000000000000001 0 0.17499999999999999 0 0 0.17525000000000002 0.001 0 0.17525000000000002 0.002 0 0.17525000000000002 0.0030000000000000001 0 0.17525000000000002 0.0040000000000000001
          0 0.17525000000000002 0 0 0.17550000000000002 0.001 0 0.17550000000000002 0.002 0 0.17550000000000002 0.0030000000000000001 0 0.17550000000000002 0.0040000000000000001 0
          0.17550000000000002 0 0 0.17574999999999999 0.001 0 0.17574999999999999 0.002 0 0.17574999999999999 0.0030000000000000001 0 0.17574999999999999 0.0040000000000000001 0 0.17574999999999999
          0 0 0.17600000000000002 0.001 0 0.17600000000000002 0.002 0 0.17600000000000002 0.0030000000000000001 0 0.17600000000000002 0.0040000000000000001 0 0.17600000000000002 0
          0 0.17624999999999999 0.001 0 0.17624999999999999 0.002 0 0.17624999999999999 0.0030000000000000001 0 0.17624999999999999 0.0040000000000000001 0 0.17624999999999999 0 0
          0.17650000000000002 0.001 0 0.17650000000000002 0.002 0 0.17650000000000002 0.0030000000000000001 0 0.17650000000000002 0.0040000000000000001 0 0.17650000000000002 0 0 0.17675000000000002
          0.001 0 0.17675000000000002 0.002 0 0.17675000000000002 0.0030000000000000001 0 0.17675000000000002 0.0040000000000000001 0 0.17675000000000002 0 0 0.17699999999999999 0.001
          0 0.17699999999999999 0.002 0 0.17699999999999999 0.0030000000000000001 0 0.17699999999999999 0.0040000000000000001 0 0.17699999999999999 0 0 0.17725000000000002 0.001 0
          0.17725000000000002 0.002 0 0.17725000000000002 0.0030000000000000001 0 0.17725000000000002 0.0040000000000000001 0 0.17725000000000002 0 0 0.17749999999999999 0.001 0 0.17749999999999999
          0.002 0 0.17749999999999999 0.0030000000000000001 0 0.17749999999999999 0.0040000000000000001 0 0.17749999999999999 0 0 0.17775000000000002 0.001 0 0.17775000000000002 0.002
          0 0.17775000000000002 0.0030000000000000001 0 0.17775000000000002 0.0040000000000000001 0 0.17775000000000002 0 0 0.17800000000000002 0.001 0 0.17800000000000002 0.002 0
          0.17800000000000002 0.0030000000000000001 0 0.17800000000000002 0.0040000000000000001 0 0.17800000000000002 0 0 0.17824999999999999 0.001 0 0.17824999999999999 0.002 0 0.17824999999999999
          0.0030000000000000001 0 0.17824999999999999 0.0040000000000000001 0 0.17824999999999999 0 0 0.17850000000000002 0.001 0 0.17850000000000002 0.002 0 0.17850000000000002 0.0030000000000000001
          0 0.17850000000000002 0.0040000000000000001 0 0.17850000000000002 0 0 0.17874999999999999 0.001 0 0.17874999999999999 0.002 0 0.17874999999999999 0.0030000000000000001 0
          0.17874999999999999 0.0040000000000000001 0 0.17874999999999999 0 0 0.17900000000000002 0.001 0 0.17900000000000002 0.002 0 0.17900000000000002 0.0030000000000000001 0 0.17900000000000002
          0.0040000000000000001 0 0.17900000000000002 0 0 0.17925000000000002 0.001 0 0.17925000000000002 0.002 0 0.17925000000000002 0.0030000000000000001 0 0.17925000000000002 0.0040000000000000001
          0 0.17925000000000002 0 0 0.17949999999999999 0.001 0 0.17949999999999999 0.002 0 0.17949999999999999 0.0030000000000000001 0 0.17949999999999999 0.0040000000000000001 0
          0.17949999999999999 0 0 0.17975000000000002 0.001 0 0.17975000000000002 0.002 0 0.17975000000000002 0.0030000000000000001 0 0.17975000000000002 0.0040000000000000001 0 0.17975000000000002
          0 0 0.17999999999999999 0.001 0 0.17999999999999999 0.002 0 0.17999999999999999 0.0030000000000000001 0 0.17999999999999999 0.0040000000000000001 0 0.17999999999999999 0
          0 0.18025000000000002 0.001 0 0.18025000000000002 0.002 0 0.18025000000000002 0.0030000000000000001 0 0.18025000000000002 0.0040000000000000001 0 0.18025000000000002 0 0
          0.18049999999999999 0.001 0 0.18049999999999999 0.002 0 0.18049999999999999 0.0030000000000000001 0 0.18049999999999999 0.0040000000000000001 0 0.18049999999999999 0 0 0.18074999999999999
          0.001 0 0.18074999999999999 0.002 0 0.18074999999999999 0.0030000000000000001 0 0.18074999999999999 0.0040000000000000001 0 0.18074999999999999 0 0 0.18100000000000002 0.001
          0 0.18100000000000002 0.002 0 0.18100000000000002 0.0030000000000000001 0 0.18100000000000002 0.0040000000000000001 0 0.18100000000000002 0 0 0.18124999999999999 0.001 0
          0.18124999999999999 0.002 0 0.18124999999999999 0.0030000000000000001 0 0.18124999999999999 0.0040000000000000001 0 0.18124999999999999 0 0 0.18150000000000002 0.001 0 0.18150000000000002
          0.002 0 0.18150000000000002 0.0030000000000000001 0 0.18150000000000002 0.0040000000000000001 0 0.18150000000000002 0 0 0.18174999999999999 0.001 0 0.18174999999999999 0.002
          0 0.18174999999999999 0.0030000000000000001 0 0.18174999999999999 0.0040000000000000001 0 0.18174999999999999 0 0 0.182 0.001 0 0.182 0.002 0
          0.182 0.0030000000000000001 0 0.182 0.0040000000000000001 0 0.182 0 0 0.18225000000000002 0.001 0 0.18225000000000002 0.002 0 0.18225000000000002
          0.0030000000000000001 0 0.18225000000000002 0.0040000000000000001 0 0.18225000000000002 0 0 0.1825 0.001 0 0.1825 0.002 0 0.1825 0.0030000000000000001
          0 0.1825 0.0040000000000000001 0 0.1825 0 0 0.18275000000000002 0.001 0 0.18275000000000002 0.002 0 0.18275000000000002 0.0030000000000000001 0
          0.18275000000000002 0.0040000000000000001 0 0.18275000000000002 0 0 0.183 0.001 0 0.183 0.002 0 0.183 0.0030000000000000001 0 0.183
          0.0040000000000000001 0 0.183 0 0 0.18325 0.001 0 0.18325 0.002 0 0.18325 0.0030000000000000001 0 0.18325 0.0040000000000000001
          0 0.18325 0 0 0.18350000000000002 0.001 0 0.18350000000000002 0.002 0 0.18350000000000002 0.0030000000000000001 0 0.18350000000000002 0.0040000000000000001 0
          0.18350000000000002 0 0 0.18375 0.001 0 0.18375 0.002 0 0.18375 0.0030000000000000001 0 0.18375 0.0040000000000000001 0 0.18375
          0 0 0.18400000000000002 0.001 0 0.18400000000000002 0.002 0 0.18400000000000002 0.0030000000000000001 0 0.18400000000000002 0.0040000000000000001 0 0.18400000000000002 0
          0 0.18425 0.001 0 0.18425 0.002 0 0.18425 0.0030000000000000001 0 0.18425 0.0040000000000000001 0 0.18425 0 0
          0.1845 0.001 0 0.1845 0.002 0 0.1845 0.0030000000000000001 0 0.1845 0.0040000000000000001 0 0.1845 0 0 0.18475000000000003
          0.001 0 0.18475000000000003 0.002 0 0.18475000000000003 0.0030000000000000001 0 0.18475000000000003 0.0040000000000000001 0 0.18475000000000003 0 0 0.185 0.001
          0 0.185 0.002 0 0.185 0.0030000000000000001 0 0.185 0.0040000000000000001 0 0.185 0 0 0.18525000000000003 0.001 0
          0.18525000000000003 0.002 0 0.18525000000000003 0.0030000000000000001 0 0.18525000000000003 0.0040000000000000001 0 0.18525000000000003 0 0 0.1855 0.001 0 0.1855
          0.002 0 0.1855 0.0030000000000000001 0 0.1855 0.0040000000000000001 0 0.1855 0 0 0.18575 0.001 0 0.18575 0.002
          0 0.18575 0.0030000000000000001 0 0.18575 0.0040000000000000001 0 0.18575 0 0 0.18600000000000003 0.001 0 0.18600000000000003 0.002 0
          0.18600000000000003 0.0030000000000000001 0 0.18600000000000003 0.0040000000000000001 0 0.18600000000000003 0 0 0.18625 0.001 0 0.18625 0.002 0 0.18625
          0.0030000000000000001 0 0.18625 0.0040000000000000001 0 0.18625 0 0 0.18650000000000003 0.001 0 0.18650000000000003 0.002 0 0.18650000000000003 0.0030000000000000001
          0 0.18650000000000003 0.0040000000000000001 0 0.18650000000000003 0 0 0.18675 0.001 0 0.18675 0.002 0 0.18675 0.0030000000000000001 0
          0.18675 0.0040000000000000001 0 0.18675 0 0 0.187 0.001 0 0.187 0.002 0 0.187 0.0030000000000000001 0 0.187
          0.0040000000000000001 0 0.187 0 0 0.18725000000000003 0.001 0 0.18725000000000003 0.002 0 0.18725000000000003 0.0030000000000000001 0 0.18725000000000003 0.0040000000000000001
          0 0.18725000000000003 0 0 0.1875 0.001 0 0.1875 0.002 0 0.1875 0.0030000000000000001 0 0.1875 0.0040000000000000001 0
          0.1875 0 0 0.18775000000000003 0.001 0 0.18775000000000003 0.002 0 0.18775000000000003 0.0030000000000000001 0 0.18775000000000003 0.0040000000000000001 0 0.18775000000000003
          0 0 0.188 0.001 0 0.188 0.002 0 0.188 0.0030000000000000001 0 0.188 0.0040000000000000001 0 0.188 0
          0 0.18825 0.001 0 0.18825 0.002 0 0.18825 0.0030000000000000001 0 0.18825 0.0040000000000000001 0 0.18825 0 0
          0.1885 0.001 0 0.1885 0.002 0 0.1885 0.0030000000000000001 0 0.1885 0.0040000000000000001 0 0.1885 0 0 0.18875
          0.001 0 0.18875 0.002 0 0.18875 0.0030000000000000001 0 0.18875 0.0040000000000000001 0 0.18875 0 0 0.18900000000000003 0.001
          0 0.18900000000000003 0.002 0 0.18900000000000003 0.0030000000000000001 0 0.18900000000000003 0.0040000000000000001 0 0.18900000000000003 0 0 0.18925 0.001 0
          0.18925 0.002 0 0.18925 0.0030000000000000001 0 0.18925 0.0040000000000000001 0 0.18925 0 0 0.1895 0.001 0 0.1895
          0.002 0 0.1895 0.0030000000000000001 0 0.1895 0.0040000000000000001 0 0.1895 0 0 0.18975 0.001 0 0.18975 0.002
          0 0.18975 0.0030000000000000001 0 0.18975 0.0040000000000000001 0 0.18975 0 0 0.19 0.001 0 0.19 0.002 0
          0.19 0.0030000000000000001 0 0.19 0.0040000000000000001 0 0.19 0 0 0.19025000000000003 0.001 0 0.19025000000000003 0.002 0 0.19025000000000003
          0.0030000000000000001 0 0.19025000000000003 0.0040000000000000001 0 0.19025000000000003 0 0 0.1905 0.001 0 0.1905 0.002 0 0.1905 0.0030000000000000001
          0 0.1905 0.0040000000000000001 0 0.1905 0 0 0.19075 0.001 0 0.19075 0.002 0 0.19075 0.0030000000000000001 0
          0.19075 0.0040000000000000001 0 0.19075 0 0 0.191 0.001 0 0.191 0.002 0 0.191 0.0030000000000000001 0 0.191
          0.0040000000000000001 0 0.191 0 0 0.19125 0.001 0 0.19125 0.002 0 0.19125 0.0030000000000000001 0 0.19125 0.0040000000000000001
          0 0.19125 0 0 0.19150000000000003 0.001 0 0.19150000000000003 0.002 0 0.19150000000000003 0.0030000000000000001 0 0.19150000000000003 0.0040000000000000001 0
          0.19150000000000003 0 0 0.19175 0.001 0 0.19175 0.002 0 0.19175 0.0030000000000000001 0 0.19175 0.0040000000000000001 0 0.19175
          0 0 0.19200000000000003 0.001 0 0.19200000000000003 0.002 0 0.19200000000000003 0.0030000000000000001 0 0.19200000000000003 0.0040000000000000001 0 0.19200000000000003 0
          0 0.19225 0.001 0 0.19225 0.002 0 0.19225 0.0030000000000000001 0 0.19225 0.0040000000000000001 0 0.19225 0 0
          0.1925 0.001 0 0.1925 0.002 0 0.1925 0.0030000000000000001 0 0.1925 0.0040000000000000001 0 0.1925 0 0 0.19275000000000003
          0.001 0 0.19275000000000003 0.002 0 0.19275000000000003 0.0030000000000000001 0 0.19275000000000003 0.0040000000000000001 0 0.19275000000000003 0 0 0.193 0.001
          0 0.193 0.002 0 0.193 0.0030000000000000001 0 0.193 0.0040000000000000001 0 0.193 0 0 0.19325000000000003 0.001 0
          0.19325000000000003 0.002 0 0.19325000000000003 0.0030000000000000001 0 0.19325000000000003 0.0040000000000000001 0 0.19325000000000003 0 0 0.19350000000000001 0.001 0 0.19350000000000001
          0.002 0 0.19350000000000001 0.0030000000000000001 0 0.19350000000000001 0.0040000000000000001 0 0.19350000000000001 0 0 0.19375000000000001 0.001 0 0.19375000000000001 0.002
          0 0.19375000000000001 0.0030000000000000001 0 0.19375000000000001 0.0040000000000000001 0 0.19375000000000001 0 0 0.19400000000000003 0.001 0 0.19400000000000003 0.002 0
          0.19400000000000003 0.0030000000000000001 0 0.19400000000000003 0.0040000000000000001 0 0.19400000000000003 0 0 0.19425000000000001 0.001 0 0.19425000000000001 0.002 0 0.19425000000000001
          0.0030000000000000001 0 0.19425000000000001 0.0040000000000000001 0 0.19425000000000001 0 0 0.19450000000000003 0.001 0 0.19450000000000003 0.002 0 0.19450000000000003 0.0030000000000000001
          0 0.19450000000000003 0.0040000000000000001 0 0.19450000000000003 0 0 0.19475000000000001 0.001 0 0.19475000000000001 0.002 0 0.19475000000000001 0.0030000000000000001 0
          0.19475000000000001 0.0040000000000000001 0 0.19475000000000001 0 0 0.19500000000000001 0.001 0 0.19500000000000001 0.002 0 0.19500000000000001 0.0030000000000000001 0 0.19500000000000001
          0.0040000000000000001 0 0.19500000000000001 0 0 0.19525000000000003 0.001 0 0.19525000000000003 0.002 0 0.19525000000000003 0.0030000000000000001 0 0.19525000000000003 0.0040000000000000001
          0 0.19525000000000003 0 0 0.19550000000000001 0.001 0 0.19550000000000001 0.002 0 0.19550000000000001 0.0030000000000000001 0 0.19550000000000001 0.0040000000000000001 0
          0.19550000000000001 0 0 0.19575000000000004 0.001 0 0.19575000000000004 0.002 0 0.19575000000000004 0.0030000000000000001 0 0.19575000000000004 0.0040000000000000001 0 0.19575000000000004
          0 0 0.19600000000000001 0.001 0 0.19600000000000001 0.002 0 0.19600000000000001 0.0030000000000000001 0 0.19600000000000001 0.0040000000000000001 0 0.19600000000000001 0
          0 0.19625000000000001 0.001 0 0.19625000000000001 0.002 0 0.19625000000000001 0.0030000000000000001 0 0.19625000000000001 0.0040000000000000001 0 0.19625000000000001 0 0
          0.19650000000000001 0.001 0 0.19650000000000001 0.002 0 0.19650000000000001 0.0030000000000000001 0 0.19650000000000001 0.0040000000000000001 0 0.19650000000000001 0 0 0.19675000000000001
          0.001 0 0.19675000000000001 0.002 0 0.19675000000000001 0.0030000000000000001 0 0.19675000000000001 0.0040000000000000001 0 0.19675000000000001 0 0 0.19700000000000004 0.001
          0 0.19700000000000004 0.002 0 0.19700000000000004 0.0030000000000000001 0 0.19700000000000004 0.0040000000000000001 0 0.19700000000000004 0 0 0.19725000000000001 0.001 0
          0.19725000000000001 0.002 0 0.19725000000000001 0.0030000000000000001 0 0.19725000000000001 0.0040000000000000001 0 0.19725000000000001 0 0 0.19750000000000001 0.001 0 0.19750000000000001
          0.002 0 0.19750000000000001 0.0030000000000000001 0 0.19750000000000001 0.0040000000000000001 0 0.19750000000000001 0 0 0.19775000000000001 0.001 0 0.19775000000000001 0.002
          0 0.19775000000000001 0.0030000000000000001 0 0.19775000000000001 0.0040000000000000001 0 0.19775000000000001 0 0 0.19800000000000001 0.001 0 0.19800000000000001 0.002 0
          0.19800000000000001 0.0030000000000000001 0 0.19800000000000001 0.0040000000000000001 0 0.19800000000000001 0 0 0.19825000000000004 0.001 0 0.19825000000000004 0.002 0 0.19825000000000004
          0.0030000000000000001 0 0.19825000000000004 0.0040000000000000001 0 0.19825000000000004 0 0 0.19850000000000001 0.001 0 0.19850000000000001 0.002 0 0.19850000000000001 0.0030000000000000001
          0 0.19850000000000001 0.0040000000000000001 0 0.19850000000000001 0 0 0.19875000000000001 0.001 0 0.19875000000000001 0.002 0 0.19875000000000001 0.0030000000000000001 0
          0.19875000000000001 0.0040000000000000001 0 0.19875000000000001 0 0 0.19900000000000001 0.001 0 0.19900000000000001 0.002 0 0.19900000000000001 0.0030000000000000001 0 0.19900000000000001
          0.0040000000000000001 0 0.19900000000000001 0 0 0.19925000000000001 0.001 0 0.19925000000000001 0.002 0 0.19925000000000001 0.0030000000000000001 0 0.19925000000000001 0.0040000000000000001
          0 0.19925000000000001 0 0 0.19950000000000004 0.001 0 0.19950000000000004 0.002 0 0.19950000000000004 0.0030000000000000001 0 0.19950000000000004 0.0040000000000000001 0
          0.19950000000000004 0 0 0.19975000000000001 0.001 0 0.19975000000000001 0.002 0 0.19975000000000001 0.0030000000000000001 0 0.19975000000000001 0.0040000000000000001 0 0.19975000000000001
          0 0 0.20000000000000001 0.001 0 0.20000000000000001 0.002 0 0.20000000000000001 0.0030000000000000001 0 0.20000000000000001 0.0040000000000000001 0 0.20000000000000001
        </DataArray>
      </Points>
      <Cells>
        <DataArray type="Int32" Name="connectivity" format="ascii">
          0 1 6 0 6 5 1 2 7 1 7 6 2 3 7 3
          8 7 3 4 8 4 9 8 5 6 10 6 11 10 6 7
          11 7 12 11 7 8 13 7 13 12 8 9 14 8 14 13
          10 11 16 10 16 15 11 12 17 11 17 16 12 13 17 13
          18 17 13 14 18 14 19 18 15 16 20 16 21 20 16 17
          21 17 22 21 17 18 23 17 23 22 18 19 24 18 24 23
          20 21 26 20 26 25 21 22 27 21 27 26 22 23 27 23
          28 27 23 24 28 24 29 28 25 26 30 26 31 30 26 27
          31 27 32 31 27 28 33 27 33 32 28 29 34 28 34 33
          30 31 36 30 36 35 31 32 37 31 37 36 32 33 37 33
          38 37 33 34 38 34 39 38 35 36 40 36 41 40 36 37
          41 37 42 41 37 38 43 37 43 42 38 39 44 38 44 43
          40 41 46 40 46 45 41 42 47 41 47 46 42 43 47 43
          48 47 43 44 48 44 49 48 45 46 50 46 51 50 46 47
          51 47 52 51 47 48 53 47 53 52 48 49 54 48 54 53
          50 51 56 50 56 55 51 52 57 51 57 56 52 53 57 53
          58 57 53 54 58 54 59 58 55 56 60 56 61 60 56 57
          61 57 62 61 57 58 63 57 63 62 58 59 64 58 64 63
          60 61 66 60 66 65 61 62 67 61 67 66 62 63 67 63
          68 67 63 64 68 64 69 68 65 66 70 66 71 70 66 67
          71 67 72 71 67 68 73 67 73 72 68 69 74 68 74 73
          70 71 76 70 76 75 71 72 77 71 77 76 72 73 77 73
          78 77 73 74 78 74 79 78 75 76 80 76 81 80 76 77
          81 77 82 81 77 78 83 77 83 82 78 79 84 78 84 83
          80 81 86 80 86 85 81 82 87 81 87 86 82 83 87 83
          88 87 83 84 88 84 89 88 85 86 90 86 91 90 86 87
          91 87 92 91 87 88 93 87 93 92 88 89 94 88 94 93
          90 91 96 90 96 95 91 92 97 91 97 96 92 93 97 93
          98 97 93 94 98 94 99 98 95 96 100 96 101 100 96 97
          101 97 102 101 97 98 103 97 103 102 98 99 104 98 104 103
          100 101 106 100 106 105 101 102 107 101 107 106 102 103 107 103
          108 107 103 104 108 104 109 108 105 106 110 106 111 110 106 107
          111 107 112 111 107 108 113 107 113 112 108 109 114 108 114 113
          110 111 116 110 116 115 111 112 117 111 117 116 112 113 117 113
          118 117 113 114 118 114 119 118 115 116 120 116 121 120 116 117
          121 117 122 121 117 118 123 117 123 122 118 119 124 118 124 123
          120 121 126 120 126 125 121 122 127 121 127 126 122 123 127 123
          128 127 123 124 128 124 129 128 125 126 130 126 131 130 126 127
          131 127 132 131 127 128 133 127 133 132 128 129 134 128 134 133
          130 131 136 130 136 135 131 132 137 131 137 136 132 133 137 133
          138 137 133 134 138 134 139 138 135 136 140 136 141 140 136 137
          141 137 142 141 137 138 143 137 143 142 138 139 144 138 144 143
          140 141 146 140 146 145 141 142 147 141 147 146 142 143 147 143
          148 147 143 144 148 144 149 148 145 146 150 146 151 150 146 147
          151 147 152 151 147 148 153 147 153 152 148 149 154 148 154 153
          150 151 156 150 156 155 151 152 157 151 157 156 152 153 157 153
          158 157 153 154 158 154 159 158 155 156 160 156 161 160 156 157
          161 157 162 161 157 158 163 157 163 162 158 159 164 158 164 163
          160 161 166 160 166 165 161 162 167 161 167 166 162 163 167 163
          168 167 163 164 168 164 169 168 165 166 170 166 171 170 166 167
          171 167 172 171 167 168 173 167 173 172 168 169 174 168 174 173
          170 171 176 170 176 175 171 172 177 171 177 176 172 173 177 173
          178 177 173 174 178 174 179 178 175 176 180 176 181 180 176 177
          181 177 182 181 177 178 183 177 183 182 178 179 184 178 184 183
          180 181 186 180 186 185 181 182 187 181 187 186 182 183 187 183
          188 187 183 184 188 184 189 188 185 186 190 186 191 190 186 187
          191 187 192 191 187 188 193 187 193 192 188 189 194 188 194 193
          190 191 196 190 196 195 191 192 197 191 197 196 192 193 197 193
          198 197 193 194 198 194 199 198 195 196 200 196 201 200 196 197
          201 197 202 201 197 198 203 197 203 202 198 199 204 198 204 203
          200 201 206 200 206 205 201 202 207 201 207 206 202 203 207 203
          208 207 203 204 208 204 209 208 205 206 210 206 211 210 206 207
          211 207 212 211 207 208 213 207 213 212 208 209 214 208 214 213
          210 211 216 210 216 215 211 212 217 211 217 216 212 213 217 213
          218 217 213 214 218 214 219 218 215 216 220 216 221 220 216 217
          221 217 222 221 217 218 223 217 223 222 218 219 224 218 224 223
          220 221 226 220 226 225 221 222 227 221 227 226 222 223 227 223
          228 227 223 224 228 224 229 228 225 226 230 226 231 230 226 227
          231 227 232 231 227 228 233 227 233 232 228 229 234 228 234 233
          230 231 236 230 236 235 231 232 237 231 237 236 232 233 237 233
          238 237 233 234 238 234 239 238 235 236 240 236 241 240 236 237
          241 237 242 241 237 238 243 237 243 242 238 239 244 238 244 243
          240 241 246 240 246 245 241 242 247 241 247 246 242 243 247 243
          248 247 243 244 248 244 249 248 245 246 250 246 251 250 246 247
          251 247 252 251 247 248 253 247 253 252 248 249 254 248 254 253
          250 251 256 250 256 255 251 252 257 251 257 256 252 253 257 253
          258 257 253 254 258 254 259 258 255 256 260 256 261 260 256 257
          261 257 262 261 257 258 263 257 263 262 258 259 264 258 264 263
          260 261 266 260 266 265 261 262 267 261 267 266 262 263 267 263
          268 267 263 264 268 264 269 268 265 266 270 266 271 270 266 267
          271 267 272 271 267 268 273 267 273 272 268 269 274 268 274 273
          270 271 276 270 276 275 271 272 277 271 277 276 272 273 277 273
          278 277 273 274 278 274 279 278 275 276 280 276 281 280 276 277
          281 277 282 281 277 278 283 277 283 282 278 279 284 278 284 283
          280 281 286 280 286 285 281 282 287 281 287 286 282 283 287 283
          288 287 283 284 288 284 289 288 285 286 290 286 291 290 286 287
          291 287 292 291 287 288 293 287 293 292 288 289 294 288 294 293
          290 291 296 290 296 295 291 292 297 291 297 296 292 293 297 293
          298 297 293 294 298 294 299 298 295 296 300 296 301 300 296 297
          301 297 302 301 297 298 303 297 303 302 298 299 304 298 304 303
          300 301 306 300 306 305 301 302 307 301 307 306 302 303 307 303
          308 307 303 304 308 304 309 308 305 306 310 306 311 310 306 307
          311 307 312 311 307 308 313 307 313 312 308 309 314 308 314 313
          310 311 316 310 316 315 311 312 317 311 317 316 312 313 317 313
          318 317 313 314 318 314 319 318 315 316 320 316 321 320 316 317
          321 317 322 321 317 318 323 317 323 322 318 319 324 318 324 323
          320 321 326 320 326 325 321 322 327 321 327 326 322 323 327 323
          328 327 323 324 328 324 329 328 325 326 330 326 331 330 326 327
          331 327 332 331 327 328 333 327 333 332 328 329 334 328 334 333
          330 331 336 330 336 335 331 332 337 331 337 336 332 333 337 333
          338 337 333 334 338 334 339 338 335 336 340 336 341 340 336 337
          341 337 342 341 337 338 343 337 343 342 338 339 344 338 344 343
          340 341 346 340 346 345 341 342 347 341 347 346 342 343 347 343
          348 347 343 344 348 344 349 348 345 346 350 346 351 350 346 347
          351 347 352 351 347 348 353 347 353 352 348 349 354 348 354 353
          350 351 356 350 356 355 351 352 357 351 357 356 352 353 357 353
          358 357 353 354 358 354 359 358 355 356 360 356 361 360 356 357
          361 357 362 361 357 358 363 357 363 362 358 359 364 358 364 363
          360 361 366 360 366 365 361 362 367 361 367 366 362 363 367 363
          368 367 363 364 368 364 369 368 365 366 370 366 371 370 366 367
          371 367 372 371 367 368 373 367 373 372 368 369 374 368 374 373
          370 371 376 370 376 375 371 372 377 371 377 376 372 373 377 373
          378 377 373 374 378 374 379 378 375 376 380 376 381 380 376 377
          381 377 382 381 377 378 383 377 383 382 378 379 384 378 384 383
          380 381 386 380 386 385 381 382 387 381 387 386 382 383 387 383
          388 387 383 384 388 384 389 388 385 386 390 386 391 390 386 387
          391 387 392 391 387 388 393 387 393 392 388 389 394 388 394 393
          390 391 396 390 396 395 391 392 397 391 397 396 392 393 397 393
          398 397 393 394 398 394 399 398 395 396 400 396 401 400 396 397
          401 397 402 401 397 398 403 397 403 402 398 399 404 398 404 403
          400 401 406 400 406 405 401 402 407 401 407 406 402 403 407 403
          408 407 403 404 408 404 409 408 405 406 410 406 411 410 406 407
          411 407 412 411 407 408 413 407 413 412 408 409 414 408 414 413
          410 411 416 410 416 415 411 412 417 411 417 416 412 413 417 413
          418 417 413 414 418 414 419 418 415 416 420 416 421 420 416 417
          421 417 422 421 417 418 423 417 423 422 418 419 424 418 424 423
          420 421 426 420 426 425 421 422 427 421 427 426 422 423 427 423
          428 427 423 424 428 424 429 428 425 426 430 426 431 430 426 427
          431 427 432 431 427 428 433 427 433 432 428 429 434 428 434 433
          430 431 436 430 436 435 431 432 437 431 437 436 432 433 437 433
          438 437 433 434 438 434 439 438 435 436 440 436 441 440 436 437
          441 437 442 441 437 438 443 437 443 442 438 439 444 438 444 443
          440 441 446 440 446 445 441 442 447 441 447 446 442 443 447 443
          448 447 443 444 448 444 449 448 445 446 450 446 451 450 446 447
          451 447 452 451 447 448 453 447 453 452 448 449 454 448 454 453
          450 451 456 450 456 455 451 452 457 451 457 456 452 453 457 453
          458 457 453 454 458 454 459 458 455 456 460 456 461 460 456 457
          461 457 462 461 457 458 463 457 463 462 458 459 464 458 464 463
          460 461 466 460 466 465 461 462 467 461 467 466 462 463 467 463
          468 467 463 464 468 464 469 468 465 466 470 466 471 470 466 467
          471 467 472 471 467 468 473 467 473 472 468 469 474 468 474 473
          470 471 476 470 476 475 471 472 477 471 477 476 472 473 477 473
          478 477 473 474 478 474 479 478 475 476 480 476 481 480 476 477
          481 477 482 481 477 478 483 477 483 482 478 479 484 478 484 483
          480 481 486 480 486 485 481 482 487 481 487 486 482 483 487 483
          488 487 483 484 488 484 489 488 485 486 490 486 491 490 486 487
          491 487 492 491 487 488 493 487 493 492 488 489 494 488 494 493
          490 491 496 490 496 495 491 492 497 491 497 496 492 493 497 493
          498 497 493 494 498 494 499 498 495 496 500 496 501 500 496 497
          501 497 502 501 497 498 503 497 503 502 498 499 504 498 504 503
          500 501 506 500 506 505 501 502 507 501 507 506 502 503 507 503
          508 507 503 504 508 504 509 508 505 506 510 506 511 510 506 507
          511 507 512 511 507 508 513 507 513 512 508 509 514 508 514 513
          510 511 516 510 516 515 511 512 517 511 517 516 512 513 517 513
          518 517 513 514 518 514 519 518 515 516 520 516 521 520 516 517
          521 517 522 521 517 518 523 517 523 522 518 519 524 518 524 523
          520 521 526 520 526 525 521 522 527 521 527 526 522 523 527 523
          528 527 523 524 528 524 529 528 525 526 530 526 531 530 526 527
          531 527 532 531 527 528 533 527 533 532 528 529 534 528 534 533
          530 531 536 530 536 535 531 532 537 531 537 536 532 533 537 533
          538 537 533 534 538 534 539 538 535 536 540 536 541 540 536 537
          541 537 542 541 537 538 543 537 543 542 538 539 544 538 544 543
          540 541 546 540 546 545 541 542 547 541 547 546 542 543 547 543
          548 547 543 544 548 544 549 548 545 546 550 546 551 550 546 547
          551 547 552 551 547 548 553 547 553 552 548 549 554 548 554 553
          550 551 556 550 556 555 551 552 557 551 557 556 552 553 557 553
          558 557 553 554 558 554 559 558 555 556 560 556 561 560 556 557
          561 557 562 561 557 558 563 557 563 562 558 559 564 558 564 563
          560 561 566 560 566 565 561 562 567 561 567 566 562 563 567 563
          568 567 563 564 568 564 569 568 565 566 570 566 571 570 566 567
          571 567 572 571 567 568 573 567 573 572 568 569 574 568 574 573
          570 571 576 570 576 575 571 572 577 571 577 576 572 573 577 573
          578 577 573 574 578 574 579 578 575 576 580 576 581 580 576 577
          581 577 582 581 577 578 583 577 583 582 578 579 584 578 584 583
          580 581 586 580 586 585 581 582 587 581 587 586 582 583 587 583
          588 587 583 584 588 584 589 588 585 586 590 586 591 590 586 587
          591 587 592 591 587 588 593 587 593 592 588 589 594 588 594 593
          590 591 596 590 596 595 591 592 597 591 597 596 592 593 597 593
          598 597 593 594 598 594 599 598 595 596 600 596 601 600 596 597
          601 597 602 601 597 598 603 597 603 602 598 599 604 598 604 603
          600 601 606 600 606 605 601 602 607 601 607 606 602 603 607 603
          608 607 603 604 608 604 609 608 605 606 610 606 611 610 606 607
          611 607 612 611 607 608 613 607 613 612 608 609 614 608 614 613
          610 611 616 610 616 615 611 612 617 611 617 616 612 613 617 613
          618 617 613 614 618 614 619 618 615 616 620 616 621 620 616 617
          621 617 622 621 617 618 623 617 623 622 618 619 624 618 624 623
          620 621 626 620 626 625 621 622 627 621 627 626 622 623 627 623
          628 627 623 624 628 624 629 628 625 626 630 626 631 630 626 627
          631 627 632 631 627 628 633 627 633 632 628 629 634 628 634 633
          630 631 636 630 636 635 631 632 637 631 637 636 632 633 637 633
          638 637 633 634 638 634 639 638 635 636 640 636 641 640 636 637
          641 637 642 641 637 638 643 637 643 642 638 639 644 638 644 643
          640 641 646 640 646 645 641 642 647 641 647 646 642 643 647 643
          648 647 643 644 648 644 649 648 645 646 650 646 651 650 646 647
          651 647 652 651 647 648 653 647 653 652 648 649 654 648 654 653
          650 651 656 650 656 655 651 652 657 651 657 656 652 653 657 653
          658 657 653 654 658 654 659 658 655 656 660 656 661 660 656 657
          661 657 662 661 657 658 663 657 663 662 658 659 664 658 664 663
          660 661 666 660 666 665 661 662 667 661 667 666 662 663 667 663
          668 667 663 664 668 664 669 668 665 666 670 666 671 670 666 667
          671 667 672 671 667 668 673 667 673 672 668 669 674 668 674 673
          670 671 676 670 676 675 671 672 677 671 677 676 672 673 677 673
          678 677 673 674 678 674 679 678 675 676 680 676 681 680 676 677
          681 677 682 681 677 678 683 677 683 682 678 679 684 678 684 683
          680 681 686 680 686 685 681 682 687 681 687 686 682 683 687 683
          688 687 683 684 688 684 689 688 685 686 690 686 691 690 686 687
          691 687 692 691 687 688 693 687 693 692 688 689 694 688 694 693
          690 691 696 690 696 695 691 692 697 691 697 696 692 693 697 693
          698 697 693 694 698 694 699 698 695 696 700 696 701 700 696 697
          701 697 702 701 697 698 703 697 703 702 698 699 704 698 704 703
          700 701 706 700 706 705 701 702 707 701 707 706 702 703 707 703
          708 707 703 704 708 704 709 708 705 706 710 706 711 710 706 707
          711 707 712 711 707 708 713 707 713 712 708 709 714 708 714 713
          710 711 716 710 716 715 711 712 717 711 717 716 712 713 717 713
          718 717 713 714 718 714 719 718 715 716 720 716 721 720 716 717
          721 717 722 721 717 718 723 717 723 722 718 719 724 718 724 723
          720 721 726 720 726 725 721 722 727 721 727 726 722 723 727 723
          728 727 723 724 728 724 729 728 725 726 730 726 731 730 726 727
          731 727 732 731 727 728 733 727 733 732 728 729 734 728 734 733
          730 731 736 730 736 735 731 732 737 731 737 736 732 733 737 733
          738 737 733 734 738 734 739 738 735 736 740 736 741 740 736 737
          741 737 742 741 737 738 743 737 743 742 738 739 744 738 744 743
          740 741 746 740 746 745 741 742 747 741 747 746 742 743 747 743
          748 747 743 744 748 744 749 748 745 746 750 746 751 750 746 747
          751 747 752 751 747 748 753 747 753 752 748 749 754 748 754 753
          750 751 756 750 756 755 751 752 757 751 757 756 752 753 757 753
          758 757 753 754 758 754 759 758 755 756 760 756 761 760 756 757
          761 757 762 761 757 758 763 757 763 762 758 759 764 758 764 763
          760 761 766 760 766 765 761 762 767 761 767 766 762 763 767 763
          768 767 763 764 768 764 769 768 765 766 770 766 771 770 766 767
          771 767 772 771 767 768 773 767 773 772 768 769 774 768 774 773
          770 771 776 770 776 775 771 772 777 771 777 776 772 773 777 773
          778 777 773 774 778 774 779 778 775 776 780 776 781 780 776 777
          781 777 782 781 777 778 783 777 783 782 778 779 784 778 784 783
          780 781 786 780 786 785 781 782 787 781 787 786 782 783 787 783
          788 787 783 784 788 784 789 788 785 786 790 786 791 790 786 787
          791 787 792 791 787 788 793 787 793 792 788 789 794 788 794 793
          790 791 796 790 796 795 791 792 797 791 797 796 792 793 797 793
          798 797 793 794 798 794 799 798 795 796 800 796 801 800 796 797
          801 797 802 801 797 798 803 797 803 802 798 799 804 798 804 803
          800 801 806 800 806 805 801 802 807 801 807 806 802 803 807 803
          808 807 803 804 808 804 809 808 805 806 810 806 811 810 806 807
          811 807 812 811 807 808 813 807 813 812 808 809 814 808 814 813
          810 811 816 810 816 815 811 812 817 811 817 816 812 813 817 813
          818 817 813 814 818 814 819 818 815 816 820 816 821 820 816 817
          821 817 822 821 817 818 823 817 823 822 818 819 824 818 824 823
          820 821 826 820 826 825 821 822 827 821 827 826 822 823 827 823
          828 827 823 824 828 824 829 828 825 826 830 826 831 830 826 827
          831 827 832 831 827 828 833 827 833 832 828 829 834 828 834 833
          830 831 836 830 836 835 831 832 837 831 837 836 832 833 837 833
          838 837 833 834 838 834 839 838 835 836 840 836 841 840 836 837
          841 837 842 841 837 838 843 837 843 842 838 839 844 838 844 843
          840 841 846 840 846 845 841 842 847 841 847 846 842 843 847 843
          848 847 843 844 848 844 849 848 845 846 850 846 851 850 846 847
          851 847 852 851 847 848 853 847 853 852 848 849 854 848 854 853
          850 851 856 850 856 855 851 852 857 851 857 856 852 853 857 853
          858 857 853 854 858 854 859 858 855 856 860 856 861 860 856 857
          861 857 862 861 857 858 863 857 863 862 858 859 864 858 864 863
          860 861 866 860 866 865 861 862 867 861 867 866 862 863 867 863
          868 867 863 864 868 864 869 868 865 866 870 866 871 870 866 867
          871 867 872 871 867 868 873 867 873 872 868 869 874 868 874 873
          870 871 876 870 876 875 871 872 877 871 877 876 872 873 877 873
          878 877 873 874 878 874 879 878 875 876 880 876 881 880 876 877
          881 877 882 881 877 878 883 877 883 882 878 879 884 878 884 883
          880 881 886 880 886 885 881 882 887 881 887 886 882 883 887 883
          888 887 883 884 888 884 889 888 885 886 890 886 891 890 886 887
          891 887 892 891 887 888 893 887 893 892 888 889 894 888 894 893
          890 891 896 890 896 895 891 892 897 891 897 896 892 893 897 893
          898 897 893 894 898 894 899 898 895 896 900 896 901 900 896 897
          901 897 902 901 897 898 903 897 903 902 898 899 904 898 904 903
          900 901 906 900 906 905 901 902 907 901 907 906 902 903 907 903
          908 907 903 904 908 904 909 908 905 906 910 906 911 910 906 907
          911 907 912 911 907 908 913 907 913 912 908 909 914 908 914 913
          910 911 916 910 916 915 911 912 917 911 917 916 912 913 917 913
          918 917 913 914 918 914 919 918 915 916 920 916 921 920 916 917
          921 917 922 921 917 918 923 917 923 922 918 919 924 918 924 923
          920 921 926 920 926 925 921 922 927 921 927 926 922 923 927 923
          928 927 923 924 928 924 929 928 925 926 930 926 931 930 926 927
          931 927 932 931 927 928 933 927 933 932 928 929 934 928 934 933
          930 931 936 930 936 935 931 932 937 931 937 936 932 933 937 933
          938 937 933 934 938 934 939 938 935 936 940 936 941 940 936 937
          941 937 942 941 937 938 943 937 943 942 938 939 944 938 944 943
          940 941 946 940 946 945 941 942 947 941 947 946 942 943 947 943
          948 947 943 944 948 944 949 948 945 946 950 946 951 950 946 947
          951 947 952 951 947 948 953 947 953 952 948 949 954 948 954 953
          950 951 956 950 956 955 951 952 957 951 957 956 952 953 957 953
          958 957 953 954 958 954 959 958 955 956 960 956 961 960 956 957
          961 957 962 961 957 958 963 957 963 962 958 959 964 958 964 963
          960 961 966 960 966 965 961 962 967 961 967 966 962 963 967 963
          968 967 963 964 968 964 969 968 965 966 970 966 971 970 966 967
          971 967 972 971 967 968 973 967 973 972 968 969 974 968 974 973
          970 971 976 970 976 975 971 972 977 971 977 976 972 973 977 973
          978 977 973 974 978 974 979 978 975 976 980 976 981 980 976 977
          981 977 982 981 977 978 983 977 983 982 978 979 984 978 984 983
          980 981 986 980 986 985 981 982 987 981 987 986 982 983 987 983
          988 987 983 984 988 984 989 988 985 986 990 986 991 990 986 987
          991 987 992 991 987 988 993 987 993 992 988 989 994 988 994 993
          990 991 996 990 996 995 991 992 997 991 997 996 992 993 997 993
          998 997 993 994 998 994 999 998 995 996 1000 996 1001 1000 996 997
          1001 997 1002 1001 997 998 1003 997 1003 1002 998 999 1004 998 1004 1003
          1000 1001 1006 1000 1006 1005 1001 1002 1007 1001 1007 1006 1002 1003 1007 1003
          1008 1007 1003 1004 1008 1004 1009 1008 1005 1006 1010 1006 1011 1010 1006 1007
          1011 1007 1012 1011 1007 1008 1013 1007 1013 1012 1008 1009 1014 1008 1014 1013
          1010 1011 1016 1010 1016 1015 1011 1012 1017 1011 1017 1016 1012 1013 1017 1013
          1018 1017 1013 1014 1018 1014 1019 1018 1015 1016 1020 1016 1021 1020 1016 1017
          1021 1017 1022 1021 1017 1018 1023 1017 1023 1022 1018 1019 1024 1018 1024 1023
          1020 1021 1026 1020 1026 1025 1021 1022 1027 1021 1027 1026 1022 1023 1027 1023
          1028 1027 1023 1024 1028 1024 1029 1028 1025 1026 1030 1026 1031 1030 1026 1027
          1031 1027 1032 1031 1027 1028 1033 1027 1033 1032 1028 1029 1034 1028 1034 1033
          1030 1031 1036 1030 1036 1035 1031 1032 1037 1031 1037 1036 1032 1033 1037 1033
          1038 1037 1033 1034 1038 1034 1039 1038 1035 1036 1040 1036 1041 1040 1036 1037
          1041 1037 1042 1041 1037 1038 1043 1037 1043 1042 1038 1039 1044 1038 1044 1043
          1040 1041 1046 1040 1046 1045 1041 1042 1047 1041 1047 1046 1042 1043 1047 1043
          1048 1047 1043 1044 1048 1044 1049 1048 1045 1046 1050 1046 1051 1050 1046 1047
          1051 1047 1052 1051 1047 1048 1053 1047 1053 1052 1048 1049 1054 1048 1054 1053
          1050 1051 1056 1050 1056 1055 1051 1052 1057 1051 1057 1056 1052 1053 1057 1053
          1058 1057 1053 1054 1058 1054 1059 1058 1055 1056 1060 1056 1061 1060 1056 1057
          1061 1057 1062 1061 1057 1058 1063 1057 1063 1062 1058 1059 1064 1058 1064 1063
          1060 1061 1066 1060 1066 1065 1061 1062 1067 1061 1067 1066 1062 1063 1067 1063
          1068 1067 1063 1064 1068 1064 1069 1068 1065 1066 1070 1066 1071 1070 1066 1067
          1071 1067 1072 1071 1067 1068 1073 1067 1073 1072 1068 1069 1074 1068 1074 1073
          1070 1071 1076 1070 1076 1075 1071 1072 1077 1071 1077 1076 1072 1073 1077 1073
          1078 1077 1073 1074 1078 1074 1079 1078 1075 1076 1080 1076 1081 1080 1076 1077
          1081 1077 1082 1081 1077 1078 1083 1077 1083 1082 1078 1079 1084 1078 1084 1083
          1080 1081 1086 1080 1086 1085 1081 1082 1087 1081 1087 1086 1082 1083 1087 1083
          1088 1087 1083 1084 1088 1084 1089 1088 1085 1086 1090 1086 1091 1090 1086 1087
          1091 1087 1092 1091 1087 1088 1093 1087 1093 1092 1088 1089 1094 1088 1094 1093
          1090 1091 1096 1090 1096 1095 1091 1092 1097 1091 1097 1096 1092 1093 1097 1093
          1098 1097 1093 1094 1098 1094 1099 1098 1095 1096 1100 1096 1101 1100 1096 1097
          1101 1097 1102 1101 1097 1098 1103 1097 1103 1102 1098 1099 1104 1098 1104 1103
          1100 1101 1106 1100 1106 1105 1101 1102 1107 1101 1107 1106 1102 1103 1107 1103
          1108 1107 1103 1104 1108 1104 1109 1108 1105 1106 1110 1106 1111 1110 1106 1107
          1111 1107 1112 1111 1107 1108 1113 1107 1113 1112 1108 1109 1114 1108 1114 1113
          1110 1111 1116 1110 1116 1115 1111 1112 1117 1111 1117 1116 1112 1113 1117 1113
          1118 1117 1113 1114 1118 1114 1119 1118 1115 1116 1120 1116 1121 1120 1116 1117
          1121 1117 1122 1121 1117 1118 1123 1117 1123 1122 1118 1119 1124 1118 1124 1123
          1120 1121 1126 1120 1126 1125 1121 1122 1127 1121 1127 1126 1122 1123 1127 1123
          1128 1127 1123 1124 1128 1124 1129 1128 1125 1126 1130 1126 1131 1130 1126 1127
          1131 1127 1132 1131 1127 1128 1133 1127 1133 1132 1128 1129 1134 1128 1134 1133
          1130 1131 1136 1130 1136 1135 1131 1132 1137 1131 1137 1136 1132 1133 1137 1133
          1138 1137 1133 1134 1138 1134 1139 1138 1135 1136 1140 1136 1141 1140 1136 1137
          1141 1137 1142 1141 1137 1138 1143 1137 1143 1142 1138 1139 1144 1138 1144 1143
          1140 1141 1146 1140 1146 1145 1141 1142 1147 1141 1147 1146 1142 1143 1147 1143
          1148 1147 1143 1144 1148 1144 1149 1148 1145 1146 1150 1146 1151 1150 1146 1147
          1151 1147 1152 1151 1147 1148 1153 1147 1153 1152 1148 1149 1154 1148 1154 1153
          1150 1151 1156 1150 1156 1155 1151 1152 1157 1151 1157 1156 1152 1153 1157 1153
          1158 1157 1153 1154 1158 1154 1159 1158 1155 1156 1160 1156 1161 1160 1156 1157
          1161 1157 1162 1161 1157 1158 1163 1157 1163 1162 1158 1159 1164 1158 1164 1163
          1160 1161 1166 1160 1166 1165 1161 1162 1167 1161 1167 1166 1162 1163 1167 1163
          1168 1167 1163 1164 1168 1164 1169 1168 1165 1166 1170 1166 1171 1170 1166 1167
          1171 1167 1172 1171 1167 1168 1173 1167 1173 1172 1168 1169 1174 1168 1174 1173
          1170 1171 1176 1170 1176 1175 1171 1172 1177 1171 1177 1176 1172 1173 1177 1173
          1178 1177 1173 1174 1178 1174 1179 1178 1175 1176 1180 1176 1181 1180 1176 1177
          1181 1177 1182 1181 1177 1178 1183 1177 1183 1182 1178 1179 1184 1178 1184 1183
          1180 1181 1186 1180 1186 1185 1181 1182 1187 1181 1187 1186 1182 1183 1187 1183
          1188 1187 1183 1184 1188 1184 1189 1188 1185 1186 1190 1186 1191 1190 1186 1187
          1191 1187 1192 1191 1187 1188 1193 1187 1193 1192 1188 1189 1194 1188 1194 1193
          1190 1191 1196 1190 1196 1195 1191 1192 1197 1191 1197 1196 1192 1193 1197 1193
          1198 1197 1193 1194 1198 1194 1199 1198 1195 1196 1200 1196 1201 1200 1196 1197
          1201 1197 1202 1201 1197 1198 1203 1197 1203 1202 1198 1199 1204 1198 1204 1203
          1200 1201 1206 1200 1206 1205 1201 1202 1207 1201 1207 1206 1202 1203 1207 1203
          1208 1207 1203 1204 1208 1204 1209 1208 1205 1206 1210 1206 1211 1210 1206 1207
          1211 1207 1212 1211 1207 1208 1213 1207 1213 1212 1208 1209 1214 1208 1214 1213
          1210 1211 1216 1210 1216 1215 1211 1212 1217 1211 1217 1216 1212 1213 1217 1213
          1218 1217 1213 1214 1218 1214 1219 1218 1215 1216 1220 1216 1221 1220 1216 1217
          1221 1217 1222 1221 1217 1218 1223 1217 1223 1222 1218 1219 1224 1218 1224 1223
          1220 1221 1226 1220 1226 1225 1221 1222 1227 1221 1227 1226 1222 1223 1227 1223
          1228 1227 1223 1224 1228 1224 1229 1228 1225 1226 1230 1226 1231 1230 1226 1227
          1231 1227 1232 1231 1227 1228 1233 1227 1233 1232 1228 1229 1234 1228 1234 1233
          1230 1231 1236 1230 1236 1235 1231 1232 1237 1231 1237 1236 1232 1233 1237 1233
          1238 1237 1233 1234 1238 1234 1239 1238 1235 1236 1240 1236 1241 1240 1236 1237
          1241 1237 1242 1241 1237 1238 1243 1237 1243 1242 1238 1239 1244 1238 1244 1243
          1240 1241 1246 1240 1246 1245 1241 1242 1247 1241 1247 1246 1242 1243 1247 1243
          1248 1247 1243 1244 1248 1244 1249 1248 1245 1246 1250 1246 1251 1250 1246 1247
          1251 1247 1252 1251 1247 1248 1253 1247 1253 1252 1248 1249 1254 1248 1254 1253
          1250 1251 1256 1250 1256 1255 1251 1252 1257 1251 1257 1256 1252 1253 1257 1253
          1258 1257 1253 1254 1258 1254 1259 1258 1255 1256 1260 1256 1261 1260 1256 1257
          1261 1257 1262 1261 1257 1258 1263 1257 1263 1262 1258 1259 1264 1258 1264 1263
          1260 1261 1266 1260 1266 1265 1261 1262 1267 1261 1267 1266 1262 1263 1267 1263
          1268 1267 1263 1264 1268 1264 1269 1268 1265 1266 1270 1266 1271 1270 1266 1267
          1271 1267 1272 1271 1267 1268 1273 1267 1273 1272 1268 1269 1274 1268 1274 1273
          1270 1271 1276 1270 1276 1275 1271 1272 1277 1271 1277 1276 1272 1273 1277 1273
          1278 1277 1273 1274 1278 1274 1279 1278 1275 1276 1280 1276 1281 1280 1276 1277
          1281 1277 1282 1281 1277 1278 1283 1277 1283 1282 1278 1279 1284 1278 1284 1283
          1280 1281 1286 1280 1286 1285 1281 1282 1287 1281 1287 1286 1282 1283 1287 1283
          1288 1287 1283 1284 1288 1284 1289 1288 1285 1286 1290 1286 1291 1290 1286 1287
          1291 1287 1292 1291 1287 1288 1293 1287 1293 1292 1288 1289 1294 1288 1294 1293
          1290 1291 1296 1290 1296 1295 1291 1292 1297 1291 1297 1296 1292 1293 1297 1293
          1298 1297 1293 1294 1298 1294 1299 1298 1295 1296 1300 1296 1301 1300 1296 1297
          1301 1297 1302 1301 1297 1298 1303 1297 1303 1302 1298 1299 1304 1298 1304 1303
          1300 1301 1306 1300 1306 1305 1301 1302 1307 1301 1307 1306 1302 1303 1307 1303
          1308 1307 1303 1304 1308 1304 1309 1308 1305 1306 1310 1306 1311 1310 1306 1307
          1311 1307 1312 1311 1307 1308 1313 1307 1313 1312 1308 1309 1314 1308 1314 1313
          1310 1311 1316 1310 1316 1315 1311 1312 1317 1311 1317 1316 1312 1313 1317 1313
          1318 1317 1313 1314 1318 1314 1319 1318 1315 1316 1320 1316 1321 1320 1316 1317
          1321 1317 1322 1321 1317 1318 1323 1317 1323 1322 1318 1319 1324 1318 1324 1323
          1320 1321 1326 1320 1326 1325 1321 1322 1327 1321 1327 1326 1322 1323 1327 1323
          1328 1327 1323 1324 1328 1324 1329 1328 1325 1326 1330 1326 1331 1330 1326 1327
          1331 1327 1332 1331 1327 1328 1333 1327 1333 1332 1328 1329 1334 1328 1334 1333
          1330 1331 1336 1330 1336 1335 1331 1332 1337 1331 1337 1336 1332 1333 1337 1333
          1338 1337 1333 1334 1338 1334 1339 1338 1335 1336 1340 1336 1341 1340 1336 1337
          1341 1337 1342 1341 1337 1338 1343 1337 1343 1342 1338 1339 1344 1338 1344 1343
          1340 1341 1346 1340 1346 1345 1341 1342 1347 1341 1347 1346 1342 1343 1347 1343
          1348 1347 1343 1344 1348 1344 1349 1348 1345 1346 1350 1346 1351 1350 1346 1347
          1351 1347 1352 1351 1347 1348 1353 1347 1353 1352 1348 1349 1354 1348 1354 1353
          1350 1351 1356 1350 1356 1355 1351 1352 1357 1351 1357 1356 1352 1353 1357 1353
          1358 1357 1353 1354 1358 1354 1359 1358 1355 1356 1360 1356 1361 1360 1356 1357
          1361 1357 1362 1361 1357 1358 1363 1357 1363 1362 1358 1359 1364 1358 1364 1363
          1360 1361 1366 1360 1366 1365 1361 1362 1367 1361 1367 1366 1362 1363 1367 1363
          1368 1367 1363 1364 1368 1364 1369 1368 1365 1366 1370 1366 1371 1370 1366 1367
          1371 1367 1372 1371 1367 1368 1373 1367 1373 1372 1368 1369 1374 1368 1374 1373
          1370 1371 1376 1370 1376 1375 1371 1372 1377 1371 1377 1376 1372 1373 1377 1373
          1378 1377 1373 1374 1378 1374 1379 1378 1375 1376 1380 1376 1381 1380 1376 1377
          1381 1377 1382 1381 1377 1378 1383 1377 1383 1382 1378 1379 1384 1378 1384 1383
          1380 1381 1386 1380 1386 1385 1381 1382 1387 1381 1387 1386 1382 1383 1387 1383
          1388 1387 1383 1384 1388 1384 1389 1388 1385 1386 1390 1386 1391 1390 1386 1387
          1391 1387 1392 1391 1387 1388 1393 1387 1393 1392 1388 1389 1394 1388 1394 1393
          1390 1391 1396 1390 1396 1395 1391 1392 1397 1391 1397 1396 1392 1393 1397 1393
          1398 1397 1393 1394 1398 1394 1399 1398 1395 1396 1400 1396 1401 1400 1396 1397
          1401 1397 1402 1401 1397 1398 1403 1397 1403 1402 1398 1399 1404 1398 1404 1403
          1400 1401 1406 1400 1406 1405 1401 1402 1407 1401 1407 1406 1402 1403 1407 1403
          1408 1407 1403 1404 1408 1404 1409 1408 1405 1406 1410 1406 1411 1410 1406 1407
          1411 1407 1412 1411 1407 1408 1413 1407 1413 1412 1408 1409 1414 1408 1414 1413
          1410 1411 1416 1410 1416 1415 1411 1412 1417 1411 1417 1416 1412 1413 1417 1413
          1418 1417 1413 1414 1418 1414 1419 1418 1415 1416 1420 1416 1421 1420 1416 1417
          1421 1417 1422 1421 1417 1418 1423 1417 1423 1422 1418 1419 1424 1418 1424 1423
          1420 1421 1426 1420 1426 1425 1421 1422 1427 1421 1427 1426 1422 1423 1427 1423
          1428 1427 1423 1424 1428 1424 1429 1428 1425 1426 1430 1426 1431 1430 1426 1427
          1431 1427 1432 1431 1427 1428 1433 1427 1433 1432 1428 1429 1434 1428 1434 1433
          1430 1431 1436 1430 1436 1435 1431 1432 1437 1431 1437 1436 1432 1433 1437 1433
          1438 1437 1433 1434 1438 1434 1439 1438 1435 1436 1440 1436 1441 1440 1436 1437
          1441 1437 1442 1441 1437 1438 1443 1437 1443 1442 1438 1439 1444 1438 1444 1443
          1440 1441 1446 1440 1446 1445 1441 1442 1447 1441 1447 1446 1442 1443 1447 1443
          1448 1447 1443 1444 1448 1444 1449 1448 1445 1446 1450 1446 1451 1450 1446 1447
          1451 1447 1452 1451 1447 1448 1453 1447 1453 1452 1448 1449 1454 1448 1454 1453
          1450 1451 1456 1450 1456 1455 1451 1452 1457 1451 1457 1456 1452 1453 1457 1453
          1458 1457 1453 1454 1458 1454 1459 1458 1455 1456 1460 1456 1461 1460 1456 1457
          1461 1457 1462 1461 1457 1458 1463 1457 1463 1462 1458 1459 1464 1458 1464 1463
          1460 1461 1466 1460 1466 1465 1461 1462 1467 1461 1467 1466 1462 1463 1467 1463
          1468 1467 1463 1464 1468 1464 1469 1468 1465 1466 1470 1466 1471 1470 1466 1467
          1471 1467 1472 1471 1467 1468 1473 1467 1473 1472 1468 1469 1474 1468 1474 1473
          1470 1471 1476 1470 1476 1475 1471 1472 1477 1471 1477 1476 1472 1473 1477 1473
          1478 1477 1473 1474 1478 1474 1479 1478 1475 1476 1480 1476 1481 1480 1476 1477
          1481 1477 1482 1481 1477 1478 1483 1477 1483 1482 1478 1479 1484 1478 1484 1483
          1480 1481 1486 1480 1486 1485 1481 1482 1487 1481 1487 1486 1482 1483 1487 1483
          1488 1487 1483 1484 1488 1484 1489 1488 1485 1486 1490 1486 1491 1490 1486 1487
          1491 1487 1492 1491 1487 1488 1493 1487 1493 1492 1488 1489 1494 1488 1494 1493
          1490 1491 1496 1490 1496 1495 1491 1492 1497 1491 1497 1496 1492 1493 1497 1493
          1498 1497 1493 1494 1498 1494 1499 1498 1495 1496 1500 1496 1501 1500 1496 1497
          1501 1497 1502 1501 1497 1498 1503 1497 1503 1502 1498 1499 1504 1498 1504 1503
          1500 1501 1506 1500 1506 1505 1501 1502 1507 1501 1507 1506 1502 1503 1507 1503
          1508 1507 1503 1504 1508 1504 1509 1508 1505 1506 1510 1506 1511 1510 1506 1507
          1511 1507 1512 1511 1507 1508 1513 1507 1513 1512 1508 1509 1514 1508 1514 1513
          1510 1511 1516 1510 1516 1515 1511 1512 1517 1511 1517 1516 1512 1513 1517 1513
          1518 1517 1513 1514 1518 1514 1519 1518 1515 1516 1520 1516 1521 1520 1516 1517
          1521 1517 1522 1521 1517 1518 1523 1517 1523 1522 1518 1519 1524 1518 1524 1523
          1520 1521 1526 1520 1526 1525 1521 1522 1527 1521 1527 1526 1522 1523 1527 1523
          1528 1527 1523 1524 1528 1524 1529 1528 1525 1526 1530 1526 1531 1530 1526 1527
          1531 1527 1532 1531 1527 1528 1533 1527 1533 1532 1528 1529 1534 1528 1534 1533
          1530 1531 1536 1530 1536 1535 1531 1532 1537 1531 1537 1536 1532 1533 1537 1533
          1538 1537 1533 1534 1538 1534 1539 1538 1535 1536 1540 1536 1541 1540 1536 1537
          1541 1537 1542 1541 1537 1538 1543 1537 1543 1542 1538 1539 1544 1538 1544 1543
          1540 1541 1546 1540 1546 1545 1541 1542 1547 1541 1547 1546 1542 1543 1547 1543
          1548 1547 1543 1544 1548 1544 1549 1548 1545 1546 1550 1546 1551 1550 1546 1547
          1551 1547 1552 1551 1547 1548 1553 1547 1553 1552 1548 1549 1554 1548 1554 1553
          1550 1551 1556 1550 1556 1555 1551 1552 1557 1551 1557 1556 1552 1553 1557 1553
          1558 1557 1553 1554 1558 1554 1559 1558 1555 1556 1560 1556 1561 1560 1556 1557
          1561 1557 1562 1561 1557 1558 1563 1557 1563 1562 1558 1559 1564 1558 1564 1563
          1560 1561 1566 1560 1566 1565 1561 1562 1567 1561 1567 1566 1562 1563 1567 1563
          1568 1567 1563 1564 1568 1564 1569 1568 1565 1566 1570 1566 1571 1570 1566 1567
          1571 1567 1572 1571 1567 1568 1573 1567 1573 1572 1568 1569 1574 1568 1574 1573
          1570 1571 1576 1570 1576 1575 1571 1572 1577 1571 1577 1576 1572 1573 1577 1573
          1578 1577 1573 1574 1578 1574 1579 1578 1575 1576 1580 1576 1581 1580 1576 1577
          1581 1577 1582 1581 1577 1578 1583 1577 1583 1582 1578 1579 1584 1578 1584 1583
          1580 1581 1586 1580 1586 1585 1581 1582 1587 1581 1587 1586 1582 1583 1587 1583
          1588 1587 1583 1584 1588 1584 1589 1588 1585 1586 1590 1586 1591 1590 1586 1587
          1591 1587 1592 1591 1587 1588 1593 1587 1593 1592 1588 1589 1594 1588 1594 1593
          1590 1591 1596 1590 1596 1595 1591 1592 1597 1591 1597 1596 1592 1593 1597 1593
          1598 1597 1593 1594 1598 1594 1599 1598 1595 1596 1600 1596 1601 1600 1596 1597
          1601 1597 1602 1601 1597 1598 1603 1597 1603 1602 1598 1599 1604 1598 1604 1603
          1600 1601 1606 1600 1606 1605 1601 1602 1607 1601 1607 1606 1602 1603 1607 1603
          1608 1607 1603 1604 1608 1604 1609 1608 1605 1606 1610 1606 1611 1610 1606 1607
          1611 1607 1612 1611 1607 1608 1613 1607 1613 1612 1608 1609 1614 1608 1614 1613
          1610 1611 1616 1610 1616 1615 1611 1612 1617 1611 1617 1616 1612 1613 1617 1613
          1618 1617 1613 1614 1618 1614 1619 1618 1615 1616 1620 1616 1621 1620 1616 1617
          1621 1617 1622 1621 1617 1618 1623 1617 1623 1622 1618 1619 1624 1618 1624 1623
          1620 1621 1626 1620 1626 1625 1621 1622 1627 1621 1627 1626 1622 1623 1627 1623
          1628 1627 1623 1624 1628 1624 1629 1628 1625 1626 1630 1626 1631 1630 1626 1627
          1631 1627 1632 1631 1627 1628 1633 1627 1633 1632 1628 1629 1634 1628 1634 1633
          1630 1631 1636 1630 1636 1635 1631 1632 1637 1631 1637 1636 1632 1633 1637 1633
          1638 1637 1633 1634 1638 1634 1639 1638 1635 1636 1640 1636 1641 1640 1636 1637
          1641 1637 1642 1641 1637 1638 1643 1637 1643 1642 1638 1639 1644 1638 1644 1643
          1640 1641 1646 1640 1646 1645 1641 1642 1647 1641 1647 1646 1642 1643 1647 1643
          1648 1647 1643 1644 1648 1644 1649 1648 1645 1646 1650 1646 1651 1650 1646 1647
          1651 1647 1652 1651 1647 1648 1653 1647 1653 1652 1648 1649 1654 1648 1654 1653
          1650 1651 1656 1650 1656 1655 1651 1652 1657 1651 1657 1656 1652 1653 1657 1653
          1658 1657 1653 1654 1658 1654 1659 1658 1655 1656 1660 1656 1661 1660 1656 1657
          1661 1657 1662 1661 1657 1658 1663 1657 1663 1662 1658 1659 1664 1658 1664 1663
          1660 1661 1666 1660 1666 1665 1661 1662 1667 1661 1667 1666 1662 1663 1667 1663
          1668 1667 1663 1664 1668 1664 1669 1668 1665 1666 1670 1666 1671 1670 1666 1667
          1671 1667 1672 1671 1667 1668 1673 1667 1673 1672 1668 1669 1674 1668 1674 1673
          1670 1671 1676 1670 1676 1675 1671 1672 1677 1671 1677 1676 1672 1673 1677 1673
          1678 1677 1673 1674 1678 1674 1679 1678 1675 1676 1680 1676 1681 1680 1676 1677
          1681 1677 1682 1681 1677 1678 1683 1677 1683 1682 1678 1679 1684 1678 1684 1683
          1680 1681 1686 1680 1686 1685 1681 1682 1687 1681 1687 1686 1682 1683 1687 1683
          1688 1687 1683 1684 1688 1684 1689 1688 1685 1686 1690 1686 1691 1690 1686 1687
          1691 1687 1692 1691 1687 1688 1693 1687 1693 1692 1688 1689 1694 1688 1694 1693
          1690 1691 1696 1690 1696 1695 1691 1692 1697 1691 1697 1696 1692 1693 1697 1693
          1698 1697 1693 1694 1698 1694 1699 1698 1695 1696 1700 1696 1701 1700 1696 1697
          1701 1697 1702 1701 1697 1698 1703 1697 1703 1702 1698 1699 1704 1698 1704 1703
          1700 1701 1706 1700 1706 1705 1701 1702 1707 1701 1707 1706 1702 1703 1707 1703
          1708 1707 1703 1704 1708 1704 1709 1708 1705 1706 1710 1706 1711 1710 1706 1707
          1711 1707 1712 1711 1707 1708 1713 1707 1713 1712 1708 1709 1714 1708 1714 1713
          1710 1711 1716 1710 1716 1715 1711 1712 1717 1711 1717 1716 1712 1713 1717 1713
          1718 1717 1713 1714 1718 1714 1719 1718 1715 1716 1720 1716 1721 1720 1716 1717
          1721 1717 1722 1721 1717 1718 1723 1717 1723 1722 1718 1719 1724 1718 1724 1723
          1720 1721 1726 1720 1726 1725 1721 1722 1727 1721 1727 1726 1722 1723 1727 1723
          1728 1727 1723 1724 1728 1724 1729 1728 1725 1726 1730 1726 1731 1730 1726 1727
          1731 1727 1732 1731 1727 1728 1733 1727 1733 1732 1728 1729 1734 1728 1734 1733
          1730 1731 1736 1730 1736 1735 1731 1732 1737 1731 1737 1736 1732 1733 1737 1733
          1738 1737 1733 1734 1738 1734 1739 1738 1735 1736 1740 1736 1741 1740 1736 1737
          1741 1737 1742 1741 1737 1738 1743 1737 1743 1742 1738 1739 1744 1738 1744 1743
          1740 1741 1746 1740 1746 1745 1741 1742 1747 1741 1747 1746 1742 1743 1747 1743
          1748 1747 1743 1744 1748 1744 1749 1748 1745 1746 1750 1746 1751 1750 1746 1747
          1751 1747 1752 1751 1747 1748 1753 1747 1753 1752 1748 1749 1754 1748 1754 1753
          1750 1751 1756 1750 1756 1755 1751 1752 1757 1751 1757 1756 1752 1753 1757 1753
          1758 1757 1753 1754 1758 1754 1759 1758 1755 1756 1760 1756 1761 1760 1756 1757
          1761 1757 1762 1761 1757 1758 1763 1757 1763 1762 1758 1759 1764 1758 1764 1763
          1760 1761 1766 1760 1766 1765 1761 1762 1767 1761 1767 1766 1762 1763 1767 1763
          1768 1767 1763 1764 1768 1764 1769 1768 1765 1766 1770 1766 1771 1770 1766 1767
          1771 1767 1772 1771 1767 1768 1773 1767 1773 1772 1768 1769 1774 1768 1774 1773
          1770 1771 1776 1770 1776 1775 1771 1772 1777 1771 1777 1776 1772 1773 1777 1773
          1778 1777 1773 1774 1778 1774 1779 1778 1775 1776 1780 1776 1781 1780 1776 1777
          1781 1777 1782 1781 1777 1778 1783 1777 1783 1782 1778 1779 1784 1778 1784 1783
          1780 1781 1786 1780 1786 1785 1781 1782 1787 1781 1787 1786 1782 1783 1787 1783
          1788 1787 1783 1784 1788 1784 1789 1788 1785 1786 1790 1786 1791 1790 1786 1787
          1791 1787 1792 1791 1787 1788 1793 1787 1793 1792 1788 1789 1794 1788 1794 1793
          1790 1791 1796 1790 1796 1795 1791 1792 1797 1791 1797 1796 1792 1793 1797 1793
          1798 1797 1793 1794 1798 1794 1799 1798 1795 1796 1800 1796 1801 1800 1796 1797
          1801 1797 1802 1801 1797 1798 1803 1797 1803 1802 1798 1799 1804 1798 1804 1803
          1800 1801 1806 1800 1806 1805 1801 1802 1807 1801 1807 1806 1802 1803 1807 1803
          1808 1807 1803 1804 1808 1804 1809 1808 1805 1806 1810 1806 1811 1810 1806 1807
          1811 1807 1812 1811 1807 1808 1813 1807 1813 1812 1808 1809 1814 1808 1814 1813
          1810 1811 1816 1810 1816 1815 1811 1812 1817 1811 1817 1816 1812 1813 1817 1813
          1818 1817 1813 1814 1818 1814 1819 1818 1815 1816 1820 1816 1821 1820 1816 1817
          1821 1817 1822 1821 1817 1818 1823 1817 1823 1822 1818 1819 1824 1818 1824 1823
          1820 1821 1826 1820 1826 1825 1821 1822 1827 1821 1827 1826 1822 1823 1827 1823
          1828 1827 1823 1824 1828 1824 1829 1828 1825 1826 1830 1826 1831 1830 1826 1827
          1831 1827 1832 1831 1827 1828 1833 1827 1833 1832 1828 1829 1834 1828 1834 1833
          1830 1831 1836 1830 1836 1835 1831 1832 1837 1831 1837 1836 1832 1833 1837 1833
          1838 1837 1833 1834 1838 1834 1839 1838 1835 1836 1840 1836 1841 1840 1836 1837
          1841 1837 1842 1841 1837 1838 1843 1837 1843 1842 1838 1839 1844 1838 1844 1843
          1840 1841 1846 1840 1846 1845 1841 1842 1847 1841 1847 1846 1842 1843 1847 1843
          1848 1847 1843 1844 1848 1844 1849 1848 1845 1846 1850 1846 1851 1850 1846 1847
          1851 1847 1852 1851 1847 1848 1853 1847 1853 1852 1848 1849 1854 1848 1854 1853
          1850 1851 1856 1850 1856 1855 1851 1852 1857 1851 1857 1856 1852 1853 1857 1853
          1858 1857 1853 1854 1858 1854 1859 1858 1855 1856 1860 1856 1861 1860 1856 1857
          1861 1857 1862 1861 1857 1858 1863 1857 1863 1862 1858 1859 1864 1858 1864 1863
          1860 1861 1866 1860 1866 1865 1861 1862 1867 1861 1867 1866 1862 1863 1867 1863
          1868 1867 1863 1864 1868 1864 1869 1868 1865 1866 1870 1866 1871 1870 1866 1867
          1871 1867 1872 1871 1867 1868 1873 1867 1873 1872 1868 1869 1874 1868 1874 1873
          1870 1871 1876 1870 1876 1875 1871 1872 1877 1871 1877 1876 1872 1873 1877 1873
          1878 1877 1873 1874 1878 1874 1879 1878 1875 1876 1880 1876 1881 1880 1876 1877
          1881 1877 1882 1881 1877 1878 1883 1877 1883 1882 1878 1879 1884 1878 1884 1883
          1880 1881 1886 1880 1886 1885 1881 1882 1887 1881 1887 1886 1882 1883 1887 1883
          1888 1887 1883 1884 1888 1884 1889 1888 1885 1886 1890 1886 1891 1890 1886 1887
          1891 1887 1892 1891 1887 1888 1893 1887 1893 1892 1888 1889 1894 1888 1894 1893
          1890 1891 1896 1890 1896 1895 1891 1892 1897 1891 1897 1896 1892 1893 1897 1893
          1898 1897 1893 1894 1898 1894 1899 1898 1895 1896 1900 1896 1901 1900 1896 1897
          1901 1897 1902 1901 1897 1898 1903 1897 1903 1902 1898 1899 1904 1898 1904 1903
          1900 1901 1906 1900 1906 1905 1901 1902 1907 1901 1907 1906 1902 1903 1907 1903
          1908 1907 1903 1904 1908 1904 1909 1908 1905 1906 1910 1906 1911 1910 1906 1907
          1911 1907 1912 1911 1907 1908 1913 1907 1913 1912 1908 1909 1914 1908 1914 1913
          1910 1911 1916 1910 1916 1915 1911 1912 1917 1911 1917 1916 1912 1913 1917 1913
          1918 1917 1913 1914 1918 1914 1919 1918 1915 1916 1920 1916 1921 1920 1916 1917
          1921 1917 1922 1921 1917 1918 1923 1917 1923 1922 1918 1919 1924 1918 1924 1923
          1920 1921 1926 1920 1926 1925 1921 1922 1927 1921 1927 1926 1922 1923 1927 1923
          1928 1927 1923 1924 1928 1924 1929 1928 1925 1926 1930 1926 1931 1930 1926 1927
          1931 1927 1932 1931 1927 1928 1933 1927 1933 1932 1928 1929 1934 1928 1934 1933
          1930 1931 1936 1930 1936 1935 1931 1932 1937 1931 1937 1936 1932 1933 1937 1933
          1938 1937 1933 1934 1938 1934 1939 1938 1935 1936 1940 1936 1941 1940 1936 1937
          1941 1937 1942 1941 1937 1938 1943 1937 1943 1942 1938 1939 1944 1938 1944 1943
          1940 1941 1946 1940 1946 1945 1941 1942 1947 1941 1947 1946 1942 1943 1947 1943
          1948 1947 1943 1944 1948 1944 1949 1948 1945 1946 1950 1946 1951 1950 1946 1947
          1951 1947 1952 1951 1947 1948 1953 1947 1953 1952 1948 1949 1954 1948 1954 1953
          1950 1951 1956 1950 1956 1955 1951 1952 1957 1951 1957 1956 1952 1953 1957 1953
          1958 1957 1953 1954 1958 1954 1959 1958 1955 1956 1960 1956 1961 1960 1956 1957
          1961 1957 1962 1961 1957 1958 1963 1957 1963 1962 1958 1959 1964 1958 1964 1963
          1960 1961 1966 1960 1966 1965 1961 1962 1967 1961 1967 1966 1962 1963 1967 1963
          1968 1967 1963 1964 1968 1964 1969 1968 1965 1966 1970 1966 1971 1970 1966 1967
          1971 1967 1972 1971 1967 1968 1973 1967 1973 1972 1968 1969 1974 1968 1974 1973
          1970 1971 1976 1970 1976 1975 1971 1972 1977 1971 1977 1976 1972 1973 1977 1973
          1978 1977 1973 1974 1978 1974 1979 1978 1975 1976 1980 1976 1981 1980 1976 1977
          1981 1977 1982 1981 1977 1978 1983 1977 1983 1982 1978 1979 1984 1978 1984 1983
          1980 1981 1986 1980 1986 1985 1981 1982 1987 1981 1987 1986 1982 1983 1987 1983
          1988 1987 1983 1984 1988 1984 1989 1988 1985 1986 1990 1986 1991 1990 1986 1987
          1991 1987 1992 1991 1987 1988 1993 1987 1993 1992 1988 1989 1994 1988 1994 1993
          1990 1991 1996 1990 1996 1995 1991 1992 1997 1991 1997 1996 1992 1993 1997 1993
          1998 1997 1993 1994 1998 1994 1999 1998 1995 1996 2000 1996 2001 2000 1996 1997
          2001 1997 2002 2001 1997 1998 2003 1997 2003 2002 1998 1999 2004 1998 2004 2003
          2000 2001 2006 2000 2006 2005 2001 2002 2007 2001 2007 2006 2002 2003 2007 2003
          2008 2007 2003 2004 2008 2004 2009 2008 2005 2006 2010 2006 2011 2010 2006 2007
          2011 2007 2012 2011 2007 2008 2013 2007 2013 2012 2008 2009 2014 2008 2014 2013
          2010 2011 2016 2010 2016 2015 2011 2012 2017 2011 2017 2016 2012 2013 2017 2013
          2018 2017 2013 2014 2018 2014 2019 2018 2015 2016 2020 2016 2021 2020 2016 2017
          2021 2017 2022 2021 2017 2018 2023 2017 2023 2022 2018 2019 2024 2018 2024 2023
          2020 2021 2026 2020 2026 2025 2021 2022 2027 2021 2027 2026 2022 2023 2027 2023
          2028 2027 2023 2024 2028 2024 2029 2028 2025 2026 2030 2026 2031 2030 2026 2027
          2031 2027 2032 2031 2027 2028 2033 2027 2033 2032 2028 2029 2034 2028 2034 2033
          2030 2031 2036 2030 2036 2035 2031 2032 2037 2031 2037 2036 2032 2033 2037 2033
          2038 2037 2033 2034 2038 2034 2039 2038 2035 2036 2040 2036 2041 2040 2036 2037
          2041 2037 2042 2041 2037 2038 2043 2037 2043 2042 2038 2039 2044 2038 2044 2043
          2040 2041 2046 2040 2046 2045 2041 2042 2047 2041 2047 2046 2042 2043 2047 2043
          2048 2047 2043 2044 2048 2044 2049 2048 2045 2046 2050 2046 2051 2050 2046 2047
          2051 2047 2052 2051 2047 2048 2053 2047 2053 2052 2048 2049 2054 2048 2054 2053
          2050 2051 2056 2050 2056 2055 2051 2052 2057 2051 2057 2056 2052 2053 2057 2053
          2058 2057 2053 2054 2058 2054 2059 2058 2055 2056 2060 2056 2061 2060 2056 2057
          2061 2057 2062 2061 2057 2058 2063 2057 2063 2062 2058 2059 2064 2058 2064 2063
          2060 2061 2066 2060 2066 2065 2061 2062 2067 2061 2067 2066 2062 2063 2067 2063
          2068 2067 2063 2064 2068 2064 2069 2068 2065 2066 2070 2066 2071 2070 2066 2067
          2071 2067 2072 2071 2067 2068 2073 2067 2073 2072 2068 2069 2074 2068 2074 2073
          2070 2071 2076 2070 2076 2075 2071 2072 2077 2071 2077 2076 2072 2073 2077 2073
          2078 2077 2073 2074 2078 2074 2079 2078 2075 2076 2080 2076 2081 2080 2076 2077
          2081 2077 2082 2081 2077 2078 2083 2077 2083 2082 2078 2079 2084 2078 2084 2083
          2080 2081 2086 2080 2086 2085 2081 2082 2087 2081 2087 2086 2082 2083 2087 2083
          2088 2087 2083 2084 2088 2084 2089 2088 2085 2086 2090 2086 2091 2090 2086 2087
          2091 2087 2092 2091 2087 2088 2093 2087 2093 2092 2088 2089 2094 2088 2094 2093
          2090 2091 2096 2090 2096 2095 2091 2092 2097 2091 2097 2096 2092 2093 2097 2093
          2098 2097 2093 2094 2098 2094 2099 2098 2095 2096 2100 2096 2101 2100 2096 2097
          2101 2097 2102 2101 2097 2098 2103 2097 2103 2102 2098 2099 2104 2098 2104 2103
          2100 2101 2106 2100 2106 2105 2101 2102 2107 2101 2107 2106 2102 2103 2107 2103
          2108 2107 2103 2104 2108 2104 2109 2108 2105 2106 2110 2106 2111 2110 2106 2107
          2111 2107 2112 2111 2107 2108 2113 2107 2113 2112 2108 2109 2114 2108 2114 2113
          2110 2111 2116 2110 2116 2115 2111 2112 2117 2111 2117 2116 2112 2113 2117 2113
          2118 2117 2113 2114 2118 2114 2119 2118 2115 2116 2120 2116 2121 2120 2116 2117
          2121 2117 2122 2121 2117 2118 2123 2117 2123 2122 2118 2119 2124 2118 2124 2123
          2120 2121 2126 2120 2126 2125 2121 2122 2127 2121 2127 2126 2122 2123 2127 2123
          2128 2127 2123 2124 2128 2124 2129 2128 2125 2126 2130 2126 2131 2130 2126 2127
          2131 2127 2132 2131 2127 2128 2133 2127 2133 2132 2128 2129 2134 2128 2134 2133
          2130 2131 2136 2130 2136 2135 2131 2132 2137 2131 2137 2136 2132 2133 2137 2133
          2138 2137 2133 2134 2138 2134 2139 2138 2135 2136 2140 2136 2141 2140 2136 2137
          2141 2137 2142 2141 2137 2138 2143 2137 2143 2142 2138 2139 2144 2138 2144 2143
          2140 2141 2146 2140 2146 2145 2141 2142 2147 2141 2147 2146 2142 2143 2147 2143
          2148 2147 2143 2144 2148 2144 2149 2148 2145 2146 2150 2146 2151 2150 2146 2147
          2151 2147 2152 2151 2147 2148 2153 2147 2153 2152 2148 2149 2154 2148 2154 2153
          2150 2151 2156 2150 2156 2155 2151 2152 2157 2151 2157 2156 2152 2153 2157 2153
          2158 2157 2153 2154 2158 2154 2159 2158 2155 2156 2160 2156 2161 2160 2156 2157
          2161 2157 2162 2161 2157 2158 2163 2157 2163 2162 2158 2159 2164 2158 2164 2163
          2160 2161 2166 2160 2166 2165 2161 2162 2167 2161 2167 2166 2162 2163 2167 2163
          2168 2167 2163 2164 2168 2164 2169 2168 2165 2166 2170 2166 2171 2170 2166 2167
          2171 2167 2172 2171 2167 2168 2173 2167 2173 2172 2168 2169 2174 2168 2174 2173
          2170 2171 2176 2170 2176 2175 2171 2172 2177 2171 2177 2176 2172 2173 2177 2173
          2178 2177 2173 2174 2178 2174 2179 2178 2175 2176 2180 2176 2181 2180 2176 2177
          2181 2177 2182 2181 2177 2178 2183 2177 2183 2182 2178 2179 2184 2178 2184 2183
          2180 2181 2186 2180 2186 2185 2181 2182 2187 2181 2187 2186 2182 2183 2187 2183
          2188 2187 2183 2184 2188 2184 2189 2188 2185 2186 2190 2186 2191 2190 2186 2187
          2191 2187 2192 2191 2187 2188 2193 2187 2193 2192 2188 2189 2194 2188 2194 2193
          2190 2191 2196 2190 2196 2195 2191 2192 2197 2191 2197 2196 2192 2193 2197 2193
          2198 2197 2193 2194 2198 2194 2199 2198 2195 2196 2200 2196 2201 2200 2196 2197
          2201 2197 2202 2201 2197 2198 2203 2197 2203 2202 2198 2199 2204 2198 2204 2203
          2200 2201 2206 2200 2206 2205 2201 2202 2207 2201 2207 2206 2202 2203 2207 2203
          2208 2207 2203 2204 2208 2204 2209 2208 2205 2206 2210 2206 2211 2210 2206 2207
          2211 2207 2212 2211 2207 2208 2213 2207 2213 2212 2208 2209 2214 2208 2214 2213
          2210 2211 2216 2210 2216 2215 2211 2212 2217 2211 2217 2216 2212 2213 2217 2213
          2218 2217 2213 2214 2218 2214 2219 2218 2215 2216 2220 2216 2221 2220 2216 2217
          2221 2217 2222 2221 2217 2218 2223 2217 2223 2222 2218 2219 2224 2218 2224 2223
          2220 2221 2226 2220 2226 2225 2221 2222 2227 2221 2227 2226 2222 2223 2227 2223
          2228 2227 2223 2224 2228 2224 2229 2228 2225 2226 2230 2226 2231 2230 2226 2227
          2231 2227 2232 2231 2227 2228 2233 2227 2233 2232 2228 2229 2234 2228 2234 2233
          2230 2231 2236 2230 2236 2235 2231 2232 2237 2231 2237 2236 2232 2233 2237 2233
          2238 2237 2233 2234 2238 2234 2239 2238 2235 2236 2240 2236 2241 2240 2236 2237
          2241 2237 2242 2241 2237 2238 2243 2237 2243 2242 2238 2239 2244 2238 2244 2243
          2240 2241 2246 2240 2246 2245 2241 2242 2247 2241 2247 2246 2242 2243 2247 2243
          2248 2247 2243 2244 2248 2244 2249 2248 2245 2246 2250 2246 2251 2250 2246 2247
          2251 2247 2252 2251 2247 2248 2253 2247 2253 2252 2248 2249 2254 2248 2254 2253
          2250 2251 2256 2250 2256 2255 2251 2252 2257 2251 2257 2256 2252 2253 2257 2253
          2258 2257 2253 2254 2258 2254 2259 2258 2255 2256 2260 2256 2261 2260 2256 2257
          2261 2257 2262 2261 2257 2258 2263 2257 2263 2262 2258 2259 2264 2258 2264 2263
          2260 2261 2266 2260 2266 2265 2261 2262 2267 2261 2267 2266 2262 2263 2267 2263
          2268 2267 2263 2264 2268 2264 2269 2268 2265 2266 2270 2266 2271 2270 2266 2267
          2271 2267 2272 2271 2267 2268 2273 2267 2273 2272 2268 2269 2274 2268 2274 2273
          2270 2271 2276 2270 2276 2275 2271 2272 2277 2271 2277 2276 2272 2273 2277 2273
          2278 2277 2273 2274 2278 2274 2279 2278 2275 2276 2280 2276 2281 2280 2276 2277
          2281 2277 2282 2281 2277 2278 2283 2277 2283 2282 2278 2279 2284 2278 2284 2283
          2280 2281 2286 2280 2286 2285 2281 2282 2287 2281 2287 2286 2282 2283 2287 2283
          2288 2287 2283 2284 2288 2284 2289 2288 2285 2286 2290 2286 2291 2290 2286 2287
          2291 2287 2292 2291 2287 2288 2293 2287 2293 2292 2288 2289 2294 2288 2294 2293
          2290 2291 2296 2290 2296 2295 2291 2292 2297 2291 2297 2296 2292 2293 2297 2293
          2298 2297 2293 2294 2298 2294 2299 2298 2295 2296 2300 2296 2301 2300 2296 2297
          2301 2297 2302 2301 2297 2298 2303 2297 2303 2302 2298 2299 2304 2298 2304 2303
          2300 2301 2306 2300 2306 2305 2301 2302 2307 2301 2307 2306 2302 2303 2307 2303
          2308 2307 2303 2304 2308 2304 2309 2308 2305 2306 2310 2306 2311 2310 2306 2307
          2311 2307 2312 2311 2307 2308 2313 2307 2313 2312 2308 2309 2314 2308 2314 2313
          2310 2311 2316 2310 2316 2315 2311 2312 2317 2311 2317 2316 2312 2313 2317 2313
          2318 2317 2313 2314 2318 2314 2319 2318 2315 2316 2320 2316 2321 2320 2316 2317
          2321 2317 2322 2321 2317 2318 2323 2317 2323 2322 2318 2319 2324 2318 2324 2323
          2320 2321 2326 2320 2326 2325 2321 2322 2327 2321 2327 2326 2322 2323 2327 2323
          2328 2327 2323 2324 2328 2324 2329 2328 2325 2326 2330 2326 2331 2330 2326 2327
          2331 2327 2332 2331 2327 2328 2333 2327 2333 2332 2328 2329 2334 2328 2334 2333
          2330 2331 2336 2330 2336 2335 2331 2332 2337 2331 2337 2336 2332 2333 2337 2333
          2338 2337 2333 2334 2338 2334 2339 2338 2335 2336 2340 2336 2341 2340 2336 2337
          2341 2337 2342 2341 2337 2338 2343 2337 2343 2342 2338 2339 2344 2338 2344 2343
          2340 2341 2346 2340 2346 2345 2341 2342 2347 2341 2347 2346 2342 2343 2347 2343
          2348 2347 2343 2344 2348 2344 2349 2348 2345 2346 2350 2346 2351 2350 2346 2347
          2351 2347 2352 2351 2347 2348 2353 2347 2353 2352 2348 2349 2354 2348 2354 2353
          2350 2351 2356 2350 2356 2355 2351 2352 2357 2351 2357 2356 2352 2353 2357 2353
          2358 2357 2353 2354 2358 2354 2359 2358 2355 2356 2360 2356 2361 2360 2356 2357
          2361 2357 2362 2361 2357 2358 2363 2357 2363 2362 2358 2359 2364 2358 2364 2363
          2360 2361 2366 2360 2366 2365 2361 2362 2367 2361 2367 2366 2362 2363 2367 2363
          2368 2367 2363 2364 2368 2364 2369 2368 2365 2366 2370 2366 2371 2370 2366 2367
          2371 2367 2372 2371 2367 2368 2373 2367 2373 2372 2368 2369 2374 2368 2374 2373
          2370 2371 2376 2370 2376 2375 2371 2372 2377 2371 2377 2376 2372 2373 2377 2373
          2378 2377 2373 2374 2378 2374 2379 2378 2375 2376 2380 2376 2381 2380 2376 2377
          2381 2377 2382 2381 2377 2378 2383 2377 2383 2382 2378 2379 2384 2378 2384 2383
          2380 2381 2386 2380 2386 2385 2381 2382 2387 2381 2387 2386 2382 2383 2387 2383
          2388 2387 2383 2384 2388 2384 2389 2388 2385 2386 2390 2386 2391 2390 2386 2387
          2391 2387 2392 2391 2387 2388 2393 2387 2393 2392 2388 2389 2394 2388 2394 2393
          2390 2391 2396 2390 2396 2395 2391 2392 2397 2391 2397 2396 2392 2393 2397 2393
          2398 2397 2393 2394 2398 2394 2399 2398 2395 2396 2400 2396 2401 2400 2396 2397
          2401 2397 2402 2401 2397 2398 2403 2397 2403 2402 2398 2399 2404 2398 2404 2403
          2400 2401 2406 2400 2406 2405 2401 2402 2407 2401 2407 2406 2402 2403 2407 2403
          2408 2407 2403 2404 2408 2404 2409 2408 2405 2406 2410 2406 2411 2410 2406 2407
          2411 2407 2412 2411 2407 2408 2413 2407 2413 2412 2408 2409 2414 2408 2414 2413
          2410 2411 2416 2410 2416 2415 2411 2412 2417 2411 2417 2416 2412 2413 2417 2413
          2418 2417 2413 2414 2418 2414 2419 2418 2415 2416 2420 2416 2421 2420 2416 2417
          2421 2417 2422 2421 2417 2418 2423 2417 2423 2422 2418 2419 2424 2418 2424 2423
          2420 2421 2426 2420 2426 2425 2421 2422 2427 2421 2427 2426 2422 2423 2427 2423
          2428 2427 2423 2424 2428 2424 2429 2428 2425 2426 2430 2426 2431 2430 2426 2427
          2431 2427 2432 2431 2427 2428 2433 2427 2433 2432 2428 2429 2434 2428 2434 2433
          2430 2431 2436 2430 2436 2435 2431 2432 2437 2431 2437 2436 2432 2433 2437 2433
          2438 2437 2433 2434 2438 2434 2439 2438 2435 2436 2440 2436 2441 2440 2436 2437
          2441 2437 2442 2441 2437 2438 2443 2437 2443 2442 2438 2439 2444 2438 2444 2443
          2440 2441 2446 2440 2446 2445 2441 2442 2447 2441 2447 2446 2442 2443 2447 2443
          2448 2447 2443 2444 2448 2444 2449 2448 2445 2446 2450 2446 2451 2450 2446 2447
          2451 2447 2452 2451 2447 2448 2453 2447 2453 2452 2448 2449 2454 2448 2454 2453
          2450 2451 2456 2450 2456 2455 2451 2452 2457 2451 2457 2456 2452 2453 2457 2453
          2458 2457 2453 2454 2458 2454 2459 2458 2455 2456 2460 2456 2461 2460 2456 2457
          2461 2457 2462 2461 2457 2458 2463 2457 2463 2462 2458 2459 2464 2458 2464 2463
          2460 2461 2466 2460 2466 2465 2461 2462 2467 2461 2467 2466 2462 2463 2467 2463
          2468 2467 2463 2464 2468 2464 2469 2468 2465 2466 2470 2466 2471 2470 2466 2467
          2471 2467 2472 2471 2467 2468 2473 2467 2473 2472 2468 2469 2474 2468 2474 2473
          2470 2471 2476 2470 2476 2475 2471 2472 2477 2471 2477 2476 2472 2473 2477 2473
          2478 2477 2473 2474 2478 2474 2479 2478 2475 2476 2480 2476 2481 2480 2476 2477
          2481 2477 2482 2481 2477 2478 2483 2477 2483 2482 2478 2479 2484 2478 2484 2483
          2480 2481 2486 2480 2486 2485 2481 2482 2487 2481 2487 2486 2482 2483 2487 2483
          2488 2487 2483 2484 2488 2484 2489 2488 2485 2486 2490 2486 2491 2490 2486 2487
          2491 2487 2492 2491 2487 2488 2493 2487 2493 2492 2488 2489 2494 2488 2494 2493
          2490 2491 2496 2490 2496 2495 2491 2492 2497 2491 2497 2496 2492 2493 2497 2493
          2498 2497 2493 2494 2498 2494 2499 2498 2495 2496 2500 2496 2501 2500 2496 2497
          2501 2497 2502 2501 2497 2498 2503 2497 2503 2502 2498 2499 2504 2498 2504 2503
          2500 2501 2506 2500 2506 2505 2501 2502 2507 2501 2507 2506 2502 2503 2507 2503
          2508 2507 2503 2504 2508 2504 2509 2508 2505 2506 2510 2506 2511 2510 2506 2507
          2511 2507 2512 2511 2507 2508 2513 2507 2513 2512 2508 2509 2514 2508 2514 2513
          2510 2511 2516 2510 2516 2515 2511 2512 2517 2511 2517 2516 2512 2513 2517 2513
          2518 2517 2513 2514 2518 2514 2519 2518 2515 2516 2520 2516 2521 2520 2516 2517
          2521 2517 2522 2521 2517 2518 2523 2517 2523 2522 2518 2519 2524 2518 2524 2523
          2520 2521 2526 2520 2526 2525 2521 2522 2527 2521 2527 2526 2522 2523 2527 2523
          2528 2527 2523 2524 2528 2524 2529 2528 2525 2526 2530 2526 2531 2530 2526 2527
          2531 2527 2532 2531 2527 2528 2533 2527 2533 2532 2528 2529 2534 2528 2534 2533
          2530 2531 2536 2530 2536 2535 2531 2532 2537 2531 2537 2536 2532 2533 2537 2533
          2538 2537 2533 2534 2538 2534 2539 2538 2535 2536 2540 2536 2541 2540 2536 2537
          2541 2537 2542 2541 2537 2538 2543 2537 2543 2542 2538 2539 2544 2538 2544 2543
          2540 2541 2546 2540 2546 2545 2541 2542 2547 2541 2547 2546 2542 2543 2547 2543
          2548 2547 2543 2544 2548 2544 2549 2548 2545 2546 2550 2546 2551 2550 2546 2547
          2551 2547 2552 2551 2547 2548 2553 2547 2553 2552 2548 2549 2554 2548 2554 2553
          2550 2551 2556 2550 2556 2555 2551 2552 2557 2551 2557 2556 2552 2553 2557 2553
          2558 2557 2553 2554 2558 2554 2559 2558 2555 2556 2560 2556 2561 2560 2556 2557
          2561 2557 2562 2561 2557 2558 2563 2557 2563 2562 2558 2559 2564 2558 2564 2563
          2560 2561 2566 2560 2566 2565 2561 2562 2567 2561 2567 2566 2562 2563 2567 2563
          2568 2567 2563 2564 2568 2564 2569 2568 2565 2566 2570 2566 2571 2570 2566 2567
          2571 2567 2572 2571 2567 2568 2573 2567 2573 2572 2568 2569 2574 2568 2574 2573
          2570 2571 2576 2570 2576 2575 2571 2572 2577 2571 2577 2576 2572 2573 2577 2573
          2578 2577 2573 2574 2578 2574 2579 2578 2575 2576 2580 2576 2581 2580 2576 2577
          2581 2577 2582 2581 2577 2578 2583 2577 2583 2582 2578 2579 2584 2578 2584 2583
          2580 2581 2586 2580 2586 2585 2581 2582 2587 2581 2587 2586 2582 2583 2587 2583
          2588 2587 2583 2584 2588 2584 2589 2588 2585 2586 2590 2586 2591 2590 2586 2587
          2591 2587 2592 2591 2587 2588 2593 2587 2593 2592 2588 2589 2594 2588 2594 2593
          2590 2591 2596 2590 2596 2595 2591 2592 2597 2591 2597 2596 2592 2593 2597 2593
          2598 2597 2593 2594 2598 2594 2599 2598 2595 2596 2600 2596 2601 2600 2596 2597
          2601 2597 2602 2601 2597 2598 2603 2597 2603 2602 2598 2599 2604 2598 2604 2603
          2600 2601 2606 2600 2606 2605 2601 2602 2607 2601 2607 2606 2602 2603 2607 2603
          2608 2607 2603 2604 2608 2604 2609 2608 2605 2606 2610 2606 2611 2610 2606 2607
          2611 2607 2612 2611 2607 2608 2613 2607 2613 2612 2608 2609 2614 2608 2614 2613
          2610 2611 2616 2610 2616 2615 2611 2612 2617 2611 2617 2616 2612 2613 2617 2613
          2618 2617 2613 2614 2618 2614 2619 2618 2615 2616 2620 2616 2621 2620 2616 2617
          2621 2617 2622 2621 2617 2618 2623 2617 2623 2622 2618 2619 2624 2618 2624 2623
          2620 2621 2626 2620 2626 2625 2621 2622 2627 2621 2627 2626 2622 2623 2627 2623
          2628 2627 2623 2624 2628 2624 2629 2628 2625 2626 2630 2626 2631 2630 2626 2627
          2631 2627 2632 2631 2627 2628 2633 2627 2633 2632 2628 2629 2634 2628 2634 2633
          2630 2631 2636 2630 2636 2635 2631 2632 2637 2631 2637 2636 2632 2633 2637 2633
          2638 2637 2633 2634 2638 2634 2639 2638 2635 2636 2640 2636 2641 2640 2636 2637
          2641 2637 2642 2641 2637 2638 2643 2637 2643 2642 2638 2639 2644 2638 2644 2643
          2640 2641 2646 2640 2646 2645 2641 2642 2647 2641 2647 2646 2642 2643 2647 2643
          2648 2647 2643 2644 2648 2644 2649 2648 2645 2646 2650 2646 2651 2650 2646 2647
          2651 2647 2652 2651 2647 2648 2653 2647 2653 2652 2648 2649 2654 2648 2654 2653
          2650 2651 2656 2650 2656 2655 2651 2652 2657 2651 2657 2656 2652 2653 2657 2653
          2658 2657 2653 2654 2658 2654 2659 2658 2655 2656 2660 2656 2661 2660 2656 2657
          2661 2657 2662 2661 2657 2658 2663 2657 2663 2662 2658 2659 2664 2658 2664 2663
          2660 2661 2666 2660 2666 2665 2661 2662 2667 2661 2667 2666 2662 2663 2667 2663
          2668 2667 2663 2664 2668 2664 2669 2668 2665 2666 2670 2666 2671 2670 2666 2667
          2671 2667 2672 2671 2667 2668 2673 2667 2673 2672 2668 2669 2674 2668 2674 2673
          2670 2671 2676 2670 2676 2675 2671 2672 2677 2671 2677 2676 2672 2673 2677 2673
          2678 2677 2673 2674 2678 2674 2679 2678 2675 2676 2680 2676 2681 2680 2676 2677
          2681 2677 2682 2681 2677 2678 2683 2677 2683 2682 2678 2679 2684 2678 2684 2683
          2680 2681 2686 2680 2686 2685 2681 2682 2687 2681 2687 2686 2682 2683 2687 2683
          2688 2687 2683 2684 2688 2684 2689 2688 2685 2686 2690 2686 2691 2690 2686 2687
          2691 2687 2692 2691 2687 2688 2693 2687 2693 2692 2688 2689 2694 2688 2694 2693
          2690 2691 2696 2690 2696 2695 2691 2692 2697 2691 2697 2696 2692 2693 2697 2693
          2698 2697 2693 2694 2698 2694 2699 2698 2695 2696 2700 2696 2701 2700 2696 2697
          2701 2697 2702 2701 2697 2698 2703 2697 2703 2702 2698 2699 2704 2698 2704 2703
          2700 2701 2706 2700 2706 2705 2701 2702 2707 2701 2707 2706 2702 2703 2707 2703
          2708 2707 2703 2704 2708 2704 2709 2708 2705 2706 2710 2706 2711 2710 2706 2707
          2711 2707 2712 2711 2707 2708 2713 2707 2713 2712 2708 2709 2714 2708 2714 2713
          2710 2711 2716 2710 2716 2715 2711 2712 2717 2711 2717 2716 2712 2713 2717 2713
          2718 2717 2713 2714 2718 2714 2719 2718 2715 2716 2720 2716 2721 2720 2716 2717
          2721 2717 2722 2721 2717 2718 2723 2717 2723 2722 2718 2719 2724 2718 2724 2723
          2720 2721 2726 2720 2726 2725 2721 2722 2727 2721 2727 2726 2722 2723 2727 2723
          2728 2727 2723 2724 2728 2724 2729 2728 2725 2726 2730 2726 2731 2730 2726 2727
          2731 2727 2732 2731 2727 2728 2733 2727 2733 2732 2728 2729 2734 2728 2734 2733
          2730 2731 2736 2730 2736 2735 2731 2732 2737 2731 2737 2736 2732 2733 2737 2733
          2738 2737 2733 2734 2738 2734 2739 2738 2735 2736 2740 2736 2741 2740 2736 2737
          2741 2737 2742 2741 2737 2738 2743 2737 2743 2742 2738 2739 2744 2738 2744 2743
          2740 2741 2746 2740 2746 2745 2741 2742 2747 2741 2747 2746 2742 2743 2747 2743
          2748 2747 2743 2744 2748 2744 2749 2748 2745 2746 2750 2746 2751 2750 2746 2747
          2751 2747 2752 2751 2747 2748 2753 2747 2753 2752 2748 2749 2754 2748 2754 2753
          2750 2751 2756 2750 2756 2755 2751 2752 2757 2751 2757 2756 2752 2753 2757 2753
          2758 2757 2753 2754 2758 2754 2759 2758 2755 2756 2760 2756 2761 2760 2756 2757
          2761 2757 2762 2761 2757 2758 2763 2757 2763 2762 2758 2759 2764 2758 2764 2763
          2760 2761 2766 2760 2766 2765 2761 2762 2767 2761 2767 2766 2762 2763 2767 2763
          2768 2767 2763 2764 2768 2764 2769 2768 2765 2766 2770 2766 2771 2770 2766 2767
          2771 2767 2772 2771 2767 2768 2773 2767 2773 2772 2768 2769 2774 2768 2774 2773
          2770 2771 2776 2770 2776 2775 2771 2772 2777 2771 2777 2776 2772 2773 2777 2773
          2778 2777 2773 2774 2778 2774 2779 2778 2775 2776 2780 2776 2781 2780 2776 2777
          2781 2777 2782 2781 2777 2778 2783 2777 2783 2782 2778 2779 2784 2778 2784 2783
          2780 2781 2786 2780 2786 2785 2781 2782 2787 2781 2787 2786 2782 2783 2787 2783
          2788 2787 2783 2784 2788 2784 2789 2788 2785 2786 2790 2786 2791 2790 2786 2787
          2791 2787 2792 2791 2787 2788 2793 2787 2793 2792 2788 2789 2794 2788 2794 2793
          2790 2791 2796 2790 2796 2795 2791 2792 2797 2791 2797 2796 2792 2793 2797 2793
          2798 2797 2793 2794 2798 2794 2799 2798 2795 2796 2800 2796 2801 2800 2796 2797
          2801 2797 2802 2801 2797 2798 2803 2797 2803 2802 2798 2799 2804 2798 2804 2803
          2800 2801 2806 2800 2806 2805 2801 2802 2807 2801 2807 2806 2802 2803 2807 2803
          2808 2807 2803 2804 2808 2804 2809 2808 2805 2806 2810 2806 2811 2810 2806 2807
          2811 2807 2812 2811 2807 2808 2813 2807 2813 2812 2808 2809 2814 2808 2814 2813
          2810 2811 2816 2810 2816 2815 2811 2812 2817 2811 2817 2816 2812 2813 2817 2813
          2818 2817 2813 2814 2818 2814 2819 2818 2815 2816 2820 2816 2821 2820 2816 2817
          2821 2817 2822 2821 2817 2818 2823 2817 2823 2822 2818 2819 2824 2818 2824 2823
          2820 2821 2826 2820 2826 2825 2821 2822 2827 2821 2827 2826 2822 2823 2827 2823
          2828 2827 2823 2824 2828 2824 2829 2828 2825 2826 2830 2826 2831 2830 2826 2827
          2831 2827 2832 2831 2827 2828 2833 2827 2833 2832 2828 2829 2834 2828 2834 2833
          2830 2831 2836 2830 2836 2835 2831 2832 2837 2831 2837 2836 2832 2833 2837 2833
          2838 2837 2833 2834 2838 2834 2839 2838 2835 2836 2840 2836 2841 2840 2836 2837
          2841 2837 2842 2841 2837 2838 2843 2837 2843 2842 2838 2839 2844 2838 2844 2843
          2840 2841 2846 2840 2846 2845 2841 2842 2847 2841 2847 2846 2842 2843 2847 2843
          2848 2847 2843 2844 2848 2844 2849 2848 2845 2846 2850 2846 2851 2850 2846 2847
          2851 2847 2852 2851 2847 2848 2853 2847 2853 2852 2848 2849 2854 2848 2854 2853
          2850 2851 2856 2850 2856 2855 2851 2852 2857 2851 2857 2856 2852 2853 2857 2853
          2858 2857 2853 2854 2858 2854 2859 2858 2855 2856 2860 2856 2861 2860 2856 2857
          2861 2857 2862 2861 2857 2858 2863 2857 2863 2862 2858 2859 2864 2858 2864 2863
          2860 2861 2866 2860 2866 2865 2861 2862 2867 2861 2867 2866 2862 2863 2867 2863
          2868 2867 2863 2864 2868 2864 2869 2868 2865 2866 2870 2866 2871 2870 2866 2867
          2871 2867 2872 2871 2867 2868 2873 2867 2873 2872 2868 2869 2874 2868 2874 2873
          2870 2871 2876 2870 2876 2875 2871 2872 2877 2871 2877 2876 2872 2873 2877 2873
          2878 2877 2873 2874 2878 2874 2879 2878 2875 2876 2880 2876 2881 2880 2876 2877
          2881 2877 2882 2881 2877 2878 2883 2877 2883 2882 2878 2879 2884 2878 2884 2883
          2880 2881 2886 2880 2886 2885 2881 2882 2887 2881 2887 2886 2882 2883 2887 2883
          2888 2887 2883 2884 2888 2884 2889 2888 2885 2886 2890 2886 2891 2890 2886 2887
          2891 2887 2892 2891 2887 2888 2893 2887 2893 2892 2888 2889 2894 2888 2894 2893
          2890 2891 2896 2890 2896 2895 2891 2892 2897 2891 2897 2896 2892 2893 2897 2893
          2898 2897 2893 2894 2898 2894 2899 2898 2895 2896 2900 2896 2901 2900 2896 2897
          2901 2897 2902 2901 2897 2898 2903 2897 2903 2902 2898 2899 2904 2898 2904 2903
          2900 2901 2906 2900 2906 2905 2901 2902 2907 2901 2907 2906 2902 2903 2907 2903
          2908 2907 2903 2904 2908 2904 2909 2908 2905 2906 2910 2906 2911 2910 2906 2907
          2911 2907 2912 2911 2907 2908 2913 2907 2913 2912 2908 2909 2914 2908 2914 2913
          2910 2911 2916 2910 2916 2915 2911 2912 2917 2911 2917 2916 2912 2913 2917 2913
          2918 2917 2913 2914 2918 2914 2919 2918 2915 2916 2920 2916 2921 2920 2916 2917
          2921 2917 2922 2921 2917 2918 2923 2917 2923 2922 2918 2919 2924 2918 2924 2923
          2920 2921 2926 2920 2926 2925 2921 2922 2927 2921 2927 2926 2922 2923 2927 2923
          2928 2927 2923 2924 2928 2924 2929 2928 2925 2926 2930 2926 2931 2930 2926 2927
          2931 2927 2932 2931 2927 2928 2933 2927 2933 2932 2928 2929 2934 2928 2934 2933
          2930 2931 2936 2930 2936 2935 2931 2932 2937 2931 2937 2936 2932 2933 2937 2933
          2938 2937 2933 2934 2938 2934 2939 2938 2935 2936 2940 2936 2941 2940 2936 2937
          2941 2937 2942 2941 2937 2938 2943 2937 2943 2942 2938 2939 2944 2938 2944 2943
          2940 2941 2946 2940 2946 2945 2941 2942 2947 2941 2947 2946 2942 2943 2947 2943
          2948 2947 2943 2944 2948 2944 2949 2948 2945 2946 2950 2946 2951 2950 2946 2947
          2951 2947 2952 2951 2947 2948 2953 2947 2953 2952 2948 2949 2954 2948 2954 2953
          2950 2951 2956 2950 2956 2955 2951 2952 2957 2951 2957 2956 2952 2953 2957 2953
          2958 2957 2953 2954 2958 2954 2959 2958 2955 2956 2960 2956 2961 2960 2956 2957
          2961 2957 2962 2961 2957 2958 2963 2957 2963 2962 2958 2959 2964 2958 2964 2963
          2960 2961 2966 2960 2966 2965 2961 2962 2967 2961 2967 2966 2962 2963 2967 2963
          2968 2967 2963 2964 2968 2964 2969 2968 2965 2966 2970 2966 2971 2970 2966 2967
          2971 2967 2972 2971 2967 2968 2973 2967 2973 2972 2968 2969 2974 2968 2974 2973
          2970 2971 2976 2970 2976 2975 2971 2972 2977 2971 2977 2976 2972 2973 2977 2973
          2978 2977 2973 2974 2978 2974 2979 2978 2975 2976 2980 2976 2981 2980 2976 2977
          2981 2977 2982 2981 2977 2978 2983 2977 2983 2982 2978 2979 2984 2978 2984 2983
          2980 2981 2986 2980 2986 2985 2981 2982 2987 2981 2987 2986 2982 2983 2987 2983
          2988 2987 2983 2984 2988 2984 2989 2988 2985 2986 2990 2986 2991 2990 2986 2987
          2991 2987 2992 2991 2987 2988 2993 2987 2993 2992 2988 2989 2994 2988 2994 2993
          2990 2991 2996 2990 2996 2995 2991 2992 2997 2991 2997 2996 2992 2993 2997 2993
          2998 2997 2993 2994 2998 2994 2999 2998 2995 2996 3000 2996 3001 3000 2996 2997
          3001 2997 3002 3001 2997 2998 3003 2997 3003 3002 2998 2999 3004 2998 3004 3003
          3000 3001 3006 3000 3006 3005 3001 3002 3007 3001 3007 3006 3002 3003 3007 3003
          3008 3007 3003 3004 3008 3004 3009 3008 3005 3006 3010 3006 3011 3010 3006 3007
          3011 3007 3012 3011 3007 3008 3013 3007 3013 3012 3008 3009 3014 3008 3014 3013
          3010 3011 3016 3010 3016 3015 3011 3012 3017 3011 3017 3016 3012 3013 3017 3013
          3018 3017 3013 3014 3018 3014 3019 3018 3015 3016 3020 3016 3021 3020 3016 3017
          3021 3017 3022 3021 3017 3018 3023 3017 3023 3022 3018 3019 3024 3018 3024 3023
          3020 3021 3026 3020 3026 3025 3021 3022 3027 3021 3027 3026 3022 3023 3027 3023
          3028 3027 3023 3024 3028 3024 3029 3028 3025 3026 3030 3026 3031 3030 3026 3027
          3031 3027 3032 3031 3027 3028 3033 3027 3033 3032 3028 3029 3034 3028 3034 3033
          3030 3031 3036 3030 3036 3035 3031 3032 3037 3031 3037 3036 3032 3033 3037 3033
          3038 3037 3033 3034 3038 3034 3039 3038 3035 3036 3040 3036 3041 3040 3036 3037
          3041 3037 3042 3041 3037 3038 3043 3037 3043 3042 3038 3039 3044 3038 3044 3043
          3040 3041 3046 3040 3046 3045 3041 3042 3047 3041 3047 3046 3042 3043 3047 3043
          3048 3047 3043 3044 3048 3044 3049 3048 3045 3046 3050 3046 3051 3050 3046 3047
          3051 3047 3052 3051 3047 3048 3053 3047 3053 3052 3048 3049 3054 3048 3054 3053
          3050 3051 3056 3050 3056 3055 3051 3052 3057 3051 3057 3056 3052 3053 3057 3053
          3058 3057 3053 3054 3058 3054 3059 3058 3055 3056 3060 3056 3061 3060 3056 3057
          3061 3057 3062 3061 3057 3058 3063 3057 3063 3062 3058 3059 3064 3058 3064 3063
          3060 3061 3066 3060 3066 3065 3061 3062 3067 3061 3067 3066 3062 3063 3067 3063
          3068 3067 3063 3064 3068 3064 3069 3068 3065 3066 3070 3066 3071 3070 3066 3067
          3071 3067 3072 3071 3067 3068 3073 3067 3073 3072 3068 3069 3074 3068 3074 3073
          3070 3071 3076 3070 3076 3075 3071 3072 3077 3071 3077 3076 3072 3073 3077 3073
          3078 3077 3073 3074 3078 3074 3079 3078 3075 3076 3080 3076 3081 3080 3076 3077
          3081 3077 3082 3081 3077 3078 3083 3077 3083 3082 3078 3079 3084 3078 3084 3083
          3080 3081 3086 3080 3086 3085 3081 3082 3087 3081 3087 3086 3082 3083 3087 3083
          3088 3087 3083 3084 3088 3084 3089 3088 3085 3086 3090 3086 3091 3090 3086 3087
          3091 3087 3092 3091 3087 3088 3093 3087 3093 3092 3088 3089 3094 3088 3094 3093
          3090 3091 3096 3090 3096 3095 3091 3092 3097 3091 3097 3096 3092 3093 3097 3093
          3098 3097 3093 3094 3098 3094 3099 3098 3095 3096 3100 3096 3101 3100 3096 3097
          3101 3097 3102 3101 3097 3098 3103 3097 3103 3102 3098 3099 3104 3098 3104 3103
          3100 3101 3106 3100 3106 3105 3101 3102 3107 3101 3107 3106 3102 3103 3107 3103
          3108 3107 3103 3104 3108 3104 3109 3108 3105 3106 3110 3106 3111 3110 3106 3107
          3111 3107 3112 3111 3107 3108 3113 3107 3113 3112 3108 3109 3114 3108 3114 3113
          3110 3111 3116 3110 3116 3115 3111 3112 3117 3111 3117 3116 3112 3113 3117 3113
          3118 3117 3113 3114 3118 3114 3119 3118 3115 3116 3120 3116 3121 3120 3116 3117
          3121 3117 3122 3121 3117 3118 3123 3117 3123 3122 3118 3119 3124 3118 3124 3123
          3120 3121 3126 3120 3126 3125 3121 3122 3127 3121 3127 3126 3122 3123 3127 3123
          3128 3127 3123 3124 3128 3124 3129 3128 3125 3126 3130 3126 3131 3130 3126 3127
          3131 3127 3132 3131 3127 3128 3133 3127 3133 3132 3128 3129 3134 3128 3134 3133
          3130 3131 3136 3130 3136 3135 3131 3132 3137 3131 3137 3136 3132 3133 3137 3133
          3138 3137 3133 3134 3138 3134 3139 3138 3135 3136 3140 3136 3141 3140 3136 3137
          3141 3137 3142 3141 3137 3138 3143 3137 3143 3142 3138 3139 3144 3138 3144 3143
          3140 3141 3146 3140 3146 3145 3141 3142 3147 3141 3147 3146 3142 3143 3147 3143
          3148 3147 3143 3144 3148 3144 3149 3148 3145 3146 3150 3146 3151 3150 3146 3147
          3151 3147 3152 3151 3147 3148 3153 3147 3153 3152 3148 3149 3154 3148 3154 3153
          3150 3151 3156 3150 3156 3155 3151 3152 3157 3151 3157 3156 3152 3153 3157 3153
          3158 3157 3153 3154 3158 3154 3159 3158 3155 3156 3160 3156 3161 3160 3156 3157
          3161 3157 3162 3161 3157 3158 3163 3157 3163 3162 3158 3159 3164 3158 3164 3163
          3160 3161 3166 3160 3166 3165 3161 3162 3167 3161 3167 3166 3162 3163 3167 3163
          3168 3167 3163 3164 3168 3164 3169 3168 3165 3166 3170 3166 3171 3170 3166 3167
          3171 3167 3172 3171 3167 3168 3173 3167 3173 3172 3168 3169 3174 3168 3174 3173
          3170 3171 3176 3170 3176 3175 3171 3172 3177 3171 3177 3176 3172 3173 3177 3173
          3178 3177 3173 3174 3178 3174 3179 3178 3175 3176 3180 3176 3181 3180 3176 3177
          3181 3177 3182 3181 3177 3178 3183 3177 3183 3182 3178 3179 3184 3178 3184 3183
          3180 3181 3186 3180 3186 3185 3181 3182 3187 3181 3187 3186 3182 3183 3187 3183
          3188 3187 3183 3184 3188 3184 3189 3188 3185 3186 3190 3186 3191 3190 3186 3187
          3191 3187 3192 3191 3187 3188 3193 3187 3193 3192 3188 3189 3194 3188 3194 3193
          3190 3191 3196 3190 3196 3195 3191 3192 3197 3191 3197 3196 3192 3193 3197 3193
          3198 3197 3193 3194 3198 3194 3199 3198 3195 3196 3200 3196 3201 3200 3196 3197
          3201 3197 3202 3201 3197 3198 3203 3197 3203 3202 3198 3199 3204 3198 3204 3203
          3200 3201 3206 3200 3206 3205 3201 3202 3207 3201 3207 3206 3202 3203 3207 3203
          3208 3207 3203 3204 3208 3204 3209 3208 3205 3206 3210 3206 3211 3210 3206 3207
          3211 3207 3212 3211 3207 3208 3213 3207 3213 3212 3208 3209 3214 3208 3214 3213
          3210 3211 3216 3210 3216 3215 3211 3212 3217 3211 3217 3216 3212 3213 3217 3213
          3218 3217 3213 3214 3218 3214 3219 3218 3215 3216 3220 3216 3221 3220 3216 3217
          3221 3217 3222 3221 3217 3218 3223 3217 3223 3222 3218 3219 3224 3218 3224 3223
          3220 3221 3226 3220 3226 3225 3221 3222 3227 3221 3227 3226 3222 3223 3227 3223
          3228 3227 3223 3224 3228 3224 3229 3228 3225 3226 3230 3226 3231 3230 3226 3227
          3231 3227 3232 3231 3227 3228 3233 3227 3233 3232 3228 3229 3234 3228 3234 3233
          3230 3231 3236 3230 3236 3235 3231 3232 3237 3231 3237 3236 3232 3233 3237 3233
          3238 3237 3233 3234 3238 3234 3239 3238 3235 3236 3240 3236 3241 3240 3236 3237
          3241 3237 3242 3241 3237 3238 3243 3237 3243 3242 3238 3239 3244 3238 3244 3243
          3240 3241 3246 3240 3246 3245 3241 3242 3247 3241 3247 3246 3242 3243 3247 3243
          3248 3247 3243 3244 3248 3244 3249 3248 3245 3246 3250 3246 3251 3250 3246 3247
          3251 3247 3252 3251 3247 3248 3253 3247 3253 3252 3248 3249 3254 3248 3254 3253
          3250 3251 3256 3250 3256 3255 3251 3252 3257 3251 3257 3256 3252 3253 3257 3253
          3258 3257 3253 3254 3258 3254 3259 3258 3255 3256 3260 3256 3261 3260 3256 3257
          3261 3257 3262 3261 3257 3258 3263 3257 3263 3262 3258 3259 3264 3258 3264 3263
          3260 3261 3266 3260 3266 3265 3261 3262 3267 3261 3267 3266 3262 3263 3267 3263
          3268 3267 3263 3264 3268 3264 3269 3268 3265 3266 3270 3266 3271 3270 3266 3267
          3271 3267 3272 3271 3267 3268 3273 3267 3273 3272 3268 3269 3274 3268 3274 3273
          3270 3271 3276 3270 3276 3275 3271 3272 3277 3271 3277 3276 3272 3273 3277 3273
          3278 3277 3273 3274 3278 3274 3279 3278 3275 3276 3280 3276 3281 3280 3276 3277
          3281 3277 3282 3281 3277 3278 3283 3277 3283 3282 3278 3279 3284 3278 3284 3283
          3280 3281 3286 3280 3286 3285 3281 3282 3287 3281 3287 3286 3282 3283 3287 3283
          3288 3287 3283 3284 3288 3284 3289 3288 3285 3286 3290 3286 3291 3290 3286 3287
          3291 3287 3292 3291 3287 3288 3293 3287 3293 3292 3288 3289 3294 3288 3294 3293
          3290 3291 3296 3290 3296 3295 3291 3292 3297 3291 3297 3296 3292 3293 3297 3293
          3298 3297 3293 3294 3298 3294 3299 3298 3295 3296 3300 3296 3301 3300 3296 3297
          3301 3297 3302 3301 3297 3298 3303 3297 3303 3302 3298 3299 3304 3298 3304 3303
          3300 3301 3306 3300 3306 3305 3301 3302 3307 3301 3307 3306 3302 3303 3307 3303
          3308 3307 3303 3304 3308 3304 3309 3308 3305 3306 3310 3306 3311 3310 3306 3307
          3311 3307 3312 3311 3307 3308 3313 3307 3313 3312 3308 3309 3314 3308 3314 3313
          3310 3311 3316 3310 3316 3315 3311 3312 3317 3311 3317 3316 3312 3313 3317 3313
          3318 3317 3313 3314 3318 3314 3319 3318 3315 3316 3320 3316 3321 3320 3316 3317
          3321 3317 3322 3321 3317 3318 3323 3317 3323 3322 3318 3319 3324 3318 3324 3323
          3320 3321 3326 3320 3326 3325 3321 3322 3327 3321 3327 3326 3322 3323 3327 3323
          3328 3327 3323 3324 3328 3324 3329 3328 3325 3326 3330 3326 3331 3330 3326 3327
          3331 3327 3332 3331 3327 3328 3333 3327 3333 3332 3328 3329 3334 3328 3334 3333
          3330 3331 3336 3330 3336 3335 3331 3332 3337 3331 3337 3336 3332 3333 3337 3333
          3338 3337 3333 3334 3338 3334 3339 3338 3335 3336 3340 3336 3341 3340 3336 3337
          3341 3337 3342 3341 3337 3338 3343 3337 3343 3342 3338 3339 3344 3338 3344 3343
          3340 3341 3346 3340 3346 3345 3341 3342 3347 3341 3347 3346 3342 3343 3347 3343
          3348 3347 3343 3344 3348 3344 3349 3348 3345 3346 3350 3346 3351 3350 3346 3347
          3351 3347 3352 3351 3347 3348 3353 3347 3353 3352 3348 3349 3354 3348 3354 3353
          3350 3351 3356 3350 3356 3355 3351 3352 3357 3351 3357 3356 3352 3353 3357 3353
          3358 3357 3353 3354 3358 3354 3359 3358 3355 3356 3360 3356 3361 3360 3356 3357
          3361 3357 3362 3361 3357 3358 3363 3357 3363 3362 3358 3359 3364 3358 3364 3363
          3360 3361 3366 3360 3366 3365 3361 3362 3367 3361 3367 3366 3362 3363 3367 3363
          3368 3367 3363 3364 3368 3364 3369 3368 3365 3366 3370 3366 3371 3370 3366 3367
          3371 3367 3372 3371 3367 3368 3373 3367 3373 3372 3368 3369 3374 3368 3374 3373
          3370 3371 3376 3370 3376 3375 3371 3372 3377 3371 3377 3376 3372 3373 3377 3373
          3378 3377 3373 3374 3378 3374 3379 3378 3375 3376 3380 3376 3381 3380 3376 3377
          3381 3377 3382 3381 3377 3378 3383 3377 3383 3382 3378 3379 3384 3378 3384 3383
          3380 3381 3386 3380 3386 3385 3381 3382 3387 3381 3387 3386 3382 3383 3387 3383
          3388 3387 3383 3384 3388 3384 3389 3388 3385 3386 3390 3386 3391 3390 3386 3387
          3391 3387 3392 3391 3387 3388 3393 3387 3393 3392 3388 3389 3394 3388 3394 3393
          3390 3391 3396 3390 3396 3395 3391 3392 3397 3391 3397 3396 3392 3393 3397 3393
          3398 3397 3393 3394 3398 3394 3399 3398 3395 3396 3400 3396 3401 3400 3396 3397
          3401 3397 3402 3401 3397 3398 3403 3397 3403 3402 3398 3399 3404 3398 3404 3403
          3400 3401 3406 3400 3406 3405 3401 3402 3407 3401 3407 3406 3402 3403 3407 3403
          3408 3407 3403 3404 3408 3404 3409 3408 3405 3406 3410 3406 3411 3410 3406 3407
          3411 3407 3412 3411 3407 3408 3413 3407 3413 3412 3408 3409 3414 3408 3414 3413
          3410 3411 3416 3410 3416 3415 3411 3412 3417 3411 3417 3416 3412 3413 3417 3413
          3418 3417 3413 3414 3418 3414 3419 3418 3415 3416 3420 3416 3421 3420 3416 3417
          3421 3417 3422 3421 3417 3418 3423 3417 3423 3422 3418 3419 3424 3418 3424 3423
          3420 3421 3426 3420 3426 3425 3421 3422 3427 3421 3427 3426 3422 3423 3427 3423
          3428 3427 3423 3424 3428 3424 3429 3428 3425 3426 3430 3426 3431 3430 3426 3427
          3431 3427 3432 3431 3427 3428 3433 3427 3433 3432 3428 3429 3434 3428 3434 3433
          3430 3431 3436 3430 3436 3435 3431 3432 3437 3431 3437 3436 3432 3433 3437 3433
          3438 3437 3433 3434 3438 3434 3439 3438 3435 3436 3440 3436 3441 3440 3436 3437
          3441 3437 3442 3441 3437 3438 3443 3437 3443 3442 3438 3439 3444 3438 3444 3443
          3440 3441 3446 3440 3446 3445 3441 3442 3447 3441 3447 3446 3442 3443 3447 3443
          3448 3447 3443 3444 3448 3444 3449 3448 3445 3446 3450 3446 3451 3450 3446 3447
          3451 3447 3452 3451 3447 3448 3453 3447 3453 3452 3448 3449 3454 3448 3454 3453
          3450 3451 3456 3450 3456 3455 3451 3452 3457 3451 3457 3456 3452 3453 3457 3453
          3458 3457 3453 3454 3458 3454 3459 3458 3455 3456 3460 3456 3461 3460 3456 3457
          3461 3457 3462 3461 3457 3458 3463 3457 3463 3462 3458 3459 3464 3458 3464 3463
          3460 3461 3466 3460 3466 3465 3461 3462 3467 3461 3467 3466 3462 3463 3467 3463
          3468 3467 3463 3464 3468 3464 3469 3468 3465 3466 3470 3466 3471 3470 3466 3467
          3471 3467 3472 3471 3467 3468 3473 3467 3473 3472 3468 3469 3474 3468 3474 3473
          3470 3471 3476 3470 3476 3475 3471 3472 3477 3471 3477 3476 3472 3473 3477 3473
          3478 3477 3473 3474 3478 3474 3479 3478 3475 3476 3480 3476 3481 3480 3476 3477
          3481 3477 3482 3481 3477 3478 3483 3477 3483 3482 3478 3479 3484 3478 3484 3483
          3480 3481 3486 3480 3486 3485 3481 3482 3487 3481 3487 3486 3482 3483 3487 3483
          3488 3487 3483 3484 3488 3484 3489 3488 3485 3486 3490 3486 3491 3490 3486 3487
          3491 3487 3492 3491 3487 3488 3493 3487 3493 3492 3488 3489 3494 3488 3494 3493
          3490 3491 3496 3490 3496 3495 3491 3492 3497 3491 3497 3496 3492 3493 3497 3493
          3498 3497 3493 3494 3498 3494 3499 3498 3495 3496 3500 3496 3501 3500 3496 3497
          3501 3497 3502 3501 3497 3498 3503 3497 3503 3502 3498 3499 3504 3498 3504 3503
          3500 3501 3506 3500 3506 3505 3501 3502 3507 3501 3507 3506 3502 3503 3507 3503
          3508 3507 3503 3504 3508 3504 3509 3508 3505 3506 3510 3506 3511 3510 3506 3507
          3511 3507 3512 3511 3507 3508 3513 3507 3513 3512 3508 3509 3514 3508 3514 3513
          3510 3511 3516 3510 3516 3515 3511 3512 3517 3511 3517 3516 3512 3513 3517 3513
          3518 3517 3513 3514 3518 3514 3519 3518 3515 3516 3520 3516 3521 3520 3516 3517
          3521 3517 3522 3521 3517 3518 3523 3517 3523 3522 3518 3519 3524 3518 3524 3523
          3520 3521 3526 3520 3526 3525 3521 3522 3527 3521 3527 3526 3522 3523 3527 3523
          3528 3527 3523 3524 3528 3524 3529 3528 3525 3526 3530 3526 3531 3530 3526 3527
          3531 3527 3532 3531 3527 3528 3533 3527 3533 3532 3528 3529 3534 3528 3534 3533
          3530 3531 3536 3530 3536 3535 3531 3532 3537 3531 3537 3536 3532 3533 3537 3533
          3538 3537 3533 3534 3538 3534 3539 3538 3535 3536 3540 3536 3541 3540 3536 3537
          3541 3537 3542 3541 3537 3538 3543 3537 3543 3542 3538 3539 3544 3538 3544 3543
          3540 3541 3546 3540 3546 3545 3541 3542 3547 3541 3547 3546 3542 3543 3547 3543
          3548 3547 3543 3544 3548 3544 3549 3548 3545 3546 3550 3546 3551 3550 3546 3547
          3551 3547 3552 3551 3547 3548 3553 3547 3553 3552 3548 3549 3554 3548 3554 3553
          3550 3551 3556 3550 3556 3555 3551 3552 3557 3551 3557 3556 3552 3553 3557 3553
          3558 3557 3553 3554 3558 3554 3559 3558 3555 3556 3560 3556 3561 3560 3556 3557
          3561 3557 3562 3561 3557 3558 3563 3557 3563 3562 3558 3559 3564 3558 3564 3563
          3560 3561 3566 3560 3566 3565 3561 3562 3567 3561 3567 3566 3562 3563 3567 3563
          3568 3567 3563 3564 3568 3564 3569 3568 3565 3566 3570 3566 3571 3570 3566 3567
          3571 3567 3572 3571 3567 3568 3573 3567 3573 3572 3568 3569 3574 3568 3574 3573
          3570 3571 3576 3570 3576 3575 3571 3572 3577 3571 3577 3576 3572 3573 3577 3573
          3578 3577 3573 3574 3578 3574 3579 3578 3575 3576 3580 3576 3581 3580 3576 3577
          3581 3577 3582 3581 3577 3578 3583 3577 3583 3582 3578 3579 3584 3578 3584 3583
          3580 3581 3586 3580 3586 3585 3581 3582 3587 3581 3587 3586 3582 3583 3587 3583
          3588 3587 3583 3584 3588 3584 3589 3588 3585 3586 3590 3586 3591 3590 3586 3587
          3591 3587 3592 3591 3587 3588 3593 3587 3593 3592 3588 3589 3594 3588 3594 3593
          3590 3591 3596 3590 3596 3595 3591 3592 3597 3591 3597 3596 3592 3593 3597 3593
          3598 3597 3593 3594 3598 3594 3599 3598 3595 3596 3600 3596 3601 3600 3596 3597
          3601 3597 3602 3601 3597 3598 3603 3597 3603 3602 3598 3599 3604 3598 3604 3603
          3600 3601 3606 3600 3606 3605 3601 3602 3607 3601 3607 3606 3602 3603 3607 3603
          3608 3607 3603 3604 3608 3604 3609 3608 3605 3606 3610 3606 3611 3610 3606 3607
          3611 3607 3612 3611 3607 3608 3613 3607 3613 3612 3608 3609 3614 3608 3614 3613
          3610 3611 3616 3610 3616 3615 3611 3612 3617 3611 3617 3616 3612 3613 3617 3613
          3618 3617 3613 3614 3618 3614 3619 3618 3615 3616 3620 3616 3621 3620 3616 3617
          3621 3617 3622 3621 3617 3618 3623 3617 3623 3622 3618 3619 3624 3618 3624 3623
          3620 3621 3626 3620 3626 3625 3621 3622 3627 3621 3627 3626 3622 3623 3627 3623
          3628 3627 3623 3624 3628 3624 3629 3628 3625 3626 3630 3626 3631 3630 3626 3627
          3631 3627 3632 3631 3627 3628 3633 3627 3633 3632 3628 3629 3634 3628 3634 3633
          3630 3631 3636 3630 3636 3635 3631 3632 3637 3631 3637 3636 3632 3633 3637 3633
          3638 3637 3633 3634 3638 3634 3639 3638 3635 3636 3640 3636 3641 3640 3636 3637
          3641 3637 3642 3641 3637 3638 3643 3637 3643 3642 3638 3639 3644 3638 3644 3643
          3640 3641 3646 3640 3646 3645 3641 3642 3647 3641 3647 3646 3642 3643 3647 3643
          3648 3647 3643 3644 3648 3644 3649 3648 3645 3646 3650 3646 3651 3650 3646 3647
          3651 3647 3652 3651 3647 3648 3653 3647 3653 3652 3648 3649 3654 3648 3654 3653
          3650 3651 3656 3650 3656 3655 3651 3652 3657 3651 3657 3656 3652 3653 3657 3653
          3658 3657 3653 3654 3658 3654 3659 3658 3655 3656 3660 3656 3661 3660 3656 3657
          3661 3657 3662 3661 3657 3658 3663 3657 3663 3662 3658 3659 3664 3658 3664 3663
          3660 3661 3666 3660 3666 3665 3661 3662 3667 3661 3667 3666 3662 3663 3667 3663
          3668 3667 3663 3664 3668 3664 3669 3668 3665 3666 3670 3666 3671 3670 3666 3667
          3671 3667 3672 3671 3667 3668 3673 3667 3673 3672 3668 3669 3674 3668 3674 3673
          3670 3671 3676 3670 3676 3675 3671 3672 3677 3671 3677 3676 3672 3673 3677 3673
          3678 3677 3673 3674 3678 3674 3679 3678 3675 3676 3680 3676 3681 3680 3676 3677
          3681 3677 3682 3681 3677 3678 3683 3677 3683 3682 3678 3679 3684 3678 3684 3683
          3680 3681 3686 3680 3686 3685 3681 3682 3687 3681 3687 3686 3682 3683 3687 3683
          3688 3687 3683 3684 3688 3684 3689 3688 3685 3686 3690 3686 3691 3690 3686 3687
          3691 3687 3692 3691 3687 3688 3693 3687 3693 3692 3688 3689 3694 3688 3694 3693
          3690 3691 3696 3690 3696 3695 3691 3692 3697 3691 3697 3696 3692 3693 3697 3693
          3698 3697 3693 3694 3698 3694 3699 3698 3695 3696 3700 3696 3701 3700 3696 3697
          3701 3697 3702 3701 3697 3698 3703 3697 3703 3702 3698 3699 3704 3698 3704 3703
          3700 3701 3706 3700 3706 3705 3701 3702 3707 3701 3707 3706 3702 3703 3707 3703
          3708 3707 3703 3704 3708 3704 3709 3708 3705 3706 3710 3706 3711 3710 3706 3707
          3711 3707 3712 3711 3707 3708 3713 3707 3713 3712 3708 3709 3714 3708 3714 3713
          3710 3711 3716 3710 3716 3715 3711 3712 3717 3711 3717 3716 3712 3713 3717 3713
          3718 3717 3713 3714 3718 3714 3719 3718 3715 3716 3720 3716 3721 3720 3716 3717
          3721 3717 3722 3721 3717 3718 3723 3717 3723 3722 3718 3719 3724 3718 3724 3723
          3720 3721 3726 3720 3726 3725 3721 3722 3727 3721 3727 3726 3722 3723 3727 3723
          3728 3727 3723 3724 3728 3724 3729 3728 3725 3726 3730 3726 3731 3730 3726 3727
          3731 3727 3732 3731 3727 3728 3733 3727 3733 3732 3728 3729 3734 3728 3734 3733
          3730 3731 3736 3730 3736 3735 3731 3732 3737 3731 3737 3736 3732 3733 3737 3733
          3738 3737 3733 3734 3738 3734 3739 3738 3735 3736 3740 3736 3741 3740 3736 3737
          3741 3737 3742 3741 3737 3738 3743 3737 3743 3742 3738 3739 3744 3738 3744 3743
          3740 3741 3746 3740 3746 3745 3741 3742 3747 3741 3747 3746 3742 3743 3747 3743
          3748 3747 3743 3744 3748 3744 3749 3748 3745 3746 3750 3746 3751 3750 3746 3747
          3751 3747 3752 3751 3747 3748 3753 3747 3753 3752 3748 3749 3754 3748 3754 3753
          3750 3751 3756 3750 3756 3755 3751 3752 3757 3751 3757 3756 3752 3753 3757 3753
          3758 3757 3753 3754 3758 3754 3759 3758 3755 3756 3760 3756 3761 3760 3756 3757
          3761 3757 3762 3761 3757 3758 3763 3757 3763 3762 3758 3759 3764 3758 3764 3763
          3760 3761 3766 3760 3766 3765 3761 3762 3767 3761 3767 3766 3762 3763 3767 3763
          3768 3767 3763 3764 3768 3764 3769 3768 3765 3766 3770 3766 3771 3770 3766 3767
          3771 3767 3772 3771 3767 3768 3773 3767 3773 3772 3768 3769 3774 3768 3774 3773
          3770 3771 3776 3770 3776 3775 3771 3772 3777 3771 3777 3776 3772 3773 3777 3773
          3778 3777 3773 3774 3778 3774 3779 3778 3775 3776 3780 3776 3781 3780 3776 3777
          3781 3777 3782 3781 3777 3778 3783 3777 3783 3782 3778 3779 3784 3778 3784 3783
          3780 3781 3786 3780 3786 3785 3781 3782 3787 3781 3787 3786 3782 3783 3787 3783
          3788 3787 3783 3784 3788 3784 3789 3788 3785 3786 3790 3786 3791 3790 3786 3787
          3791 3787 3792 3791 3787 3788 3793 3787 3793 3792 3788 3789 3794 3788 3794 3793
          3790 3791 3796 3790 3796 3795 3791 3792 3797 3791 3797 3796 3792 3793 3797 3793
          3798 3797 3793 3794 3798 3794 3799 3798 3795 3796 3800 3796 3801 3800 3796 3797
          3801 3797 3802 3801 3797 3798 3803 3797 3803 3802 3798 3799 3804 3798 3804 3803
          3800 3801 3806 3800 3806 3805 3801 3802 3807 3801 3807 3806 3802 3803 3807 3803
          3808 3807 3803 3804 3808 3804 3809 3808 3805 3806 3810 3806 3811 3810 3806 3807
          3811 3807 3812 3811 3807 3808 3813 3807 3813 3812 3808 3809 3814 3808 3814 3813
          3810 3811 3816 3810 3816 3815 3811 3812 3817 3811 3817 3816 3812 3813 3817 3813
          3818 3817 3813 3814 3818 3814 3819 3818 3815 3816 3820 3816 3821 3820 3816 3817
          3821 3817 3822 3821 3817 3818 3823 3817 3823 3822 3818 3819 3824 3818 3824 3823
          3820 3821 3826 3820 3826 3825 3821 3822 3827 3821 3827 3826 3822 3823 3827 3823
          3828 3827 3823 3824 3828 3824 3829 3828 3825 3826 3830 3826 3831 3830 3826 3827
          3831 3827 3832 3831 3827 3828 3833 3827 3833 3832 3828 3829 3834 3828 3834 3833
          3830 3831 3836 3830 3836 3835 3831 3832 3837 3831 3837 3836 3832 3833 3837 3833
          3838 3837 3833 3834 3838 3834 3839 3838 3835 3836 3840 3836 3841 3840 3836 3837
          3841 3837 3842 3841 3837 3838 3843 3837 3843 3842 3838 3839 3844 3838 3844 3843
          3840 3841 3846 3840 3846 3845 3841 3842 3847 3841 3847 3846 3842 3843 3847 3843
          3848 3847 3843 3844 3848 3844 3849 3848 3845 3846 3850 3846 3851 3850 3846 3847
          3851 3847 3852 3851 3847 3848 3853 3847 3853 3852 3848 3849 3854 3848 3854 3853
          3850 3851 3856 3850 3856 3855 3851 3852 3857 3851 3857 3856 3852 3853 3857 3853
          3858 3857 3853 3854 3858 3854 3859 3858 3855 3856 3860 3856 3861 3860 3856 3857
          3861 3857 3862 3861 3857 3858 3863 3857 3863 3862 3858 3859 3864 3858 3864 3863
          3860 3861 3866 3860 3866 3865 3861 3862 3867 3861 3867 3866 3862 3863 3867 3863
          3868 3867 3863 3864 3868 3864 3869 3868 3865 3866 3870 3866 3871 3870 3866 3867
          3871 3867 3872 3871 3867 3868 3873 3867 3873 3872 3868 3869 3874 3868 3874 3873
          3870 3871 3876 3870 3876 3875 3871 3872 3877 3871 3877 3876 3872 3873 3877 3873
          3878 3877 3873 3874 3878 3874 3879 3878 3875 3876 3880 3876 3881 3880 3876 3877
          3881 3877 3882 3881 3877 3878 3883 3877 3883 3882 3878 3879 3884 3878 3884 3883
          3880 3881 3886 3880 3886 3885 3881 3882 3887 3881 3887 3886 3882 3883 3887 3883
          3888 3887 3883 3884 3888 3884 3889 3888 3885 3886 3890 3886 3891 3890 3886 3887
          3891 3887 3892 3891 3887 3888 3893 3887 3893 3892 3888 3889 3894 3888 3894 3893
          3890 3891 3896 3890 3896 3895 3891 3892 3897 3891 3897 3896 3892 3893 3897 3893
          3898 3897 3893 3894 3898 3894 3899 3898 3895 3896 3900 3896 3901 3900 3896 3897
          3901 3897 3902 3901 3897 3898 3903 3897 3903 3902 3898 3899 3904 3898 3904 3903
          3900 3901 3906 3900 3906 3905 3901 3902 3907 3901 3907 3906 3902 3903 3907 3903
          3908 3907 3903 3904 3908 3904 3909 3908 3905 3906 3910 3906 3911 3910 3906 3907
          3911 3907 3912 3911 3907 3908 3913 3907 3913 3912 3908 3909 3914 3908 3914 3913
          3910 3911 3916 3910 3916 3915 3911 3912 3917 3911 3917 3916 3912 3913 3917 3913
          3918 3917 3913 3914 3918 3914 3919 3918 3915 3916 3920 3916 3921 3920 3916 3917
          3921 3917 3922 3921 3917 3918 3923 3917 3923 3922 3918 3919 3924 3918 3924 3923
          3920 3921 3926 3920 3926 3925 3921 3922 3927 3921 3927 3926 3922 3923 3927 3923
          3928 3927 3923 3924 3928 3924 3929 3928 3925 3926 3930 3926 3931 3930 3926 3927
          3931 3927 3932 3931 3927 3928 3933 3927 3933 3932 3928 3929 3934 3928 3934 3933
          3930 3931 3936 3930 3936 3935 3931 3932 3937 3931 3937 3936 3932 3933 3937 3933
          3938 3937 3933 3934 3938 3934 3939 3938 3935 3936 3940 3936 3941 3940 3936 3937
          3941 3937 3942 3941 3937 3938 3943 3937 3943 3942 3938 3939 3944 3938 3944 3943
          3940 3941 3946 3940 3946 3945 3941 3942 3947 3941 3947 3946 3942 3943 3947 3943
          3948 3947 3943 3944 3948 3944 3949 3948 3945 3946 3950 3946 3951 3950 3946 3947
          3951 3947 3952 3951 3947 3948 3953 3947 3953 3952 3948 3949 3954 3948 3954 3953
          3950 3951 3956 3950 3956 3955 3951 3952 3957 3951 3957 3956 3952 3953 3957 3953
          3958 3957 3953 3954 3958 3954 3959 3958 3955 3956 3960 3956 3961 3960 3956 3957
          3961 3957 3962 3961 3957 3958 3963 3957 3963 3962 3958 3959 3964 3958 3964 3963
          3960 3961 3966 3960 3966 3965 3961 3962 3967 3961 3967 3966 3962 3963 3967 3963
          3968 3967 3963 3964 3968 3964 3969 3968 3965 3966 3970 3966 3971 3970 3966 3967
          3971 3967 3972 3971 3967 3968 3973 3967 3973 3972 3968 3969 3974 3968 3974 3973
          3970 3971 3976 3970 3976 3975 3971 3972 3977 3971 3977 3976 3972 3973 3977 3973
          3978 3977 3973 3974 3978 3974 3979 3978 3975 3976 3980 3976 3981 3980 3976 3977
          3981 3977 3982 3981 3977 3978 3983 3977 3983 3982 3978 3979 3984 3978 3984 3983
          3980 3981 3986 3980 3986 3985 3981 3982 3987 3981 3987 3986 3982 3983 3987 3983
          3988 3987 3983 3984 3988 3984 3989 3988 3985 3986 3990 3986 3991 3990 3986 3987
          3991 3987 3992 3991 3987 3988 3993 3987 3993 3992 3988 3989 3994 3988 3994 3993
          3990 3991 3996 3990 3996 3995 3991 3992 3997 3991 3997 3996 3992 3993 3997 3993
          3998 3997 3993 3994 3998 3994 3999 3998 3995 3996 4000 3996 4001 4000 3996 3997
          4001 3997 4002 4001 3997 3998 4003 3997 4003 4002 3998 3999 4004 3998 4004 4003
          0 5 5 10 10 15 15 20 20 25 25 30 30 35 35 40
          40 45 45 50 50 55 55 60 60 65 65 70 70 75 75 80
          80 85 85 90 90 95 95 100 100 105 105 110 110 115 115 120
          120 125 125 130 130 135 135 140 140 145 145 150 150 155 155 160
          160 165 165 170 170 175 175 180 180 185 185 190 190 195 195 200
          200 205 205 210 210 215 215 220 220 225 225 230 230 235 235 240
          240 245 245 250 250 255 255 260 260 265 265 270 270 275 275 280
          280 285 285 290 290 295 295 300 300 305 305 310 310 315 315 320
          320 325 325 330 330 335 335 340 340 345 345 350 350 355 355 360
          360 365 365 370 370 375 375 380 380 385 385 390 390 395 395 400
          400 405 405 410 410 415 415 420 420 425 425 430 430 435 435 440
          440 445 445 450 450 455 455 460 460 465 465 470 470 475 475 480
          480 485 485 490 490 495 495 500 500 505 505 510 510 515 515 520
          520 525 525 530 530 535 535 540 540 545 545 550 550 555 555 560
          560 565 565 570 570 575 575 580 580 585 585 590 590 595 595 600
          600 605 605 610 610 615 615 620 620 625 625 630 630 635 635 640
          640 645 645 650 650 655 655 660 660 665 665 670 670 675 675 680
          680 685 685 690 690 695 695 700 700 705 705 710 710 715 715 720
          720 725 725 730 730 735 735 740 740 745 745 750 750 755 755 760
          760 765 765 770 770 775 775 780 780 785 785 790 790 795 795 800
          800 805 805 810 810 815 815 820 820 825 825 830 830 835 835 840
          840 845 845 850 850 855 855 860 860 865 865 870 870 875 875 880
          880 885 885 890 890 895 895 900 900 905 905 910 910 915 915 920
          920 925 925 930 930 935 935 940 940 945 945 950 950 955 955 960
          960 965 965 970 970 975 975 980 980 985 985 990 990 995 995 1000
          1000 1005 1005 1010 1010 1015 1015 1020 1020 1025 1025 1030 1030 1035 1035 1040
          1040 1045 1045 1050 1050 1055 1055 1060 1060 1065 1065 1070 1070 1075 1075 1080
          1080 1085 1085 1090 1090 1095 1095 1100 1100 1105 1105 1110 1110 1115 1115 1120
          1120 1125 1125 1130 1130 1135 1135 1140 1140 1145 1145 1150 1150 1155 1155 1160
          1160 1165 1165 1170 1170 1175 1175 1180 1180 1185 1185 1190 1190 1195 1195 1200
          1200 1205 1205 1210 1210 1215 1215 1220 1220 1225 1225 1230 1230 1235 1235 1240
          1240 1245 1245 1250 1250 1255 1255 1260 1260 1265 1265 1270 1270 1275 1275 1280
          1280 1285 1285 1290 1290 1295 1295 1300 1300 1305 1305 1310 1310 1315 1315 1320
          1320 1325 1325 1330 1330 1335 1335 1340 1340 1345 1345 1350 1350 1355 1355 1360
          1360 1365 1365 1370 1370 1375 1375 1380 1380 1385 1385 1390 1390 1395 1395 1400
          1400 1405 1405 1410 1410 1415 1415 1420 1420 1425 1425 1430 1430 1435 1435 1440
          1440 1445 1445 1450 1450 1455 1455 1460 1460 1465 1465 1470 1470 1475 1475 1480
          1480 1485 1485 1490 1490 1495 1495 1500 1500 1505 1505 1510 1510 1515 1515 1520
          1520 1525 1525 1530 1530 1535 1535 1540 1540 1545 1545 1550 1550 1555 1555 1560
          1560 1565 1565 1570 1570 1575 1575 1580 1580 1585 1585 1590 1590 1595 1595 1600
          1600 1605 1605 1610 1610 1615 1615 1620 1620 1625 1625 1630 1630 1635 1635 1640
          1640 1645 1645 1650 1650 1655 1655 1660 1660 1665 1665 1670 1670 1675 1675 1680
          1680 1685 1685 1690 1690 1695 1695 1700 1700 1705 1705 1710 1710 1715 1715 1720
          1720 1725 1725 1730 1730 1735 1735 1740 1740 1745 1745 1750 1750 1755 1755 1760
          1760 1765 1765 1770 1770 1775 1775 1780 1780 1785 1785 1790 1790 1795 1795 1800
          1800 1805 1805 1810 1810 1815 1815 1820 1820 1825 1825 1830 1830 1835 1835 1840
          1840 1845 1845 1850 1850 1855 1855 1860 1860 1865 1865 1870 1870 1875 1875 1880
          1880 1885 1885 1890 1890 1895 1895 1900 1900 1905 1905 1910 1910 1915 1915 1920
          1920 1925 1925 1930 1930 1935 1935 1940 1940 1945 1945 1950 1950 1955 1955 1960
          1960 1965 1965 1970 1970 1975 1975 1980 1980 1985 1985 1990 1990 1995 1995 2000
          2000 2005 2005 2010 2010 2015 2015 2020 2020 2025 2025 2030 2030 2035 2035 2040
          2040 2045 2045 2050 2050 2055 2055 2060 2060 2065 2065 2070 2070 2075 2075 2080
          2080 2085 2085 2090 2090 2095 2095 2100 2100 2105 2105 2110 2110 2115 2115 2120
          2120 2125 2125 2130 2130 2135 2135 2140 2140 2145 2145 2150 2150 2155 2155 2160
          2160 2165 2165 2170 2170 2175 2175 2180 2180 2185 2185 2190 2190 2195 2195 2200
          2200 2205 2205 2210 2210 2215 2215 2220 2220 2225 2225 2230 2230 2235 2235 2240
          2240 2245 2245 2250 2250 2255 2255 2260 2260 2265 2265 2270 2270 2275 2275 2280
          2280 2285 2285 2290 2290 2295 2295 2300 2300 2305 2305 2310 2310 2315 2315 2320
          2320 2325 2325 2330 2330 2335 2335 2340 2340 2345 2345 2350 2350 2355 2355 2360
          2360 2365 2365 2370 2370 2375 2375 2380 2380 2385 2385 2390 2390 2395 2395 2400
          2400 2405 2405 2410 2410 2415 2415 2420 2420 2425 2425 2430 2430 2435 2435 2440
          2440 2445 2445 2450 2450 2455 2455 2460 2460 2465 2465 2470 2470 2475 2475 2480
          2480 2485 2485 2490 2490 2495 2495 2500 2500 2505 2505 2510 2510 2515 2515 2520
          2520 2525 2525 2530 2530 2535 2535 2540 2540 2545 2545 2550 2550 2555 2555 2560
          2560 2565 2565 2570 2570 2575 2575 2580 2580 2585 2585 2590 2590 2595 2595 2600
          2600 2605 2605 2610 2610 2615 2615 2620 2620 2625 2625 2630 2630 2635 2635 2640
          2640 2645 2645 2650 2650 2655 2655 2660 2660 2665 2665 2670 2670 2675 2675 2680
          2680 2685 2685 2690 2690 2695 2695 2700 2700 2705 2705 2710 2710 2715 2715 2720
          2720 2725 2725 2730 2730 2735 2735 2740 2740 2745 2745 2750 2750 2755 2755 2760
          2760 2765 2765 2770 2770 2775 2775 2780 2780 2785 2785 2790 2790 2795 2795 2800
          2800 2805 2805 2810 2810 2815 2815 2820 2820 2825 2825 2830 2830 2835 2835 2840
          2840 2845 2845 2850 2850 2855 2855 2860 2860 2865 2865 2870 2870 2875 2875 2880
          2880 2885 2885 2890 2890 2895 2895 2900 2900 2905 2905 2910 2910 2915 2915 2920
          2920 2925 2925 2930 2930 2935 2935 2940 2940 2945 2945 2950 2950 2955 2955 2960
          2960 2965 2965 2970 2970 2975 2975 2980 2980 2985 2985 2990 2990 2995 2995 3000
          3000 3005 3005 3010 3010 3015 3015 3020 3020 3025 3025 3030 3030 3035 3035 3040
          3040 3045 3045 3050 3050 3055 3055 3060 3060 3065 3065 3070 3070 3075 3075 3080
          3080 3085 3085 3090 3090 3095 3095 3100 3100 3105 3105 3110 3110 3115 3115 3120
          3120 3125 3125 3130 3130 3135 3135 3140 3140 3145 3145 3150 3150 3155 3155 3160
          3160 3165 3165 3170 3170 3175 3175 3180 3180 3185 3185 3190 3190 3195 3195 3200
          3200 3205 3205 3210 3210 3215 3215 3220 3220 3225 3225 3230 3230 3235 3235 3240
          3240 3245 3245 3250 3250 3255 3255 3260 3260 3265 3265 3270 3270 3275 3275 3280
          3280 3285 3285 3290 3290 3295 3295 3300 3300 3305 3305 3310 3310 3315 3315 3320
          3320 3325 3325 3330 3330 3335 3335 3340 3340 3345 3345 3350 3350 3355 3355 3360
          3360 3365 3365 3370 3370 3375 3375 3380 3380 3385 3385 3390 3390 3395 3395 3400
          3400 3405 3405 3410 3410 3415 3415 3420 3420 3425 3425 3430 3430 3435 3435 3440
          3440 3445 3445 3450 3450 3455 3455 3460 3460 3465 3465 3470 3470 3475 3475 3480
          3480 3485 3485 3490 3490 3495 3495 3500 3500 3505 3505 3510 3510 3515 3515 3520
          3520 3525 3525 3530 3530 3535 3535 3540 3540 3545 3545 3550 3550 3555 3555 3560
          3560 3565 3565 3570 3570 3575 3575 3580 3580 3585 3585 3590 3590 3595 3595 3600
          3600 3605 3605 3610 3610 3615 3615 3620 3620 3625 3625 3630 3630 3635 3635 3640
          3640 3645 3645 3650 3650 3655 3655 3660 3660 3665 3665 3670 3670 3675 3675 3680
          3680 3685 3685 3690 3690 3695 3695 3700 3700 3705 3705 3710 3710 3715 3715 3720
          3720 3725 3725 3730 3730 3735 3735 3740 3740 3745 3745 3750 3750 3755 3755 3760
          3760 3765 3765 3770 3770 3775 3775 3780 3780 3785 3785 3790 3790 3795 3795 3800
          3800 3805 3805 3810 3810 3815 3815 3820 3820 3825 3825 3830 3830 3835 3835 3840
          3840 3845 3845 3850 3850 3855 3855 3860 3860 3865 3865 3870 3870 3875 3875 3880
          3880 3885 3885 3890 3890 3895 3895 3900 3900 3905 3905 3910 3910 3915 3915 3920
          3920 3925 3925 3930 3930 3935 3935 3940 3940 3945 3945 3950 3950 3955 3955 3960
          3960 3965 3965 3970 3970 3975 3975 3980 3980 3985 3985 3990 3990 3995 3995 4000
          0 1 1 2 2 3 3 4 4 9 9 14 14 19 19 24
          24 29 29 34 34 39 39 44 44 49 49 54 54 59 59 64
          64 69 69 74 74 79 79 84 84 89 89 94 94 99 99 104
          104 109 109 114 114 119 119 124 124 129 129 134 134 139 139 144
          144 149 149 154 154 159 159 164 164 169 169 174 174 179 179 184
          184 189 189 194 194 199 199 204 204 209 209 214 214 219 219 224
          224 229 229 234 234 239 239 244 244 249 249 254 254 259 259 264
          264 269 269 274 274 279 279 284 284 289 289 294 294 299 299 304
          304 309 309 314 314 319 319 324 324 329 329 334 334 339 339 344
          344 349 349 354 354 359 359 364 364 369 369 374 374 379 379 384
          384 389 389 394 394 399 399 404 404 409 409 414 414 419 419 424
          424 429 429 434 434 439 439 444 444 449 449 454 454 459 459 464
          464 469 469 474 474 479 479 484 484 489 489 494 494 499 499 504
          504 509 509 514 514 519 519 524 524 529 529 534 534 539 539 544
          544 549 549 554 554 559 559 564 564 569 569 574 574 579 579 584
          584 589 589 594 594 599 599 604 604 609 609 614 614 619 619 624
          624 629 629 634 634 639 639 644 644 649 649 654 654 659 659 664
          664 669 669 674 674 679 679 684 684 689 689 694 694 699 699 704
          704 709 709 714 714 719 719 724 724 729 729 734 734 739 739 744
          744 749 749 754 754 759 759 764 764 769 769 774 774 779 779 784
          784 789 789 794 794 799 799 804 804 809 809 814 814 819 819 824
          824 829 829 834 834 839 839 844 844 849 849 854 854 859 859 864
          864 869 869 874 874 879 879 884 884 889 889 894 894 899 899 904
          904 909 909 914 914 919 919 924 924 929 929 934 934 939 939 944
          944 949 949 954 954 959 959 964 964 969 969 974 974 979 979 984
          984 989 989 994 994 999 999 1004 1004 1009 1009 1014 1014 1019 1019 1024
          1024 1029 1029 1034 1034 1039 1039 1044 1044 1049 1049 1054 1054 1059 1059 1064
          1064 1069 1069 1074 1074 1079 1079 1084 1084 1089 1089 1094 1094 1099 1099 1104
          1104 1109 1109 1114 1114 1119 1119 1124 1124 1129 1129 1134 1134 1139 1139 1144
          1144 1149 1149 1154 1154 1159 1159 1164 1164 1169 1169 1174 1174 1179 1179 1184
          1184 1189 1189 1194 1194 1199 1199 1204 1204 1209 1209 1214 1214 1219 1219 1224
          1224 1229 1229 1234 1234 1239 1239 1244 1244 1249 1249 1254 1254 1259 1259 1264
          1264 1269 1269 1274 1274 1279 1279 1284 1284 1289 1289 1294 1294 1299 1299 1304
          1304 1309 1309 1314 1314 1319 1319 1324 1324 1329 1329 1334 1334 1339 1339 1344
          1344 1349 1349 1354 1354 1359 1359 1364 1364 1369 1369 1374 1374 1379 1379 1384
          1384 1389 1389 1394 1394 1399 1399 1404 1404 1409 1409 1414 1414 1419 1419 1424
          1424 1429 1429 1434 1434 1439 1439 1444 1444 1449 1449 1454 1454 1459 1459 1464
          1464 1469 1469 1474 1474 1479 1479 1484 1484 1489 1489 1494 1494 1499 1499 1504
          1504 1509 1509 1514 1514 1519 1519 1524 1524 1529 1529 1534 1534 1539 1539 1544
          1544 1549 1549 1554 1554 1559 1559 1564 1564 1569 1569 1574 1574 1579 1579 1584
          1584 1589 1589 1594 1594 1599 1599 1604 1604 1609 1609 1614 1614 1619 1619 1624
          1624 1629 1629 1634 1634 1639 1639 1644 1644 1649 1649 1654 1654 1659 1659 1664
          1664 1669 1669 1674 1674 1679 1679 1684 1684 1689 1689 1694 1694 1699 1699 1704
          1704 1709 1709 1714 1714 1719 1719 1724 1724 1729 1729 1734 1734 1739 1739 1744
          1744 1749 1749 1754 1754 1759 1759 1764 1764 1769 1769 1774 1774 1779 1779 1784
          1784 1789 1789 1794 1794 1799 1799 1804 1804 1809 1809 1814 1814 1819 1819 1824
          1824 1829 1829 1834 1834 1839 1839 1844 1844 1849 1849 1854 1854 1859 1859 1864
          1864 1869 1869 1874 1874 1879 1879 1884 1884 1889 1889 1894 1894 1899 1899 1904
          1904 1909 1909 1914 1914 1919 1919 1924 1924 1929 1929 1934 1934 1939 1939 1944
          1944 1949 1949 1954 1954 1959 1959 1964 1964 1969 1969 1974 1974 1979 1979 1984
          1984 1989 1989 1994 1994 1999 1999 2004 2004 2009 2009 2014 2014 2019 2019 2024
          2024 2029 2029 2034 2034 2039 2039 2044 2044 2049 2049 2054 2054 2059 2059 2064
          2064 2069 2069 2074 2074 2079 2079 2084 2084 2089 2089 2094 2094 2099 2099 2104
          2104 2109 2109 2114 2114 2119 2119 2124 2124 2129 2129 2134 2134 2139 2139 2144
          2144 2149 2149 2154 2154 2159 2159 2164 2164 2169 2169 2174 2174 2179 2179 2184
          2184 2189 2189 2194 2194 2199 2199 2204 2204 2209 2209 2214 2214 2219 2219 2224
          2224 2229 2229 2234 2234 2239 2239 2244 2244 2249 2249 2254 2254 2259 2259 2264
          2264 2269 2269 2274 2274 2279 2279 2284 2284 2289 2289 2294 2294 2299 2299 2304
          2304 2309 2309 2314 2314 2319 2319 2324 2324 2329 2329 2334 2334 2339 2339 2344
          2344 2349 2349 2354 2354 2359 2359 2364 2364 2369 2369 2374 2374 2379 2379 2384
          2384 2389 2389 2394 2394 2399 2399 2404 2404 2409 2409 2414 2414 2419 2419 2424
          2424 2429 2429 2434 2434 2439 2439 2444 2444 2449 2449 2454 2454 2459 2459 2464
          2464 2469 2469 2474 2474 2479 2479 2484 2484 2489 2489 2494 2494 2499 2499 2504
          2504 2509 2509 2514 2514 2519 2519 2524 2524 2529 2529 2534 2534 2539 2539 2544
          2544 2549 2549 2554 2554 2559 2559 2564 2564 2569 2569 2574 2574 2579 2579 2584
          2584 2589 2589 2594 2594 2599 2599 2604 2604 2609 2609 2614 2614 2619 2619 2624
          2624 2629 2629 2634 2634 2639 2639 2644 2644 2649 2649 2654 2654 2659 2659 2664
          2664 2669 2669 2674 2674 2679 2679 2684 2684 2689 2689 2694 2694 2699 2699 2704
          2704 2709 2709 2714 2714 2719 2719 2724 2724 2729 2729 2734 2734 2739 2739 2744
          2744 2749 2749 2754 2754 2759 2759 2764 2764 2769 2769 2774 2774 2779 2779 2784
          2784 2789 2789 2794 2794 2799 2799 2804 2804 2809 2809 2814 2814 2819 2819 2824
          2824 2829 2829 2834 2834 2839 2839 2844 2844 2849 2849 2854 2854 2859 2859 2864
          2864 2869 2869 2874 2874 2879 2879 2884 2884 2889 2889 2894 2894 2899 2899 2904
          2904 2909 2909 2914 2914 2919 2919 2924 2924 2929 2929 2934 2934 2939 2939 2944
          2944 2949 2949 2954 2954 2959 2959 2964 2964 2969 2969 2974 2974 2979 2979 2984
          2984 2989 2989 2994 2994 2999 2999 3004 3004 3009 3009 3014 3014 3019 3019 3024
          3024 3029 3029 3034 3034 3039 3039 3044 3044 3049 3049 3054 3054 3059 3059 3064
          3064 3069 3069 3074 3074 3079 3079 3084 3084 3089 3089 3094 3094 3099 3099 3104
          3104 3109 3109 3114 3114 3119 3119 3124 3124 3129 3129 3134 3134 3139 3139 3144
          3144 3149 3149 3154 3154 3159 3159 3164 3164 3169 3169 3174 3174 3179 3179 3184
          3184 3189 3189 3194 3194 3199 3199 3204 3204 3209 3209 3214 3214 3219 3219 3224
          3224 3229 3229 3234 3234 3239 3239 3244 3244 3249 3249 3254 3254 3259 3259 3264
          3264 3269 3269 3274 3274 3279 3279 3284 3284 3289 3289 3294 3294 3299 3299 3304
          3304 3309 3309 3314 3314 3319 3319 3324 3324 3329 3329 3334 3334 3339 3339 3344
          3344 3349 3349 3354 3354 3359 3359 3364 3364 3369 3369 3374 3374 3379 3379 3384
          3384 3389 3389 3394 3394 3399 3399 3404 3404 3409 3409 3414 3414 3419 3419 3424
          3424 3429 3429 3434 3434 3439 3439 3444 3444 3449 3449 3454 3454 3459 3459 3464
          3464 3469 3469 3474 3474 3479 3479 3484 3484 3489 3489 3494 3494 3499 3499 3504
          3504 3509 3509 3514 3514 3519 3519 3524 3524 3529 3529 3534 3534 3539 3539 3544
          3544 3549 3549 3554 3554 3559 3559 3564 3564 3569 3569 3574 3574 3579 3579 3584
          3584 3589 3589 3594 3594 3599 3599 3604 3604 3609 3609 3614 3614 3619 3619 3624
          3624 3629 3629 3634 3634 3639 3639 3644 3644 3649 3649 3654 3654 3659 3659 3664
          3664 3669 3669 3674 3674 3679 3679 3684 3684 3689 3689 3694 3694 3699 3699 3704
          3704 3709 3709 3714 3714 3719 3719 3724 3724 3729 3729 3734 3734 3739 3739 3744
          3744 3749 3749 3754 3754 3759 3759 3764 3764 3769 3769 3774 3774 3779 3779 3784
          3784 3789 3789 3794 3794 3799 3799 3804 3804 3809 3809 3814 3814 3819 3819 3824
          3824 3829 3829 3834 3834 3839 3839 3844 3844 3849 3849 3854 3854 3859 3859 3864
          3864 3869 3869 3874 3874 3879 3879 3884 3884 3889 3889 3894 3894 3899 3899 3904
          3904 3909 3909 3914 3914 3919 3919 3924 3924 3929 3929 3934 3934 3939 3939 3944
          3944 3949 3949 3954 3954 3959 3959 3964 3964 3969 3969 3974 3974 3979 3979 3984
          3984 3989 3989 3994 3994 3999 3999 4004 4000 4001 4001 4002 4002 4003 4003 4004
        </DataArray>
        <DataArray type="Int32" Name="offsets" format="ascii">
          3 6 9 12 15 18 21 24 27 30 33 36 39 42 45 48
          51 54 57 60 63 66 69 72 75 78 81 84 87 90 93 96
          99 102 105 108 111 114 117 120 123 126 129 132 135 138 141 144
          147 150 153 156 159 162 165 168 171 174 177 180 183 186 189 192
          195 198 201 204 207 210 213 216 219 222 225 228 231 234 237 240
          243 246 249 252 255 258 261 264 267 270 273 276 279 282 285 288
          291 294 297 300 303 306 309 312 315 318 321 324 327 330 333 336
          339 342 345 348 351 354 357 360 363 366 369 372 375 378 381 384
          387 390 393 396 399 402 405 408 411 414 417 420 423 426 429 432
          435 438 441 444 447 450 453 456 459 462 465 468 471 474 477 480
          483 486 489 492 495 498 501 504 507 510 513 516 519 522 525 528
          531 534 537 540 543 546 549 552 555 558 561 564 567 570 573 576
          579 582 585 588 591 594 597 600 603 606 609 612 615 618 621 624
          627 630 633 636 639 642 645 648 651 654 657 660 663 666 669 672
          675 678 681 684 687 690 693 696 699 702 705 708 711 714 717 720
          723 726 729 732 735 738 741 744 747 750 753 756 759 762 765 768
          771 774 777 780 783 786 789 792 795 798 801 804 807 810 813 816
          819 822 825 828 831 834 837 840 843 846 849 852 855 858 861 864
          867 870 873 876 879 882 885 888 891 894 897 900 903 906 909 912
          915 918 921 924 927 930 933 936 939 942 945 948 951 954 957 960
          963 966 969 972 975 978 981 984 987 990 993 996 999 1002 1005 1008
          1011 1014 1017 1020 1023 1026 1029 1032 1035 1038 1041 1044 1047 1050 1053 1056
          1059 1062 1065 1068 1071 1074 1077 1080 1083 1086 1089 1092 1095 1098 1101 1104
          1107 1110 1113 1116 1119 1122 1125 1128 1131 1134 1137 1140 1143 1146 1149 1152
          1155 1158 1161 1164 1167 1170 1173 1176 1179 1182 1185 1188 1191 1194 1197 1200
          1203 1206 1209 1212 1215 1218 1221 1224 1227 1230 1233 1236 1239 1242 1245 1248
          1251 1254 1257 1260 1263 1266 1269 1272 1275 1278 1281 1284 1287 1290 1293 1296
          1299 1302 1305 1308 1311 1314 1317 1320 1323 1326 1329 1332 1335 1338 1341 1344
          1347 1350 1353 1356 1359 1362 1365 1368 1371 1374 1377 1380 1383 1386 1389 1392
          1395 1398 1401 1404 1407 1410 1413 1416 1419 1422 1425 1428 1431 1434 1437 1440
          1443 1446 1449 1452 1455 1458 1461 1464 1467 1470 1473 1476 1479 1482 1485 1488
          1491 1494 1497 1500 1503 1506 1509 1512 1515 1518 1521 1524 1527 1530 1533 1536
          1539 1542 1545 1548 1551 1554 1557 1560 1563 1566 1569 1572 1575 1578 1581 1584
          1587 1590 1593 1596 1599 1602 1605 1608 1611 1614 1617 1620 1623 1626 1629 1632
          1635 1638 1641 1644 1647 1650 1653 1656 1659 1662 1665 1668 1671 1674 1677 1680
          1683 1686 1689 1692 1695 1698 1701 1704 1707 1710 1713 1716 1719 1722 1725 1728
          1731 1734 1737 1740 1743 1746 1749 1752 1755 1758 1761 1764 1767 1770 1773 1776
          1779 1782 1785 1788 1791 1794 1797 1800 1803 1806 1809 1812 1815 1818 1821 1824
          1827 1830 1833 1836 1839 1842 1845 1848 1851 1854 1857 1860 1863 1866 1869 1872
          1875 1878 1881 1884 1887 1890 1893 1896 1899 1902 1905 1908 1911 1914 1917 1920
          1923 1926 1929 1932 1935 1938 1941 1944 1947 1950 1953 1956 1959 1962 1965 1968
          1971 1974 1977 1980 1983 1986 1989 1992 1995 1998 2001 2004 2007 2010 2013 2016
          2019 2022 2025 2028 2031 2034 2037 2040 2043 2046 2049 2052 2055 2058 2061 2064
          2067 2070 2073 2076 2079 2082 2085 2088 2091 2094 2097 2100 2103 2106 2109 2112
          2115 2118 2121 2124 2127 2130 2133 2136 2139 2142 2145 2148 2151 2154 2157 2160
          2163 2166 2169 2172 2175 2178 2181 2184 2187 2190 2193 2196 2199 2202 2205 2208
          2211 2214 2217 2220 2223 2226 2229 2232 2235 2238 2241 2244 2247 2250 2253 2256
          2259 2262 2265 2268 2271 2274 2277 2280 2283 2286 2289 2292 2295 2298 2301 2304
          2307 2310 2313 2316 2319 2322 2325 2328 2331 2334 2337 2340 2343 2346 2349 2352
          2355 2358 2361 2364 2367 2370 2373 2376 2379 2382 2385 2388 2391 2394 2397 2400
          2403 2406 2409 2412 2415 2418 2421 2424 2427 2430 2433 2436 2439 2442 2445 2448
          2451 2454 2457 2460 2463 2466 2469 2472 2475 2478 2481 2484 2487 2490 2493 2496
          2499 2502 2505 2508 2511 2514 2517 2520 2523 2526 2529 2532 2535 2538 2541 2544
          2547 2550 2553 2556 2559 2562 2565 2568 2571 2574 2577 2580 2583 2586 2589 2592
          2595 2598 2601 2604 2607 2610 2613 2616 2619 2622 2625 2628 2631 2634 2637 2640
          2643 2646 2649 2652 2655 2658 2661 2664 2667 2670 2673 2676 2679 2682 2685 2688
          2691 2694 2697 2700 2703 2706 2709 2712 2715 2718 2721 2724 2727 2730 2733 2736
          2739 2742 2745 2748 2751 2754 2757 2760 2763 2766 2769 2772 2775 2778 2781 2784
          2787 2790 2793 2796 2799 2802 2805 2808 2811 2814 2817 2820 2823 2826 2829 2832
          2835 2838 2841 2844 2847 2850 2853 2856 2859 2862 2865 2868 2871 2874 2877 2880
          2883 2886 2889 2892 2895 2898 2901 2904 2907 2910 2913 2916 2919 2922 2925 2928
          2931 2934 2937 2940 2943 2946 2949 2952 2955 2958 2961 2964 2967 2970 2973 2976
          2979 2982 2985 2988 2991 2994 2997 3000 3003 3006 3009 3012 3015 3018 3021 3024
          3027 3030 3033 3036 3039 3042 3045 3048 3051 3054 3057 3060 3063 3066 3069 3072
          3075 3078 3081 3084 3087 3090 3093 3096 3099 3102 3105 3108 3111 3114 3117 3120
          3123 3126 3129 3132 3135 3138 3141 3144 3147 3150 3153 3156 3159 3162 3165 3168
          3171 3174 3177 3180 3183 3186 3189 3192 3195 3198 3201 3204 3207 3210 3213 3216
          3219 3222 3225 3228 3231 3234 3237 3240 3243 3246 3249 3252 3255 3258 3261 3264
          3267 3270 3273 3276 3279 3282 3285 3288 3291 3294 3297 3300 3303 3306 3309 3312
          3315 3318 3321 3324 3327 3330 3333 3336 3339 3342 3345 3348 3351 3354 3357 3360
          3363 3366 3369 3372 3375 3378 3381 3384 3387 3390 3393 3396 3399 3402 3405 3408
          3411 3414 3417 3420 3423 3426 3429 3432 3435 3438 3441 3444 3447 3450 3453 3456
          3459 3462 3465 3468 3471 3474 3477 3480 3483 3486 3489 3492 3495 3498 3501 3504
          3507 3510 3513 3516 3519 3522 3525 3528 3531 3534 3537 3540 3543 3546 3549 3552
          3555 3558 3561 3564 3567 3570 3573 3576 3579 3582 3585 3588 3591 3594 3597 3600
          3603 3606 3609 3612 3615 3618 3621 3624 3627 3630 3633 3636 3639 3642 3645 3648
          3651 3654 3657 3660 3663 3666 3669 3672 3675 3678 3681 3684 3687 3690 3693 3696
          3699 3702 3705 3708 3711 3714 3717 3720 3723 3726 3729 3732 3735 3738 3741 3744
          3747 3750 3753 3756 3759 3762 3765 3768 3771 3774 3777 3780 3783 3786 3789 3792
          3795 3798 3801 3804 3807 3810 3813 3816 3819 3822 3825 3828 3831 3834 3837 3840
          3843 3846 3849 3852 3855 3858 3861 3864 3867 3870 3873 3876 3879 3882 3885 3888
          3891 3894 3897 3900 3903 3906 3909 3912 3915 3918 3921 3924 3927 3930 3933 3936
          3939 3942 3945 3948 3951 3954 3957 3960 3963 3966 3969 3972 3975 3978 3981 3984
          3987 3990 3993 3996 3999 4002 4005 4008 4011 4014 4017 4020 4023 4026 4029 4032
          4035 4038 4041 4044 4047 4050 4053 4056 4059 4062 4065 4068 4071 4074 4077 4080
          4083 4086 4089 4092 4095 4098 4101 4104 4107 4110 4113 4116 4119 4122 4125 4128
          4131 4134 4137 4140 4143 4146 4149 4152 4155 4158 4161 4164 4167 4170 4173 4176
          4179 4182 4185 4188 4191 4194 4197 4200 4203 4206 4209 4212 4215 4218 4221 4224
          4227 4230 4233 4236 4239 4242 4245 4248 4251 4254 4257 4260 4263 4266 4269 4272
          4275 4278 4281 4284 4287 4290 4293 4296 4299 4302 4305 4308 4311 4314 4317 4320
          4323 4326 4329 4332 4335 4338 4341 4344 4347 4350 4353 4356 4359 4362 4365 4368
          4371 4374 4377 4380 4383 4386 4389 4392 4395 4398 4401 4404 4407 4410 4413 4416
          4419 4422 4425 4428 4431 4434 4437 4440 4443 4446 4449 4452 4455 4458 4461 4464
          4467 4470 4473 4476 4479 4482 4485 4488 4491 4494 4497 4500 4503 4506 4509 4512
          4515 4518 4521 4524 4527 4530 4533 4536 4539 4542 4545 4548 4551 4554 4557 4560
          4563 4566 4569 4572 4575 4578 4581 4584 4587 4590 4593 4596 4599 4602 4605 4608
          4611 4614 4617 4620 4623 4626 4629 4632 4635 4638 4641 4644 4647 4650 4653 4656
          4659 4662 4665 4668 4671 4674 4677 4680 4683 4686 4689 4692 4695 4698 4701 4704
          4707 4710 4713 4716 4719 4722 4725 4728 4731 4734 4737 4740 4743 4746 4749 4752
          4755 4758 4761 4764 4767 4770 4773 4776 4779 4782 4785 4788 4791 4794 4797 4800
          4803 4806 4809 4812 4815 4818 4821 4824 4827 4830 4833 4836 4839 4842 4845 4848
          4851 4854 4857 4860 4863 4866 4869 4872 4875 4878 4881 4884 4887 4890 4893 4896
          4899 4902 4905 4908 4911 4914 4917 4920 4923 4926 4929 4932 4935 4938 4941 4944
          4947 4950 4953 4956 4959 4962 4965 4968 4971 4974 4977 4980 4983 4986 4989 4992
          4995 4998 5001 5004 5007 5010 5013 5016 5019 5022 5025 5028 5031 5034 5037 5040
          5043 5046 5049 5052 5055 5058 5061 5064 5067 5070 5073 5076 5079 5082 5085 5088
          5091 5094 5097 5100 5103 5106 5109 5112 5115 5118 5121 5124 5127 5130 5133 5136
          5139 5142 5145 5148 5151 5154 5157 5160 5163 5166 5169 5172 5175 5178 5181 5184
          5187 5190 5193 5196 5199 5202 5205 5208 5211 5214 5217 5220 5223 5226 5229 5232
          5235 5238 5241 5244 5247 5250 5253 5256 5259 5262 5265 5268 5271 5274 5277 5280
          5283 5286 5289 5292 5295 5298 5301 5304 5307 5310 5313 5316 5319 5322 5325 5328
          5331 5334 5337 5340 5343 5346 5349 5352 5355 5358 5361 5364 5367 5370 5373 5376
          5379 5382 5385 5388 5391 5394 5397 5400 5403 5406 5409 5412 5415 5418 5421 5424
          5427 5430 5433 5436 5439 5442 5445 5448 5451 5454 5457 5460 5463 5466 5469 5472
          5475 5478 5481 5484 5487 5490 5493 5496 5499 5502 5505 5508 5511 5514 5517 5520
          5523 5526 5529 5532 5535 5538 5541 5544 5547 5550 5553 5556 5559 5562 5565 5568
          5571 5574 5577 5580 5583 5586 5589 5592 5595 5598 5601 5604 5607 5610 5613 5616
          5619 5622 5625 5628 5631 5634 5637 5640 5643 5646 5649 5652 5655 5658 5661 5664
          5667 5670 5673 5676 5679 5682 5685 5688 5691 5694 5697 5700 5703 5706 5709 5712
          5715 5718 5721 5724 5727 5730 5733 5736 5739 5742 5745 5748 5751 5754 5757 5760
          5763 5766 5769 5772 5775 5778 5781 5784 5787 5790 5793 5796 5799 5802 5805 5808
          5811 5814 5817 5820 5823 5826 5829 5832 5835 5838 5841 5844 5847 5850 5853 5856
          5859 5862 5865 5868 5871 5874 5877 5880 5883 5886 5889 5892 5895 5898 5901 5904
          5907 5910 5913 5916 5919 5922 5925 5928 5931 5934 5937 5940 5943 5946 5949 5952
          5955 5958 5961 5964 5967 5970 5973 5976 5979 5982 5985 5988 5991 5994 5997 6000
          6003 6006 6009 6012 6015 6018 6021 6024 6027 6030 6033 6036 6039 6042 6045 6048
          6051 6054 6057 6060 6063 6066 6069 6072 6075 6078 6081 6084 6087 6090 6093 6096
          6099 6102 6105 6108 6111 6114 6117 6120 6123 6126 6129 6132 6135 6138 6141 6144
          6147 6150 6153 6156 6159 6162 6165 6168 6171 6174 6177 6180 6183 6186 6189 6192
          6195 6198 6201 6204 6207 6210 6213 6216 6219 6222 6225 6228 6231 6234 6237 6240
          6243 6246 6249 6252 6255 6258 6261 6264 6267 6270 6273 6276 6279 6282 6285 6288
          6291 6294 6297 6300 6303 6306 6309 6312 6315 6318 6321 6324 6327 6330 6333 6336
          6339 6342 6345 6348 6351 6354 6357 6360 6363 6366 6369 6372 6375 6378 6381 6384
          6387 6390 6393 6396 6399 6402 6405 6408 6411 6414 6417 6420 6423 6426 6429 6432
          6435 6438 6441 6444 6447 6450 6453 6456 6459 6462 6465 6468 6471 6474 6477 6480
          6483 6486 6489 6492 6495 6498 6501 6504 6507 6510 6513 6516 6519 6522 6525 6528
          6531 6534 6537 6540 6543 6546 6549 6552 6555 6558 6561 6564 6567 6570 6573 6576
          6579 6582 6585 6588 6591 6594 6597 6600 6603 6606 6609 6612 6615 6618 6621 6624
          6627 6630 6633 6636 6639 6642 6645 6648 6651 6654 6657 6660 6663 6666 6669 6672
          6675 6678 6681 6684 6687 6690 6693 6696 6699 6702 6705 6708 6711 6714 6717 6720
          6723 6726 6729 6732 6735 6738 6741 6744 6747 6750 6753 6756 6759 6762 6765 6768
          6771 6774 6777 6780 6783 6786 6789 6792 6795 6798 6801 6804 6807 6810 6813 6816
          6819 6822 6825 6828 6831 6834 6837 6840 6843 6846 6849 6852 6855 6858 6861 6864
          6867 6870 6873 6876 6879 6882 6885 6888 6891 6894 6897 6900 6903 6906 6909 6912
          6915 6918 6921 6924 6927 6930 6933 6936 6939 6942 6945 6948 6951 6954 6957 6960
          6963 6966 6969 6972 6975 6978 6981 6984 6987 6990 6993 6996 6999 7002 7005 7008
          7011 7014 7017 7020 7023 7026 7029 7032 7035 7038 7041 7044 7047 7050 7053 7056
          7059 7062 7065 7068 7071 7074 7077 7080 7083 7086 7089 7092 7095 7098 7101 7104
          7107 7110 7113 7116 7119 7122 7125 7128 7131 7134 7137 7140 7143 7146 7149 7152
          7155 7158 7161 7164 7167 7170 7173 7176 7179 7182 7185 7188 7191 7194 7197 7200
          7203 7206 7209 7212 7215 7218 7221 7224 7227 7230 7233 7236 7239 7242 7245 7248
          7251 7254 7257 7260 7263 7266 7269 7272 7275 7278 7281 7284 7287 7290 7293 7296
          7299 7302 7305 7308 7311 7314 7317 7320 7323 7326 7329 7332 7335 7338 7341 7344
          7347 7350 7353 7356 7359 7362 7365 7368 7371 7374 7377 7380 7383 7386 7389 7392
          7395 7398 7401 7404 7407 7410 7413 7416 7419 7422 7425 7428 7431 7434 7437 7440
          7443 7446 7449 7452 7455 7458 7461 7464 7467 7470 7473 7476 7479 7482 7485 7488
          7491 7494 7497 7500 7503 7506 7509 7512 7515 7518 7521 7524 7527 7530 7533 7536
          7539 7542 7545 7548 7551 7554 7557 7560 7563 7566 7569 7572 7575 7578 7581 7584
          7587 7590 7593 7596 7599 7602 7605 7608 7611 7614 7617 7620 7623 7626 7629 7632
          7635 7638 7641 7644 7647 7650 7653 7656 7659 7662 7665 7668 7671 7674 7677 7680
          7683 7686 7689 7692 7695 7698 7701 7704 7707 7710 7713 7716 7719 7722 7725 7728
          7731 7734 7737 7740 7743 7746 7749 7752 7755 7758 7761 7764 7767 7770 7773 7776
          7779 7782 7785 7788 7791 7794 7797 7800 7803 7806 7809 7812 7815 7818 7821 7824
          7827 7830 7833 7836 7839 7842 7845 7848 7851 7854 7857 7860 7863 7866 7869 7872
          7875 7878 7881 7884 7887 7890 7893 7896 7899 7902 7905 7908 7911 7914 7917 7920
          7923 7926 7929 7932 7935 7938 7941 7944 7947 7950 7953 7956 7959 7962 7965 7968
          7971 7974 7977 7980 7983 7986 7989 7992 7995 7998 8001 8004 8007 8010 8013 8016
          8019 8022 8025 8028 8031 8034 8037 8040 8043 8046 8049 8052 8055 8058 8061 8064
          8067 8070 8073 8076 8079 8082 8085 8088 8091 8094 8097 8100 8103 8106 8109 8112
          8115 8118 8121 8124 8127 8130 8133 8136 8139 8142 8145 8148 8151 8154 8157 8160
          8163 8166 8169 8172 8175 8178 8181 8184 8187 8190 8193 8196 8199 8202 8205 8208
          8211 8214 8217 8220 8223 8226 8229 8232 8235 8238 8241 8244 8247 8250 8253 8256
          8259 8262 8265 8268 8271 8274 8277 8280 8283 8286 8289 8292 8295 8298 8301 8304
          8307 8310 8313 8316 8319 8322 8325 8328 8331 8334 8337 8340 8343 8346 8349 8352
          8355 8358 8361 8364 8367 8370 8373 8376 8379 8382 8385 8388 8391 8394 8397 8400
          8403 8406 8409 8412 8415 8418 8421 8424 8427 8430 8433 8436 8439 8442 8445 8448
          8451 8454 8457 8460 8463 8466 8469 8472 8475 8478 8481 8484 8487 8490 8493 8496
          8499 8502 8505 8508 8511 8514 8517 8520 8523 8526 8529 8532 8535 8538 8541 8544
          8547 8550 8553 8556 8559 8562 8565 8568 8571 8574 8577 8580 8583 8586 8589 8592
          8595 8598 8601 8604 8607 8610 8613 8616 8619 8622 8625 8628 8631 8634 8637 8640
          8643 8646 8649 8652 8655 8658 8661 8664 8667 8670 8673 8676 8679 8682 8685 8688
          8691 8694 8697 8700 8703 8706 8709 8712 8715 8718 8721 8724 8727 8730 8733 8736
          8739 8742 8745 8748 8751 8754 8757 8760 8763 8766 8769 8772 8775 8778 8781 8784
          8787 8790 8793 8796 8799 8802 8805 8808 8811 8814 8817 8820 8823 8826 8829 8832
          8835 8838 8841 8844 8847 8850 8853 8856 8859 8862 8865 8868 8871 8874 8877 8880
          8883 8886 8889 8892 8895 8898 8901 8904 8907 8910 8913 8916 8919 8922 8925 8928
          8931 8934 8937 8940 8943 8946 8949 8952 8955 8958 8961 8964 8967 8970 8973 8976
          8979 8982 8985 8988 8991 8994 8997 9000 9003 9006 9009 9012 9015 9018 9021 9024
          9027 9030 9033 9036 9039 9042 9045 9048 9051 9054 9057 9060 9063 9066 9069 9072
          9075 9078 9081 9084 9087 9090 9093 9096 9099 9102 9105 9108 9111 9114 9117 9120
          9123 9126 9129 9132 9135 9138 9141 9144 9147 9150 9153 9156 9159 9162 9165 9168
          9171 9174 9177 9180 9183 9186 9189 9192 9195 9198 9201 9204 9207 9210 9213 9216
          9219 9222 9225 9228 9231 9234 9237 9240 9243 9246 9249 9252 9255 9258 9261 9264
          9267 9270 9273 9276 9279 9282 9285 9288 9291 9294 9297 9300 9303 9306 9309 9312
          9315 9318 9321 9324 9327 9330 9333 9336 9339 9342 9345 9348 9351 9354 9357 9360
          9363 9366 9369 9372 9375 9378 9381 9384 9387 9390 9393 9396 9399 9402 9405 9408
          9411 9414 9417 9420 9423 9426 9429 9432 9435 9438 9441 9444 9447 9450 9453 9456
          9459 9462 9465 9468 9471 9474 9477 9480 9483 9486 9489 9492 9495 9498 9501 9504
          9507 9510 9513 9516 9519 9522 9525 9528 9531 9534 9537 9540 9543 9546 9549 9552
          9555 9558 9561 9564 9567 9570 9573 9576 9579 9582 9585 9588 9591 9594 9597 9600
          9603 9606 9609 9612 9615 9618 9621 9624 9627 9630 9633 9636 9639 9642 9645 9648
          9651 9654 9657 9660 9663 9666 9669 9672 9675 9678 9681 9684 9687 9690 9693 9696
          9699 9702 9705 9708 9711 9714 9717 9720 9723 9726 9729 9732 9735 9738 9741 9744
          9747 9750 9753 9756 9759 9762 9765 9768 9771 9774 9777 9780 9783 9786 9789 9792
          9795 9798 9801 9804 9807 9810 9813 9816 9819 9822 9825 9828 9831 9834 9837 9840
          9843 9846 9849 9852 9855 9858 9861 9864 9867 9870 9873 9876 9879 9882 9885 9888
          9891 9894 9897 9900 9903 9906 9909 9912 9915 9918 9921 9924 9927 9930 9933 9936
          9939 9942 9945 9948 9951 9954 9957 9960 9963 9966 9969 9972 9975 9978 9981 9984
          9987 9990 9993 9996 9999 10002 10005 10008 10011 10014 10017 10020 10023 10026 10029 10032
          10035 10038 10041 10044 10047 10050 10053 10056 10059 10062 10065 10068 10071 10074 10077 10080
          10083 10086 10089 10092 10095 10098 10101 10104 10107 10110 10113 10116 10119 10122 10125 10128
          10131 10134 10137 10140 10143 10146 10149 10152 10155 10158 10161 10164 10167 10170 10173 10176
          10179 10182 10185 10188 10191 10194 10197 10200 10203 10206 10209 10212 10215 10218 10221 10224
          10227 10230 10233 10236 10239 10242 10245 10248 10251 10254 10257 10260 10263 10266 10269 10272
          10275 10278 10281 10284 10287 10290 10293 10296 10299 10302 10305 10308 10311 10314 10317 10320
          10323 10326 10329 10332 10335 10338 10341 10344 10347 10350 10353 10356 10359 10362 10365 10368
          10371 10374 10377 10380 10383 10386 10389 10392 10395 10398 10401 10404 10407 10410 10413 10416
          10419 10422 10425 10428 10431 10434 10437 10440 10443 10446 10449 10452 10455 10458 10461 10464
          10467 10470 10473 10476 10479 10482 10485 10488 10491 10494 10497 10500 10503 10506 10509 10512
          10515 10518 10521 10524 10527 10530 10533 10536 10539 10542 10545 10548 10551 10554 10557 10560
          10563 10566 10569 10572 10575 10578 10581 10584 10587 10590 10593 10596 10599 10602 10605 10608
          10611 10614 10617 10620 10623 10626 10629 10632 10635 10638 10641 10644 10647 10650 10653 10656
          10659 10662 10665 10668 10671 10674 10677 10680 10683 10686 10689 10692 10695 10698 10701 10704
          10707 10710 10713 10716 10719 10722 10725 10728 10731 10734 10737 10740 10743 10746 10749 10752
          10755 10758 10761 10764 10767 10770 10773 10776 10779 10782 10785 10788 10791 10794 10797 10800
          10803 10806 10809 10812 10815 10818 10821 10824 10827 10830 10833 10836 10839 10842 10845 10848
          10851 10854 10857 10860 10863 10866 10869 10872 10875 10878 10881 10884 10887 10890 10893 10896
          10899 10902 10905 10908 10911 10914 10917 10920 10923 10926 10929 10932 10935 10938 10941 10944
          10947 10950 10953 10956 10959 10962 10965 10968 10971 10974 10977 10980 10983 10986 10989 10992
          10995 10998 11001 11004 11007 11010 11013 11016 11019 11022 11025 11028 11031 11034 11037 11040
          11043 11046 11049 11052 11055 11058 11061 11064 11067 11070 11073 11076 11079 11082 11085 11088
          11091 11094 11097 11100 11103 11106 11109 11112 11115 11118 11121 11124 11127 11130 11133 11136
          11139 11142 11145 11148 11151 11154 11157 11160 11163 11166 11169 11172 11175 11178 11181 11184
          11187 11190 11193 11196 11199 11202 11205 11208 11211 11214 11217 11220 11223 11226 11229 11232
          11235 11238 11241 11244 11247 11250 11253 11256 11259 11262 11265 11268 11271 11274 11277 11280
          11283 11286 11289 11292 11295 11298 11301 11304 11307 11310 11313 11316 11319 11322 11325 11328
          11331 11334 11337 11340 11343 11346 11349 11352 11355 11358 11361 11364 11367 11370 11373 11376
          11379 11382 11385 11388 11391 11394 11397 11400 11403 11406 11409 11412 11415 11418 11421 11424
          11427 11430 11433 11436 11439 11442 11445 11448 11451 11454 11457 11460 11463 11466 11469 11472
          11475 11478 11481 11484 11487 11490 11493 11496 11499 11502 11505 11508 11511 11514 11517 11520
          11523 11526 11529 11532 11535 11538 11541 11544 11547 11550 11553 11556 11559 11562 11565 11568
          11571 11574 11577 11580 11583 11586 11589 11592 11595 11598 11601 11604 11607 11610 11613 11616
          11619 11622 11625 11628 11631 11634 11637 11640 11643 11646 11649 11652 11655 11658 11661 11664
          11667 11670 11673 11676 11679 11682 11685 11688 11691 11694 11697 11700 11703 11706 11709 11712
          11715 11718 11721 11724 11727 11730 11733 11736 11739 11742 11745 11748 11751 11754 11757 11760
          11763 11766 11769 11772 11775 11778 11781 11784 11787 11790 11793 11796 11799 11802 11805 11808
          11811 11814 11817 11820 11823 11826 11829 11832 11835 11838 11841 11844 11847 11850 11853 11856
          11859 11862 11865 11868 11871 11874 11877 11880 11883 11886 11889 11892 11895 11898 11901 11904
          11907 11910 11913 11916 11919 11922 11925 11928 11931 11934 11937 11940 11943 11946 11949 11952
          11955 11958 11961 11964 11967 11970 11973 11976 11979 11982 11985 11988 11991 11994 11997 12000
          12003 12006 12009 12012 12015 12018 12021 12024 12027 12030 12033 12036 12039 12042 12045 12048
          12051 12054 12057 12060 12063 12066 12069 12072 12075 12078 12081 12084 12087 12090 12093 12096
          12099 12102 12105 12108 12111 12114 12117 12120 12123 12126 12129 12132 12135 12138 12141 12144
          12147 12150 12153 12156 12159 12162 12165 12168 12171 12174 12177 12180 12183 12186 12189 12192
          12195 12198 12201 12204 12207 12210 12213 12216 12219 12222 12225 12228 12231 12234 12237 12240
          12243 12246 12249 12252 12255 12258 12261 12264 12267 12270 12273 12276 12279 12282 12285 12288
          12291 12294 12297 12300 12303 12306 12309 12312 12315 12318 12321 12324 12327 12330 12333 12336
          12339 12342 12345 12348 12351 12354 12357 12360 12363 12366 12369 12372 12375 12378 12381 12384
          12387 12390 12393 12396 12399 12402 12405 12408 12411 12414 12417 12420 12423 12426 12429 12432
          12435 12438 12441 12444 12447 12450 12453 12456 12459 12462 12465 12468 12471 12474 12477 12480
          12483 12486 12489 12492 12495 12498 12501 12504 12507 12510 12513 12516 12519 12522 12525 12528
          12531 12534 12537 12540 12543 12546 12549 12552 12555 12558 12561 12564 12567 12570 12573 12576
          12579 12582 12585 12588 12591 12594 12597 12600 12603 12606 12609 12612 12615 12618 12621 12624
          12627 12630 12633 12636 12639 12642 12645 12648 12651 12654 12657 12660 12663 12666 12669 12672
          12675 12678 12681 12684 12687 12690 12693 12696 12699 12702 12705 12708 12711 12714 12717 12720
          12723 12726 12729 12732 12735 12738 12741 12744 12747 12750 12753 12756 12759 12762 12765 12768
          12771 12774 12777 12780 12783 12786 12789 12792 12795 12798 12801 12804 12807 12810 12813 12816
          12819 12822 12825 12828 12831 12834 12837 12840 12843 12846 12849 12852 12855 12858 12861 12864
          12867 12870 12873 12876 12879 12882 12885 12888 12891 12894 12897 12900 12903 12906 12909 12912
          12915 12918 12921 12924 12927 12930 12933 12936 12939 12942 12945 12948 12951 12954 12957 12960
          12963 12966 12969 12972 12975 12978 12981 12984 12987 12990 12993 12996 12999 13002 13005 13008
          13011 13014 13017 13020 13023 13026 13029 13032 13035 13038 13041 13044 13047 13050 13053 13056
          13059 13062 13065 13068 13071 13074 13077 13080 13083 13086 13089 13092 13095 13098 13101 13104
          13107 13110 13113 13116 13119 13122 13125 13128 13131 13134 13137 13140 13143 13146 13149 13152
          13155 13158 13161 13164 13167 13170 13173 13176 13179 13182 13185 13188 13191 13194 13197 13200
          13203 13206 13209 13212 13215 13218 13221 13224 13227 13230 13233 13236 13239 13242 13245 13248
          13251 13254 13257 13260 13263 13266 13269 13272 13275 13278 13281 13284 13287 13290 13293 13296
          13299 13302 13305 13308 13311 13314 13317 13320 13323 13326 13329 13332 13335 13338 13341 13344
          13347 13350 13353 13356 13359 13362 13365 13368 13371 13374 13377 13380 13383 13386 13389 13392
          13395 13398 13401 13404 13407 13410 13413 13416 13419 13422 13425 13428 13431 13434 13437 13440
          13443 13446 13449 13452 13455 13458 13461 13464 13467 13470 13473 13476 13479 13482 13485 13488
          13491 13494 13497 13500 13503 13506 13509 13512 13515 13518 13521 13524 13527 13530 13533 13536
          13539 13542 13545 13548 13551 13554 13557 13560 13563 13566 13569 13572 13575 13578 13581 13584
          13587 13590 13593 13596 13599 13602 13605 13608 13611 13614 13617 13620 13623 13626 13629 13632
          13635 13638 13641 13644 13647 13650 13653 13656 13659 13662 13665 13668 13671 13674 13677 13680
          13683 13686 13689 13692 13695 13698 13701 13704 13707 13710 13713 13716 13719 13722 13725 13728
          13731 13734 13737 13740 13743 13746 13749 13752 13755 13758 13761 13764 13767 13770 13773 13776
          13779 13782 13785 13788 13791 13794 13797 13800 13803 13806 13809 13812 13815 13818 13821 13824
          13827 13830 13833 13836 13839 13842 13845 13848 13851 13854 13857 13860 13863 13866 13869 13872
          13875 13878 13881 13884 13887 13890 13893 13896 13899 13902 13905 13908 13911 13914 13917 13920
          13923 13926 13929 13932 13935 13938 13941 13944 13947 13950 13953 13956 13959 13962 13965 13968
          13971 13974 13977 13980 13983 13986 13989 13992 13995 13998 14001 14004 14007 14010 14013 14016
          14019 14022 14025 14028 14031 14034 14037 14040 14043 14046 14049 14052 14055 14058 14061 14064
          14067 14070 14073 14076 14079 14082 14085 14088 14091 14094 14097 14100 14103 14106 14109 14112
          14115 14118 14121 14124 14127 14130 14133 14136 14139 14142 14145 14148 14151 14154 14157 14160
          14163 14166 14169 14172 14175 14178 14181 14184 14187 14190 14193 14196 14199 14202 14205 14208
          14211 14214 14217 14220 14223 14226 14229 14232 14235 14238 14241 14244 14247 14250 14253 14256
          14259 14262 14265 14268 14271 14274 14277 14280 14283 14286 14289 14292 14295 14298 14301 14304
          14307 14310 14313 14316 14319 14322 14325 14328 14331 14334 14337 14340 14343 14346 14349 14352
          14355 14358 14361 14364 14367 14370 14373 14376 14379 14382 14385 14388 14391 14394 14397 14400
          14403 14406 14409 14412 14415 14418 14421 14424 14427 14430 14433 14436 14439 14442 14445 14448
          14451 14454 14457 14460 14463 14466 14469 14472 14475 14478 14481 14484 14487 14490 14493 14496
          14499 14502 14505 14508 14511 14514 14517 14520 14523 14526 14529 14532 14535 14538 14541 14544
          14547 14550 14553 14556 14559 14562 14565 14568 14571 14574 14577 14580 14583 14586 14589 14592
          14595 14598 14601 14604 14607 14610 14613 14616 14619 14622 14625 14628 14631 14634 14637 14640
          14643 14646 14649 14652 14655 14658 14661 14664 14667 14670 14673 14676 14679 14682 14685 14688
          14691 14694 14697 14700 14703 14706 14709 14712 14715 14718 14721 14724 14727 14730 14733 14736
          14739 14742 14745 14748 14751 14754 14757 14760 14763 14766 14769 14772 14775 14778 14781 14784
          14787 14790 14793 14796 14799 14802 14805 14808 14811 14814 14817 14820 14823 14826 14829 14832
          14835 14838 14841 14844 14847 14850 14853 14856 14859 14862 14865 14868 14871 14874 14877 14880
          14883 14886 14889 14892 14895 14898 14901 14904 14907 14910 14913 14916 14919 14922 14925 14928
          14931 14934 14937 14940 14943 14946 14949 14952 14955 14958 14961 14964 14967 14970 14973 14976
          14979 14982 14985 14988 14991 14994 14997 15000 15003 15006 15009 15012 15015 15018 15021 15024
          15027 15030 15033 15036 15039 15042 15045 15048 15051 15054 15057 15060 15063 15066 15069 15072
          15075 15078 15081 15084 15087 15090 15093 15096 15099 15102 15105 15108 15111 15114 15117 15120
          15123 15126 15129 15132 15135 15138 15141 15144 15147 15150 15153 15156 15159 15162 15165 15168
          15171 15174 15177 15180 15183 15186 15189 15192 15195 15198 15201 15204 15207 15210 15213 15216
          15219 15222 15225 15228 15231 15234 15237 15240 15243 15246 15249 15252 15255 15258 15261 15264
          15267 15270 15273 15276 15279 15282 15285 15288 15291 15294 15297 15300 15303 15306 15309 15312
          15315 15318 15321 15324 15327 15330 15333 15336 15339 15342 15345 15348 15351 15354 15357 15360
          15363 15366 15369 15372 15375 15378 15381 15384 15387 15390 15393 15396 15399 15402 15405 15408
          15411 15414 15417 15420 15423 15426 15429 15432 15435 15438 15441 15444 15447 15450 15453 15456
          15459 15462 15465 15468 15471 15474 15477 15480 15483 15486 15489 15492 15495 15498 15501 15504
          15507 15510 15513 15516 15519 15522 15525 15528 15531 15534 15537 15540 15543 15546 15549 15552
          15555 15558 15561 15564 15567 15570 15573 15576 15579 15582 15585 15588 15591 15594 15597 15600
          15603 15606 15609 15612 15615 15618 15621 15624 15627 15630 15633 15636 15639 15642 15645 15648
          15651 15654 15657 15660 15663 15666 15669 15672 15675 15678 15681 15684 15687 15690 15693 15696
          15699 15702 15705 15708 15711 15714 15717 15720 15723 15726 15729 15732 15735 15738 15741 15744
          15747 15750 15753 15756 15759 15762 15765 15768 15771 15774 15777 15780 15783 15786 15789 15792
          15795 15798 15801 15804 15807 15810 15813 15816 15819 15822 15825 15828 15831 15834 15837 15840
          15843 15846 15849 15852 15855 15858 15861 15864 15867 15870 15873 15876 15879 15882 15885 15888
          15891 15894 15897 15900 15903 15906 15909 15912 15915 15918 15921 15924 15927 15930 15933 15936
          15939 15942 15945 15948 15951 15954 15957 15960 15963 15966 15969 15972 15975 15978 15981 15984
          15987 15990 15993 15996 15999 16002 16005 16008 16011 16014 16017 16020 16023 16026 16029 16032
          16035 16038 16041 16044 16047 16050 16053 16056 16059 16062 16065 16068 16071 16074 16077 16080
          16083 16086 16089 16092 16095 16098 16101 16104 16107 16110 16113 16116 16119 16122 16125 16128
          16131 16134 16137 16140 16143 16146 16149 16152 16155 16158 16161 16164 16167 16170 16173 16176
          16179 16182 16185 16188 16191 16194 16197 16200 16203 16206 16209 16212 16215 16218 16221 16224
          16227 16230 16233 16236 16239 16242 16245 16248 16251 16254 16257 16260 16263 16266 16269 16272
          16275 16278 16281 16284 16287 16290 16293 16296 16299 16302 16305 16308 16311 16314 16317 16320
          16323 16326 16329 16332 16335 16338 16341 16344 16347 16350 16353 16356 16359 16362 16365 16368
          16371 16374 16377 16380 16383 16386 16389 16392 16395 16398 16401 16404 16407 16410 16413 16416
          16419 16422 16425 16428 16431 16434 16437 16440 16443 16446 16449 16452 16455 16458 16461 16464
          16467 16470 16473 16476 16479 16482 16485 16488 16491 16494 16497 16500 16503 16506 16509 16512
          16515 16518 16521 16524 16527 16530 16533 16536 16539 16542 16545 16548 16551 16554 16557 16560
          16563 16566 16569 16572 16575 16578 16581 16584 16587 16590 16593 16596 16599 16602 16605 16608
          16611 16614 16617 16620 16623 16626 16629 16632 16635 16638 16641 16644 16647 16650 16653 16656
          16659 16662 16665 16668 16671 16674 16677 16680 16683 16686 16689 16692 16695 16698 16701 16704
          16707 16710 16713 16716 16719 16722 16725 16728 16731 16734 16737 16740 16743 16746 16749 16752
          16755 16758 16761 16764 16767 16770 16773 16776 16779 16782 16785 16788 16791 16794 16797 16800
          16803 16806 16809 16812 16815 16818 16821 16824 16827 16830 16833 16836 16839 16842 16845 16848
          16851 16854 16857 16860 16863 16866 16869 16872 16875 16878 16881 16884 16887 16890 16893 16896
          16899 16902 16905 16908 16911 16914 16917 16920 16923 16926 16929 16932 16935 16938 16941 16944
          16947 16950 16953 16956 16959 16962 16965 16968 16971 16974 16977 16980 16983 16986 16989 16992
          16995 16998 17001 17004 17007 17010 17013 17016 17019 17022 17025 17028 17031 17034 17037 17040
          17043 17046 17049 17052 17055 17058 17061 17064 17067 17070 17073 17076 17079 17082 17085 17088
          17091 17094 17097 17100 17103 17106 17109 17112 17115 17118 17121 17124 17127 17130 17133 17136
          17139 17142 17145 17148 17151 17154 17157 17160 17163 17166 17169 17172 17175 17178 17181 17184
          17187 17190 17193 17196 17199 17202 17205 17208 17211 17214 17217 17220 17223 17226 17229 17232
          17235 17238 17241 17244 17247 17250 17253 17256 17259 17262 17265 17268 17271 17274 17277 17280
          17283 17286 17289 17292 17295 17298 17301 17304 17307 17310 17313 17316 17319 17322 17325 17328
          17331 17334 17337 17340 17343 17346 17349 17352 17355 17358 17361 17364 17367 17370 17373 17376
          17379 17382 17385 17388 17391 17394 17397 17400 17403 17406 17409 17412 17415 17418 17421 17424
          17427 17430 17433 17436 17439 17442 17445 17448 17451 17454 17457 17460 17463 17466 17469 17472
          17475 17478 17481 17484 17487 17490 17493 17496 17499 17502 17505 17508 17511 17514 17517 17520
          17523 17526 17529 17532 17535 17538 17541 17544 17547 17550 17553 17556 17559 17562 17565 17568
          17571 17574 17577 17580 17583 17586 17589 17592 17595 17598 17601 17604 17607 17610 17613 17616
          17619 17622 17625 17628 17631 17634 17637 17640 17643 17646 17649 17652 17655 17658 17661 17664
          17667 17670 17673 17676 17679 17682 17685 17688 17691 17694 17697 17700 17703 17706 17709 17712
          17715 17718 17721 17724 17727 17730 17733 17736 17739 17742 17745 17748 17751 17754 17757 17760
          17763 17766 17769 17772 17775 17778 17781 17784 17787 17790 17793 17796 17799 17802 17805 17808
          17811 17814 17817 17820 17823 17826 17829 17832 17835 17838 17841 17844 17847 17850 17853 17856
          17859 17862 17865 17868 17871 17874 17877 17880 17883 17886 17889 17892 17895 17898 17901 17904
          17907 17910 17913 17916 17919 17922 17925 17928 17931 17934 17937 17940 17943 17946 17949 17952
          17955 17958 17961 17964 17967 17970 17973 17976 17979 17982 17985 17988 17991 17994 17997 18000
          18003 18006 18009 18012 18015 18018 18021 18024 18027 18030 18033 18036 18039 18042 18045 18048
          18051 18054 18057 18060 18063 18066 18069 18072 18075 18078 18081 18084 18087 18090 18093 18096
          18099 18102 18105 18108 18111 18114 18117 18120 18123 18126 18129 18132 18135 18138 18141 18144
          18147 18150 18153 18156 18159 18162 18165 18168 18171 18174 18177 18180 18183 18186 18189 18192
          18195 18198 18201 18204 18207 18210 18213 18216 18219 18222 18225 18228 18231 18234 18237 18240
          18243 18246 18249 18252 18255 18258 18261 18264 18267 18270 18273 18276 18279 18282 18285 18288
          18291 18294 18297 18300 18303 18306 18309 18312 18315 18318 18321 18324 18327 18330 18333 18336
          18339 18342 18345 18348 18351 18354 18357 18360 18363 18366 18369 18372 18375 18378 18381 18384
          18387 18390 18393 18396 18399 18402 18405 18408 18411 18414 18417 18420 18423 18426 18429 18432
          18435 18438 18441 18444 18447 18450 18453 18456 18459 18462 18465 18468 18471 18474 18477 18480
          18483 18486 18489 18492 18495 18498 18501 18504 18507 18510 18513 18516 18519 18522 18525 18528
          18531 18534 18537 18540 18543 18546 18549 18552 18555 18558 18561 18564 18567 18570 18573 18576
          18579 18582 18585 18588 18591 18594 18597 18600 18603 18606 18609 18612 18615 18618 18621 18624
          18627 18630 18633 18636 18639 18642 18645 18648 18651 18654 18657 18660 18663 18666 18669 18672
          18675 18678 18681 18684 18687 18690 18693 18696 18699 18702 18705 18708 18711 18714 18717 18720
          18723 18726 18729 18732 18735 18738 18741 18744 18747 18750 18753 18756 18759 18762 18765 18768
          18771 18774 18777 18780 18783 18786 18789 18792 18795 18798 18801 18804 18807 18810 18813 18816
          18819 18822 18825 18828 18831 18834 18837 18840 18843 18846 18849 18852 18855 18858 18861 18864
          18867 18870 18873 18876 18879 18882 18885 18888 18891 18894 18897 18900 18903 18906 18909 18912
          18915 18918 18921 18924 18927 18930 18933 18936 18939 18942 18945 18948 18951 18954 18957 18960
          18963 18966 18969 18972 18975 18978 18981 18984 18987 18990 18993 18996 18999 19002 19005 19008
          19011 19014 19017 19020 19023 19026 19029 19032 19035 19038 19041 19044 19047 19050 19053 19056
          19059 19062 19065 19068 19071 19074 19077 19080 19083 19086 19089 19092 19095 19098 19101 19104
          19107 19110 19113 19116 19119 19122 19125 19128 19131 19134 19137 19140 19143 19146 19149 19152
          19155 19158 19161 19164 19167 19170 19173 19176 19179 19182 19185 19188 19191 19194 19197 19200
          19202 19204 19206 19208 19210 19212 19214 19216 19218 19220 19222 19224 19226 19228 19230 19232
          19234 19236 19238 19240 19242 19244 19246 19248 19250 19252 19254 19256 19258 19260 19262 19264
          19266 19268 19270 19272 19274 19276 19278 19280 19282 19284 19286 19288 19290 19292 19294 19296
          19298 19300 19302 19304 19306 19308 19310 19312 19314 19316 19318 19320 19322 19324 19326 19328
          19330 19332 19334 19336 19338 19340 19342 19344 19346 19348 19350 19352 19354 19356 19358 19360
          19362 19364 19366 19368 19370 19372 19374 19376 19378 19380 19382 19384 19386 19388 19390 19392
          19394 19396 19398 19400 19402 19404 19406 19408 19410 19412 19414 19416 19418 19420 19422 19424
          19426 19428 19430 19432 19434 19436 19438 19440 19442 19444 19446 19448 19450 19452 19454 19456
          19458 19460 19462 19464 19466 19468 19470 19472 19474 19476 19478 19480 19482 19484 19486 19488
          19490 19492 19494 19496 19498 19500 19502 19504 19506 19508 19510 19512 19514 19516 19518 19520
          19522 19524 19526 19528 19530 19532 19534 19536 19538 19540 19542 19544 19546 19548 19550 19552
          19554 19556 19558 19560 19562 19564 19566 19568 19570 19572 19574 19576 19578 19580 19582 19584
          19586 19588 19590 19592 19594 19596 19598 19600 19602 19604 19606 19608 19610 19612 19614 19616
          19618 19620 19622 19624 19626 19628 19630 19632 19634 19636 19638 19640 19642 19644 19646 19648
          19650 19652 19654 19656 19658 19660 19662 19664 19666 19668 19670 19672 19674 19676 19678 19680
          19682 19684 19686 19688 19690 19692 19694 19696 19698 19700 19702 19704 19706 19708 19710 19712
          19714 19716 19718 19720 19722 19724 19726 19728 19730 19732 19734 19736 19738 19740 19742 19744
          19746 19748 19750 19752 19754 19756 19758 19760 19762 19764 19766 19768 19770 19772 19774 19776
          19778 19780 19782 19784 19786 19788 19790 19792 19794 19796 19798 19800 19802 19804 19806 19808
          19810 19812 19814 19816 19818 19820 19822 19824 19826 19828 19830 19832 19834 19836 19838 19840
          19842 19844 19846 19848 19850 19852 19854 19856 19858 19860 19862 19864 19866 19868 19870 19872
          19874 19876 19878 19880 19882 19884 19886 19888 19890 19892 19894 19896 19898 19900 19902 19904
          19906 19908 19910 19912 19914 19916 19918 19920 19922 19924 19926 19928 19930 19932 19934 19936
          19938 19940 19942 19944 19946 19948 19950 19952 19954 19956 19958 19960 19962 19964 19966 19968
          19970 19972 19974 19976 19978 19980 19982 19984 19986 19988 19990 19992 19994 19996 19998 20000
          20002 20004 20006 20008 20010 20012 20014 20016 20018 20020 20022 20024 20026 20028 20030 20032
          20034 20036 20038 20040 20042 20044 20046 20048 20050 20052 20054 20056 20058 20060 20062 20064
          20066 20068 20070 20072 20074 20076 20078 20080 20082 20084 20086 20088 20090 20092 20094 20096
          20098 20100 20102 20104 20106 20108 20110 20112 20114 20116 20118 20120 20122 20124 20126 20128
          20130 20132 20134 20136 20138 20140 20142 20144 20146 20148 20150 20152 20154 20156 20158 20160
          20162 20164 20166 20168 20170 20172 20174 20176 20178 20180 20182 20184 20186 20188 20190 20192
          20194 20196 20198 20200 20202 20204 20206 20208 20210 20212 20214 20216 20218 20220 20222 20224
          20226 20228 20230 20232 20234 20236 20238 20240 20242 20244 20246 20248 20250 20252 20254 20256
          20258 20260 20262 20264 20266 20268 20270 20272 20274 20276 20278 20280 20282 20284 20286 20288
          20290 20292 20294 20296 20298 20300 20302 20304 20306 20308 20310 20312 20314 20316 20318 20320
          20322 20324 20326 20328 20330 20332 20334 20336 20338 20340 20342 20344 20346 20348 20350 20352
          20354 20356 20358 20360 20362 20364 20366 20368 20370 20372 20374 20376 20378 20380 20382 20384
          20386 20388 20390 20392 20394 20396 20398 20400 20402 20404 20406 20408 20410 20412 20414 20416
          20418 20420 20422 20424 20426 20428 20430 20432 20434 20436 20438 20440 20442 20444 20446 20448
          20450 20452 20454 20456 20458 20460 20462 20464 20466 20468 20470 20472 20474 20476 20478 20480
          20482 20484 20486 20488 20490 20492 20494 20496 20498 20500 20502 20504 20506 20508 20510 20512
          20514 20516 20518 20520 20522 20524 20526 20528 20530 20532 20534 20536 20538 20540 20542 20544
          20546 20548 20550 20552 20554 20556 20558 20560 20562 20564 20566 20568 20570 20572 20574 20576
          20578 20580 20582 20584 20586 20588 20590 20592 20594 20596 20598 20600 20602 20604 20606 20608
          20610 20612 20614 20616 20618 20620 20622 20624 20626 20628 20630 20632 20634 20636 20638 20640
          20642 20644 20646 20648 20650 20652 20654 20656 20658 20660 20662 20664 20666 20668 20670 20672
          20674 20676 20678 20680 20682 20684 20686 20688 20690 20692 20694 20696 20698 20700 20702 20704
          20706 20708 20710 20712 20714 20716 20718 20720 20722 20724 20726 20728 20730 20732 20734 20736
          20738 20740 20742 20744 20746 20748 20750 20752 20754 20756 20758 20760 20762 20764 20766 20768
          20770 20772 20774 20776 20778 20780 20782 20784 20786 20788 20790 20792 20794 20796 20798 20800
          20802 20804 20806 20808 20810 20812 20814 20816 20818 20820 20822 20824 20826 20828 20830 20832
          20834 20836 20838 20840 20842 20844 20846 20848 20850 20852 20854 20856 20858 20860 20862 20864
          20866 20868 20870 20872 20874 20876 20878 20880 20882 20884 20886 20888 20890 20892 20894 20896
          20898 20900 20902 20904 20906 20908 20910 20912 20914 20916 20918 20920 20922 20924 20926 20928
          20930 20932 20934 20936 20938 20940 20942 20944 20946 20948 20950 20952 20954 20956 20958 20960
          20962 20964 20966 20968 20970 20972 20974 20976 20978 20980 20982 20984 20986 20988 20990 20992
          20994 20996 20998 21000 21002 21004 21006 21008 21010 21012 21014 21016 21018 21020 21022 21024
          21026 21028 21030 21032 21034 21036 21038 21040 21042 21044 21046 21048 21050 21052 21054 21056
          21058 21060 21062 21064 21066 21068 21070 21072 21074 21076 21078 21080 21082 21084 21086 21088
          21090 21092 21094 21096 21098 21100 21102 21104 21106 21108 21110 21112 21114 21116 21118 21120
          21122 21124 21126 21128 21130 21132 21134 21136 21138 21140 21142 21144 21146 21148 21150 21152
          21154 21156 21158 21160 21162 21164 21166 21168 21170 21172 21174 21176 21178 21180 21182 21184
          21186 21188 21190 21192 21194 21196 21198 21200 21202 21204 21206 21208 21210 21212 21214 21216
          21218 21220 21222 21224 21226 21228 21230 21232 21234 21236 21238 21240 21242 21244 21246 21248
          21250 21252 21254 21256 21258 21260 21262 21264 21266 21268 21270 21272 21274 21276 21278 21280
          21282 21284 21286 21288 21290 21292 21294 21296 21298 21300 21302 21304 21306 21308 21310 21312
          21314 21316 21318 21320 21322 21324 21326 21328 21330 21332 21334 21336 21338 21340 21342 21344
          21346 21348 21350 21352 21354 21356 21358 21360 21362 21364 21366 21368 21370 21372 21374 21376
          21378 21380 21382 21384 21386 21388 21390 21392 21394 21396 21398 21400 21402 21404 21406 21408
          21410 21412 21414 21416 21418 21420 21422 21424 21426 21428 21430 21432 21434 21436 21438 21440
          21442 21444 21446 21448 21450 21452 21454 21456 21458 21460 21462 21464 21466 21468 21470 21472
          21474 21476 21478 21480 21482 21484 21486 21488 21490 21492 21494 21496 21498 21500 21502 21504
          21506 21508 21510 21512 21514 21516 21518 21520 21522 21524 21526 21528 21530 21532 21534 21536
          21538 21540 21542 21544 21546 21548 21550 21552 21554 21556 21558 21560 21562 21564 21566 21568
          21570 21572 21574 21576 21578 21580 21582 21584 21586 21588 21590 21592 21594 21596 21598 21600
          21602 21604 21606 21608 21610 21612 21614 21616 21618 21620 21622 21624 21626 21628 21630 21632
          21634 21636 21638 21640 21642 21644 21646 21648 21650 21652 21654 21656 21658 21660 21662 21664
          21666 21668 21670 21672 21674 21676 21678 21680 21682 21684 21686 21688 21690 21692 21694 21696
          21698 21700 21702 21704 21706 21708 21710 21712 21714 21716 21718 21720 21722 21724 21726 21728
          21730 21732 21734 21736 21738 21740 21742 21744 21746 21748 21750 21752 21754 21756 21758 21760
          21762 21764 21766 21768 21770 21772 21774 21776 21778 21780 21782 21784 21786 21788 21790 21792
          21794 21796 21798 21800 21802 21804 21806 21808 21810 21812 21814 21816 21818 21820 21822 21824
          21826 21828 21830 21832 21834 21836 21838 21840 21842 21844 21846 21848 21850 21852 21854 21856
          21858 21860 21862 21864 21866 21868 21870 21872 21874 21876 21878 21880 21882 21884 21886 21888
          21890 21892 21894 21896 21898 21900 21902 21904 21906 21908 21910 21912 21914 21916 21918 21920
          21922 21924 21926 21928 21930 21932 21934 21936 21938 21940 21942 21944 21946 21948 21950 21952
          21954 21956 21958 21960 21962 21964 21966 21968 21970 21972 21974 21976 21978 21980 21982 21984
          21986 21988 21990 21992 21994 21996 21998 22000 22002 22004 22006 22008 22010 22012 22014 22016
          22018 22020 22022 22024 22026 22028 22030 22032 22034 22036 22038 22040 22042 22044 22046 22048
          22050 22052 22054 22056 22058 22060 22062 22064 22066 22068 22070 22072 22074 22076 22078 22080
          22082 22084 22086 22088 22090 22092 22094 22096 22098 22100 22102 22104 22106 22108 22110 22112
          22114 22116 22118 22120 22122 22124 22126 22128 22130 22132 22134 22136 22138 22140 22142 22144
          22146 22148 22150 22152 22154 22156 22158 22160 22162 22164 22166 22168 22170 22172 22174 22176
          22178 22180 22182 22184 22186 22188 22190 22192 22194 22196 22198 22200 22202 22204 22206 22208
          22210 22212 22214 22216 22218 22220 22222 22224 22226 22228 22230 22232 22234 22236 22238 22240
          22242 22244 22246 22248 22250 22252 22254 22256 22258 22260 22262 22264 22266 22268 22270 22272
          22274 22276 22278 22280 22282 22284 22286 22288 22290 22292 22294 22296 22298 22300 22302 22304
          22306 22308 22310 22312 22314 22316 22318 22320 22322 22324 22326 22328 22330 22332 22334 22336
          22338 22340 22342 22344 22346 22348 22350 22352 22354 22356 22358 22360 22362 22364 22366 22368
          22370 22372 22374 22376 22378 22380 22382 22384 22386 22388 22390 22392 22394 22396 22398 22400
          22402 22404 22406 22408 22410 22412 22414 22416
        </DataArray>
        <DataArray type="UInt8" Name="types" format="ascii">
          5 5 5 5 5 5 5 5 5 5 5 5 5 5 5 5
          5 5 5 5 5 5 5 5 5 5 5 5 5 5 5 5
          5 5 5 5 5 5 5 5 5 5 5 5 5 5 5 5
          5 5 5 5 5 5 5 5 5 5 5 5 5 5 5 5
          5 5 5 5 5 5 5 5 5 5 5 5 5 5 5 5
          5 5 5 5 5 5 5 5 5 5 5 5 5 5 5 5
          5 5 5 5 5 5 5 5 5 5 5 5 5 5 5 5
          5 5 5 5 5 5 5 5 5 5 5 5 5 5 5 5
          5 5 5 5 5 5 5 5 5 5 5 5 5 5 5 5
          5 5 5 5 5 5 5 5 5 5 5 5 5 5 5 5
          5 5 5 5 5 5 5 5 5 5 5 5 5 5 5 5
          5 5 5 5 5 5 5 5 5 5 5 5 5 5 5 5
          5 5 5 5 5 5 5 5 5 5 5 5 5 5 5 5
          5 5 5 5 5 5 5 5 5 5 5 5 5 5 5 5
          5 5 5 5 5 5 5 5 5 5 5 5 5 5 5 5
          5 5 5 5 5 5 5 5 5 5 5 5 5 5 5 5
          5 5 5 5 5 5 5 5 5 5 5 5 5 5 5 5
          5 5 5 5 5 5 5 5 5 5 5 5 5 5 5 5
          5 5 5 5 5 5 5 5 5 5 5 5 5 5 5 5
          5 5 5 5 5 5 5 5 5 5 5 5 5 5 5 5
          5 5 5 5 5 5 5 5 5 5 5 5 5 5 5 5
          5 5 5 5 5 5 5 5 5 5 5 5 5 5 5 5
          5 5 5 5 5 5 5 5 5 5 5 5 5 5 5 5
          5 5 5 5 5 5 5 5 5 5 5 5 5 5 5 5
          5 5 5 5 5 5 5 5 5 5 5 5 5 5 5 5
          5 5 5 5 5 5 5 5 5 5 5 5 5 5 5 5
          5 5 5 5 5 5 5 5 5 5 5 5 5 5 5 5
          5 5 5 5 5 5 5 5 5 5 5 5 5 5 5 5
          5 5 5 5 5 5 5 5 5 5 5 5 5 5 5 5
          5 5 5 5 5 5 5 5 5 5 5 5 5 5 5 5
          5 5 5 5 5 5 5 5 5 5 5 5 5 5 5 5
          5 5 5 5 5 5 5 5 5 5 5 5 5 5 5 5
          5 5 5 5 5 5 5 5 5 5 5 5 5 5 5 5
          5 5 5 5 5 5 5 5 5 5 5 5 5 5 5 5
          5 5 5 5 5 5 5 5 5 5 5 5 5 5 5 5
          5 5 5 5 5 5 5 5 5 5 5 5 5 5 5 5
          5 5 5 5 5 5 5 5 5 5 5 5 5 5 5 5
          5 5 5 5 5 5 5 5 5 5 5 5 5 5 5 5
          5 5 5 5 5 5 5 5 5 5 5 5 5 5 5 5
          5 5 5 5 5 5 5 5 5 5 5 5 5 5 5 5
          5 5 5 5 5 5 5 5 5 5 5 5 5 5 5 5
          5 5 5 5 5 5 5 5 5 5 5 5 5 5 5 5
          5 5 5 5 5 5 5 5 5 5 5 5 5 5 5 5
          5 5 5 5 5 5 5 5 5 5 5 5 5 5 5 5
          5 5 5 5 5 5 5 5 5 5 5 5 5 5 5 5
          5 5 5 5 5 5 5 5 5 5 5 5 5 5 5 5
          5 5 5 5 5 5 5 5 5 5 5 5 5 5 5 5
          5 5 5 5 5 5 5 5 5 5 5 5 5 5 5 5
          5 5 5 5 5 5 5 5 5 5 5 5 5 5 5 5
          5 5 5 5 5 5 5 5 5 5 5 5 5 5 5 5
          5 5 5 5 5 5 5 5 5 5 5 5 5 5 5 5
          5 5 5 5 5 5 5 5 5 5 5 5 5 5 5 5
          5 5 5 5 5 5 5 5 5 5 5 5 5 5 5 5
          5 5 5 5 5 5 5 5 5 5 5 5 5 5 5 5
          5 5 5 5 5 5 5 5 5 5 5 5 5 5 5 5
          5 5 5 5 5 5 5 5 5 5 5 5 5 5 5 5
          5 5 5 5 5 5 5 5 5 5 5 5 5 5 5 5
          5 5 5 5 5 5 5 5 5 5 5 5 5 5 5 5
          5 5 5 5 5 5 5 5 5 5 5 5 5 5 5 5
          5 5 5 5 5 5 5 5 5 5 5 5 5 5 5 5
          5 5 5 5 5 5 5 5 5 5 5 5 5 5 5 5
          5 5 5 5 5 5 5 5 5 5 5 5 5 5 5 5
          5 5 5 5 5 5 5 5 5 5 5 5 5 5 5 5
          5 5 5 5 5 5 5 5 5 5 5 5 5 5 5 5
          5 5 5 5 5 5 5 5 5 5 5 5 5 5 5 5
          5 5 5 5 5 5 5 5 5 5 5 5 5 5 5 5
          5 5 5 5 5 5 5 5 5 5 5 5 5 5 5 5
          5 5 5 5 5 5 5 5 5 5 5 5 5 5 5 5
          5 5 5 5 5 5 5 5 5 5 5 5 5 5 5 5
          5 5 5 5 5 5 5 5 5 5 5 5 5 5 5 5
          5 5 5 5 5 5 5 5 5 5 5 5 5 5 5 5
          5 5 5 5 5 5 5 5 5 5 5 5 5 5 5 5
          5 5 5 5 5 5 5 5 5 5 5 5 5 5 5 5
          5 5 5 5 5 5 5 5 5 5 5 5 5 5 5 5
          5 5 5 5 5 5 5 5 5 5 5 5 5 5 5 5
          5 5 5 5 5 5 5 5 5 5 5 5 5 5 5 5
          5 5 5 5 5 5 5 5 5 5 5 5 5 5 5 5
          5 5 5 5 5 5 5 5 5 5 5 5 5 5 5 5
          5 5 5 5 5 5 5 5 5 5 5 5 5 5 5 5
          5 5 5 5 5 5 5 5 5 5 5 5 5 5 5 5
          5 5 5 5 5 5 5 5 5 5 5 5 5 5 5 5
          5 5 5 5 5 5 5 5 5 5 5 5 5 5 5 5
          5 5 5 5 5 5 5 5 5 5 5 5 5 5 5 5
          5 5 5 5 5 5 5 5 5 5 5 5 5 5 5 5
          5 5 5 5 5 5 5 5 5 5 5 5 5 5 5 5
          5 5 5 5 5 5 5 5 5 5 5 5 5 5 5 5
          5 5 5 5 5 5 5 5 5 5 5 5 5 5 5 5
          5 5 5 5 5 5 5 5 5 5 5 5 5 5 5 5
          5 5 5 5 5 5 5 5 5 5 5 5 5 5 5 5
          5 5 5 5 5 5 5 5 5 5 5 5 5 5 5 5
          5 5 5 5 5 5 5 5 5 5 5 5 5 5 5 5
          5 5 5 5 5 5 5 5 5 5 5 5 5 5 5 5
          5 5 5 5 5 5 5 5 5 5 5 5 5 5 5 5
          5 5 5 5 5 5 5 5 5 5 5 5 5 5 5 5
          5 5 5 5 5 5 5 5 5 5 5 5 5 5 5 5
          5 5 5 5 5 5 5 5 5 5 5 5 5 5 5 5
          5 5 5 5 5 5 5 5 5 5 5 5 5 5 5 5
          5 5 5 5 5 5 5 5 5 5 5 5 5 5 5 5
          5 5 5 5 5 5 5 5 5 5 5 5 5 5 5 5
          5 5 5 5 5 5 5 5 5 5 5 5 5 5 5 5
          5 5 5 5 5 5 5 5 5 5 5 5 5 5 5 5
          5 5 5 5 5 5 5 5 5 5 5 5 5 5 5 5
          5 5 5 5 5 5 5 5 5 5 5 5 5 5 5 5
          5 5 5 5 5 5 5 5 5 5 5 5 5 5 5 5
          5 5 5 5 5 5 5 5 5 5 5 5 5 5 5 5
          5 5 5 5 5 5 5 5 5 5 5 5 5 5 5 5
          5 5 5 5 5 5 5 5 5 5 5 5 5 5 5 5
          5 5 5 5 5 5 5 5 5 5 5 5 5 5 5 5
          5 5 5 5 5 5 5 5 5 5 5 5 5 5 5 5
          5 5 5 5 5 5 5 5 5 5 5 5 5 5 5 5
          5 5 5 5 5 5 5 5 5 5 5 5 5 5 5 5
          5 5 5 5 5 5 5 5 5 5 5 5 5 5 5 5
          5 5 5 5 5 5 5 5 5 5 5 5 5 5 5 5
          5 5 5 5 5 5 5 5 5 5 5 5 5 5 5 5
          5 5 5 5 5 5 5 5 5 5 5 5 5 5 5 5
          5 5 5 5 5 5 5 5 5 5 5 5 5 5 5 5
          5 5 5 5 5 5 5 5 5 5 5 5 5 5 5 5
          5 5 5 5 5 5 5 5 5 5 5 5 5 5 5 5
          5 5 5 5 5 5 5 5 5 5 5 5 5 5 5 5
          5 5 5 5 5 5 5 5 5 5 5 5 5 5 5 5
          5 5 5 5 5 5 5 5 5 5 5 5 5 5 5 5
          5 5 5 5 5 5 5 5 5 5 5 5 5 5 5 5
          5 5 5 5 5 5 5 5 5 5 5 5 5 5 5 5
          5 5 5 5 5 5 5 5 5 5 5 5 5 5 5 5
          5 5 5 5 5 5 5 5 5 5 5 5 5 5 5 5
          5 5 5 5 5 5 5 5 5 5 5 5 5 5 5 5
          5 5 5 5 5 5 5 5 5 5 5 5 5 5 5 5
          5 5 5 5 5 5 5 5 5 5 5 5 5 5 5 5
          5 5 5 5 5 5 5 5 5 5 5 5 5 5 5 5
          5 5 5 5 5 5 5 5 5 5 5 5 5 5 5 5
          5 5 5 5 5 5 5 5 5 5 5 5 5 5 5 5
          5 5 5 5 5 5 5 5 5 5 5 5 5 5 5 5
          5 5 5 5 5 5 5 5 5 5 5 5 5 5 5 5
          5 5 5 5 5 5 5 5 5 5 5 5 5 5 5 5
          5 5 5 5 5 5 5 5 5 5 5 5 5 5 5 5
          5 5 5 5 5 5 5 5 5 5 5 5 5 5 5 5
          5 5 5 5 5 5 5 5 5 5 5 5 5 5 5 5
          5 5 5 5 5 5 5 5 5 5 5 5 5 5 5 5
          5 5 5 5 5 5 5 5 5 5 5 5 5 5 5 5
          5 5 5 5 5 5 5 5 5 5 5 5 5 5 5 5
          5 5 5 5 5 5 5 5 5 5 5 5 5 5 5 5
          5 5 5 5 5 5 5 5 5 5 5 5 5 5 5 5
          5 5 5 5 5 5 5 5 5 5 5 5 5 5 5 5
          5 5 5 5 5 5 5 5 5 5 5 5 5 5 5 5
          5 5 5 5 5 5 5 5 5 5 5 5 5 5 5 5
          5 5 5 5 5 5 5 5 5 5 5 5 5 5 5 5
          5 5 5 5 5 5 5 5 5 5 5 5 5 5 5 5
          5 5 5 5 5 5 5 5 5 5 5 5 5 5 5 5
          5 5 5 5 5 5 5 5 5 5 5 5 5 5 5 5
          5 5 5 5 5 5 5 5 5 5 5 5 5 5 5 5
          5 5 5 5 5 5 5 5 5 5 5 5 5 5 5 5
          5 5 5 5 5 5 5 5 5 5 5 5 5 5 5 5
          5 5 5 5 5 5 5 5 5 5 5 5 5 5 5 5
          5 5 5 5 5 5 5 5 5 5 5 5 5 5 5 5
          5 5 5 5 5 5 5 5 5 5 5 5 5 5 5 5
          5 5 5 5 5 5 5 5 5 5 5 5 5 5 5 5
          5 5 5 5 5 5 5 5 5 5 5 5 5 5 5 5
          5 5 5 5 5 5 5 5 5 5 5 5 5 5 5 5
          5 5 5 5 5 5 5 5 5 5 5 5 5 5 5 5
          5 5 5 5 5 5 5 5 5 5 5 5 5 5 5 5
          5 5 5 5 5 5 5 5 5 5 5 5 5 5 5 5
          5 5 5 5 5 5 5 5 5 5 5 5 5 5 5 5
          5 5 5 5 5 5 5 5 5 5 5 5 5 5 5 5
          5 5 5 5 5 5 5 5 5 5 5 5 5 5 5 5
          5 5 5 5 5 5 5 5 5 5 5 5 5 5 5 5
          5 5 5 5 5 5 5 5 5 5 5 5 5 5 5 5
          5 5 5 5 5 5 5 5 5 5 5 5 5 5 5 5
          5 5 5 5 5 5 5 5 5 5 5 5 5 5 5 5
          5 5 5 5 5 5 5 5 5 5 5 5 5 5 5 5
          5 5 5 5 5 5 5 5 5 5 5 5 5 5 5 5
          5 5 5 5 5 5 5 5 5 5 5 5 5 5 5 5
          5 5 5 5 5 5 5 5 5 5 5 5 5 5 5 5
          5 5 5 5 5 5 5 5 5 5 5 5 5 5 5 5
          5 5 5 5 5 5 5 5 5 5 5 5 5 5 5 5
          5 5 5 5 5 5 5 5 5 5 5 5 5 5 5 5
          5 5 5 5 5 5 5 5 5 5 5 5 5 5 5 5
          5 5 5 5 5 5 5 5 5 5 5 5 5 5 5 5
          5 5 5 5 5 5 5 5 5 5 5 5 5 5 5 5
          5 5 5 5 5 5 5 5 5 5 5 5 5 5 5 5
          5 5 5 5 5 5 5 5 5 5 5 5 5 5 5 5
          5 5 5 5 5 5 5 5 5 5 5 5 5 5 5 5
          5 5 5 5 5 5 5 5 5 5 5 5 5 5 5 5
          5 5 5 5 5 5 5 5 5 5 5 5 5 5 5 5
          5 5 5 5 5 5 5 5 5 5 5 5 5 5 5 5
          5 5 5 5 5 5 5 5 5 5 5 5 5 5 5 5
          5 5 5 5 5 5 5 5 5 5 5 5 5 5 5 5
          5 5 5 5 5 5 5 5 5 5 5 5 5 5 5 5
          5 5 5 5 5 5 5 5 5 5 5 5 5 5 5 5
          5 5 5 5 5 5 5 5 5 5 5 5 5 5 5 5
          5 5 5 5 5 5 5 5 5 5 5 5 5 5 5 5
          5 5 5 5 5 5 5 5 5 5 5 5 5 5 5 5
          5 5 5 5 5 5 5 5 5 5 5 5 5 5 5 5
          5 5 5 5 5 5 5 5 5 5 5 5 5 5 5 5
          5 5 5 5 5 5 5 5 5 5 5 5 5 5 5 5
          5 5 5 5 5 5 5 5 5 5 5 5 5 5 5 5
          5 5 5 5 5 5 5 5 5 5 5 5 5 5 5 5
          5 5 5 5 5 5 5 5 5 5 5 5 5 5 5 5
          5 5 5 5 5 5 5 5 5 5 5 5 5 5 5 5
          5 5 5 5 5 5 5 5 5 5 5 5 5 5 5 5
          5 5 5 5 5 5 5 5 5 5 5 5 5 5 5 5
          5 5 5 5 5 5 5 5 5 5 5 5 5 5 5 5
          5 5 5 5 5 5 5 5 5 5 5 5 5 5 5 5
          5 5 5 5 5 5 5 5 5 5 5 5 5 5 5 5
          5 5 5 5 5 5 5 5 5 5 5 5 5 5 5 5
          5 5 5 5 5 5 5 5 5 5 5 5 5 5 5 5
          5 5 5 5 5 5 5 5 5 5 5 5 5 5 5 5
          5 5 5 5 5 5 5 5 5 5 5 5 5 5 5 5
          5 5 5 5 5 5 5 5 5 5 5 5 5 5 5 5
          5 5 5 5 5 5 5 5 5 5 5 5 5 5 5 5
          5 5 5 5 5 5 5 5 5 5 5 5 5 5 5 5
          5 5 5 5 5 5 5 5 5 5 5 5 5 5 5 5
          5 5 5 5 5 5 5 5 5 5 5 5 5 5 5 5
          5 5 5 5 5 5 5 5 5 5 5 5 5 5 5 5
          5 5 5 5 5 5 5 5 5 5 5 5 5 5 5 5
          5 5 5 5 5 5 5 5 5 5 5 5 5 5 5 5
          5 5 5 5 5 5 5 5 5 5 5 5 5 5 5 5
          5 5 5 5 5 5 5 5 5 5 5 5 5 5 5 5
          5 5 5 5 5 5 5 5 5 5 5 5 5 5 5 5
          5 5 5 5 5 5 5 5 5 5 5 5 5 5 5 5
          5 5 5 5 5 5 5 5 5 5 5 5 5 5 5 5
          5 5 5 5 5 5 5 5 5 5 5 5 5 5 5 5
          5 5 5 5 5 5 5 5 5 5 5 5 5 5 5 5
          5 5 5 5 5 5 5 5 5 5 5 5 5 5 5 5
          5 5 5 5 5 5 5 5 5 5 5 5 5 5 5 5
          5 5 5 5 5 5 5 5 5 5 5 5 5 5 5 5
          5 5 5 5 5 5 5 5 5 5 5 5 5 5 5 5
          5 5 5 5 5 5 5 5 5 5 5 5 5 5 5 5
          5 5 5 5 5 5 5 5 5 5 5 5 5 5 5 5
          5 5 5 5 5 5 5 5 5 5 5 5 5 5 5 5
          5 5 5 5 5 5 5 5 5 5 5 5 5 5 5 5
          5 5 5 5 5 5 5 5 5 5 5 5 5 5 5 5
          5 5 5 5 5 5 5 5 5 5 5 5 5 5 5 5
          5 5 5 5 5 5 5 5 5 5 5 5 5 5 5 5
          5 5 5 5 5 5 5 5 5 5 5 5 5 5 5 5
          5 5 5 5 5 5 5 5 5 5 5 5 5 5 5 5
          5 5 5 5 5 5 5 5 5 5 5 5 5 5 5 5
          5 5 5 5 5 5 5 5 5 5 5 5 5 5 5 5
          5 5 5 5 5 5 5 5 5 5 5 5 5 5 5 5
          5 5 5 5 5 5 5 5 5 5 5 5 5 5 5 5
          5 5 5 5 5 5 5 5 5 5 5 5 5 5 5 5
          5 5 5 5 5 5 5 5 5 5 5 5 5 5 5 5
          5 5 5 5 5 5 5 5 5 5 5 5 5 5 5 5
          5 5 5 5 5 5 5 5 5 5 5 5 5 5 5 5
          5 5 5 5 5 5 5 5 5 5 5 5 5 5 5 5
          5 5 5 5 5 5 5 5 5 5 5 5 5 5 5 5
          5 5 5 5 5 5 5 5 5 5 5 5 5 5 5 5
          5 5 5 5 5 5 5 5 5 5 5 5 5 5 5 5
          5 5 5 5 5 5 5 5 5 5 5 5 5 5 5 5
          5 5 5 5 5 5 5 5 5 5 5 5 5 5 5 5
          5 5 5 5 5 5 5 5 5 5 5 5 5 5 5 5
          5 5 5 5 5 5 5 5 5 5 5 5 5 5 5 5
          5 5 5 5 5 5 5 5 5 5 5 5 5 5 5 5
          5 5 5 5 5 5 5 5 5 5 5 5 5 5 5 5
          5 5 5 5 5 5 5 5 5 5 5 5 5 5 5 5
          5 5 5 5 5 5 5 5 5 5 5 5 5 5 5 5
          5 5 5 5 5 5 5 5 5 5 5 5 5 5 5 5
          5 5 5 5 5 5 5 5 5 5 5 5 5 5 5 5
          5 5 5 5 5 5 5 5 5 5 5 5 5 5 5 5
          5 5 5 5 5 5 5 5 5 5 5 5 5 5 5 5
          5 5 5 5 5 5 5 5 5 5 5 5 5 5 5 5
          5 5 5 5 5 5 5 5 5 5 5 5 5 5 5 5
          5 5 5 5 5 5 5 5 5 5 5 5 5 5 5 5
          5 5 5 5 5 5 5 5 5 5 5 5 5 5 5 5
          5 5 5 5 5 5 5 5 5 5 5 5 5 5 5 5
          5 5 5 5 5 5 5 5 5 5 5 5 5 5 5 5
          5 5 5 5 5 5 5 5 5 5 5 5 5 5 5 5
          5 5 5 5 5 5 5 5 5 5 5 5 5 5 5 5
          5 5 5 5 5 5 5 5 5 5 5 5 5 5 5 5
          5 5 5 5 5 5 5 5 5 5 5 5 5 5 5 5
          5 5 5 5 5 5 5 5 5 5 5 5 5 5 5 5
          5 5 5 5 5 5 5 5 5 5 5 5 5 5 5 5
          5 5 5 5 5 5 5 5 5 5 5 5 5 5 5 5
          5 5 5 5 5 5 5 5 5 5 5 5 5 5 5 5
          5 5 5 5 5 5 5 5 5 5 5 5 5 5 5 5
          5 5 5 5 5 5 5 5 5 5 5 5 5 5 5 5
          5 5 5 5 5 5 5 5 5 5 5 5 5 5 5 5
          5 5 5 5 5 5 5 5 5 5 5 5 5 5 5 5
          5 5 5 5 5 5 5 5 5 5 5 5 5 5 5 5
          5 5 5 5 5 5 5 5 5 5 5 5 5 5 5 5
          5 5 5 5 5 5 5 5 5 5 5 5 5 5 5 5
          5 5 5 5 5 5 5 5 5 5 5 5 5 5 5 5
          5 5 5 5 5 5 5 5 5 5 5 5 5 5 5 5
          5 5 5 5 5 5 5 5 5 5 5 5 5 5 5 5
          5 5 5 5 5 5 5 5 5 5 5 5 5 5 5 5
          5 5 5 5 5 5 5 5 5 5 5 5 5 5 5 5
          5 5 5 5 5 5 5 5 5 5 5 5 5 5 5 5
          5 5 5 5 5 5 5 5 5 5 5 5 5 5 5 5
          5 5 5 5 5 5 5 5 5 5 5 5 5 5 5 5
          5 5 5 5 5 5 5 5 5 5 5 5 5 5 5 5
          5 5 5 5 5 5 5 5 5 5 5 5 5 5 5 5
          5 5 5 5 5 5 5 5 5 5 5 5 5 5 5 5
          5 5 5 5 5 5 5 5 5 5 5 5 5 5 5 5
          5 5 5 5 5 5 5 5 5 5 5 5 5 5 5 5
          5 5 5 5 5 5 5 5 5 5 5 5 5 5 5 5
          5 5 5 5 5 5 5 5 5 5 5 5 5 5 5 5
          5 5 5 5 5 5 5 5 5 5 5 5 5 5 5 5
          5 5 5 5 5 5 5 5 5 5 5 5 5 5 5 5
          5 5 5 5 5 5 5 5 5 5 5 5 5 5 5 5
          5 5 5 5 5 5 5 5 5 5 5 5 5 5 5 5
          5 5 5 5 5 5 5 5 5 5 5 5 5 5 5 5
          5 5 5 5 5 5 5 5 5 5 5 5 5 5 5 5
          5 5 5 5 5 5 5 5 5 5 5 5 5 5 5 5
          5 5 5 5 5 5 5 5 5 5 5 5 5 5 5 5
          5 5 5 5 5 5 5 5 5 5 5 5 5 5 5 5
          5 5 5 5 5 5 5 5 5 5 5 5 5 5 5 5
          5 5 5 5 5 5 5 5 5 5 5 5 5 5 5 5
          5 5 5 5 5 5 5 5 5 5 5 5 5 5 5 5
          5 5 5 5 5 5 5 5 5 5 5 5 5 5 5 5
          5 5 5 5 5 5 5 5 5 5 5 5 5 5 5 5
          5 5 5 5 5 5 5 5 5 5 5 5 5 5 5 5
          5 5 5 5 5 5 5 5 5 5 5 5 5 5 5 5
          5 5 5 5 5 5 5 5 5 5 5 5 5 5 5 5
          5 5 5 5 5 5 5 5 5 5 5 5 5 5 5 5
          5 5 5 5 5 5 5 5 5 5 5 5 5 5 5 5
          5 5 5 5 5 5 5 5 5 5 5 5 5 5 5 5
          5 5 5 5 5 5 5 5 5 5 5 5 5 5 5 5
          5 5 5 5 5 5 5 5 5 5 5 5 5 5 5 5
          5 5 5 5 5 5 5 5 5 5 5 5 5 5 5 5
          5 5 5 5 5 5 5 5 5 5 5 5 5 5 5 5
          5 5 5 5 5 5 5 5 5 5 5 5 5 5 5 5
          5 5 5 5 5 5 5 5 5 5 5 5 5 5 5 5
          5 5 5 5 5 5 5 5 5 5 5 5 5 5 5 5
          5 5 5 5 5 5 5 5 5 5 5 5 5 5 5 5
          5 5 5 5 5 5 5 5 5 5 5 5 5 5 5 5
          5 5 5 5 5 5 5 5 5 5 5 5 5 5 5 5
          5 5 5 5 5 5 5 5 5 5 5 5 5 5 5 5
          5 5 5 5 5 5 5 5 5 5 5 5 5 5 5 5
          5 5 5 5 5 5 5 5 5 5 5 5 5 5 5 5
          5 5 5 5 5 5 5 5 5 5 5 5 5 5 5 5
          5 5 5 5 5 5 5 5 5 5 5 5 5 5 5 5
          5 5 5 5 5 5 5 5 5 5 5 5 5 5 5 5
          5 5 5 5 5 5 5 5 5 5 5 5 5 5 5 5
          5 5 5 5 5 5 5 5 5 5 5 5 5 5 5 5
          5 5 5 5 5 5 5 5 5 5 5 5 5 5 5 5
          5 5 5 5 5 5 5 5 5 5 5 5 5 5 5 5
          5 5 5 5 5 5 5 5 5 5 5 5 5 5 5 5
          5 5 5 5 5 5 5 5 5 5 5 5 5 5 5 5
          5 5 5 5 5 5 5 5 5 5 5 5 5 5 5 5
          5 5 5 5 5 5 5 5 5 5 5 5 5 5 5 5
          5 5 5 5 5 5 5 5 5 5 5 5 5 5 5 5
          5 5 5 5 5 5 5 5 5 5 5 5 5 5 5 5
          5 5 5 5 5 5 5 5 5 5 5 5 5 5 5 5
          5 5 5 5 5 5 5 5 5 5 5 5 5 5 5 5
          5 5 5 5 5 5 5 5 5 5 5 5 5 5 5 5
          5 5 5 5 5 5 5 5 5 5 5 5 5 5 5 5
          5 5 5 5 5 5 5 5 5 5 5 5 5 5 5 5
          5 5 5 5 5 5 5 5 5 5 5 5 5 5 5 5
          5 5 5 5 5 5 5 5 5 5 5 5 5 5 5 5
          5 5 5 5 5 5 5 5 5 5 5 5 5 5 5 5
          5 5 5 5 5 5 5 5 5 5 5 5 5 5 5 5
          5 5 5 5 5 5 5 5 5 5 5 5 5 5 5 5
          5 5 5 5 5 5 5 5 5 5 5 5 5 5 5 5
          5 5 5 5 5 5 5 5 5 5 5 5 5 5 5 5
          5 5 5 5 5 5 5 5 5 5 5 5 5 5 5 5
          5 5 5 5 5 5 5 5 5 5 5 5 5 5 5 5
          5 5 5 5 5 5 5 5 5 5 5 5 5 5 5 5
          5 5 5 5 5 5 5 5 5 5 5 5 5 5 5 5
          5 5 5 5 5 5 5 5 5 5 5 5 5 5 5 5
          5 5 5 5 5 5 5 5 5 5 5 5 5 5 5 5
          5 5 5 5 5 5 5 5 5 5 5 5 5 5 5 5
          5 5 5 5 5 5 5 5 5 5 5 5 5 5 5 5
          5 5 5 5 5 5 5 5 5 5 5 5 5 5 5 5
          5 5 5 5 5 5 5 5 5 5 5 5 5 5 5 5
          5 5 5 5 5 5 5 5 5 5 5 5 5 5 5 5
          5 5 5 5 5 5 5 5 5 5 5 5 5 5 5 5
          5 5 5 5 5 5 5 5 5 5 5 5 5 5 5 5
          5 5 5 5 5 5 5 5 5 5 5 5 5 5 5 5
          5 5 5 5 5 5 5 5 5 5 5 5 5 5 5 5
          5 5 5 5 5 5 5 5 5 5 5 5 5 5 5 5
          5 5 5 5 5 5 5 5 5 5 5 5 5 5 5 5
          5 5 5 5 5 5 5 5 5 5 5 5 5 5 5 5
          5 5 5 5 5 5 5 5 5 5 5 5 5 5 5 5
          5 5 5 5 5 5 5 5 5 5 5 5 5 5 5 5
          5 5 5 5 5 5 5 5 5 5 5 5 5 5 5 5
          5 5 5 5 5 5 5 5 5 5 5 5 5 5 5 5
          5 5 5 5 5 5 5 5 5 5 5 5 5 5 5 5
          5 5 5 5 5 5 5 5 5 5 5 5 5 5 5 5
          5 5 5 5 5 5 5 5 5 5 5 5 5 5 5 5
          5 5 5 5 5 5 5 5 5 5 5 5 5 5 5 5
          5 5 5 5 5 5 5 5 5 5 5 5 5 5 5 5
          5 5 5 5 5 5 5 5 5 5 5 5 5 5 5 5
          5 5 5 5 5 5 5 5 5 5 5 5 5 5 5 5
          5 5 5 5 5 5 5 5 5 5 5 5 5 5 5 5
          5 5 5 5 5 5 5 5 5 5 5 5 5 5 5 5
          5 5 5 5 5 5 5 5 5 5 5 5 5 5 5 5
          5 5 5 5 5 5 5 5 5 5 5 5 5 5 5 5
          5 5 5 5 5 5 5 5 5 5 5 5 5 5 5 5
          5 5 5 5 5 5 5 5 5 5 5 5 5 5 5 5
          5 5 5 5 5 5 5 5 5 5 5 5 5 5 5 5
          5 5 5 5 5 5 5 5 5 5 5 5 5 5 5 5
          5 5 5 5 5 5 5 5 5 5 5 5 5 5 5 5
          5 5 5 5 5 5 5 5 5 5 5 5 5 5 5 5
          5 5 5 5 5 5 5 5 5 5 5 5 5 5 5 5
          5 5 5 5 5 5 5 5 5 5 5 5 5 5 5 5
          5 5 5 5 5 5 5 5 5 5 5 5 5 5 5 5
          5 5 5 5 5 5 5 5 5 5 5 5 5 5 5 5
          5 5 5 5 5 5 5 5 5 5 5 5 5 5 5 5
          5 5 5 5 5 5 5 5 5 5 5 5 5 5 5 5
          5 5 5 5 5 5 5 5 5 5 5 5 5 5 5 5
          5 5 5 5 5 5 5 5 5 5 5 5 5 5 5 5
          3 3 3 3 3 3 3 3 3 3 3 3 3 3 3 3
          3 3 3 3 3 3 3 3 3 3 3 3 3 3 3 3
          3 3 3 3 3 3 3 3 3 3 3 3 3 3 3 3
          3 3 3 3 3 3 3 3 3 3 3 3 3 3 3 3
          3 3 3 3 3 3 3 3 3 3 3 3 3 3 3 3
          3 3 3 3 3 3 3 3 3 3 3 3 3 3 3 3
          3 3 3 3 3 3 3 3 3 3 3 3 3 3 3 3
          3 3 3 3 3 3 3 3 3 3 3 3 3 3 3 3
          3 3 3 3 3 3 3 3 3 3 3 3 3 3 3 3
          3 3 3 3 3 3 3 3 3 3 3 3 3 3 3 3
          3 3 3 3 3 3 3 3 3 3 3 3 3 3 3 3
          3 3 3 3 3 3 3 3 3 3 3 3 3 3 3 3
          3 3 3 3 3 3 3 3 3 3 3 3 3 3 3 3
          3 3 3 3 3 3 3 3 3 3 3 3 3 3 3 3
          3 3 3 3 3 3 3 3 3 3 3 3 3 3 3 3
          3 3 3 3 3 3 3 3 3 3 3 3 3 3 3 3
          3 3 3 3 3 3 3 3 3 3 3 3 3 3 3 3
          3 3 3 3 3 3 3 3 3 3 3 3 3 3 3 3
          3 3 3 3 3 3 3 3 3 3 3 3 3 3 3 3
          3 3 3 3 3 3 3 3 3 3 3 3 3 3 3 3
          3 3 3 3 3 3 3 3 3 3 3 3 3 3 3 3
          3 3 3 3 3 3 3 3 3 3 3 3 3 3 3 3
          3 3 3 3 3 3 3 3 3 3 3 3 3 3 3 3
          3 3 3 3 3 3 3 3 3 3 3 3 3 3 3 3
          3 3 3 3 3 3 3 3 3 3 3 3 3 3 3 3
          3 3 3 3 3 3 3 3 3 3 3 3 3 3 3 3
          3 3 3 3 3 3 3 3 3 3 3 3 3 3 3 3
          3 3 3 3 3 3 3 3 3 3 3 3 3 3 3 3
          3 3 3 3 3 3 3 3 3 3 3 3 3 3 3 3
          3 3 3 3 3 3 3 3 3 3 3 3 3 3 3 3
          3 3 3 3 3 3 3 3 3 3 3 3 3 3 3 3
          3 3 3 3 3 3 3 3 3 3 3 3 3 3 3 3
          3 3 3 3 3 3 3 3 3 3 3 3 3 3 3 3
          3 3 3 3 3 3 3 3 3 3 3 3 3 3 3 3
          3 3 3 3 3 3 3 3 3 3 3 3 3 3 3 3
          3 3 3 3 3 3 3 3 3 3 3 3 3 3 3 3
          3 3 3 3 3 3 3 3 3 3 3 3 3 3 3 3
          3 3 3 3 3 3 3 3 3 3 3 3 3 3 3 3
          3 3 3 3 3 3 3 3 3 3 3 3 3 3 3 3
          3 3 3 3 3 3 3 3 3 3 3 3 3 3 3 3
          3 3 3 3 3 3 3 3 3 3 3 3 3 3 3 3
          3 3 3 3 3 3 3 3 3 3 3 3 3 3 3 3
          3 3 3 3 3 3 3 3 3 3 3 3 3 3 3 3
          3 3 3 3 3 3 3 3 3 3 3 3 3 3 3 3
          3 3 3 3 3 3 3 3 3 3 3 3 3 3 3 3
          3 3 3 3 3 3 3 3 3 3 3 3 3 3 3 3
          3 3 3 3 3 3 3 3 3 3 3 3 3 3 3 3
          3 3 3 3 3 3 3 3 3 3 3 3 3 3 3 3
          3 3 3 3 3 3 3 3 3 3 3 3 3 3 3 3
          3 3 3 3 3 3 3 3 3 3 3 3 3 3 3 3
          3 3 3 3 3 3 3 3 3 3 3 3 3 3 3 3
          3 3 3 3 3 3 3 3 3 3 3 3 3 3 3 3
          3 3 3 3 3 3 3 3 3 3 3 3 3 3 3 3
          3 3 3 3 3 3 3 3 3 3 3 3 3 3 3 3
          3 3 3 3 3 3 3 3 3 3 3 3 3 3 3 3
          3 3 3 3 3 3 3 3 3 3 3 3 3 3 3 3
          3 3 3 3 3 3 3 3 3 3 3 3 3 3 3 3
          3 3 3 3 3 3 3 3 3 3 3 3 3 3 3 3
          3 3 3 3 3 3 3 3 3 3 3 3 3 3 3 3
          3 3 3 3 3 3 3 3 3 3 3 3 3 3 3 3
          3 3 3 3 3 3 3 3 3 3 3 3 3 3 3 3
          3 3 3 3 3 3 3 3 3 3 3 3 3 3 3 3
          3 3 3 3 3 3 3 3 3 3 3 3 3 3 3 3
          3 3 3 3 3 3 3 3 3 3 3 3 3 3 3 3
          3 3 3 3 3 3 3 3 3 3 3 3 3 3 3 3
          3 3 3 3 3 3 3 3 3 3 3 3 3 3 3 3
          3 3 3 3 3 3 3 3 3 3 3 3 3 3 3 3
          3 3 3 3 3 3 3 3 3 3 3 3 3 3 3 3
          3 3 3 3 3 3 3 3 3 3 3 3 3 3 3 3
          3 3 3 3 3 3 3 3 3 3 3 3 3 3 3 3
          3 3 3 3 3 3 3 3 3 3 3 3 3 3 3 3
          3 3 3 3 3 3 3 3 3 3 3 3 3 3 3 3
          3 3 3 3 3 3 3 3 3 3 3 3 3 3 3 3
          3 3 3 3 3 3 3 3 3 3 3 3 3 3 3 3
          3 3 3 3 3 3 3 3 3 3 3 3 3 3 3 3
          3 3 3 3 3 3 3 3 3 3 3 3 3 3 3 3
          3 3 3 3 3 3 3 3 3 3 3 3 3 3 3 3
          3 3 3 3 3 3 3 3 3 3 3 3 3 3 3 3
          3 3 3 3 3 3 3 3 3 3 3 3 3 3 3 3
          3 3 3 3 3 3 3 3 3 3 3 3 3 3 3 3
          3 3 3 3 3 3 3 3 3 3 3 3 3 3 3 3
          3 3 3 3 3 3 3 3 3 3 3 3 3 3 3 3
          3 3 3 3 3 3 3 3 3 3 3 3 3 3 3 3
          3 3 3 3 3 3 3 3 3 3 3 3 3 3 3 3
          3 3 3 3 3 3 3 3 3 3 3 3 3 3 3 3
          3 3 3 3 3 3 3 3 3 3 3 3 3 3 3 3
          3 3 3 3 3 3 3 3 3 3 3 3 3 3 3 3
          3 3 3 3 3 3 3 3 3 3 3 3 3 3 3 3
          3 3 3 3 3 3 3 3 3 3 3 3 3 3 3 3
          3 3 3 3 3 3 3 3 3 3 3 3 3 3 3 3
          3 3 3 3 3 3 3 3 3 3 3 3 3 3 3 3
          3 3 3 3 3 3 3 3 3 3 3 3 3 3 3 3
          3 3 3 3 3 3 3 3 3 3 3 3 3 3 3 3
          3 3 3 3 3 3 3 3 3 3 3 3 3 3 3 3
          3 3 3 3 3 3 3 3 3 3 3 3 3 3 3 3
          3 3 3 3 3 3 3 3 3 3 3 3 3 3 3 3
          3 3 3 3 3 3 3 3 3 3 3 3 3 3 3 3
          3 3 3 3 3 3 3 3 3 3 3 3 3 3 3 3
          3 3 3 3 3 3 3 3 3 3 3 3 3 3 3 3
          3 3 3 3 3 3 3 3 3 3 3 3 3 3 3 3
          3 3 3 3 3 3 3 3
        </DataArray>
      </Cells>
    </Piece>
  </UnstructuredGrid>
</VTKFile>
